segment,env_step,gradient_step,elapsed_s,eval_seconds,total,rec,rew,con,dyn,rep,dyn_raw,rep_raw,reward_mae,cont_mae,policy,policy_entropy,policy_adv_mag,policy_logp_mean,policy_retnorm_scale,policy_weight_mean,value,value_value_mean,value_target_mean,value_value_mae,value_positions,repval,repval_value_mean,repval_target_mean,repval_value_mae,repval_positions,weight_sum,imagination_starts,train_positions,grad_norm,replay_occupancy,realized_train_ratio,peak_vram_mib
0,5800,50,20.224,0.0,1242.993652,1224.850586,5.538021,0.73956,7.040743,7.040743,7.040743,7.040743,0.029523,0.511243,-0.000197,7.834757,4.2e-05,-7.835474,1.0,0.072023,0.797807,5.9e-05,1.6e-05,4.2e-05,15360.0,11.076994,6.4e-05,0.393823,0.393758,1008.0,1106.269287,1024.0,1024.0,7159.290039,5800,64.0,1999.3
0,6600,100,33.973,0.0,1165.820557,1148.39502,5.520436,0.667917,6.38784,6.38784,6.38784,6.38784,0.029491,0.47674,-0.000379,7.837154,0.00026,-7.840889,1.0,0.081172,0.896801,0.000369,0.00011,0.00026,15360.0,11.047482,0.0004,0.401255,0.400854,1008.0,1246.794922,1024.0,1024.0,7040.304199,6600,64.0,1999.3
0,7400,150,47.659,0.0,973.935425,956.598267,5.485264,0.576407,6.297,6.297,6.297,6.297,0.04996,0.429043,-0.00085,7.842101,0.000741,-7.840317,1.0,0.095825,1.052696,0.001083,0.000342,0.000741,15360.0,10.989789,0.001115,0.690055,0.68894,1008.0,1471.869873,1024.0,1024.0,6652.628418,7400,64.0,1999.3
0,8200,200,61.258,0.0,701.99939,684.155151,5.426182,0.449974,6.610783,6.610783,6.610783,6.610783,0.041425,0.354302,-0.00193,7.852147,0.001373,-7.838892,1.0,0.131777,1.433462,0.002258,0.000885,0.001373,15360.0,10.882458,0.002316,0.55098,0.548663,1008.0,2024.091309,1024.0,1024.0,5525.62793,8200,64.0,1999.3
0,9000,250,74.861,0.0,430.055573,410.871765,5.343889,0.266965,7.179663,7.179663,7.179663,7.179663,0.050522,0.226591,-0.004075,7.871452,0.001653,-7.882973,1.0,0.228871,2.455405,0.003848,0.002195,0.001653,15360.0,10.746664,0.003955,0.709521,0.705565,1008.0,3515.460693,1024.0,1024.0,3274.247803,9000,64.0,1999.3
0,9800,300,88.482,0.0,321.440765,300.60144,5.230619,0.137618,7.368133,7.368133,7.368133,7.368133,0.029431,0.119924,-0.003718,7.902904,0.000764,-7.914256,1.0,0.398863,4.203817,0.005373,0.00462,0.000764,15360.0,10.553526,0.005454,0.414379,0.408925,1008.0,6126.535156,1024.0,1024.0,1604.019287,9800,64.0,1999.3
0,10600,350,102.197,0.0,275.189117,253.358765,5.095766,0.07914,7.060115,7.060115,7.060115,7.060115,0.032172,0.065634,0.003997,7.944058,0.001076,-7.944456,1.0,0.560761,5.782662,0.007226,0.008299,0.001076,15360.0,10.342181,0.007301,0.45014,0.442839,1008.0,8613.289062,1024.0,1024.0,702.179626,10600,64.0,1999.3
0,11400,400,115.815,0.0,238.244934,216.118057,4.940156,0.055571,6.718139,6.718139,6.718139,6.718139,0.027859,0.042256,0.018542,7.984906,0.003462,-7.993814,1.0,0.667004,6.697227,0.009293,0.012755,0.003462,15360.0,10.08475,0.009368,0.411304,0.401936,1008.0,10245.180664,1024.0,1024.0,365.123596,11400,64.0,1999.3
0,12200,450,129.507,0.0,206.02269,184.686432,4.772158,0.045522,5.842461,5.842461,5.842461,5.842461,0.038441,0.03186,0.037076,8.021797,0.00618,-8.002051,1.0,0.731197,7.109962,0.011659,0.017839,0.00618,15360.0,9.816187,0.011722,0.541757,0.530034,1008.0,11231.177734,1024.0,1024.0,217.01088,12200,64.0,1999.3
0,13000,500,143.106,0.0,208.376999,187.342896,4.590068,0.041545,5.761248,5.761248,5.761248,5.761248,0.028,0.027621,0.056589,8.054395,0.00893,-8.034175,1.0,0.766021,7.172289,0.014488,0.023417,0.00893,15360.0,9.454069,0.014532,0.452592,0.43806,1008.0,11766.083984,1024.0,1024.0,409.263733,13000,64.0,1999.3
0,13800,550,156.72,0.0,189.1763,168.659424,4.39802,0.037922,5.578396,5.578396,5.578396,5.578396,0.029952,0.0237,0.07945,8.084246,0.01203,-8.063735,1.0,0.796815,7.13923,0.017861,0.029891,0.01203,15360.0,9.086726,0.017897,0.466511,0.448614,1008.0,12239.083008,1024.0,1024.0,291.379608,13800,64.0,1999.3
0,14600,600,170.334,0.0,178.498123,159.108765,4.206046,0.036695,4.996932,4.996932,4.996932,4.996932,0.044979,0.02232,0.106317,8.109949,0.015678,-8.121924,1.0,0.81201,6.916061,0.022255,0.037933,0.015678,15360.0,8.758687,0.02228,0.694711,0.672431,1008.0,12472.472656,1024.0,1024.0,125.332268,14600,64.0,1999.3
0,15400,650,184.046,0.0,168.735916,150.233215,3.969677,0.036141,4.80233,4.80233,4.80233,4.80233,0.030877,0.021675,0.139251,8.135714,0.020159,-8.151427,1.0,0.820937,6.598298,0.027766,0.047925,0.020159,15360.0,8.255865,0.027789,0.526896,0.499108,1008.0,12609.591797,1024.0,1024.0,225.354355,15400,64.0,1999.3
0,16200,700,197.67,0.0,162.692078,144.61087,3.734605,0.033514,4.971597,4.971597,4.971597,4.971597,0.025734,0.018759,0.181856,8.159978,0.025788,-8.150008,1.0,0.841453,6.330337,0.03448,0.060267,0.025788,15360.0,7.773786,0.034505,0.505175,0.470669,1008.0,12924.712891,1024.0,1024.0,119.962097,16200,64.0,1999.3
0,17000,750,211.381,0.0,153.896133,137.10733,3.489987,0.032696,4.454032,4.454032,4.454032,4.454032,0.030468,0.017791,0.230391,8.180004,0.032313,-8.166264,1.0,0.84803,5.914915,0.042699,0.075012,0.032313,15360.0,7.404593,0.042714,0.595976,0.553262,1008.0,13025.740234,1024.0,1024.0,135.470947,17000,64.0,1999.3
0,17800,800,224.921,0.0,148.050568,132.390945,3.225584,0.03094,4.122616,4.122616,4.122616,4.122616,0.022301,0.015757,0.303277,8.198994,0.041663,-8.199057,1.0,0.864433,5.517095,0.053326,0.094988,0.041663,15360.0,6.826119,0.053343,0.53803,0.484686,1008.0,13277.697266,1024.0,1024.0,136.506927,17800,64.0,1999.3
0,18600,850,238.647,0.0,147.821671,132.684113,2.957428,0.032567,4.512058,4.512058,4.512058,4.512058,0.021185,0.017542,0.374217,8.215697,0.051721,-8.209255,1.0,0.853125,4.900424,0.066468,0.118189,0.051721,15360.0,6.365583,0.066476,0.57259,0.506114,1008.0,13104.004883,1024.0,1024.0,197.229477,18600,64.0,1999.3
0,19400,900,252.282,0.0,137.119232,122.839752,2.680914,0.030411,4.41327,4.41327,4.41327,4.41327,0.022157,0.015096,0.496731,8.228749,0.067548,-8.220016,1.0,0.869461,4.416451,0.081319,0.148868,0.067548,15360.0,6.001228,0.081323,0.636481,0.555158,1008.0,13354.923828,1024.0,1024.0,104.389526,19400,64.0,1999.3
0,20200,950,266.01,0.0,125.250938,111.879768,2.400115,0.029708,4.235573,4.235573,4.235573,4.235573,0.01666,0.01427,0.635921,8.236567,0.08593,-8.223413,1.0,0.875096,3.992573,0.100712,0.186641,0.08593,15360.0,5.512378,0.100721,0.64719,0.546469,1008.0,13441.467773,1024.0,1024.0,183.508026,20200,64.0,1999.3
0,21000,1000,279.63,0.0,127.903549,115.040375,2.125708,0.029798,4.258451,4.258451,4.258451,4.258451,0.016688,0.014253,0.798446,8.247555,0.107285,-8.234666,1.0,0.877136,3.61946,0.125902,0.233187,0.107285,15360.0,5.351529,0.1259,0.762105,0.636205,1008.0,13472.8125,1024.0,1024.0,92.840576,21000,64.0,1999.3
0,21800,1050,293.275,0.0,123.24736,110.769501,1.865416,0.028188,4.309554,4.309554,4.309554,4.309554,0.017585,0.012386,1.00797,8.259284,0.133215,-8.28225,1.0,0.891722,3.306962,0.157033,0.290249,0.133215,15360.0,5.096023,0.157026,0.831078,0.674052,1008.0,13696.851562,1024.0,1024.0,137.295853,21800,64.0,1999.3
0,22600,1100,307.005,0.0,120.485756,108.720505,1.635112,0.029606,4.227725,4.227725,4.227725,4.227725,0.016057,0.013926,1.1367,8.258657,0.15196,-8.24964,1.0,0.88017,2.908182,0.191168,0.343128,0.15196,15360.0,4.683829,0.191162,0.857035,0.665873,1008.0,13519.416016,1024.0,1024.0,124.112595,22600,64.0,1999.3
0,23400,1150,320.633,0.0,114.648109,103.096451,1.419291,0.027001,4.14058,4.14058,4.14058,4.14058,0.01558,0.010887,1.324004,8.260293,0.174231,-8.237749,1.0,0.900045,2.872575,0.229174,0.403405,0.174231,15360.0,4.513852,0.229168,0.917162,0.687994,1008.0,13824.693359,1024.0,1024.0,209.02005,23400,64.0,1999.3
0,24200,1200,334.395,0.0,106.885727,95.475235,1.238229,0.026514,4.106564,4.106564,4.106564,4.106564,0.016064,0.010249,1.414735,8.268729,0.18445,-8.282026,1.0,0.904305,2.834212,0.273529,0.45798,0.18445,15360.0,4.59858,0.273527,0.999193,0.725666,1008.0,13890.120117,1024.0,1024.0,146.688858,24200,64.0,1999.3
0,25000,1250,348.17,0.0,104.692734,93.367989,1.086398,0.024922,4.157946,4.157946,4.157946,4.157946,0.015533,0.008378,1.484173,8.271708,0.191172,-8.297801,1.0,0.917588,2.77855,0.314635,0.505806,0.191172,15360.0,4.589863,0.314624,1.036367,0.721743,1008.0,14094.147461,1024.0,1024.0,154.978714,25000,64.0,1999.3
0,25800,1300,377.706,15.423,110.56205,99.26664,0.959125,0.0267,4.47146,4.47146,4.47146,4.47146,0.016379,0.010518,1.418719,8.275646,0.18486,-8.291805,1.0,0.904565,2.610205,0.351085,0.535945,0.18486,15360.0,4.540191,0.351071,1.067948,0.716877,1008.0,13894.115234,1024.0,1024.0,167.760071,25800,64.0,1999.3
0,26600,1350,391.445,15.423,106.324745,95.314613,0.853661,0.025685,4.484503,4.484503,4.484503,4.484503,0.016881,0.009253,1.407185,8.278899,0.182379,-8.297657,1.0,0.911596,2.481801,0.382888,0.565267,0.182379,15360.0,4.362816,0.382874,1.092088,0.709214,1008.0,14002.107422,1024.0,1024.0,106.465721,26600,64.0,1999.3
0,27400,1400,405.192,15.423,106.202217,95.32309,0.788729,0.025441,4.588091,4.588091,4.588091,4.588091,0.01721,0.008906,1.380183,8.2805,0.178575,-8.277093,1.0,0.915706,2.374809,0.409427,0.588003,0.178575,15360.0,4.210219,0.409419,1.111159,0.701741,1008.0,14065.241211,1024.0,1024.0,113.767822,27400,64.0,1999.3
0,28200,1450,418.87,15.423,101.198219,90.229393,0.807211,0.023914,4.534217,4.534217,4.534217,4.534217,0.023339,0.006944,1.386675,8.282874,0.177601,-8.283064,1.0,0.926933,2.413857,0.439557,0.617158,0.177601,15360.0,4.49845,0.439553,1.219177,0.779624,1008.0,14237.691406,1024.0,1024.0,101.301224,28200,64.0,1999.3
0,29000,1500,432.52,15.423,104.201027,93.209816,0.700788,0.024134,4.721438,4.721438,4.721438,4.721438,0.015986,0.007197,1.365908,8.282414,0.175032,-8.28664,1.0,0.926579,2.41826,0.47458,0.649612,0.175032,15360.0,4.295116,0.474582,1.180226,0.705644,1008.0,14232.24707,1024.0,1024.0,135.467026,29000,64.0,1999.3
0,29800,1550,446.179,15.423,101.384926,90.45462,0.691559,0.023907,4.662292,4.662292,4.662292,4.662292,0.01797,0.006927,1.351963,8.283757,0.173028,-8.276984,1.0,0.929414,2.408707,0.510849,0.683878,0.173028,15360.0,4.4188,0.510853,1.251052,0.740199,1008.0,14275.793945,1024.0,1024.0,65.723091,29800,64.0,1999.3
0,30600,1600,459.822,15.423,98.751678,87.969429,0.66124,0.023497,4.607792,4.607792,4.607792,4.607792,0.017684,0.006354,1.364379,8.287409,0.173742,-8.315058,1.0,0.931337,2.361907,0.546721,0.720463,0.173742,15360.0,4.342167,0.54673,1.249412,0.702681,1008.0,14305.328125,1024.0,1024.0,100.969017,30600,64.0,1999.3
0,31400,1650,473.561,15.423,95.499878,84.514664,0.681572,0.022767,4.708124,4.708124,4.708124,4.708124,0.018715,0.005281,1.401785,8.292766,0.177349,-8.309285,1.0,0.939373,2.286104,0.581876,0.759225,0.177349,15360.0,4.713504,0.581893,1.379524,0.797632,1008.0,14428.761719,1024.0,1024.0,149.090836,31400,64.0,1999.3
0,32200,1700,487.195,15.423,97.730988,87.17514,0.61493,0.023053,4.663041,4.663041,4.663041,4.663041,0.014638,0.005698,1.383639,8.294714,0.175827,-8.291817,1.0,0.936487,2.122935,0.613409,0.789236,0.175827,15360.0,4.273142,0.613445,1.316698,0.703254,1008.0,14384.433594,1024.0,1024.0,150.18869,32200,64.0,1999.3
0,33000,1750,500.909,15.423,100.605186,89.963531,0.689947,0.022601,4.752629,4.752629,4.752629,4.752629,0.022012,0.004961,1.401208,8.296615,0.177322,-8.281812,1.0,0.942237,2.013522,0.639666,0.816988,0.177322,15360.0,4.28828,0.639693,1.388481,0.748788,1008.0,14472.765625,1024.0,1024.0,113.212776,33000,64.0,1999.3
0,33800,1800,514.558,15.423,94.803024,84.16011,0.623604,0.02231,4.736549,4.736549,4.736549,4.736549,0.018118,0.004553,1.410072,8.299397,0.177921,-8.28655,1.0,0.94474,2.036041,0.671611,0.849531,0.177921,15360.0,4.468941,0.671643,1.43697,0.765327,1008.0,14511.209961,1024.0,1024.0,136.707352,33800,64.0,1999.3
0,34600,1850,528.21,15.423,89.892921,79.224335,0.568719,0.022078,4.824766,4.824766,4.824766,4.824766,0.015851,0.00416,1.424982,8.301476,0.179175,-8.301824,1.0,0.947307,2.07882,0.706214,0.885388,0.179175,15360.0,4.222476,0.706246,1.385998,0.679753,1008.0,14550.638672,1024.0,1024.0,105.120705,34600,64.0,1999.3
0,35400,1900,541.943,15.423,90.376305,79.594589,0.613037,0.02224,4.859431,4.859431,4.859431,4.859431,0.017463,0.004402,1.419641,8.302989,0.178795,-8.300511,1.0,0.945504,2.100553,0.739656,0.918451,0.178795,15360.0,4.269566,0.739654,1.439756,0.700102,1008.0,14522.941406,1024.0,1024.0,140.021774,35400,64.0,1999.3
0,36200,1950,555.605,15.423,86.979172,76.196449,0.55351,0.021738,4.927138,4.927138,4.927138,4.927138,0.013656,0.003565,1.436662,8.306457,0.179967,-8.309043,1.0,0.950925,2.119752,0.772046,0.952012,0.179967,15360.0,4.104039,0.772027,1.430362,0.658334,1008.0,14606.203125,1024.0,1024.0,162.136734,36200,64.0,1999.3
0,37000,2000,569.367,15.423,90.397972,79.502571,0.5575,0.021974,5.086085,5.086085,5.086085,5.086085,0.017739,0.003902,1.415826,8.308117,0.178095,-8.291635,1.0,0.949235,2.083913,0.802835,0.980929,0.178095,15360.0,4.071665,0.802796,1.470936,0.66814,1008.0,14580.251953,1024.0,1024.0,185.702362,37000,64.0,1999.3
0,37800,2050,582.946,15.423,85.795418,75.107269,0.553247,0.021455,4.963994,4.963994,4.963994,4.963994,0.013933,0.003047,1.415192,8.30844,0.17726,-8.290362,1.0,0.954042,2.0351,0.831933,1.009193,0.17726,15360.0,4.009186,0.83189,1.506219,0.674329,1008.0,14654.077148,1024.0,1024.0,120.881439,37800,64.0,1999.3
0,38600,2100,596.7,15.423,82.375275,71.680878,0.53731,0.021439,5.074764,5.074764,5.074764,5.074764,0.015522,0.002989,1.438329,8.310896,0.179331,-8.316433,1.0,0.955491,1.963143,0.858978,1.038309,0.179331,15360.0,3.83977,0.858805,1.514387,0.655582,1008.0,14676.333984,1024.0,1024.0,132.544174,38600,64.0,1999.3
0,39400,2150,610.361,15.423,87.678673,76.5793,0.593342,0.021625,5.432881,5.432881,5.432881,5.432881,0.021085,0.003277,1.417361,8.313257,0.17687,-8.312387,1.0,0.954682,1.839183,0.883515,1.060385,0.17687,15360.0,4.172288,0.882994,1.65842,0.775426,1008.0,14663.912109,1024.0,1024.0,147.621918,39400,64.0,1999.3
0,40200,2200,624.123,15.423,84.465019,73.616714,0.577464,0.021433,5.343376,5.343376,5.343376,5.343376,0.01976,0.002966,1.448497,8.314079,0.180034,-8.331608,1.0,0.95634,1.760832,0.905344,1.085378,0.180034,15360.0,3.874561,0.904679,1.641931,0.737253,1008.0,14689.388672,1024.0,1024.0,82.206497,40200,64.0,1999.3
0,41000,2250,637.884,15.423,85.263229,74.228325,0.547407,0.021501,5.54144,5.54144,5.54144,5.54144,0.018236,0.003016,1.421625,8.315328,0.177671,-8.286992,1.0,0.956869,1.811883,0.927459,1.10513,0.177671,15360.0,3.789671,0.926346,1.619577,0.69323,1008.0,14697.511719,1024.0,1024.0,185.709656,41000,64.0,1999.3
0,41800,2300,651.45,15.423,81.122169,70.064621,0.516985,0.021183,5.529945,5.529945,5.529945,5.529945,0.015797,0.002416,1.442873,8.319881,0.179037,-8.318858,1.0,0.959913,1.864521,0.950824,1.129861,0.179037,15360.0,3.763506,0.949783,1.616009,0.666226,1008.0,14744.267578,1024.0,1024.0,153.844849,41800,64.0,1999.3
0,42600,2350,665.186,15.423,84.584244,73.308411,0.572795,0.021209,5.578203,5.578203,5.578203,5.578203,0.018535,0.002514,1.409777,8.322355,0.174342,-8.355639,1.0,0.959303,1.88369,0.975396,1.149738,0.174342,15360.0,4.174462,0.974275,1.739035,0.76476,1008.0,14734.888672,1024.0,1024.0,76.717171,42600,64.0,1999.3
0,43400,2400,678.825,15.423,82.451271,71.375656,0.567546,0.021099,5.425564,5.425564,5.425564,5.425564,0.019576,0.002271,1.417546,8.326538,0.175648,-8.328003,1.0,0.960789,1.910792,1.000564,1.176212,0.175648,15360.0,3.968387,0.998886,1.710126,0.71124,1008.0,14757.716797,1024.0,1024.0,134.025589,43400,64.0,1999.3
0,44200,2450,692.578,15.423,76.377823,65.313431,0.527752,0.020933,5.403256,5.403256,5.403256,5.403256,0.014257,0.001863,1.446268,8.327905,0.179464,-8.310292,1.0,0.962958,1.938621,1.026705,1.206169,0.179464,15360.0,3.957422,1.025936,1.709564,0.683629,1008.0,14791.03125,1024.0,1024.0,196.727539,44200,64.0,1999.3
0,45000,2500,706.343,15.423,76.72953,66.024887,0.512185,0.020982,5.168783,5.168783,5.168783,5.168783,0.016222,0.001901,1.397588,8.329465,0.173142,-8.323971,1.0,0.96381,1.917624,1.052355,1.225498,0.173142,15360.0,3.902005,1.051168,1.721723,0.670554,1008.0,14804.118164,1024.0,1024.0,147.050461,45000,64.0,1999.3
0,45800,2550,719.921,15.423,80.064644,68.966431,0.64117,0.021072,5.425349,5.425349,5.425349,5.425349,0.022538,0.00203,1.367405,8.331062,0.16896,-8.334097,1.0,0.96309,1.890732,1.07798,1.24694,0.16896,15360.0,4.033185,1.07622,1.853283,0.777062,1008.0,14793.056641,1024.0,1024.0,108.173103,45800,64.0,1999.3
0,46600,2600,733.663,15.423,71.194008,60.584641,0.481847,0.020798,5.220338,5.220338,5.220338,5.220338,0.013323,0.001497,1.389699,8.332424,0.171899,-8.305558,1.0,0.966025,1.880886,1.10332,1.27522,0.171899,15360.0,3.645888,1.102059,1.719722,0.617663,1008.0,14838.141602,1024.0,1024.0,124.458344,46600,64.0,1999.3
0,47400,2650,747.307,15.423,76.101456,64.721123,0.585355,0.021032,5.776587,5.776587,5.776587,5.776587,0.023594,0.001973,1.366347,8.333556,0.168762,-8.340595,1.0,0.963984,1.829767,1.127494,1.296256,0.168762,15360.0,4.078598,1.125307,1.900895,0.775588,1008.0,14806.800781,1024.0,1024.0,105.623825,47400,64.0,1999.3
0,48200,2700,761.045,15.423,77.768936,66.514175,0.566922,0.020905,5.816045,5.816045,5.816045,5.816045,0.018933,0.001716,1.360333,8.337192,0.167383,-8.369681,1.0,0.96461,1.775361,1.152045,1.319428,0.167383,15360.0,3.778603,1.151609,1.851256,0.699647,1008.0,14816.412109,1024.0,1024.0,128.827057,48200,64.0,1999.3
0,49000,2750,774.726,15.423,76.28524,65.135941,0.505899,0.020851,5.938957,5.938957,5.938957,5.938957,0.015475,0.001595,1.356478,8.340787,0.166732,-8.346817,1.0,0.966559,1.709076,1.174655,1.341387,0.166732,15360.0,3.413836,1.173932,1.799258,0.625326,1008.0,14846.351562,1024.0,1024.0,87.837776,49000,64.0,1999.3
0,49800,2800,788.408,15.423,77.868675,66.475479,0.510423,0.02086,6.257835,6.257835,6.257835,6.257835,0.015313,0.001614,1.343967,8.341743,0.165848,-8.337403,1.0,0.966712,1.627563,1.195937,1.361785,0.165848,15360.0,3.355886,1.194161,1.834469,0.640308,1008.0,14848.699219,1024.0,1024.0,117.184219,49800,64.0,1999.3
0,50600,2850,818.539,30.756,70.931343,60.287758,0.475286,0.020701,5.790831,5.790831,5.790831,5.790831,0.015917,0.00116,1.338846,8.344577,0.164571,-8.357643,1.0,0.968951,1.519377,1.215151,1.379721,0.164571,15360.0,3.064847,1.214721,1.807696,0.592975,1008.0,14883.089844,1024.0,1024.0,159.244324,50600,64.0,1999.3
0,51400,2900,832.185,30.756,68.707413,57.835526,0.52665,0.020767,5.85661,5.85661,5.85661,5.85661,0.018887,0.001344,1.313714,8.346758,0.161781,-8.338554,1.0,0.967678,1.560352,1.234442,1.396223,0.161781,15360.0,3.360413,1.233557,1.901893,0.668336,1008.0,14863.53125,1024.0,1024.0,129.107925,51400,64.0,1999.3
0,52200,2950,845.932,30.756,81.099823,69.920639,0.532206,0.020881,6.022353,6.022353,6.022353,6.022353,0.016012,0.001588,1.333887,8.34621,0.164594,-8.338939,1.0,0.96673,1.642595,1.254506,1.4191,0.164594,15360.0,3.41678,1.250943,1.942239,0.691296,1008.0,14848.969727,1024.0,1024.0,117.979362,52200,64.0,1999.3
0,53000,3000,859.588,30.756,70.568077,59.11235,0.510182,0.020678,6.279119,6.279119,6.279119,6.279119,0.016529,0.001113,1.314324,8.346594,0.161236,-8.351528,1.0,0.969612,1.67929,1.277,1.438236,0.161236,15360.0,3.414064,1.276154,1.936312,0.660158,1008.0,14893.240234,1024.0,1024.0,131.708435,53000,64.0,1999.3
0,53800,3050,873.242,30.756,74.429977,63.09296,0.526229,0.020786,6.121665,6.121665,6.121665,6.121665,0.016561,0.00127,1.292345,8.340445,0.15927,-8.322206,1.0,0.968535,1.703552,1.299527,1.458797,0.15927,15360.0,3.534246,1.298498,1.972119,0.673621,1008.0,14876.69043,1024.0,1024.0,158.423294,53800,64.0,1999.3
0,54600,3100,886.921,30.756,73.513512,61.770477,0.538811,0.020656,6.370849,6.370849,6.370849,6.370849,0.01641,0.001002,1.323544,8.324089,0.163304,-8.309298,1.0,0.969967,1.731949,1.324662,1.487966,0.163304,15360.0,3.733808,1.323724,2.038067,0.714342,1008.0,14898.695312,1024.0,1024.0,159.554153,54600,64.0,1999.3
0,55400,3150,900.672,30.756,72.131638,60.489124,0.510733,0.020638,6.395086,6.395086,6.395086,6.395086,0.01387,0.00096,1.297009,8.3031,0.160082,-8.304809,1.0,0.969739,1.726224,1.349889,1.509971,0.160082,15360.0,3.511039,1.349711,1.983323,0.633612,1008.0,14895.189453,1024.0,1024.0,92.30957,55400,64.0,1999.3
0,56200,3200,914.414,30.756,68.451202,56.947395,0.498505,0.020566,6.312592,6.312592,6.312592,6.312592,0.0148,0.000686,1.262361,8.262683,0.156566,-8.249063,1.0,0.972252,1.708695,1.375183,1.531748,0.156566,15360.0,3.56611,1.374635,2.005784,0.631149,1008.0,14933.783203,1024.0,1024.0,105.08432,56200,64.0,1999.3
0,57000,3250,928.081,30.756,68.813461,57.18486,0.475883,0.020636,6.508898,6.508898,6.508898,6.508898,0.013698,0.00091,1.242349,8.173052,0.155933,-8.178879,1.0,0.970005,1.692208,1.400854,1.556788,0.155933,15360.0,3.459146,1.400561,1.999628,0.599067,1008.0,14899.275391,1024.0,1024.0,99.18187,57000,64.0,1999.3
0,57800,3300,941.781,30.756,71.711945,59.840431,0.51937,0.020624,6.516152,6.516152,6.516152,6.516152,0.015492,0.0009,1.313564,8.095676,0.166518,-8.101018,1.0,0.969152,1.711507,1.426851,1.593369,0.166518,15360.0,3.79557,1.426485,2.116251,0.689766,1008.0,14886.168945,1024.0,1024.0,136.324951,57800,64.0,1999.3
0,58600,3350,955.484,30.756,68.224823,56.804176,0.439422,0.020571,6.385813,6.385813,6.385813,6.385813,0.011841,0.000709,1.289632,7.974675,0.166813,-7.944942,1.0,0.969565,1.691543,1.452602,1.619415,0.166813,15360.0,3.183581,1.45231,1.998104,0.545794,1008.0,14892.519531,1024.0,1024.0,156.717865,58600,64.0,1999.3
0,59400,3400,969.224,30.756,71.735786,60.214882,0.47776,0.020658,6.452577,6.452577,6.452577,6.452577,0.01275,0.000991,1.284612,8.025957,0.164877,-8.034782,1.0,0.968271,1.657287,1.477441,1.642319,0.164877,15360.0,3.275832,1.475991,2.065697,0.589706,1008.0,14872.640625,1024.0,1024.0,114.115768,59400,64.0,1999.3
0,60200,3450,982.881,30.756,70.424332,58.907257,0.446182,0.020579,6.467454,6.467454,6.467454,6.467454,0.012956,0.000708,1.332707,7.878879,0.174895,-7.869286,1.0,0.970287,1.662979,1.502183,1.677078,0.174895,15360.0,3.134762,1.499382,2.070856,0.571474,1008.0,14903.614258,1024.0,1024.0,154.36702,60200,64.0,1999.3
0,61000,3500,996.641,30.756,65.537178,53.922707,0.503613,0.020552,6.466082,6.466082,6.466082,6.466082,0.015315,0.000615,1.345071,7.924905,0.175861,-7.904366,1.0,0.971115,1.619269,1.527065,1.702926,0.175861,15360.0,3.377579,1.525593,2.187864,0.66227,1008.0,14916.333008,1024.0,1024.0,114.490685,61000,64.0,1999.3
0,61800,3550,1010.289,30.756,68.002533,56.223053,0.492282,0.020617,6.700161,6.700161,6.700161,6.700161,0.013931,0.000866,1.359996,7.765222,0.18194,-7.758336,1.0,0.968683,1.57875,1.550986,1.732925,0.18194,15360.0,3.192184,1.548906,2.181807,0.632901,1008.0,14878.962891,1024.0,1024.0,128.78804,61800,64.0,1999.3
0,62600,3600,1023.969,30.756,68.635124,57.115273,0.506618,0.020526,6.514396,6.514396,6.514396,6.514396,0.015102,0.000571,1.371831,7.890836,0.179746,-7.899925,1.0,0.971308,1.509051,1.574209,1.753955,0.179746,15360.0,3.153316,1.571409,2.238773,0.667364,1008.0,14919.283203,1024.0,1024.0,128.557053,62600,64.0,1999.3
0,63400,3650,1037.733,30.756,72.845398,61.115971,0.507651,0.020624,6.856672,6.856672,6.856672,6.856672,0.015139,0.000784,1.316042,7.823267,0.17489,-7.808912,1.0,0.969793,1.41103,1.595803,1.770692,0.17489,15360.0,3.105792,1.595187,2.258555,0.663368,1008.0,14896.021484,1024.0,1024.0,113.17588,63400,64.0,1999.3
0,64200,3700,1051.472,30.756,64.710739,53.157169,0.476262,0.020563,6.540006,6.540006,6.540006,6.540006,0.01287,0.00071,1.427106,7.741804,0.192104,-7.742196,1.0,0.970243,1.528941,1.617567,1.80967,0.192104,15360.0,3.022332,1.613332,2.261324,0.647992,1008.0,14902.929688,1024.0,1024.0,145.958679,64200,64.0,1999.3
0,65000,3750,1065.137,30.756,65.513466,53.83947,0.459857,0.020529,6.598877,6.598877,6.598877,6.598877,0.011189,0.000557,1.446506,7.34771,0.204152,-7.350234,1.0,0.970672,1.611707,1.642225,1.846377,0.204152,15360.0,2.922095,1.639108,2.255509,0.6164,1008.0,14909.527344,1024.0,1024.0,101.38131,65000,64.0,1999.3
0,65800,3800,1078.815,30.756,65.490479,53.47831,0.517043,0.020517,6.768646,6.768646,6.768646,6.768646,0.015893,0.000521,1.386111,7.660755,0.187413,-7.695296,1.0,0.971298,1.634849,1.669797,1.85721,0.187413,15360.0,3.36046,1.668933,2.389516,0.720583,1008.0,14919.136719,1024.0,1024.0,149.606735,65800,64.0,1999.3
0,66600,3850,1092.474,30.756,68.645477,56.229691,0.464543,0.020568,7.034061,7.034061,7.034061,7.034061,0.012615,0.000663,1.540042,7.439856,0.215251,-7.445569,1.0,0.970401,1.716073,1.695244,1.910495,0.215251,15360.0,3.123633,1.691417,2.343048,0.651631,1008.0,14905.359375,1024.0,1024.0,167.276413,66600,64.0,1999.3
0,67400,3900,1106.192,30.756,68.326012,56.011627,0.495869,0.020539,6.981177,6.981177,6.981177,6.981177,0.015263,0.000614,1.402669,7.739256,0.187937,-7.755784,1.0,0.971732,1.691357,1.725768,1.913705,0.187937,15360.0,3.415532,1.724439,2.430802,0.706363,1008.0,14925.800781,1024.0,1024.0,122.348328,67400,64.0,1999.3
0,68200,3950,1119.856,30.756,68.294189,55.889481,0.573575,0.020547,6.916887,6.916887,6.916887,6.916887,0.019548,0.000617,1.45844,7.788554,0.194609,-7.779596,1.0,0.972026,1.711491,1.754885,1.949494,0.194609,15360.0,3.44027,1.753444,2.513342,0.759899,1008.0,14930.321289,1024.0,1024.0,88.229599,68200,64.0,1999.3
0,69000,4000,1133.534,30.756,67.853157,55.336304,0.475149,0.0205,7.180034,7.180034,7.180034,7.180034,0.014618,0.000452,1.411228,7.397964,0.198958,-7.3941,1.0,0.972194,1.716311,1.782496,1.981454,0.198958,15360.0,3.318765,1.778785,2.456507,0.677723,1008.0,14932.900391,1024.0,1024.0,108.556473,69000,64.0,1999.3
0,69800,4050,1147.196,30.756,71.886055,58.933372,0.534529,0.020541,7.301925,7.301925,7.301925,7.301925,0.020356,0.000587,1.5155,7.287194,0.217377,-7.276932,1.0,0.970721,1.758577,1.810991,2.028368,0.217377,15360.0,3.638041,1.800811,2.60014,0.799329,1008.0,14910.268555,1024.0,1024.0,136.741806,69800,64.0,1999.3
0,70600,4100,1160.957,30.756,68.071564,55.818802,0.458786,0.020531,7.075388,7.075388,7.075388,7.075388,0.010943,0.000593,1.377296,7.317012,0.195998,-7.309527,1.0,0.971421,1.68272,1.840377,2.036376,0.195998,15360.0,3.101674,1.838592,2.450147,0.611555,1008.0,14921.023438,1024.0,1024.0,119.129776,70600,64.0,1999.3
0,71400,4150,1174.696,30.756,68.60141,55.982811,0.514899,0.020562,7.206736,7.206736,7.206736,7.206736,0.015703,0.000684,1.451099,7.620333,0.196149,-7.650006,1.0,0.971905,1.667294,1.869069,2.065218,0.196149,15360.0,3.457757,1.865947,2.595118,0.729172,1008.0,14928.459961,1024.0,1024.0,141.427826,71400,64.0,1999.3
0,72200,4200,1188.37,30.756,69.301773,56.433777,0.48343,0.0205,7.381356,7.381356,7.381356,7.381356,0.014526,0.000476,1.573479,7.469808,0.218272,-7.461466,1.0,0.972853,1.708153,1.894975,2.113246,0.218272,15360.0,3.209814,1.884982,2.562915,0.677933,1008.0,14943.022461,1024.0,1024.0,153.737183,72200,64.0,1999.3
0,73000,4250,1202.135,30.756,63.702148,51.006828,0.464005,0.020502,7.413021,7.413021,7.413021,7.413021,0.013965,0.000481,1.481728,7.340368,0.209551,-7.335186,1.0,0.97363,1.648331,1.921426,2.130977,0.209551,15360.0,3.088099,1.911993,2.577243,0.66525,1008.0,14954.958984,1024.0,1024.0,101.734543,73000,64.0,1999.3
0,73800,4300,1215.805,30.756,66.894981,54.204342,0.514743,0.020507,7.428104,7.428104,7.428104,7.428104,0.016428,0.000488,1.438373,7.36512,0.202149,-7.379441,1.0,0.972774,1.576049,1.946184,2.148333,0.202149,15360.0,3.233508,1.939003,2.665297,0.726294,1008.0,14941.810547,1024.0,1024.0,149.507874,73800,64.0,1999.3
0,74600,4350,1229.472,30.756,69.147377,56.324936,0.495678,0.020511,7.539286,7.539286,7.539286,7.539286,0.015022,0.000524,1.499138,7.308503,0.212434,-7.294775,1.0,0.972864,1.553559,1.973038,2.185472,0.212434,15360.0,3.201143,1.969137,2.693196,0.724059,1008.0,14943.189453,1024.0,1024.0,116.202461,74600,64.0,1999.3
0,75400,4400,1260.367,46.267,70.31057,57.584412,0.50777,0.020493,7.577341,7.577341,7.577341,7.577341,0.014304,0.000442,1.494409,7.629129,0.201362,-7.637577,1.0,0.973954,1.476559,2.000252,2.201612,0.201362,15360.0,2.972808,1.997131,2.69375,0.696619,1008.0,14959.930664,1024.0,1024.0,139.954651,75400,64.0,1999.3
0,76200,4450,1274.098,46.267,66.728645,54.452328,0.438265,0.020508,7.422309,7.422309,7.422309,7.422309,0.011809,0.000511,1.470154,7.327012,0.209837,-7.309652,1.0,0.972802,1.410311,2.023573,2.23341,0.209837,15360.0,2.57514,2.02475,2.637741,0.612991,1008.0,14942.230469,1024.0,1024.0,146.78389,76200,64.0,1999.3
0,77000,4500,1287.74,46.267,68.082298,55.584267,0.473062,0.020546,7.40114,7.40114,7.40114,7.40114,0.01436,0.000601,1.595606,7.48204,0.22021,-7.49459,1.0,0.973401,1.444399,2.05085,2.27106,0.22021,15360.0,2.743875,2.050972,2.730519,0.679547,1008.0,14951.445312,1024.0,1024.0,103.41259,77000,64.0,1999.3
0,77800,4550,1301.344,46.267,63.008343,50.693619,0.468158,0.020516,7.313093,7.313093,7.313093,7.313093,0.013623,0.000554,1.477432,7.161896,0.21395,-7.157327,1.0,0.972839,1.492329,2.080106,2.294056,0.21395,15360.0,2.706293,2.082946,2.738218,0.655271,1008.0,14942.799805,1024.0,1024.0,112.539116,77800,64.0,1999.3
0,78600,4600,1315.095,46.267,65.723679,52.733696,0.488061,0.020494,7.570795,7.570795,7.570795,7.570795,0.015257,0.000447,1.662331,7.465432,0.231571,-7.445721,1.0,0.973875,1.59558,2.111148,2.342719,0.231571,15360.0,2.985472,2.108283,2.864941,0.756659,1008.0,14958.717773,1024.0,1024.0,122.222923,78600,64.0,1999.3
0,79400,4650,1328.877,46.267,63.428879,50.614235,0.44656,0.020486,7.57226,7.57226,7.57226,7.57226,0.011656,0.000416,1.591397,7.452068,0.221362,-7.488123,1.0,0.974622,1.630966,2.14759,2.368952,0.221362,15360.0,2.652498,2.149854,2.771949,0.622095,1008.0,14970.186523,1024.0,1024.0,106.893425,79400,64.0,1999.3
0,80200,4700,1342.644,46.267,65.814232,52.734947,0.473636,0.020491,7.58903,7.58903,7.58903,7.58903,0.013556,0.000435,1.682486,7.767278,0.224195,-7.763032,1.0,0.975268,1.674483,2.184297,2.408492,0.224195,15360.0,2.934164,2.185322,2.880131,0.694809,1008.0,14980.119141,1024.0,1024.0,111.221535,80200,64.0,1999.3
0,81000,4750,1356.322,46.267,61.661198,49.007683,0.456161,0.020509,7.404749,7.404749,7.404749,7.404749,0.012058,0.0005,1.521793,7.547684,0.210103,-7.548059,1.0,0.97446,1.659333,2.217913,2.428015,0.210103,15360.0,2.834998,2.223269,2.864209,0.64094,1008.0,14967.698242,1024.0,1024.0,121.312828,81000,64.0,1999.3
0,81800,4800,1370.003,46.267,66.993767,53.884407,0.474275,0.020511,7.570731,7.570731,7.570731,7.570731,0.013575,0.000498,1.699427,7.737689,0.228004,-7.725372,1.0,0.973991,1.690143,2.257989,2.485991,0.228004,15360.0,2.990666,2.261256,2.947057,0.685802,1008.0,14960.496094,1024.0,1024.0,102.406761,81800,64.0,1999.3
0,82600,4850,1383.69,46.267,66.246307,52.638275,0.50859,0.020522,7.993681,7.993681,7.993681,7.993681,0.016441,0.00052,1.641904,7.417741,0.228726,-7.42837,1.0,0.974419,1.691816,2.294534,2.52326,0.228726,15360.0,3.173825,2.29264,3.055896,0.763257,1008.0,14967.080078,1024.0,1024.0,106.046982,82600,64.0,1999.3
0,83400,4900,1397.448,46.267,64.000824,50.513004,0.458232,0.020476,7.924102,7.924102,7.924102,7.924102,0.0111,0.00037,1.742493,7.6786,0.233894,-7.710867,1.0,0.975425,1.688367,2.33376,2.567654,0.233894,15360.0,2.872458,2.330729,3.003043,0.672314,1008.0,14982.533203,1024.0,1024.0,113.93457,83400,64.0,1999.3
0,84200,4950,1411.126,46.267,66.698578,53.064064,0.517391,0.020494,8.002923,8.002923,8.002923,8.002923,0.016297,0.000433,1.717837,7.882906,0.223517,-7.889988,1.0,0.974787,1.640044,2.369569,2.593085,0.223517,15360.0,3.118443,2.370222,3.128467,0.758244,1008.0,14972.726562,1024.0,1024.0,139.329712,84200,64.0,1999.3
0,85000,5000,1424.883,46.267,67.086128,53.5177,0.48355,0.020504,7.824528,7.824528,7.824528,7.824528,0.013463,0.000478,1.891755,7.740384,0.251623,-7.764005,1.0,0.975045,1.682507,2.407942,2.659565,0.251623,15360.0,2.943775,2.404074,3.13063,0.726556,1008.0,14976.6875,1024.0,1024.0,125.391594,85000,64.0,1999.3
0,85800,5050,1438.513,46.267,64.511108,51.004665,0.49755,0.020486,7.733176,7.733176,7.733176,7.733176,0.014974,0.000397,1.890067,7.453982,0.262247,-7.459467,1.0,0.974802,1.660372,2.440947,2.703193,0.262247,15360.0,3.104921,2.434917,3.243203,0.808286,1008.0,14972.955078,1024.0,1024.0,105.25705,85800,64.0,1999.3
0,86600,5100,1452.294,46.267,65.193855,51.576706,0.481733,0.020533,7.675909,7.675909,7.675909,7.675909,0.013634,0.000587,2.129085,7.774562,0.278641,-7.821847,1.0,0.973302,1.642384,2.472623,2.751264,0.278641,15360.0,2.999737,2.464354,3.270875,0.80652,1008.0,14949.917969,1024.0,1024.0,153.739197,86600,64.0,1999.3
0,87400,5150,1465.972,46.267,67.199722,54.032913,0.457367,0.020492,7.895933,7.895933,7.895933,7.895933,0.012412,0.000437,1.792154,7.773613,0.236023,-7.792227,1.0,0.974774,1.474419,2.50482,2.740844,0.236023,15360.0,2.456157,2.493309,3.160778,0.667468,1008.0,14972.521484,1024.0,1024.0,110.128639,87400,64.0,1999.3
0,88200,5200,1479.766,46.267,62.593433,49.640083,0.438493,0.020499,7.834574,7.834574,7.834574,7.834574,0.010519,0.000453,1.817267,7.775407,0.242063,-7.759189,1.0,0.975577,1.390025,2.535289,2.777352,0.242063,15360.0,2.230121,2.532063,3.140677,0.608614,1008.0,14984.859375,1024.0,1024.0,157.940399,88200,64.0,1999.3
0,89000,5250,1493.468,46.267,65.701591,52.23233,0.592748,0.020508,7.950833,7.950833,7.950833,7.950833,0.021555,0.000489,1.859877,7.517786,0.256124,-7.510558,1.0,0.974634,1.39526,2.562961,2.819085,0.256124,15360.0,2.849859,2.554142,3.413718,0.859576,1008.0,14970.384766,1024.0,1024.0,97.891838,89000,64.0,1999.3
0,89800,5300,1507.121,46.267,68.325256,54.729691,0.52324,0.020524,8.057048,8.057048,8.057048,8.057048,0.018962,0.000545,1.857322,7.142922,0.27051,-7.123322,1.0,0.973587,1.475588,2.591994,2.862504,0.27051,15360.0,2.853802,2.584268,3.445523,0.861255,1008.0,14954.295898,1024.0,1024.0,140.745987,89800,64.0,1999.3
0,90600,5350,1520.793,46.267,64.680855,51.46582,0.501768,0.020523,7.541759,7.541759,7.541759,7.541759,0.01427,0.000547,2.032798,7.330123,0.284295,-7.346025,1.0,0.973368,1.549338,2.62174,2.906033,0.284295,15360.0,2.715575,2.613903,3.408729,0.794826,1008.0,14950.938477,1024.0,1024.0,138.389191,90600,64.0,1999.3
0,91400,5400,1534.557,46.267,64.768906,51.108753,0.486248,0.020511,8.131683,8.131683,8.131683,8.131683,0.013893,0.000493,1.877064,7.548268,0.256933,-7.540933,1.0,0.974352,1.567297,2.656933,2.913866,0.256933,15360.0,2.547267,2.650257,3.363056,0.712799,1008.0,14966.040039,1024.0,1024.0,174.185272,91400,64.0,1999.3
0,92200,5450,1548.332,46.267,59.091713,45.62825,0.507217,0.020516,7.486859,7.486859,7.486859,7.486859,0.01479,0.000535,2.165667,7.578712,0.293007,-7.587668,1.0,0.973679,1.653254,2.690677,2.983684,0.293007,15360.0,2.937549,2.683322,3.523214,0.839892,1008.0,14955.714844,1024.0,1024.0,136.065704,92200,64.0,1999.3
0,93000,5500,1562.001,46.267,59.235958,45.974251,0.441567,0.020493,7.739128,7.739128,7.739128,7.739128,0.013955,0.000436,1.851715,6.901811,0.281205,-6.900055,1.0,0.974105,1.667466,2.726718,3.007922,0.281205,15360.0,2.55808,2.720837,3.405694,0.684857,1008.0,14962.25,1024.0,1024.0,106.032936,93000,64.0,1999.3
0,93800,5550,1575.694,46.267,60.59901,46.844757,0.480526,0.020476,8.134356,8.134356,8.134356,8.134356,0.013131,0.00037,1.837809,7.373133,0.260482,-7.352122,1.0,0.975487,1.655681,2.762542,3.02302,0.260482,15360.0,2.706571,2.757353,3.487126,0.729774,1008.0,14983.472656,1024.0,1024.0,124.707878,93800,64.0,1999.3
0,94600,5600,1589.473,46.267,57.81406,44.025051,0.441973,0.020468,7.915898,7.915898,7.915898,7.915898,0.013139,0.000318,2.079823,7.083112,0.30809,-7.085606,1.0,0.975503,1.731636,2.799429,3.107519,0.30809,15360.0,2.692084,2.790773,3.512615,0.721842,1008.0,14983.728516,1024.0,1024.0,141.331635,94600,64.0,1999.3
0,95400,5650,1603.136,46.267,57.549496,44.179043,0.456692,0.020487,7.857098,7.857098,7.857098,7.857098,0.012295,0.00039,1.777401,7.123353,0.264883,-7.119833,1.0,0.975432,1.670531,2.835796,3.100676,0.264883,15360.0,2.675121,2.826371,3.530929,0.704558,1008.0,14982.626953,1024.0,1024.0,142.534561,95400,64.0,1999.3
0,96200,5700,1616.81,46.267,57.460453,43.754272,0.486898,0.020488,7.727937,7.727937,7.727937,7.727937,0.014247,0.000413,2.059433,6.935291,0.306231,-6.952944,1.0,0.97447,1.733026,2.869698,3.175919,0.306231,15360.0,3.018688,2.853902,3.702771,0.84887,1008.0,14967.859375,1024.0,1024.0,144.274139,96200,64.0,1999.3
0,97000,5750,1630.583,46.267,65.097801,51.31543,0.564833,0.020486,7.770633,7.770633,7.770633,7.770633,0.020343,0.000407,2.006258,7.093644,0.293489,-7.085385,1.0,0.975104,1.695764,2.905727,3.199216,0.293489,15360.0,3.157768,2.893177,3.793477,0.9003,1008.0,14977.601562,1024.0,1024.0,121.737938,97000,64.0,1999.3
0,97800,5800,1644.202,46.267,61.09967,47.456009,0.489395,0.020482,7.869179,7.869179,7.869179,7.869179,0.014064,0.000389,1.979135,7.437827,0.275102,-7.454119,1.0,0.975073,1.638711,2.936746,3.21182,0.275102,15360.0,2.866137,2.921746,3.726502,0.804756,1008.0,14977.126953,1024.0,1024.0,182.503906,97800,64.0,1999.3
0,98600,5850,1657.98,46.267,61.899361,47.883202,0.463067,0.020499,8.124355,8.124355,8.124355,8.124355,0.011986,0.000443,2.106314,7.160125,0.305085,-7.182921,1.0,0.974412,1.675797,2.974118,3.279201,0.305085,15360.0,2.712305,2.966016,3.709738,0.743723,1008.0,14966.964844,1024.0,1024.0,175.708572,98600,64.0,1999.3
0,99400,5900,1671.672,46.267,60.208805,46.701485,0.488593,0.020477,7.700092,7.700092,7.700092,7.700092,0.014642,0.000364,2.035423,6.876927,0.311256,-6.878904,1.0,0.975219,1.654394,3.005082,3.316337,0.311256,15360.0,2.794427,2.99304,3.800236,0.807196,1008.0,14979.370117,1024.0,1024.0,109.241341,99400,64.0,1999.3
0,100200,5950,1703.09,61.746,60.927563,47.267021,0.474264,0.020488,7.966495,7.966495,7.966495,7.966495,0.011624,0.000406,2.045749,7.223928,0.296836,-7.227893,1.0,0.974944,1.584463,3.035583,3.332418,0.296836,15360.0,2.574773,3.022804,3.773954,0.75115,1008.0,14975.140625,1024.0,1024.0,90.57618,100200,64.0,1999.3
0,101000,6000,1716.732,61.746,57.343826,43.770947,0.503271,0.02048,7.929771,7.929771,7.929771,7.929771,0.014357,0.000374,1.985704,6.994544,0.299841,-6.969899,1.0,0.975145,1.538976,3.064559,3.364395,0.299841,15360.0,2.672351,3.046711,3.867311,0.8206,1008.0,14978.232422,1024.0,1024.0,128.778564,101000,64.0,1999.3
0,101800,6050,1730.415,61.746,61.853348,47.885727,0.490701,0.020474,8.178541,8.178541,8.178541,8.178541,0.014778,0.000338,2.185357,7.270294,0.315154,-7.275301,1.0,0.975475,1.510078,3.09307,3.408224,0.315154,15360.0,2.548728,3.079591,3.873196,0.793606,1008.0,14983.299805,1024.0,1024.0,126.755638,101800,64.0,1999.3
0,102600,6100,1744.149,61.746,64.901337,50.782143,0.504273,0.020483,8.472332,8.472332,8.472332,8.472332,0.014821,0.000401,2.094579,7.053301,0.305227,-7.063196,1.0,0.97533,1.4342,3.121541,3.426766,0.305227,15360.0,2.486988,3.109717,3.903904,0.794188,1008.0,14981.063477,1024.0,1024.0,178.669449,102600,64.0,1999.3
0,103400,6150,1757.79,61.746,65.907906,51.567604,0.5507,0.020472,8.649179,8.649179,8.649179,8.649179,0.018141,0.000345,2.109796,7.458108,0.292734,-7.436282,1.0,0.976077,1.352156,3.14553,3.438263,0.292734,15360.0,2.64359,3.133791,4.033397,0.899606,1008.0,14992.541992,1024.0,1024.0,124.035408,103400,64.0,1999.3
0,104200,6200,1771.475,61.746,66.963013,52.884842,0.590116,0.020488,8.158619,8.158619,8.158619,8.158619,0.025085,0.000411,2.195522,7.069259,0.325847,-7.052795,1.0,0.975158,1.420954,3.168176,3.494022,0.325847,15360.0,2.922026,3.158988,4.252299,1.093312,1008.0,14978.428711,1024.0,1024.0,160.008133,104200,64.0,1999.3
0,105000,6250,1785.258,61.746,55.107071,42.127068,0.482948,0.020473,7.476868,7.476868,7.476868,7.476868,0.012108,0.000339,2.079244,6.88038,0.319328,-6.880006,1.0,0.97561,1.453978,3.198103,3.51743,0.319328,15360.0,2.396005,3.185537,3.99102,0.805483,1008.0,14985.369141,1024.0,1024.0,119.012306,105000,64.0,1999.3
0,105800,6300,1798.94,61.746,55.278442,42.30278,0.554136,0.020485,7.168423,7.168423,7.168423,7.168423,0.017545,0.000403,2.137092,6.894156,0.324871,-6.914212,1.0,0.974768,1.526699,3.227936,3.552807,0.324871,15360.0,2.839949,3.214438,4.192536,0.978098,1008.0,14972.429688,1024.0,1024.0,164.462585,105800,64.0,1999.3
0,106600,6350,1812.613,61.746,64.803192,51.380524,0.556036,0.020492,7.65513,7.65513,7.65513,7.65513,0.017213,0.000435,2.089869,7.848771,0.274386,-7.84887,1.0,0.975066,1.520219,3.266747,3.54113,0.274386,15360.0,2.718023,3.259581,4.150195,0.890615,1008.0,14977.017578,1024.0,1024.0,113.363197,106600,64.0,1999.3
0,107400,6400,1826.378,61.746,63.230999,48.866989,0.565818,0.020485,8.092975,8.092975,8.092867,8.092867,0.018553,0.000402,2.351835,7.375521,0.32528,-7.380443,1.0,0.975585,1.62089,3.310369,3.63565,0.32528,15360.0,3.009027,3.304625,4.297877,0.993252,1008.0,14984.982422,1024.0,1024.0,125.817245,107400,64.0,1999.3
0,108200,6450,1840.08,61.746,58.000435,44.060688,0.504462,0.02047,8.118446,8.118446,8.118446,8.118446,0.013614,0.000328,2.092994,7.592687,0.287817,-7.576559,1.0,0.975801,1.609461,3.350217,3.638028,0.287817,15360.0,2.606891,3.352034,4.173127,0.821093,1008.0,14988.299805,1024.0,1024.0,108.305054,108200,64.0,1999.3
0,109000,6500,1853.854,61.746,68.287704,53.53772,0.617659,0.020513,8.311711,8.311711,8.311711,8.311711,0.026135,0.00046,2.315738,7.207838,0.334226,-7.200832,1.0,0.974935,1.69636,3.397552,3.731769,0.334226,15360.0,3.18945,3.395497,4.464104,1.068607,1008.0,14974.995117,1024.0,1024.0,119.319504,109000,64.0,1999.3
0,109800,6550,1867.555,61.746,55.035614,41.245808,0.501357,0.020471,7.966659,7.966659,7.966659,7.966659,0.014341,0.000332,2.067337,7.179093,0.300227,-7.168479,1.0,0.975645,1.664103,3.450911,3.751131,0.300227,15360.0,2.577376,3.447046,4.223752,0.776707,1008.0,14985.90625,1024.0,1024.0,181.10434,109800,64.0,1999.3
0,110600,6600,1881.241,61.746,59.515591,45.25301,0.482707,0.020471,8.442713,8.442713,8.442713,8.442713,0.014219,0.000328,1.99175,6.712153,0.318793,-6.7091,1.0,0.975494,1.683874,3.496904,3.815677,0.318793,15360.0,2.655979,3.493176,4.297489,0.804313,1008.0,14983.581055,1024.0,1024.0,180.166428,110600,64.0,1999.3
0,111400,6650,1895.053,61.746,60.780205,46.894119,0.563289,0.020478,8.041935,8.041935,8.041935,8.041935,0.017518,0.000369,1.988568,7.11433,0.289778,-7.085071,1.0,0.975363,1.621899,3.547458,3.837234,0.289778,15360.0,2.819083,3.545717,4.424096,0.87838,1008.0,14981.570312,1024.0,1024.0,128.307556,111400,64.0,1999.3
0,112200,6700,1908.743,61.746,68.785439,53.52895,0.624505,0.02048,8.844538,8.844538,8.844538,8.844538,0.026595,0.00038,2.256027,6.709934,0.347381,-6.70985,1.0,0.975015,1.70271,3.590983,3.938347,0.347381,15360.0,3.079248,3.578027,4.621845,1.043818,1008.0,14976.227539,1024.0,1024.0,166.212799,112200,64.0,1999.3
0,113000,6750,1922.504,61.746,59.081131,44.3237,0.577322,0.020478,8.334064,8.334064,8.334064,8.334064,0.019986,0.000367,2.404226,7.186141,0.342199,-7.212887,1.0,0.975744,1.659569,3.644767,3.986958,0.342199,15360.0,3.094559,3.634362,4.664792,1.03043,1008.0,14987.431641,1024.0,1024.0,87.291107,113000,64.0,1999.3
0,113800,6800,1936.181,61.746,54.6096,41.395756,0.599355,0.020477,7.074013,7.074013,7.074013,7.074013,0.020791,0.000368,2.240125,7.081377,0.335618,-7.057474,1.0,0.975261,1.605325,3.692997,4.028613,0.335618,15360.0,3.22382,3.682527,4.798352,1.115824,1008.0,14980.012695,1024.0,1024.0,95.874977,113800,64.0,1999.3
0,114600,6850,1949.854,61.746,58.389889,44.462845,0.497839,0.02047,8.225155,8.225155,8.225155,8.225155,0.016219,0.00033,2.087031,7.026998,0.318581,-7.026159,1.0,0.975521,1.517542,3.729938,4.048506,0.318581,15360.0,2.521647,3.730534,4.543874,0.81334,1008.0,14984.003906,1024.0,1024.0,135.199478,114600,64.0,1999.3
0,115400,6900,1963.637,61.746,58.746948,45.272678,0.597052,0.020474,7.723226,7.723226,7.723226,7.723226,0.021694,0.00035,2.067375,6.877273,0.316572,-6.889999,1.0,0.97545,1.448988,3.772359,4.088923,0.316572,15360.0,2.816111,3.768877,4.76049,0.991614,1008.0,14982.914062,1024.0,1024.0,150.978546,115400,64.0,1999.3
0,116200,6950,1977.304,61.746,56.574501,43.05761,0.489857,0.020466,8.198985,8.198985,8.198985,8.198985,0.014929,0.000305,1.939418,6.579164,0.313865,-6.570234,1.0,0.976022,1.370257,3.810054,4.123912,0.313865,15360.0,2.260031,3.804684,4.583411,0.778727,1008.0,14991.696289,1024.0,1024.0,113.674492,116200,64.0,1999.3
0,117000,7000,1991.094,61.746,57.079346,43.225376,0.541595,0.020467,8.375341,8.375341,8.375341,8.375341,0.017235,0.000314,2.080175,6.698022,0.324883,-6.703403,1.0,0.975751,1.304038,3.844693,4.169528,0.324883,15360.0,2.316059,3.836401,4.705718,0.869317,1008.0,14987.537109,1024.0,1024.0,165.526703,117000,64.0,1999.3
0,117800,7050,2004.772,61.746,56.659733,43.046814,0.485475,0.020465,8.338396,8.338396,8.338396,8.338396,0.015448,0.000297,2.013759,6.625026,0.321915,-6.622828,1.0,0.975791,1.272018,3.87479,4.196687,0.321915,15360.0,2.163213,3.871372,4.673953,0.802581,1008.0,14988.150391,1024.0,1024.0,172.271378,117800,64.0,1999.3
0,118600,7100,2018.462,61.746,64.457047,49.925659,0.510297,0.020469,9.035495,9.035495,9.035495,9.035495,0.01718,0.000318,2.082886,6.998618,0.315113,-6.973705,1.0,0.975769,1.319299,3.907368,4.222477,0.315113,15360.0,2.197976,3.897506,4.700316,0.80281,1008.0,14987.817383,1024.0,1024.0,117.811142,118600,64.0,1999.3
0,119400,7150,2032.258,61.746,58.984917,44.379353,0.489718,0.020462,9.007915,9.007915,9.007915,9.007915,0.015468,0.000284,2.11883,6.799314,0.329998,-6.796756,1.0,0.975997,1.398366,3.944672,4.27467,0.329998,15360.0,2.231596,3.935275,4.768829,0.833554,1008.0,14991.308594,1024.0,1024.0,110.010979,119400,64.0,1999.3
0,120200,7200,2045.934,61.746,58.074242,44.408115,0.537389,0.02047,8.244324,8.244324,8.244324,8.244324,0.01563,0.000332,1.894237,6.423184,0.309312,-6.432563,1.0,0.97519,1.435972,3.984452,4.293764,0.309312,15360.0,2.364351,3.980883,4.85731,0.876427,1008.0,14978.917969,1024.0,1024.0,99.918182,120200,64.0,1999.3
0,121000,7250,2059.673,61.746,56.492661,43.138187,0.591513,0.020472,7.414682,7.414682,7.414682,7.414682,0.018545,0.000331,2.185184,6.902177,0.332588,-6.911805,1.0,0.975666,1.51017,4.024947,4.357529,0.332588,15360.0,2.969944,4.017118,5.123062,1.105944,1008.0,14986.222656,1024.0,1024.0,116.023293,121000,64.0,1999.3
0,121800,7300,2073.33,61.746,59.178356,45.722481,0.550399,0.020474,7.654538,7.654538,7.654538,7.654538,0.016698,0.000346,2.170279,7.424273,0.307175,-7.438196,1.0,0.975807,1.516635,4.065192,4.372345,0.307175,15360.0,2.593667,4.063123,4.962703,0.89958,1008.0,14988.401367,1024.0,1024.0,107.170425,121800,64.0,1999.3
0,122600,7350,2087.014,61.746,62.593834,48.875534,0.591345,0.020473,8.04799,8.04799,8.047863,8.047863,0.022099,0.000343,1.957605,6.826722,0.310107,-6.814624,1.0,0.975511,1.558338,4.104682,4.414752,0.310107,15360.0,2.459176,4.101093,4.998582,0.897489,1008.0,14983.855469,1024.0,1024.0,184.322708,122600,64.0,1999.3
0,123400,7400,2100.786,61.746,56.784931,42.760254,0.533798,0.020464,8.37328,8.37328,8.37328,8.37328,0.015312,0.000292,1.958343,6.606157,0.313213,-6.605594,1.0,0.976033,1.557503,4.149363,4.462574,0.313213,15360.0,2.479876,4.149526,4.987624,0.838097,1008.0,14991.869141,1024.0,1024.0,129.728088,123400,64.0,1999.3
0,124200,7450,2114.448,61.746,57.239334,43.31881,0.567419,0.020462,8.486184,8.486184,8.486166,8.486166,0.016728,0.000288,1.775438,7.225003,0.2583,-7.219237,1.0,0.975892,1.518677,4.192636,4.450888,0.2583,15360.0,2.345761,4.192317,4.973563,0.781246,1008.0,14989.695312,1024.0,1024.0,126.856766,124200,64.0,1999.3
0,125000,7500,2128.207,61.746,57.473316,43.458252,0.532554,0.020465,8.598616,8.598616,8.598616,8.598616,0.016197,0.000301,1.74235,6.309814,0.296021,-6.310914,1.0,0.975924,1.537098,4.236486,4.532439,0.296021,15360.0,2.413722,4.233119,5.032969,0.79985,1008.0,14990.185547,1024.0,1024.0,158.087265,125000,64.0,1999.3
0,125800,7550,2160.184,77.352,56.574177,42.437737,0.531871,0.020462,8.135939,8.135939,8.135939,8.135939,0.016919,0.000282,2.209776,7.020942,0.338321,-7.026462,1.0,0.975861,1.589951,4.286134,4.624447,0.338321,15360.0,2.78282,4.273407,5.227884,0.954477,1008.0,14989.231445,1024.0,1024.0,761.478638,125800,64.0,1999.3
0,126600,7600,2173.855,77.352,47.836647,35.402397,0.588336,0.020465,7.00267,7.00267,7.00267,7.00267,0.016026,0.000309,1.848238,7.146683,0.273166,-7.159296,1.0,0.975776,1.462021,4.335504,4.608614,0.273166,15360.0,2.707498,4.335742,5.235858,0.900117,1008.0,14987.911133,1024.0,1024.0,150.337051,126600,64.0,1999.3
0,127400,7650,2187.611,77.352,52.760677,39.23967,0.518637,0.020465,8.084919,8.084919,8.084919,8.084919,0.013769,0.000301,1.924157,7.123745,0.285141,-7.117018,1.0,0.975828,1.473081,4.385314,4.670389,0.285141,15360.0,2.304186,4.384306,5.132037,0.747731,1008.0,14988.72168,1024.0,1024.0,142.64389,127400,64.0,1999.3
0,128200,7700,2201.293,77.352,66.966064,51.912506,0.606364,0.020466,9.567459,9.567459,9.567459,9.567459,0.025852,0.000305,1.673203,6.00277,0.301219,-6.002178,1.0,0.975671,1.448166,4.430616,4.731816,0.301219,15360.0,2.603836,4.425766,5.348233,0.922467,1008.0,14986.311523,1024.0,1024.0,146.445175,128200,64.0,1999.3
0,129000,7750,2215.042,77.352,52.391857,38.719696,0.639414,0.020465,7.679285,7.679285,7.679285,7.679285,0.025499,0.000298,2.282553,7.131944,0.332135,-7.153575,1.0,0.975854,1.454573,4.488023,4.820146,0.332135,15360.0,2.759822,4.478564,5.557975,1.079411,1008.0,14989.119141,1024.0,1024.0,111.482033,129000,64.0,1999.3
0,129800,7800,2228.608,77.352,49.490658,36.224873,0.548764,0.020462,7.933563,7.933563,7.933563,7.933563,0.015113,0.000283,1.948898,6.904377,0.292256,-6.907852,1.0,0.976189,1.337263,4.537836,4.830082,0.292256,15360.0,2.278264,4.535308,5.33407,0.798763,1008.0,14994.269531,1024.0,1024.0,113.451736,129800,64.0,1999.3
0,130600,7850,2242.27,77.352,57.857029,43.668419,0.545483,0.020464,8.697897,8.697897,8.697897,8.697897,0.018337,0.000288,2.007683,6.580011,0.324572,-6.562693,1.0,0.97593,1.325098,4.583538,4.908107,0.324572,15360.0,2.407339,4.581431,5.489517,0.908086,1008.0,14990.280273,1024.0,1024.0,136.319809,130600,64.0,1999.3
0,131400,7900,2256.01,77.352,55.229961,41.972767,0.557335,0.020464,8.069616,8.069616,8.069544,8.069544,0.017372,0.000293,1.914189,6.841765,0.290849,-6.845675,1.0,0.976041,1.211996,4.631137,4.921967,0.290849,15360.0,2.255461,4.628914,5.525279,0.896364,1008.0,14991.995117,1024.0,1024.0,139.333725,131400,64.0,1999.3
0,132200,7950,2269.75,77.352,61.495132,47.037163,0.51133,0.020458,9.18277,9.18277,9.18277,9.18277,0.014452,0.000258,2.143253,7.30869,0.304879,-7.261939,1.0,0.975771,1.133826,4.67269,4.977551,0.304879,15360.0,1.826857,4.677234,5.412875,0.735641,1008.0,14987.838867,1024.0,1024.0,102.269173,132200,64.0,1999.3
0,133000,8000,2283.399,77.352,47.726955,35.752609,0.556022,0.020462,7.323448,7.323448,7.323448,7.323448,0.014815,0.000281,1.68887,6.826907,0.257537,-6.828821,1.0,0.975917,1.066194,4.712269,4.9698,0.257537,15360.0,1.956689,4.711376,5.535525,0.824148,1008.0,14990.085938,1024.0,1024.0,187.704178,133000,64.0,1999.3
0,133800,8050,2297.045,77.352,53.693344,40.46666,0.526676,0.020463,8.162409,8.162409,8.162321,8.162321,0.014212,0.000284,1.889001,6.548649,0.311665,-6.541621,1.0,0.976096,1.224641,4.76265,5.074274,0.311665,15360.0,1.957495,4.767445,5.566723,0.799279,1008.0,14992.829102,1024.0,1024.0,105.178711,133800,64.0,1999.3
0,134600,8100,2310.705,77.352,57.385242,43.755947,0.559001,0.020465,8.471087,8.471087,8.471087,8.471087,0.017997,0.000289,1.789508,6.658001,0.284383,-6.659001,1.0,0.975877,1.287972,4.817667,5.102026,0.284383,15360.0,2.180503,4.824411,5.703987,0.879575,1008.0,14989.46875,1024.0,1024.0,139.625153,134600,64.0,1999.3
0,135400,8150,2324.45,77.352,52.10862,38.716583,0.540355,0.020456,7.922997,7.922997,7.922951,7.922951,0.014129,0.000247,2.110882,7.221485,0.30472,-7.202667,1.0,0.97608,1.39686,4.888688,5.193364,0.30472,15360.0,2.027265,4.900654,5.672515,0.771861,1008.0,14992.583984,1024.0,1024.0,166.67865,135400,64.0,1999.3
0,136200,8200,2338.119,77.352,52.676426,39.873325,0.622994,0.020464,7.157434,7.157434,7.156612,7.156612,0.019977,0.00029,2.072926,7.091723,0.299597,-7.103082,1.0,0.975922,1.464829,4.957854,5.25741,0.299597,15360.0,2.495698,4.965074,5.936915,0.971842,1008.0,14990.164062,1024.0,1024.0,179.531876,136200,64.0,1999.3
0,137000,8250,2351.873,77.352,63.008526,47.869209,0.532258,0.02046,9.65872,9.65872,9.65872,9.65872,0.017533,0.00026,1.790777,5.974321,0.328074,-5.962168,1.0,0.975868,1.504859,5.026349,5.354178,0.328074,15360.0,2.221246,5.04423,5.851663,0.807433,1008.0,14989.330078,1024.0,1024.0,154.009613,137000,64.0,1999.3
0,137800,8300,2365.45,77.352,54.398396,40.719299,0.585198,0.02046,8.107678,8.107678,8.107628,8.107628,0.021876,0.000262,1.92784,6.246803,0.330036,-6.245937,1.0,0.975996,1.519777,5.105483,5.435438,0.330036,15360.0,2.357931,5.117837,6.089406,0.97157,1008.0,14991.295898,1024.0,1024.0,108.960609,137800,64.0,1999.3
0,138600,8350,2379.216,77.352,49.70253,36.722107,0.504993,0.020457,7.817587,7.817587,7.817587,7.817587,0.012641,0.000245,1.779461,6.375882,0.301129,-6.387435,1.0,0.97624,1.448843,5.177837,5.478757,0.301129,15360.0,2.091062,5.193687,5.915676,0.721989,1008.0,14995.041016,1024.0,1024.0,102.773964,138600,64.0,1999.3
0,139400,8400,2392.893,77.352,53.681454,39.806015,0.527562,0.020459,8.723515,8.723515,8.723515,8.723515,0.013264,0.000262,1.690813,6.444536,0.282121,-6.44041,1.0,0.976105,1.413652,5.244976,5.527051,0.282121,15360.0,2.09029,5.258885,5.966052,0.707167,1008.0,14992.966797,1024.0,1024.0,127.713211,139400,64.0,1999.3
0,140200,8450,2406.677,77.352,55.45776,41.212868,0.484748,0.020453,8.9723,8.9723,8.9723,8.9723,0.013152,0.000219,1.825175,5.640264,0.349654,-5.653081,1.0,0.976011,1.434878,5.322114,5.671721,0.349654,15360.0,2.033706,5.332477,6.020815,0.688339,1008.0,14991.521484,1024.0,1024.0,108.849922,140200,64.0,1999.3
0,141000,8500,2420.333,77.352,49.039917,36.29657,0.52666,0.020458,7.559732,7.559732,7.559732,7.559732,0.014476,0.000257,1.895879,6.628994,0.300867,-6.605142,1.0,0.976079,1.33816,5.381043,5.681817,0.300867,15360.0,2.154948,5.388276,6.142093,0.753818,1008.0,14992.569336,1024.0,1024.0,184.736877,141000,64.0,1999.3
0,141800,8550,2433.977,77.352,57.97065,43.668144,0.607073,0.020458,9.006334,9.006334,9.006334,9.006334,0.025534,0.000258,1.772013,5.813123,0.331838,-5.807175,1.0,0.976087,1.323837,5.451791,5.783613,0.331838,15360.0,2.24052,5.451509,6.392784,0.941275,1008.0,14992.699219,1024.0,1024.0,191.605331,141800,64.0,1999.3
0,142600,8600,2447.635,77.352,53.007801,39.263397,0.491774,0.020456,8.849136,8.849136,8.849095,8.849095,0.01396,0.000242,1.719947,6.159453,0.301656,-6.147851,1.0,0.975805,1.212768,5.500834,5.802312,0.301656,15360.0,1.884673,5.504942,6.18759,0.682647,1008.0,14988.368164,1024.0,1024.0,186.759293,142600,64.0,1999.3
0,143400,8650,2461.394,77.352,52.344204,39.886135,0.607129,0.020459,7.577446,7.577446,7.577446,7.577446,0.022215,0.000259,1.787522,6.962282,0.267275,-6.970009,1.0,0.97586,1.089977,5.55369,5.820858,0.267275,15360.0,2.059315,5.554223,6.396444,0.842221,1008.0,14989.211914,1024.0,1024.0,115.529205,143400,64.0,1999.3
0,144200,8700,2475.059,77.352,47.350498,34.857742,0.542525,0.020458,7.870493,7.870493,7.870302,7.870302,0.01357,0.000248,1.766512,7.180695,0.253784,-7.159251,1.0,0.976135,0.995186,5.604935,5.858692,0.253784,15360.0,1.70178,5.60656,6.319848,0.713288,1008.0,14993.4375,1024.0,1024.0,122.799126,144200,64.0,1999.3
0,145000,8750,2488.799,77.352,50.902653,37.920834,0.548758,0.020456,8.301968,8.301968,8.301687,8.301687,0.018761,0.000243,1.744811,5.931538,0.316681,-5.930223,1.0,0.976048,0.97664,5.641438,5.958114,0.316681,15360.0,1.863295,5.639446,6.487687,0.848241,1008.0,14992.099609,1024.0,1024.0,99.83503,145000,64.0,1999.3
0,145800,8800,2502.382,77.352,62.228264,48.073441,0.558918,0.020457,9.429861,9.429861,9.429861,9.429861,0.021403,0.000246,1.684677,5.728926,0.30945,-5.728445,1.0,0.976015,0.986672,5.674749,5.984196,0.30945,15360.0,1.770836,5.671257,6.461297,0.790039,1008.0,14991.587891,1024.0,1024.0,118.0495,145800,64.0,1999.3
0,146600,8850,2516.134,77.352,61.224693,46.830505,0.539189,0.020455,9.383768,9.383768,9.383768,9.383768,0.01981,0.000228,1.842691,5.936555,0.336916,-5.939305,1.0,0.976184,1.106698,5.720515,6.057427,0.336916,15360.0,1.876687,5.720338,6.566772,0.846435,1008.0,14994.1875,1024.0,1024.0,173.988342,146600,64.0,1999.3
0,147400,8900,2529.814,77.352,53.889973,40.527184,0.543086,0.020457,8.41613,8.41613,8.416111,8.416111,0.014183,0.000244,1.823158,6.226852,0.293867,-6.209543,1.0,0.97608,1.136662,5.764809,6.058652,0.293867,15360.0,1.938929,5.77406,6.619238,0.845178,1008.0,14992.583984,1024.0,1024.0,103.530876,147400,64.0,1999.3
0,148200,8950,2543.56,77.352,37.473766,26.78961,0.580973,0.020455,5.754988,5.754988,5.754678,5.754678,0.0132,0.000239,1.940203,7.120373,0.286457,-7.125366,1.0,0.976155,1.260392,5.834429,6.120883,0.286457,15360.0,1.838812,5.838874,6.67169,0.832816,1008.0,14993.744141,1024.0,1024.0,91.784691,148200,64.0,1999.3
0,149000,9000,2557.317,77.352,48.324913,35.795563,0.539864,0.020455,7.605977,7.605977,7.605922,7.605922,0.013504,0.000231,1.731038,6.394479,0.287267,-6.394532,1.0,0.976114,1.305928,5.884304,6.17148,0.287267,15360.0,1.884977,5.897706,6.693608,0.795903,1008.0,14993.107422,1024.0,1024.0,139.141266,149000,64.0,1999.3
0,149800,9050,2570.891,77.352,52.87495,40.109451,0.587262,0.020458,7.438495,7.438495,7.438495,7.438495,0.021044,0.000255,1.954551,6.221527,0.324269,-6.223433,1.0,0.976046,1.401695,5.955789,6.279962,0.324269,15360.0,2.063951,5.969581,6.846897,0.877316,1008.0,14992.058594,1024.0,1024.0,140.779297,149800,64.0,1999.3
0,150600,9100,2603.338,92.822,51.837387,38.031651,0.562444,0.020453,8.107431,8.107431,8.107052,8.107052,0.018415,0.000213,2.191749,6.69644,0.328409,-6.708901,1.0,0.976212,1.424972,6.018697,6.346925,0.328409,15360.0,2.293158,6.033556,6.938417,0.904861,1008.0,14994.619141,1024.0,1024.0,117.203804,150600,64.0,1999.3
0,151400,9150,2616.984,92.822,52.438469,38.360054,0.531361,0.020454,8.640185,8.640185,8.640185,8.640185,0.014643,0.000222,1.957972,6.148278,0.328878,-6.147209,1.0,0.975774,1.435568,6.093667,6.42236,0.328878,15360.0,2.09619,6.110986,6.910187,0.799201,1008.0,14987.889648,1024.0,1024.0,112.175201,151400,64.0,1999.3
0,152200,9200,2630.728,92.822,48.216675,35.146332,0.537961,0.020452,7.725504,7.725504,7.725261,7.725261,0.014915,0.000208,1.943318,6.596767,0.314256,-6.595622,1.0,0.976028,1.430078,6.165097,6.479012,0.314256,15360.0,2.134953,6.181903,6.988184,0.80628,1008.0,14991.789062,1024.0,1024.0,128.560806,152200,64.0,1999.3
0,153000,9250,2644.38,92.822,49.010864,35.598522,0.526583,0.020453,8.487448,8.487448,8.487448,8.487448,0.012724,0.000212,1.591232,6.55101,0.250495,-6.59452,1.0,0.976034,1.391234,6.222175,6.472304,0.250495,15360.0,1.822173,6.246037,6.880489,0.634452,1008.0,14991.882812,1024.0,1024.0,142.007004,153000,64.0,1999.3
0,153800,9300,2658.015,92.822,56.315014,41.90033,0.547273,0.020454,8.976175,8.976175,8.976175,8.976175,0.016869,0.000223,1.960124,6.456972,0.318529,-6.454134,1.0,0.976145,1.393705,6.296617,6.614936,0.318529,15360.0,2.064461,6.304376,7.088801,0.784424,1008.0,14993.582031,1024.0,1024.0,126.147179,153800,64.0,1999.3
0,154600,9350,2671.67,92.822,44.435307,31.819605,0.540326,0.020452,7.347052,7.347052,7.346586,7.346586,0.012201,0.000203,2.05408,6.854756,0.308965,-6.847925,1.0,0.976131,1.321057,6.367992,6.676694,0.308965,15360.0,1.993435,6.37535,7.126061,0.750711,1008.0,14993.373047,1024.0,1024.0,122.084328,154600,64.0,1999.3
0,155400,9400,2685.426,92.822,50.942104,37.388584,0.497774,0.020452,8.543713,8.543713,8.543713,8.543713,0.012793,0.000198,1.819108,6.22188,0.31777,-6.219269,1.0,0.975917,1.29899,6.425388,6.742994,0.31777,15360.0,1.730369,6.434006,7.061262,0.627256,1008.0,14990.083984,1024.0,1024.0,170.638138,155400,64.0,1999.3
0,156200,9450,2699.17,92.822,53.804272,39.460289,0.561874,0.020452,9.132103,9.132103,9.13201,9.13201,0.01668,0.000208,1.866306,6.702371,0.283553,-6.676709,1.0,0.976073,1.227273,6.486686,6.769961,0.283553,15360.0,2.075882,6.496265,7.318039,0.821774,1008.0,14992.475586,1024.0,1024.0,169.414276,156200,64.0,1999.3
0,157000,9500,2712.804,92.822,60.621674,45.857071,0.57359,0.020451,9.568735,9.568735,9.568735,9.568735,0.022574,0.000201,1.793093,5.710425,0.337805,-5.713911,1.0,0.976083,1.244393,6.546986,6.884609,0.337805,15360.0,2.024894,6.55744,7.368331,0.810891,1008.0,14992.636719,1024.0,1024.0,142.684128,157000,64.0,1999.3
0,157800,9550,2726.427,92.822,54.209469,40.749615,0.491302,0.020453,8.485359,8.485359,8.485308,8.485308,0.012194,0.00021,1.960992,6.146436,0.337066,-6.15089,1.0,0.975774,1.171855,6.622556,6.959569,0.337066,15360.0,1.60451,6.626453,7.251727,0.625273,1008.0,14987.891602,1024.0,1024.0,147.718781,157800,64.0,1999.3
0,158600,9600,2740.083,92.822,50.636074,37.445011,0.581457,0.020454,8.353938,8.353938,8.353316,8.353316,0.017688,0.000223,1.799037,6.056415,0.301631,-6.058112,1.0,0.97597,1.039064,6.677846,6.97934,0.301631,15360.0,1.872388,6.692501,7.524977,0.832477,1008.0,14990.899414,1024.0,1024.0,131.362885,158600,64.0,1999.3
0,159400,9650,2753.847,92.822,51.331921,37.946159,0.52232,0.020453,8.26333,8.26333,8.263226,8.263226,0.013021,0.000214,2.33361,7.30515,0.329682,-7.278828,1.0,0.97611,0.989895,6.747163,7.076789,0.329682,15360.0,1.432721,6.758421,7.409238,0.650817,1008.0,14993.045898,1024.0,1024.0,140.98764,159400,64.0,1999.3
0,160200,9700,2767.526,92.822,52.288654,38.691917,0.520445,0.02045,8.844644,8.844644,8.844345,8.844345,0.0183,0.000182,1.863087,5.411421,0.368843,-5.386052,1.0,0.976126,0.984267,6.809792,7.178599,0.368843,15360.0,1.597928,6.818636,7.625968,0.807331,1008.0,14993.288086,1024.0,1024.0,122.318443,160200,64.0,1999.3
0,161000,9750,2781.303,92.822,45.359955,33.104015,0.5735,0.020451,7.492415,7.492415,7.492333,7.492333,0.014719,0.000199,1.995279,6.436563,0.305362,-6.447447,1.0,0.975986,0.96082,6.854251,7.159512,0.305362,15360.0,1.547435,6.874502,7.669049,0.794548,1008.0,14991.139648,1024.0,1024.0,142.235306,161000,64.0,1999.3
0,161800,9800,2794.888,92.822,46.319569,33.702663,0.592042,0.020453,7.443268,7.443268,7.443186,7.443186,0.019508,0.000211,2.1433,6.669627,0.323679,-6.665789,1.0,0.975983,1.118277,6.94285,7.266407,0.323679,15360.0,1.850787,6.976537,7.875145,0.898608,1008.0,14991.091797,1024.0,1024.0,162.132736,161800,64.0,1999.3
0,162600,9850,2808.659,92.822,56.104984,41.913086,0.509161,0.020451,9.146742,9.146742,9.146742,9.146742,0.014401,0.000194,1.910552,6.368687,0.305454,-6.358914,1.0,0.976148,1.204991,7.015273,7.32054,0.305454,15360.0,1.61776,7.055925,7.682423,0.626498,1008.0,14993.636719,1024.0,1024.0,158.108154,162600,64.0,1999.3
0,163400,9900,2822.439,92.822,59.960392,44.967888,0.568743,0.020452,9.579396,9.579396,9.579396,9.579396,0.020381,0.000204,1.952498,6.042587,0.325817,-6.044388,1.0,0.976102,1.30719,7.104995,7.430396,0.325817,15360.0,2.020948,7.142508,7.95702,0.814512,1008.0,14992.933594,1024.0,1024.0,143.79155,163400,64.0,1999.3
0,164200,9950,2836.122,92.822,42.426105,30.22287,0.519713,0.020451,7.14447,7.14447,7.144452,7.144452,0.013246,0.000194,1.928573,6.479136,0.304062,-6.494608,1.0,0.976121,1.353725,7.222649,7.52613,0.304062,15360.0,1.739532,7.258203,7.93099,0.672787,1008.0,14993.210938,1024.0,1024.0,175.663101,164200,64.0,1999.3
0,165000,10000,2849.848,92.822,52.880573,38.37104,0.56762,0.020451,8.825738,8.825738,8.825738,8.825738,0.018259,0.000196,2.180443,6.627223,0.337887,-6.64792,1.0,0.976237,1.406082,7.356556,7.69365,0.337887,15360.0,2.088765,7.384307,8.222331,0.838024,1008.0,14994.992188,1024.0,1024.0,130.284653,165000,64.0,1999.3
0,165800,10050,2863.416,92.822,49.200298,35.15387,0.538182,0.020449,8.50377,8.50377,8.50377,8.50377,0.015546,0.000173,2.166683,6.95602,0.319874,-6.978757,1.0,0.976148,1.383447,7.449651,7.768711,0.319874,15360.0,1.94507,7.482768,8.245776,0.763009,1008.0,14993.62793,1024.0,1024.0,109.132851,165800,64.0,1999.3
0,166600,10100,2877.158,92.822,48.168518,34.714382,0.571965,0.02045,7.864866,7.864866,7.864259,7.864259,0.019066,0.000185,2.177543,6.955053,0.320949,-6.959927,1.0,0.976184,1.332742,7.587272,7.907423,0.320949,15360.0,2.33362,7.60693,8.552887,0.945957,1008.0,14994.189453,1024.0,1024.0,124.663597,166600,64.0,1999.3
0,167400,10150,2890.839,92.822,48.987526,35.407242,0.591591,0.020451,7.836654,7.836654,7.836222,7.836222,0.019647,0.000192,2.459423,7.52246,0.33349,-7.510603,1.0,0.976327,1.254502,7.693933,8.027145,0.33349,15360.0,2.113329,7.710828,8.588003,0.877175,1008.0,14996.37793,1024.0,1024.0,107.792473,167400,64.0,1999.3
0,168200,10200,2904.574,92.822,39.781872,28.155548,0.570774,0.020449,6.425151,6.425151,6.42459,6.42459,0.013954,0.000182,2.226869,7.30361,0.308516,-7.309375,1.0,0.97607,1.219416,7.74962,8.057261,0.308516,15360.0,1.737179,7.756736,8.476696,0.719959,1008.0,14992.433594,1024.0,1024.0,106.861603,168200,64.0,1999.3
0,169000,10250,2918.235,92.822,50.507011,36.878731,0.548173,0.020448,8.642815,8.642815,8.642815,8.642815,0.017732,0.00017,1.886748,6.648466,0.286072,-6.680043,1.0,0.975996,1.142226,7.82363,8.108971,0.286072,15360.0,1.745317,7.833234,8.574876,0.741642,1008.0,14991.298828,1024.0,1024.0,146.185928,169000,64.0,1999.3
0,169800,10300,2931.889,92.822,50.137638,36.621861,0.563236,0.020449,8.725142,8.725142,8.724904,8.724904,0.015164,0.000177,1.777838,6.499943,0.273332,-6.478376,1.0,0.976174,1.063984,7.904945,8.177414,0.273332,15360.0,1.642046,7.911067,8.614826,0.703758,1008.0,14994.033203,1024.0,1024.0,175.322815,169800,64.0,1999.3
0,170600,10350,2945.545,92.822,49.980824,36.423214,0.508503,0.020448,8.722319,8.722319,8.722319,8.722319,0.013888,0.000164,1.954567,5.874123,0.346856,-5.866644,1.0,0.976321,1.036533,8.014984,8.361486,0.346856,15360.0,1.476689,8.015826,8.679257,0.663432,1008.0,14996.291016,1024.0,1024.0,95.473305,170600,64.0,1999.3
0,171400,10400,2959.284,92.822,42.43795,29.940228,0.589986,0.020449,7.436201,7.436201,7.436044,7.436044,0.017799,0.000179,2.313246,7.067803,0.337912,-7.084353,1.0,0.976327,0.911882,8.093383,8.43099,0.337912,15360.0,1.607787,8.096438,8.98247,0.886032,1008.0,14996.376953,1024.0,1024.0,109.151932,171400,64.0,1999.3
0,172200,10450,2973.018,92.822,48.449211,35.169144,0.532108,0.020449,8.490492,8.490492,8.490492,8.490492,0.015549,0.000175,2.081083,6.164075,0.348794,-6.166751,1.0,0.976146,0.894517,8.149796,8.498397,0.348794,15360.0,1.374578,8.15661,8.900155,0.743544,1008.0,14993.59375,1024.0,1024.0,115.363815,172200,64.0,1999.3
0,173000,10500,2986.703,92.822,50.192616,36.283234,0.569625,0.020449,8.679743,8.679743,8.679503,8.679503,0.01639,0.000177,2.341246,7.029071,0.332404,-7.051408,1.0,0.975959,0.987015,8.228987,8.561164,0.332404,15360.0,1.477746,8.23316,9.016885,0.783727,1008.0,14990.726562,1024.0,1024.0,156.23645,173000,64.0,1999.3
0,173800,10550,3000.381,92.822,53.865139,39.495155,0.545587,0.020448,9.251073,9.251073,9.250102,9.250102,0.015884,0.000172,2.151845,6.548054,0.326581,-6.523114,1.0,0.976085,1.054172,8.288013,8.614362,0.326581,15360.0,1.405852,8.302196,8.970616,0.668422,1008.0,14992.665039,1024.0,1024.0,92.698067,173800,64.0,1999.3
0,174600,10600,3014.073,92.822,47.071598,34.176674,0.556742,0.020449,7.619374,7.619374,7.619147,7.619147,0.014804,0.000177,2.232654,6.480687,0.351208,-6.45382,1.0,0.976142,1.19823,8.392159,8.742988,0.351208,15360.0,1.685129,8.416965,9.222157,0.805435,1008.0,14993.542969,1024.0,1024.0,145.186813,174600,64.0,1999.3
0,175400,10650,3047.306,108.463,45.011303,31.947554,0.547658,0.020448,7.788052,7.788052,7.787661,7.787661,0.017445,0.000172,2.156648,6.746329,0.316091,-6.74586,1.0,0.976064,1.244315,8.492802,8.808204,0.316091,15360.0,1.759413,8.502393,9.240788,0.738395,1008.0,14992.338867,1024.0,1024.0,182.501007,175400,64.0,1999.3
0,176200,10700,3060.971,108.463,47.790611,33.92247,0.535258,0.020448,8.318137,8.318137,8.317809,8.317809,0.015062,0.000171,2.299906,6.83224,0.342138,-6.842349,1.0,0.976113,1.35359,8.631518,8.973082,0.342138,15360.0,1.696631,8.649534,9.318052,0.668608,1008.0,14993.09082,1024.0,1024.0,90.077667,176200,64.0,1999.3
0,177000,10750,3074.71,108.463,42.160652,29.280758,0.60053,0.020448,7.165806,7.165806,7.165398,7.165398,0.023286,0.000167,2.436891,6.900822,0.361819,-6.897911,1.0,0.976146,1.383937,8.756578,9.117785,0.361819,15360.0,1.852339,8.786498,9.611782,0.825284,1008.0,14993.600586,1024.0,1024.0,140.311127,177000,64.0,1999.3
0,177800,10800,3088.267,108.463,49.900723,36.452019,0.581686,0.020449,8.111832,8.111832,8.111345,8.111345,0.022886,0.000178,1.975402,6.26331,0.316112,-6.246583,1.0,0.976109,1.386944,8.836186,9.15093,0.316112,15360.0,1.870686,8.85588,9.74474,0.88886,1008.0,14993.027344,1024.0,1024.0,171.654327,177800,64.0,1999.3
0,178600,10850,3102.015,108.463,39.022614,26.872215,0.579612,0.020447,6.684322,6.684322,6.683784,6.683784,0.017104,0.000161,2.363028,6.760142,0.356662,-6.7569,1.0,0.976229,1.277257,9.027755,9.383555,0.356662,15360.0,1.857662,9.059522,9.856906,0.797385,1008.0,14994.879883,1024.0,1024.0,118.762413,178600,64.0,1999.3
0,179400,10900,3115.693,108.463,47.089668,33.606766,0.573771,0.020448,7.840866,7.840866,7.840558,7.840558,0.019814,0.000165,2.443172,6.91266,0.351715,-6.916372,1.0,0.976176,1.261323,9.119979,9.470934,0.351715,15360.0,1.864116,9.12333,9.911376,0.788045,1008.0,14994.058594,1024.0,1024.0,96.695496,179400,64.0,1999.3
0,180200,10950,3129.469,108.463,54.916935,39.938477,0.539555,0.020448,9.129078,9.129078,9.129078,9.129078,0.018333,0.000168,2.533107,6.671638,0.383397,-6.665806,1.0,0.97601,1.274294,9.20378,9.586255,0.383397,15360.0,1.896904,9.194981,10.071321,0.876345,1008.0,14991.512695,1024.0,1024.0,771.072571,180200,64.0,1999.3
0,181000,11000,3143.126,108.463,49.613621,36.039993,0.63469,0.020448,7.951612,7.951612,7.951612,7.951612,0.025617,0.000167,2.464998,6.716302,0.3762,-6.722803,1.0,0.976121,1.200547,9.282788,9.658148,0.3762,15360.0,1.687233,9.277701,10.160906,0.883205,1008.0,14993.224609,1024.0,1024.0,159.998672,181000,64.0,1999.3
0,181800,11050,3156.768,108.463,43.337444,30.450993,0.519405,0.020446,7.663592,7.663592,7.663159,7.663159,0.014685,0.000151,2.335156,6.453631,0.371286,-6.452734,1.0,0.976191,1.120807,9.39791,9.768619,0.371286,15360.0,1.535615,9.395214,10.108231,0.713016,1008.0,14994.298828,1024.0,1024.0,151.007004,181800,64.0,1999.3
0,182600,11100,3170.428,108.463,53.358486,39.482941,0.633088,0.020448,8.416029,8.416029,8.415581,8.415581,0.023507,0.000166,2.44287,7.001391,0.35838,-6.991446,1.0,0.976278,1.002751,9.495765,9.853331,0.35838,15360.0,1.729195,9.503825,10.433065,0.929883,1008.0,14995.628906,1024.0,1024.0,188.421127,182600,64.0,1999.3
0,183400,11150,3184.186,108.463,46.227196,33.646461,0.601487,0.020449,7.184531,7.184531,7.184531,7.184531,0.015131,0.000175,2.661231,7.011558,0.384802,-7.031147,1.0,0.976143,0.962891,9.595124,9.979547,0.384802,15360.0,1.438965,9.592247,10.411953,0.819752,1008.0,14993.548828,1024.0,1024.0,200.623474,183400,64.0,1999.3
0,184200,11200,3197.939,108.463,49.236279,36.364059,0.538529,0.020449,8.424368,8.424368,8.424088,8.424088,0.012896,0.000171,1.949818,6.381785,0.304443,-6.378002,1.0,0.976066,0.789759,9.650606,9.954708,0.304443,15360.0,1.022861,9.655457,10.171438,0.516004,1008.0,14992.375,1024.0,1024.0,128.978897,184200,64.0,1999.3
0,185000,11250,3211.59,108.463,49.003502,35.994698,0.58727,0.020447,8.209435,8.209435,8.209227,8.209227,0.018395,0.000155,2.125369,6.316294,0.332809,-6.336773,1.0,0.976177,0.853511,9.724586,10.056743,0.332809,15360.0,1.306102,9.742423,10.509574,0.767151,1008.0,14994.071289,1024.0,1024.0,145.171539,185000,64.0,1999.3
0,185800,11300,3225.229,108.463,47.77705,34.945805,0.624369,0.020447,7.907423,7.907423,7.905605,7.905605,0.028135,0.000155,1.984805,5.818271,0.354237,-5.812265,1.0,0.976267,0.995863,9.844441,10.198146,0.354237,15360.0,1.69199,9.874111,10.961335,1.087224,1008.0,14995.453125,1024.0,1024.0,156.733978,185800,64.0,1999.3
0,186600,11350,3238.994,108.463,39.779282,28.212831,0.536827,0.020447,6.771366,6.771366,6.771353,6.771353,0.012721,0.000153,2.073332,6.502016,0.328378,-6.479434,1.0,0.975943,1.096996,9.959967,10.287462,0.328378,15360.0,1.301153,9.986705,10.562144,0.575502,1008.0,14990.476562,1024.0,1024.0,128.919968,186600,64.0,1999.3
0,187400,11400,3252.695,108.463,50.350243,36.259804,0.559442,0.020448,8.419126,8.419126,8.418862,8.418862,0.015933,0.000163,2.50587,6.580246,0.381258,-6.575291,1.031453,0.976366,1.271132,10.148973,10.541462,0.39325,15360.0,1.575047,10.168241,10.946835,0.778821,1008.0,14996.984375,1024.0,1024.0,152.506134,187400,64.0,1999.3
0,188200,11450,3266.383,108.463,49.752071,35.475655,0.563819,0.020447,8.887085,8.887085,8.886813,8.886813,0.020144,0.000154,2.035593,6.355002,0.322476,-6.338119,1.069527,0.976029,1.333297,10.260953,10.60447,0.344897,15360.0,1.824891,10.283539,11.093044,0.81029,1008.0,14991.804688,1024.0,1024.0,137.424942,188200,64.0,1999.3
0,189000,11500,3280.148,108.463,42.164028,29.707264,0.551156,0.020447,7.481497,7.481497,7.481497,7.481497,0.014076,0.000148,1.891507,6.723439,0.283971,-6.686243,1.119199,0.976111,1.3247,10.40736,10.722953,0.31782,15360.0,1.464378,10.415192,10.985835,0.572711,1008.0,14993.058594,1024.0,1024.0,110.037971,189000,64.0,1999.3
0,189800,11550,3293.734,108.463,51.382519,37.626553,0.54592,0.020446,8.835487,8.835487,8.835487,8.835487,0.019439,0.000143,1.588065,5.95506,0.270343,-5.961679,1.144151,0.97627,1.34274,10.485877,10.791655,0.309313,15360.0,1.799187,10.484036,11.249464,0.766429,1008.0,14995.512695,1024.0,1024.0,145.917297,189800,64.0,1999.3
0,190600,11600,3307.477,108.463,48.142536,34.389561,0.582622,0.020446,8.597887,8.597887,8.597577,8.597577,0.017476,0.000141,1.961691,6.5879,0.299023,-6.595117,1.16467,0.976263,1.261705,10.748729,11.09551,0.348263,15360.0,1.562787,10.771772,11.423088,0.652578,1008.0,14995.404297,1024.0,1024.0,124.492508,190600,64.0,1999.3
0,191400,11650,3321.119,108.463,41.661495,29.81871,0.572343,0.020446,7.385205,7.385205,7.385102,7.385102,0.015587,0.000147,1.49533,6.189409,0.240946,-6.188472,1.177969,0.976125,1.194059,10.833535,11.114514,0.283827,15360.0,1.456268,10.843588,11.393601,0.557562,1008.0,14993.28125,1024.0,1024.0,132.462357,191400,64.0,1999.3
0,192200,11700,3334.867,108.463,55.581055,41.263779,0.658709,0.020447,8.807401,8.807401,8.807401,8.807401,0.034847,0.00015,2.156999,6.192538,0.367629,-6.196942,1.163656,0.976184,1.205779,11.037599,11.461695,0.427794,15360.0,1.957337,11.053613,12.063698,1.017929,1008.0,14994.193359,1024.0,1024.0,221.417175,192200,64.0,1999.3
0,193000,11750,3348.531,108.463,44.685139,32.250252,0.546569,0.020447,7.579649,7.579649,7.579608,7.579608,0.012992,0.000152,2.080726,6.468923,0.323655,-6.484085,1.156676,0.976274,1.067123,11.153569,11.525074,0.374364,15360.0,1.274678,11.152986,11.681916,0.534624,1008.0,14995.566406,1024.0,1024.0,119.892502,193000,64.0,1999.3
0,193800,11800,3362.178,108.463,47.43391,33.613071,0.565649,0.020446,8.914675,8.914675,8.914675,8.914675,0.019372,0.000141,2.071475,6.669392,0.316269,-6.672742,1.105402,0.976116,0.924351,11.299067,11.648066,0.349605,15360.0,1.442571,11.296003,12.077686,0.781792,1008.0,14993.143555,1024.0,1024.0,103.389626,193800,64.0,1999.3
0,194600,11850,3375.833,108.463,43.129822,31.163187,0.536775,0.020445,7.820094,7.820094,7.820094,7.820094,0.013749,0.000129,1.646373,5.921792,0.291965,-5.901668,1.053767,0.976252,0.826749,11.374459,11.681237,0.307663,15360.0,1.113968,11.368288,11.956074,0.587786,1008.0,14995.236328,1024.0,1024.0,100.621635,194600,64.0,1999.3
0,195400,11900,3389.588,108.463,46.934731,34.071289,0.578481,0.020446,8.146925,8.146925,8.146687,8.146687,0.016651,0.00014,2.164616,6.41303,0.341542,-6.430402,1.050716,0.976051,0.814607,11.509746,11.867916,0.358864,15360.0,1.078924,11.496408,12.140878,0.644857,1008.0,14992.141602,1024.0,1024.0,109.599205,195400,64.0,1999.3
0,196200,11950,3403.28,108.463,43.579792,30.065886,0.550751,0.020445,8.672039,8.672039,8.672039,8.672039,0.01805,0.000132,2.136437,6.032196,0.370333,-6.041681,1.048429,0.976052,0.931919,11.641909,12.029959,0.388268,15360.0,1.11705,11.631392,12.286211,0.655942,1008.0,14992.15625,1024.0,1024.0,136.047516,196200,64.0,1999.3
0,197000,12000,3417.056,108.463,53.56876,38.900597,0.564779,0.020445,9.860288,9.860288,9.860288,9.860288,0.018797,0.000135,1.891616,5.509633,0.34947,-5.513473,1.079063,0.976274,0.978214,11.719151,12.09562,0.3771,15360.0,1.222634,11.716872,12.414437,0.699788,1008.0,14995.568359,1024.0,1024.0,110.949776,197000,64.0,1999.3
0,197800,12050,3430.729,108.463,46.477573,33.337547,0.554768,0.020445,8.757233,8.757233,8.757233,8.757233,0.016593,0.000128,1.523599,5.479383,0.279634,-5.500896,1.092113,0.976266,1.0389,11.815444,12.120028,0.305391,15360.0,1.23119,11.813422,12.414609,0.601954,1008.0,14995.443359,1024.0,1024.0,125.78997,197800,64.0,1999.3
0,198600,12100,3444.372,108.463,44.677708,32.208252,0.582757,0.020446,7.544384,7.544384,7.543854,7.543854,0.015874,0.000135,1.895788,5.958356,0.338875,-5.981872,1.131021,0.976124,1.248183,12.021207,12.403412,0.383274,15360.0,1.411544,11.998894,12.632661,0.633993,1008.0,14993.265625,1024.0,1024.0,153.103653,198600,64.0,1999.3
0,199400,12150,3458.131,108.463,40.385178,28.367764,0.518394,0.020445,7.440468,7.440468,7.440191,7.440191,0.011329,0.000124,1.605665,5.788466,0.28857,-5.790582,1.1554,0.976185,1.290266,12.175664,12.507639,0.333414,15360.0,1.327107,12.168368,12.540299,0.376137,1008.0,14994.199219,1024.0,1024.0,143.336029,199400,64.0,1999.3
0,200200,12200,3491.698,123.992,40.962177,28.386852,0.589547,0.020445,7.522918,7.522918,7.522139,7.522139,0.015632,0.00013,1.890242,6.553703,0.293381,-6.545473,1.181054,0.976029,1.350214,12.406942,12.752191,0.346499,15360.0,1.498884,12.391906,13.014182,0.622753,1008.0,14991.808594,1024.0,1024.0,150.716263,200200,64.0,1999.3
0,201000,12250,3505.365,123.992,50.578468,36.82019,0.547489,0.020444,8.751968,8.751968,8.751796,8.751796,0.016752,0.000119,1.756905,6.094573,0.303293,-6.067598,1.194054,0.976201,1.335202,12.585073,12.945162,0.362148,15360.0,1.570244,12.560441,13.163729,0.616064,1008.0,14994.439453,1024.0,1024.0,124.737526,201000,64.0,1999.3
0,201800,12300,3519.009,123.992,46.990704,33.749947,0.547791,0.020445,8.349607,8.349607,8.349504,8.349504,0.015705,0.000124,1.75457,5.721242,0.317774,-5.726738,1.210298,0.976198,1.285824,12.73617,13.118566,0.384601,15360.0,1.491877,12.712724,13.267241,0.562334,1008.0,14994.40332,1024.0,1024.0,163.380432,201800,64.0,1999.3
0,202600,12350,3532.664,123.992,44.833145,31.747654,0.618649,0.020445,8.231761,8.231761,8.231371,8.231371,0.023183,0.000131,1.616271,5.729985,0.299568,-5.748104,1.230739,0.976202,1.240042,12.85531,13.220818,0.36869,15360.0,1.783822,12.841979,13.755365,0.916585,1008.0,14994.466797,1024.0,1024.0,140.610657,202600,64.0,1999.3
0,203400,12400,3546.403,123.992,51.777737,38.009895,0.501546,0.020446,9.261056,9.261056,9.260832,9.260832,0.013662,0.000136,1.500769,5.025336,0.319512,-5.012126,1.217811,0.976169,1.181757,12.982972,13.367526,0.389105,15360.0,1.253878,12.950869,13.344861,0.409431,1008.0,14993.947266,1024.0,1024.0,152.523483,203400,64.0,1999.3
0,204200,12450,3560.175,123.992,49.163784,35.239494,0.551055,0.020445,9.357656,9.357656,9.357656,9.357656,0.01938,0.000129,1.584926,5.16012,0.320022,-5.176902,1.191437,0.976178,1.068238,13.136445,13.515223,0.381286,15360.0,1.354,13.124034,13.739127,0.62316,1008.0,14994.091797,1024.0,1024.0,180.985626,204200,64.0,1999.3
0,205000,12500,3573.838,123.992,59.948433,45.171997,0.639863,0.020445,10.064509,10.064509,10.064509,10.064509,0.032024,0.000131,1.535987,5.028205,0.328575,-5.02928,1.154875,0.976039,1.036167,13.218534,13.596004,0.379463,15360.0,1.576706,13.197498,14.204251,1.006942,1008.0,14991.961914,1024.0,1024.0,142.642807,205000,64.0,1999.3
0,205800,12550,3587.509,123.992,43.523163,31.414349,0.534699,0.020444,8.175985,8.175985,8.17564,8.17564,0.01346,0.000123,1.430085,5.250615,0.279479,-5.250263,1.12296,0.976152,0.828726,13.378462,13.690644,0.313844,15360.0,1.004251,13.355711,13.768661,0.424713,1008.0,14993.6875,1024.0,1024.0,118.391991,205800,64.0,1999.3
0,206600,12600,3601.176,123.992,39.088379,27.88068,0.555398,0.020444,7.298388,7.298388,7.298333,7.298333,0.015553,0.000116,1.565248,5.49217,0.300413,-5.509604,1.099523,0.976198,0.731484,13.502513,13.832128,0.330311,15360.0,1.022988,13.480306,14.074723,0.599039,1008.0,14994.408203,1024.0,1024.0,104.588081,206600,64.0,1999.3
0,207400,12650,3614.924,123.992,46.616447,33.782925,0.59003,0.020444,8.286352,8.286352,8.286352,8.286352,0.023062,0.000117,1.938053,4.819195,0.438425,-4.812912,1.073134,0.976306,0.790553,13.602998,14.073267,0.470489,15360.0,1.264854,13.587155,14.580955,0.993821,1008.0,14996.052734,1024.0,1024.0,164.500916,207400,64.0,1999.3
0,208200,12700,3628.585,123.992,50.688461,36.711853,0.662662,0.020445,8.925425,8.925425,8.924908,8.924908,0.03267,0.000125,2.184551,5.270957,0.437094,-5.280871,1.055079,0.976147,0.836141,13.705774,14.166511,0.461168,15360.0,1.516149,13.696343,14.944429,1.253268,1008.0,14993.613281,1024.0,1024.0,129.818954,208200,64.0,1999.3
0,209000,12750,3642.36,123.992,56.175884,41.84285,0.549342,0.020445,10.239957,10.239957,10.239957,10.239957,0.026787,0.000125,1.363311,4.258922,0.344081,-4.264297,1.078271,0.976185,0.82945,13.768484,14.138016,0.371013,15360.0,1.021787,13.750562,14.421305,0.696287,1008.0,14994.199219,1024.0,1024.0,153.382187,209000,64.0,1999.3
0,209800,12800,3655.987,123.992,44.905071,32.443115,0.523089,0.020444,8.302351,8.302351,8.302285,8.302285,0.013164,0.000121,1.505799,5.164593,0.303403,-5.184373,1.129113,0.976257,0.984401,13.92802,14.269281,0.342577,15360.0,0.985448,13.898681,14.267022,0.39638,1008.0,14995.302734,1024.0,1024.0,167.248398,209800,64.0,1999.3
0,210600,12850,3669.742,123.992,47.525112,34.741997,0.567089,0.020444,8.722019,8.722019,8.722019,8.722019,0.01802,0.000112,1.158177,4.581547,0.28389,-4.564202,1.161579,0.976312,1.070914,14.055353,14.382878,0.329761,15360.0,1.240901,14.026523,14.650696,0.629705,1008.0,14996.144531,1024.0,1024.0,170.625671,210600,64.0,1999.3
0,211400,12900,3683.424,123.992,42.828419,30.875664,0.564086,0.020444,7.596163,7.596163,7.595927,7.595927,0.017626,0.000113,1.391278,5.114698,0.291208,-5.11363,1.168981,0.976124,1.233467,14.250398,14.589793,0.340417,15360.0,1.292329,14.220307,14.709836,0.495842,1008.0,14993.269531,1024.0,1024.0,190.782379,211400,64.0,1999.3
0,212200,12950,3697.162,123.992,50.653641,37.195526,0.561656,0.020444,8.828592,8.828592,8.828339,8.828339,0.020238,0.000114,1.375505,4.851492,0.310569,-4.857118,1.175622,0.976168,1.311893,14.435262,14.794536,0.365111,15360.0,1.590563,14.379719,15.155003,0.791986,1008.0,14993.942383,1024.0,1024.0,151.95813,212200,64.0,1999.3
0,213000,13000,3710.835,123.992,49.146317,35.129642,0.592145,0.020444,9.430272,9.430272,9.430272,9.430272,0.023827,0.000113,1.251829,4.699115,0.276502,-4.6576,1.214001,0.976203,1.34118,14.586843,14.920812,0.335674,15360.0,1.459261,14.54682,15.175551,0.636672,1008.0,14994.478516,1024.0,1024.0,123.248627,213000,64.0,1999.3
0,213800,13050,3724.498,123.992,50.535553,36.245209,0.647742,0.020445,9.111973,9.111973,9.111775,9.111775,0.031971,0.000126,1.574152,4.57367,0.392009,-4.55677,1.226597,0.976319,1.415083,14.777127,15.255507,0.480837,15360.0,2.032512,14.753921,16.057693,1.327875,1008.0,14996.261719,1024.0,1024.0,152.242477,213800,64.0,1999.3
0,214600,13100,3738.157,123.992,51.055702,37.058727,0.642146,0.020444,9.099838,9.099838,9.09914,9.09914,0.028586,0.000117,1.424153,4.329955,0.358939,-4.329683,1.175024,0.976226,1.339533,14.996984,15.41527,0.421762,15360.0,1.869589,14.98169,15.975543,1.019389,1008.0,14994.831055,1024.0,1024.0,156.222473,214600,64.0,1999.3
0,215400,13150,3751.893,123.992,48.122509,34.695656,0.534831,0.020444,8.911148,8.911148,8.911148,8.911148,0.01745,0.000113,1.43513,4.602397,0.326702,-4.595115,1.142691,0.976123,1.202609,15.221162,15.592464,0.37332,15360.0,1.438589,15.151489,15.62678,0.49643,1008.0,14993.254883,1024.0,1024.0,127.665276,215400,64.0,1999.3
0,216200,13200,3765.54,123.992,46.364151,32.931953,0.598455,0.020443,8.662117,8.662117,8.662117,8.662117,0.025721,0.000103,1.610378,4.718456,0.373774,-4.710803,1.091565,0.976249,1.128473,15.344321,15.750713,0.407999,15360.0,1.820415,15.281215,16.351746,1.090567,1008.0,14995.179688,1024.0,1024.0,121.402756,216200,64.0,1999.3
0,217000,13250,3779.29,123.992,45.543823,32.799255,0.53494,0.020443,8.512581,8.512581,8.512232,8.512232,0.016393,0.000107,1.49962,4.525909,0.34743,-4.549986,1.078799,0.976169,0.968807,15.527466,15.900674,0.374807,15360.0,1.189739,15.457629,15.8667,0.430901,1008.0,14993.950195,1024.0,1024.0,131.161758,217000,64.0,1999.3
0,217800,13300,3792.857,123.992,45.721809,33.075577,0.645154,0.020444,8.054323,8.054323,8.05357,8.05357,0.026543,0.000107,1.790141,4.58109,0.422403,-4.579555,1.087008,0.976229,0.939453,15.590772,16.046921,0.459156,15360.0,1.304294,15.559292,16.33622,0.795135,1008.0,14994.87793,1024.0,1024.0,101.590233,217800,64.0,1999.3
0,218600,13350,3806.599,123.992,43.376549,31.124149,0.572428,0.020443,8.428173,8.428173,8.428173,8.428173,0.018334,0.000101,1.203176,4.387845,0.289799,-4.400631,1.071742,0.97621,0.8092,15.743989,16.052286,0.31059,15360.0,1.253866,15.710067,16.321701,0.648559,1008.0,14994.591797,1024.0,1024.0,175.632294,218600,64.0,1999.3
0,219400,13400,3820.335,123.992,44.669186,32.718407,0.599377,0.020443,8.016272,8.016272,8.015783,8.015783,0.022769,0.000103,1.40263,4.650842,0.332722,-4.679862,1.039098,0.976161,0.751239,15.831746,16.173101,0.34573,15360.0,1.197288,15.808986,16.517017,0.752858,1008.0,14993.825195,1024.0,1024.0,146.19194,219400,64.0,1999.3
0,220200,13450,3834.011,123.992,42.383663,30.671848,0.58026,0.020443,8.133869,8.133869,8.133869,8.133869,0.019491,9.9e-05,1.208988,4.065734,0.316324,-4.092392,1.0,0.976287,0.651699,15.92473,16.239614,0.316324,15360.0,1.010576,15.91801,16.507128,0.629493,1008.0,14995.765625,1024.0,1024.0,128.714539,220200,64.0,1999.3
0,221000,13500,3847.769,123.992,49.250324,36.276108,0.574575,0.020443,9.213772,9.213772,9.213436,9.213436,0.018896,0.000101,1.350814,4.106435,0.348423,-4.123691,1.0,0.976208,0.627287,15.992219,16.338642,0.348423,15360.0,0.886507,15.972116,16.493053,0.575631,1008.0,14994.552734,1024.0,1024.0,150.823807,221000,64.0,1999.3
0,221800,13550,3861.427,123.992,44.263611,32.417526,0.585231,0.020443,8.458356,8.458356,8.458356,8.458356,0.018546,0.000104,1.101407,3.842187,0.317004,-3.83023,1.035919,0.976221,0.568115,16.041655,16.366493,0.32839,15360.0,0.888989,16.011545,16.579824,0.625815,1008.0,14994.755859,1024.0,1024.0,120.274002,221800,64.0,1999.3
0,222600,13600,3875.112,123.992,46.250103,34.004929,0.543038,0.020443,8.540045,8.540045,8.539808,8.539808,0.01633,0.000103,1.376384,3.602235,0.435787,-3.598791,1.039094,0.976139,0.692778,16.120245,16.570217,0.452823,15360.0,0.728296,16.119635,16.602804,0.510188,1008.0,14993.501953,1024.0,1024.0,146.985092,222600,64.0,1999.3
0,223400,13650,3888.893,123.992,51.285316,38.776436,0.565236,0.020443,9.046596,9.046596,9.046596,9.046596,0.020141,0.0001,1.003099,3.338766,0.340802,-3.349678,1.088949,0.976169,0.706076,16.202585,16.571205,0.371116,15360.0,0.875909,16.186264,16.770947,0.633324,1008.0,14993.958008,1024.0,1024.0,204.270889,223400,64.0,1999.3
0,224200,13700,3902.547,123.992,43.280567,31.207212,0.605847,0.020443,8.083979,8.083979,8.083573,8.083573,0.022958,0.000101,1.306693,3.307151,0.448244,-3.317969,1.113455,0.976266,0.895547,16.289312,16.786552,0.4991,15360.0,1.17483,16.241871,17.203091,0.978925,1008.0,14995.439453,1024.0,1024.0,152.344177,224200,64.0,1999.3
0,225000,13750,3916.288,123.992,46.920364,34.53001,0.566063,0.020443,8.523767,8.523767,8.52362,8.52362,0.018776,0.0001,1.20431,3.522776,0.360735,-3.526025,1.180176,0.976086,0.943723,16.405098,16.830061,0.425731,15360.0,0.932242,16.346014,16.873629,0.569112,1008.0,14992.674805,1024.0,1024.0,122.061272,225000,64.0,1999.3
0,225800,13800,3950.332,139.618,49.563,35.673813,0.559337,0.020443,9.844568,9.844568,9.844568,9.844568,0.020019,9.9e-05,0.942992,2.791643,0.394178,-2.800421,1.255087,0.976259,1.114754,16.565437,17.057219,0.494727,15360.0,1.408791,16.533854,17.474176,1.007559,1008.0,14995.339844,1024.0,1024.0,157.294586,225800,64.0,1999.3
0,226600,13850,3964.057,139.618,44.092434,32.061821,0.604964,0.020443,7.912895,7.912895,7.912475,7.912475,0.022004,9.9e-05,1.095489,3.653118,0.321582,-3.673871,1.324686,0.976235,1.182421,16.697132,17.12204,0.425995,15360.0,1.410353,16.63039,17.460535,0.838804,1008.0,14994.964844,1024.0,1024.0,190.531036,226600,64.0,1999.3
0,227400,13900,3977.697,139.618,45.669544,32.597538,0.630851,0.020443,8.557672,8.557672,8.557526,8.557526,0.024975,0.000102,1.23789,3.677834,0.393257,-3.6802,1.320591,0.976266,1.318893,16.913586,17.43141,0.519332,15360.0,1.501641,16.849545,17.821945,0.978193,1008.0,14995.446289,1024.0,1024.0,154.353622,227400,64.0,1999.3
0,228200,13950,3991.445,139.618,45.101936,31.825993,0.605888,0.020443,8.996396,8.996396,8.995705,8.995705,0.023303,9e-05,0.980697,3.434721,0.304191,-3.445184,1.427078,0.976233,1.330518,17.042013,17.474499,0.434104,15360.0,1.474545,16.98608,17.787878,0.811359,1008.0,14994.939453,1024.0,1024.0,135.964661,228200,64.0,1999.3
0,229000,14000,4005.211,139.618,56.094353,40.75565,0.638937,0.020444,10.700193,10.700193,10.700193,10.700193,0.031838,0.000107,1.051191,3.422113,0.353737,-3.407957,1.415682,0.97633,1.380965,17.219259,17.716089,0.500778,15360.0,1.589836,17.146389,18.043152,0.906173,1008.0,14996.429688,1024.0,1024.0,141.389267,229000,64.0,1999.3
0,229800,14050,4018.894,139.618,43.532871,31.191994,0.566715,0.020443,8.270115,8.270115,8.269704,8.269704,0.013458,9.6e-05,0.860486,3.678659,0.260654,-3.680905,1.415009,0.97624,1.366173,17.393541,17.759783,0.368828,15360.0,1.433118,17.279142,17.675629,0.436225,1008.0,14995.038086,1024.0,1024.0,140.364639,229800,64.0,1999.3
0,230600,14100,4032.539,139.618,44.264996,31.467077,0.584818,0.020442,8.595173,8.595173,8.595173,8.595173,0.018036,8.7e-05,0.935885,3.406806,0.300131,-3.411923,1.420362,0.976175,1.363929,17.62631,18.050694,0.426295,15360.0,1.460503,17.538799,18.208376,0.704838,1008.0,14994.050781,1024.0,1024.0,134.23288,230600,64.0,1999.3
0,231400,14150,4046.268,139.618,51.369022,36.697678,0.599622,0.020443,10.158909,10.158909,10.158909,10.158909,0.02471,9.6e-05,1.020161,3.100806,0.371223,-3.095749,1.390295,0.976288,1.334892,17.827581,18.339451,0.516109,15360.0,1.738086,17.75145,18.658455,0.925058,1008.0,14995.789062,1024.0,1024.0,128.278458,231400,64.0,1999.3
0,232200,14200,4060.016,139.618,50.456036,36.421066,0.566101,0.020443,9.671824,9.671824,9.671542,9.671542,0.023228,9.3e-05,0.99617,2.539119,0.44741,-2.527459,1.346437,0.976229,1.281662,18.029705,18.627762,0.60241,15360.0,1.771952,17.978909,19.074619,1.132488,1008.0,14994.873047,1024.0,1024.0,157.167542,232200,64.0,1999.3
0,233000,14250,4073.666,139.618,46.1329,33.253036,0.54306,0.020443,9.10647,9.10647,9.10647,9.10647,0.01838,9e-05,0.738849,3.124776,0.264027,-3.146558,1.3081,0.976221,1.138666,18.12644,18.467249,0.345373,15360.0,1.405753,18.060453,18.584358,0.629077,1008.0,14994.759766,1024.0,1024.0,151.569077,233000,64.0,1999.3
0,233800,14300,4087.315,139.618,45.750385,32.779297,0.578851,0.020442,9.105989,9.105989,9.105103,9.105103,0.023539,8.8e-05,0.922988,3.01735,0.350358,-3.005812,1.281794,0.976179,1.034597,18.295614,18.740585,0.449086,15360.0,1.325406,18.264029,18.878988,0.672262,1008.0,14994.114258,1024.0,1024.0,246.557678,233800,64.0,1999.3
0,234600,14350,4100.969,139.618,47.07452,34.013145,0.609501,0.020442,9.225479,9.225479,9.225479,9.225479,0.021531,8.6e-05,0.973855,2.981726,0.370864,-3.003263,1.243,0.976271,0.957832,18.398767,18.857708,0.460984,15360.0,1.172392,18.335474,18.871603,0.546225,1008.0,14995.527344,1024.0,1024.0,140.108246,234600,64.0,1999.3
0,235400,14400,4114.713,139.618,46.765423,33.911831,0.622975,0.020443,8.90973,8.90973,8.90973,8.90973,0.023238,9.2e-05,1.154047,3.418544,0.368907,-3.426224,1.230667,0.976295,0.895637,18.516188,18.962736,0.454002,15360.0,1.199305,18.501154,19.116898,0.66769,1008.0,14995.888672,1024.0,1024.0,161.642532,235400,64.0,1999.3
0,236200,14450,4128.378,139.618,45.179771,32.5802,0.580588,0.020442,9.016221,9.016221,9.016102,9.016102,0.020609,8.4e-05,0.939345,2.96953,0.367426,-2.970506,1.248217,0.976225,0.817017,18.623442,19.078873,0.458627,15360.0,1.081112,18.587965,19.083401,0.542743,1008.0,14994.810547,1024.0,1024.0,176.102051,236200,64.0,1999.3
0,237000,14500,4142.109,139.618,48.759392,35.771904,0.612088,0.020443,9.466969,9.466969,9.466969,9.466969,0.02192,9.1e-05,0.825997,2.676053,0.346051,-2.671965,1.284536,0.976198,0.772674,18.701199,19.140146,0.444515,15360.0,1.142066,18.657068,19.376438,0.787252,1008.0,14994.408203,1024.0,1024.0,116.727707,237000,64.0,1999.3
0,237800,14550,4155.647,139.618,38.319763,27.634022,0.567018,0.020442,7.594265,7.594265,7.594235,7.594235,0.015208,8.3e-05,0.813594,2.851508,0.313004,-2.839975,1.363607,0.976211,0.694926,18.815626,19.240263,0.426815,15360.0,0.786889,18.783962,19.208735,0.464434,1008.0,14994.603516,1024.0,1024.0,120.144142,237800,64.0,1999.3
0,238600,14600,4169.387,139.618,40.880718,30.084282,0.646928,0.020443,7.618517,7.618517,7.618392,7.618392,0.027841,8.8e-05,0.77127,2.624832,0.342703,-2.632814,1.462242,0.976201,0.676173,18.895309,19.394703,0.501115,15360.0,1.004163,18.862101,19.714697,0.874306,1008.0,14994.445312,1024.0,1024.0,125.385651,238600,64.0,1999.3
0,239400,14650,4183.143,139.618,47.588913,34.955704,0.614131,0.020443,9.259125,9.259125,9.259125,9.259125,0.027196,8.9e-05,0.732106,2.006543,0.424353,-2.022474,1.522894,0.976201,0.719607,18.97142,19.611158,0.646245,15360.0,1.20628,18.930393,20.157701,1.266235,1008.0,14994.444336,1024.0,1024.0,188.180969,239400,64.0,1999.3
0,240200,14700,4196.808,139.618,40.456314,29.627327,0.646797,0.020442,7.655003,7.655003,7.654671,7.654671,0.026448,8.5e-05,0.789343,2.546331,0.351967,-2.563842,1.573702,0.976227,0.671548,19.026663,19.579119,0.553891,15360.0,0.934517,18.977661,19.891829,0.953848,1008.0,14994.847656,1024.0,1024.0,153.13385,240200,64.0,1999.3
0,241000,14750,4210.535,139.618,42.733513,31.713428,0.628969,0.020442,8.15042,8.15042,8.149907,8.149907,0.025174,8.1e-05,0.557635,2.902252,0.215966,-2.897195,1.654572,0.976204,0.610639,19.096542,19.4524,0.357331,15360.0,0.789795,19.066431,19.666508,0.638864,1008.0,14994.494141,1024.0,1024.0,121.830757,241000,64.0,1999.3
0,241800,14800,4224.078,139.618,36.908306,26.214535,0.589062,0.020442,7.702152,7.702152,7.702152,7.702152,0.017494,8.1e-05,0.512424,2.246351,0.317328,-2.242007,1.75569,0.976293,0.851081,19.24778,19.804285,0.55713,15360.0,0.827983,19.153486,19.716093,0.570572,1008.0,14995.860352,1024.0,1024.0,168.544647,241800,64.0,1999.3
0,242600,14850,4237.837,139.618,45.486904,32.976112,0.641068,0.020443,9.085212,9.085212,9.085212,9.085212,0.028054,8.8e-05,0.506455,2.329805,0.288589,-2.341592,1.907524,0.976156,0.9654,19.402349,19.949322,0.55049,15360.0,1.278975,19.315479,20.436451,1.154558,1008.0,14993.762695,1024.0,1024.0,147.849686,242600,64.0,1999.3
0,243400,14900,4251.496,139.618,52.898186,39.172131,0.647675,0.020443,10.127052,10.127052,10.127052,10.127052,0.032472,9e-05,0.392186,1.88683,0.25873,-1.873022,2.034821,0.976174,1.069622,19.577597,20.096159,0.52647,15360.0,1.521231,19.501575,20.705984,1.301544,1008.0,14994.03125,1024.0,1024.0,185.051285,243400,64.0,1999.3
0,244200,14950,4265.26,139.618,41.905914,30.850056,0.614298,0.020443,7.729873,7.729873,7.729186,7.729186,0.026654,8.7e-05,0.390965,2.277876,0.190025,-2.28673,2.151772,0.976157,1.156389,19.778883,20.176834,0.408891,15360.0,1.236354,19.676987,20.292963,0.700667,1008.0,14993.769531,1024.0,1024.0,134.959534,244200,64.0,1999.3
0,245000,15000,4279.01,139.618,48.008751,35.140488,0.625292,0.020442,9.235403,9.235403,9.235403,9.235403,0.025874,8.4e-05,0.412198,2.262084,0.235702,-2.255991,2.290068,0.976203,1.222621,19.859491,20.394943,0.539774,15360.0,1.429203,19.725742,20.743099,1.102966,1008.0,14994.478516,1024.0,1024.0,188.993881,245000,64.0,1999.3
0,245800,15050,4292.597,139.618,47.214748,34.516251,0.568327,0.020442,9.095455,9.095455,9.095455,9.095455,0.019989,8.6e-05,0.324751,1.532246,0.285988,-1.553067,2.401272,0.976205,1.372474,20.370581,21.047388,0.686734,15360.0,1.358342,20.195799,20.918592,0.7598,1008.0,14994.505859,1024.0,1024.0,138.529327,245800,64.0,1999.3
0,246600,15100,4306.368,139.618,40.726494,28.917778,0.612188,0.020442,8.319427,8.319427,8.319287,8.319287,0.019632,7.3e-05,0.288456,2.307955,0.158194,-2.319225,2.477335,0.976209,1.316368,20.270184,20.656691,0.3919,15360.0,1.399642,20.12405,20.626755,0.557911,1008.0,14994.564453,1024.0,1024.0,102.402878,246600,64.0,1999.3
0,247400,15150,4320.036,139.618,46.932598,33.696552,0.62416,0.020442,9.476144,9.476144,9.476144,9.476144,0.026843,7.6e-05,0.242708,1.405861,0.217999,-1.401631,2.473492,0.976235,1.390498,20.716764,21.242729,0.539219,15360.0,1.781603,20.604031,21.768822,1.221773,1008.0,14994.966797,1024.0,1024.0,121.33326,247400,64.0,1999.3
0,248200,15200,4333.804,139.618,43.644375,31.136505,0.573547,0.020442,8.976277,8.976277,8.976269,8.976269,0.021527,8e-05,0.254237,1.507388,0.23613,-1.505456,2.449385,0.976238,1.349706,20.987896,21.562798,0.578374,15360.0,1.453436,20.849483,21.467388,0.693105,1008.0,14995.019531,1024.0,1024.0,196.655975,248200,64.0,1999.3
0,249000,15250,4347.446,139.618,48.903751,36.074715,0.650679,0.020442,9.062046,9.062046,9.062046,9.062046,0.02915,8.5e-05,0.370121,1.809419,0.248567,-1.824455,2.311827,0.976229,1.362241,20.977985,21.546289,0.574643,15360.0,1.524341,20.833521,21.699688,0.910049,1008.0,14994.875,1024.0,1024.0,166.407257,249000,64.0,1999.3
0,249800,15300,4361.015,139.618,44.852581,32.660866,0.673887,0.020442,8.382891,8.382891,8.382891,8.382891,0.028322,8.1e-05,0.391487,2.024043,0.248154,-2.023259,2.281141,0.976182,1.328433,21.170107,21.730246,0.566075,15360.0,1.854277,21.058712,22.254257,1.330617,1008.0,14994.148438,1024.0,1024.0,163.288559,249800,64.0,1999.3
0,250600,15350,4395.567,155.066,49.213169,36.079731,0.735387,0.020442,9.112599,9.112599,9.112411,9.112411,0.039618,8.5e-05,0.50803,1.822318,0.354798,-1.84601,2.192379,0.976299,1.288761,21.410503,22.185169,0.777851,15360.0,1.856533,21.304585,22.992977,1.720839,1008.0,14995.954102,1024.0,1024.0,172.969376,250600,64.0,1999.3
0,251400,15400,4409.309,155.066,43.446278,31.998964,0.589312,0.020442,8.26436,8.26436,8.264311,8.264311,0.018797,7.4e-05,0.284018,2.085141,0.199655,-2.072211,2.11149,0.976209,1.106551,21.51758,21.918732,0.421569,15360.0,1.187321,21.382689,21.777725,0.49505,1008.0,14994.567383,1024.0,1024.0,186.26474,251400,64.0,1999.3
0,252200,15450,4423.06,155.066,40.313763,28.88821,0.590833,0.020442,8.184273,8.184273,8.183474,8.183474,0.021557,6.9e-05,0.3918,1.911321,0.261568,-1.923216,2.034897,0.976237,0.954048,21.791431,22.319998,0.532264,15360.0,1.552427,21.660795,22.691793,1.124352,1008.0,14994.998047,1024.0,1024.0,217.364685,252200,64.0,1999.3
0,253000,15500,4436.717,155.066,44.209641,32.48037,0.682635,0.020442,8.569559,8.569559,8.569546,8.569546,0.028294,7e-05,0.426332,2.09455,0.239973,-2.108982,1.955294,0.976246,0.820865,21.93574,22.402107,0.469217,15360.0,1.174934,21.845083,22.496456,0.714237,1008.0,14995.141602,1024.0,1024.0,225.202316,253000,64.0,1999.3
0,253800,15550,4450.293,155.066,44.040611,31.841721,0.598283,0.020442,9.270015,9.270015,9.269998,9.269998,0.025227,7.1e-05,0.293142,1.522426,0.241432,-1.526614,1.941034,0.976135,0.725642,22.109432,22.57523,0.468629,15360.0,1.21455,22.053295,22.874519,0.976038,1008.0,14993.4375,1024.0,1024.0,209.499756,253800,64.0,1999.3
0,254600,15600,4464.054,155.066,44.817982,32.47974,0.657738,0.020442,9.369734,9.369734,9.369734,9.369734,0.030487,7.3e-05,0.361788,2.020614,0.258324,-2.028124,1.88483,0.976383,0.661865,22.209879,22.692619,0.486898,15360.0,1.099002,22.174585,23.07942,0.959899,1008.0,14997.243164,1024.0,1024.0,239.252213,254600,64.0,1999.3
0,255400,15650,4477.809,155.066,43.462429,31.807102,0.623988,0.020442,8.814389,8.814389,8.814389,8.814389,0.027784,7.5e-05,0.373185,2.063554,0.251387,-2.083079,1.894093,0.976234,0.596985,22.294561,22.76276,0.476149,15360.0,1.149665,22.214558,23.185118,1.175006,1008.0,14994.960938,1024.0,1024.0,127.211334,255400,64.0,1999.3
0,256200,15700,4491.473,155.066,39.668636,28.640827,0.629258,0.020442,8.251622,8.251622,8.251622,8.251622,0.023663,6.6e-05,0.274184,1.288136,0.398518,-1.280802,1.933067,0.976201,0.74829,22.421013,23.189442,0.770362,15360.0,0.929514,22.348789,23.312065,1.00242,1008.0,14994.442383,1024.0,1024.0,203.247467,256200,64.0,1999.3
0,257000,15750,4505.192,155.066,47.172588,34.715412,0.571197,0.020442,9.693977,9.693977,9.693744,9.693744,0.02294,6.8e-05,0.246573,1.310889,0.273585,-1.321196,2.009453,0.976165,0.688364,22.545961,23.090858,0.549756,15360.0,0.890739,22.480822,23.307913,0.961538,1008.0,14993.886719,1024.0,1024.0,144.552597,257000,64.0,1999.3
0,257800,15800,4518.744,155.066,44.925148,33.14724,0.604878,0.020442,9.012285,9.012285,9.012285,9.012285,0.021619,7e-05,0.260693,1.34199,0.240199,-1.363749,2.096836,0.976259,0.760281,22.653484,23.155745,0.503658,15360.0,0.727004,22.560884,23.08227,0.558099,1008.0,14995.332031,1024.0,1024.0,229.101196,257800,64.0,1999.3
0,258600,15850,4532.521,155.066,49.286793,36.924324,0.633421,0.020442,9.451496,9.451496,9.451486,9.451486,0.026229,7.2e-05,0.109997,0.642537,0.29803,-0.626004,2.1476,0.976176,0.933356,22.830069,23.457012,0.640048,15360.0,0.895365,22.658018,23.31926,0.773977,1008.0,14994.061523,1024.0,1024.0,125.495895,258600,64.0,1999.3
0,259400,15900,4546.275,155.066,37.724064,26.597927,0.657348,0.020442,8.162139,8.162139,8.161637,8.161637,0.025914,6.7e-05,0.194957,1.39511,0.211998,-1.398157,2.253069,0.976261,0.949194,22.951839,23.427917,0.477646,15360.0,1.086149,22.823069,23.728394,0.933218,1008.0,14995.373047,1024.0,1024.0,155.554352,259400,64.0,1999.3
0,260200,15950,4559.929,155.066,46.971268,33.975471,0.599985,0.020442,9.817191,9.817191,9.817191,9.817191,0.025809,6.8e-05,0.132237,0.820674,0.220692,-0.82885,2.404587,0.976158,1.086845,23.152308,23.677498,0.530674,15360.0,1.191247,23.019634,23.914078,1.03573,1008.0,14993.791016,1024.0,1024.0,138.617874,260200,64.0,1999.3
0,261000,16000,4573.664,155.066,47.123272,33.984539,0.597315,0.020442,9.787538,9.787538,9.787538,9.787538,0.022834,7e-05,0.134768,0.836598,0.262572,-0.853829,2.543566,0.976136,1.234759,23.49509,24.15933,0.667869,15360.0,1.283858,23.274096,24.134501,0.935875,1008.0,14993.452148,1024.0,1024.0,108.362007,261000,64.0,1999.3
0,261800,16050,4587.225,155.066,41.746567,29.659237,0.637047,0.020441,8.770041,8.770041,8.769842,8.769842,0.027444,6.2e-05,0.155645,1.236995,0.192328,-1.21947,2.633364,0.976241,1.241075,23.613417,24.11261,0.506468,15360.0,1.286929,23.442074,24.155458,0.846137,1008.0,14995.060547,1024.0,1024.0,200.467575,261800,64.0,1999.3
0,262600,16100,4600.958,155.066,42.967834,31.725613,0.615946,0.020442,7.910669,7.910669,7.910669,7.910669,0.023382,7e-05,0.145605,0.961216,0.169918,-0.951467,2.681482,0.97623,1.312129,23.845024,24.281271,0.455632,15360.0,1.487887,23.60216,24.457754,0.974196,1008.0,14994.897461,1024.0,1024.0,182.133728,262600,64.0,1999.3
0,263400,16150,4614.622,155.066,51.961803,38.878662,0.551347,0.020442,9.581342,9.581342,9.581342,9.581342,0.025986,7e-05,0.07539,0.354929,0.25354,-0.361219,2.70298,0.976199,1.386848,24.244061,24.911541,0.685314,15360.0,1.698801,23.998749,25.026834,1.199961,1008.0,14994.417969,1024.0,1024.0,271.611237,263400,64.0,1999.3
0,264200,16200,4628.371,155.066,46.825863,33.636604,0.568464,0.020441,9.762863,9.762863,9.762863,9.762863,0.019687,6.4e-05,0.108319,0.974705,0.228847,-0.979539,2.727749,0.976279,1.341793,24.279718,24.897919,0.624236,15360.0,1.370288,24.044271,24.598251,0.634865,1008.0,14995.638672,1024.0,1024.0,154.976883,264200,64.0,1999.3
0,265000,16250,4642.038,155.066,36.797607,25.622337,0.658011,0.020441,7.74021,7.74021,7.739866,7.739866,0.027663,6.2e-05,0.164743,1.291518,0.207494,-1.286851,2.690437,0.976286,1.34727,24.61062,25.165236,0.558249,15360.0,1.568583,24.400839,25.372673,1.005751,1008.0,14995.751953,1024.0,1024.0,163.275192,265000,64.0,1999.3
0,265800,16300,4655.726,155.066,41.624256,29.413509,0.606146,0.020441,8.802372,8.802372,8.801716,8.801716,0.023223,6.1e-05,0.148607,1.147124,0.160339,-1.172147,2.566355,0.976119,1.31012,24.735415,25.13887,0.411486,15360.0,1.476082,24.530993,25.134689,0.720423,1008.0,14993.194336,1024.0,1024.0,182.672623,265800,64.0,1999.3
0,266600,16350,4669.384,155.066,48.039692,35.22747,0.703017,0.020441,9.30434,9.30434,9.303761,9.303761,0.038031,6.5e-05,0.114991,0.859365,0.235077,-0.86659,2.440525,0.976206,1.24475,25.025928,25.594667,0.573712,15360.0,1.647476,24.819767,25.821461,1.091722,1008.0,14994.527344,1024.0,1024.0,146.839844,266600,64.0,1999.3
0,267400,16400,4683.124,155.066,45.157169,32.844002,0.542231,0.020441,9.130032,9.130032,9.130032,9.130032,0.018033,5.9e-05,0.140947,0.846779,0.172325,-0.846672,2.304125,0.976153,1.161495,25.148346,25.537462,0.397058,15360.0,1.35007,24.89863,25.042292,0.470247,1008.0,14993.714844,1024.0,1024.0,150.343628,267400,64.0,1999.3
0,268200,16450,4696.86,155.066,41.703098,29.634735,0.589036,0.020441,8.815275,8.815275,8.815018,8.815018,0.020791,5.9e-05,0.17708,1.044693,0.285377,-1.038335,2.21022,0.976255,1.137947,25.34671,25.974554,0.630747,15360.0,1.490195,25.15,25.929729,0.937775,1008.0,14995.271484,1024.0,1024.0,123.218124,268200,64.0,1999.3
0,269000,16500,4710.503,155.066,35.716049,25.2658,0.626091,0.020441,7.427588,7.427588,7.427219,7.427219,0.024736,6.2e-05,0.21705,1.15919,0.251104,-1.168237,2.105816,0.976303,0.994386,25.564161,26.088318,0.528779,15360.0,1.406438,25.368952,26.310242,1.022768,1008.0,14996.018555,1024.0,1024.0,173.802979,269000,64.0,1999.3
0,269800,16550,4724.152,155.066,39.52573,27.647158,0.606854,0.020441,8.981647,8.981647,8.981647,8.981647,0.022646,5.8e-05,0.205132,0.993417,0.240792,-0.99766,1.992914,0.97628,0.818537,25.74024,26.213711,0.479878,15360.0,1.159316,25.593136,26.25098,0.773493,1008.0,14995.666016,1024.0,1024.0,196.701538,269800,64.0,1999.3
0,270600,16600,4737.897,155.066,35.380978,25.362228,0.627188,0.020441,7.443229,7.443229,7.442977,7.442977,0.02378,5.9e-05,0.160869,1.095383,0.258998,-1.083632,1.911467,0.976211,0.723177,25.959826,26.448484,0.495066,15360.0,0.998406,25.854229,26.383183,0.622927,1008.0,14994.607422,1024.0,1024.0,186.377121,270600,64.0,1999.3
0,271400,16650,4751.549,155.066,50.94556,37.791389,0.561705,0.020441,10.494932,10.494932,10.494932,10.494932,0.019506,6e-05,0.028995,0.368518,0.323692,-0.375065,1.888063,0.976242,0.726026,26.065849,26.671535,0.611151,15360.0,0.908593,25.940826,26.314524,0.581395,1008.0,14995.074219,1024.0,1024.0,133.740082,271400,64.0,1999.3
0,272200,16700,4765.305,155.066,44.588348,32.566055,0.567903,0.020441,9.655783,9.655783,9.655783,9.655783,0.018891,5.9e-05,-0.07547,-0.129663,0.319856,0.115864,1.921646,0.976183,0.660383,26.247738,26.853741,0.61465,15360.0,0.758919,26.133818,26.439508,0.560454,1008.0,14994.166016,1024.0,1024.0,174.120407,272200,64.0,1999.3
0,273000,16750,4778.958,155.066,37.158237,26.385891,0.603844,0.020441,8.44021,8.44021,8.440142,8.440142,0.024094,5.5e-05,0.07602,0.570254,0.256346,-0.56092,1.968946,0.976232,0.544387,26.290991,26.793484,0.504732,15360.0,0.811413,26.215855,26.777369,0.730504,1008.0,14994.916992,1024.0,1024.0,211.488602,273000,64.0,1999.3
0,273800,16800,4792.626,155.066,41.054249,29.86515,0.674239,0.020441,8.825304,8.825304,8.825304,8.825304,0.032173,6e-05,-0.008736,0.100317,0.266643,-0.088808,2.035469,0.976238,0.568598,26.437901,26.972626,0.542743,15360.0,0.755743,26.380407,27.009434,0.801829,1008.0,14995.019531,1024.0,1024.0,164.393799,273800,64.0,1999.3
0,274600,16850,4806.289,155.066,39.270714,28.120007,0.589103,0.020441,8.812771,8.812771,8.812771,8.812771,0.021452,5.3e-05,0.068493,0.270817,0.214131,-0.287461,2.054327,0.97625,0.560218,26.489639,26.926441,0.439895,15360.0,0.728007,26.390293,26.834311,0.719747,1008.0,14995.205078,1024.0,1024.0,181.458954,274600,64.0,1999.3
0,275400,16900,4841.527,170.653,44.025269,32.35907,0.602268,0.020441,9.142767,9.142767,9.142767,9.142767,0.022836,5.7e-05,-0.068226,-0.021199,0.335223,0.017112,2.097803,0.976187,0.805807,26.689796,27.390219,0.703233,15360.0,0.829535,26.54443,27.247952,0.894288,1008.0,14994.230469,1024.0,1024.0,126.70108,275400,64.0,1999.3
0,276200,16950,4855.25,170.653,42.916245,31.138636,0.554881,0.020441,9.256749,9.256749,9.256749,9.256749,0.019859,5.7e-05,-0.082042,-0.300812,0.225232,0.299028,2.226246,0.976186,0.866004,26.902304,27.395462,0.501422,15360.0,0.786335,26.71538,27.096466,0.700753,1008.0,14994.222656,1024.0,1024.0,128.258545,276200,64.0,1999.3
0,277000,17000,4868.88,170.653,41.049278,29.740192,0.56702,0.020441,8.589071,8.589071,8.588885,8.588885,0.022387,5.3e-05,0.05586,0.011571,0.259443,-0.026835,2.300278,0.976161,0.95304,27.020937,27.610006,0.59679,15360.0,0.88249,26.828503,27.343781,0.742963,1008.0,14993.836914,1024.0,1024.0,151.017838,277000,64.0,1999.3
0,277800,17050,4882.533,170.653,37.906948,26.582994,0.589156,0.020441,8.563884,8.563884,8.563493,8.563493,0.021562,5.2e-05,-0.08891,-0.265836,0.261366,0.278159,2.399803,0.976231,1.084068,27.27533,27.888218,0.627228,15360.0,0.996414,27.036718,27.603228,0.659311,1008.0,14994.914062,1024.0,1024.0,146.71373,277800,64.0,1999.3
0,278600,17100,4896.195,170.653,44.009708,32.053993,0.631438,0.020441,8.921324,8.921324,8.920789,8.920789,0.025026,5.3e-05,-0.072189,-0.285152,0.248652,0.243561,2.619331,0.976163,1.199148,27.586008,28.222149,0.651303,15360.0,1.2114,27.360073,28.110119,0.833651,1008.0,14993.860352,1024.0,1024.0,250.202347,278600,64.0,1999.3
0,279400,17150,4909.98,170.653,44.61591,32.353683,0.642444,0.020441,9.059931,9.059931,9.059931,9.059931,0.028217,5.4e-05,-0.120051,-0.533105,0.261524,0.522023,2.752731,0.976207,1.311141,27.974165,28.679007,0.719905,15360.0,1.474416,27.684193,28.711424,1.118756,1008.0,14994.536133,1024.0,1024.0,177.635864,279400,64.0,1999.3
0,280200,17200,4923.667,170.653,43.327427,30.749847,0.614941,0.020441,9.388549,9.388549,9.388549,9.388549,0.026964,5e-05,-0.103556,-0.432861,0.229603,0.412689,2.871735,0.976233,1.308211,28.03652,28.68199,0.659357,15360.0,1.367136,27.774679,28.688059,1.011613,1008.0,14994.9375,1024.0,1024.0,168.302933,280200,64.0,1999.3
0,281000,17250,4937.407,170.653,39.961174,27.882277,0.603602,0.020441,8.964201,8.964201,8.964201,8.964201,0.02209,5.1e-05,-0.146567,-0.189784,0.289399,0.181482,2.965887,0.976229,1.338151,28.473362,29.328264,0.858326,15360.0,1.342167,28.14621,28.759001,0.651752,1008.0,14994.871094,1024.0,1024.0,191.442245,281000,64.0,1999.3
0,281800,17300,4950.995,170.653,35.990318,25.166382,0.625977,0.020441,7.636692,7.636692,7.63596,7.63596,0.025654,5.3e-05,0.011192,0.055303,0.182423,-0.052264,2.973139,0.976223,1.349255,28.385942,28.92374,0.542369,15360.0,1.389032,28.057526,28.790209,0.808014,1008.0,14994.77832,1024.0,1024.0,165.955658,281800,64.0,1999.3
0,282600,17350,4964.764,170.653,54.000515,40.725967,0.605877,0.020441,9.936625,9.936625,9.936625,9.936625,0.027091,5.9e-05,-0.089626,-0.433804,0.279126,0.416874,2.927393,0.976182,1.342301,28.998402,29.792913,0.817111,15360.0,1.55088,28.703732,29.614429,1.135991,1008.0,14994.158203,1024.0,1024.0,144.075195,282600,64.0,1999.3
0,283400,17400,4978.549,170.653,43.740269,31.642555,0.572086,0.020441,9.079834,9.079834,9.079834,9.079834,0.019367,5e-05,-0.154469,-0.619596,0.251389,0.614518,2.848572,0.976227,1.25715,29.349546,30.045305,0.716101,15360.0,1.382306,29.011894,29.509705,0.617008,1008.0,14994.839844,1024.0,1024.0,111.244232,283400,64.0,1999.3
0,284200,17450,4992.251,170.653,41.982155,30.112534,0.607815,0.020441,8.726535,8.726535,8.726407,8.726407,0.023593,5e-05,-0.076564,-0.182115,0.219887,0.185688,2.710056,0.976211,1.271592,29.343866,29.929031,0.595905,15360.0,1.490488,29.070637,29.789545,0.870149,1008.0,14994.599609,1024.0,1024.0,163.192078,284200,64.0,1999.3
0,285000,17500,5006.018,170.653,45.805164,33.332695,0.618265,0.020441,9.377523,9.377523,9.37706,9.37706,0.028585,5.4e-05,-0.108723,-0.56296,0.249213,0.569727,2.564369,0.976229,1.176368,29.722429,30.351557,0.639073,15360.0,1.502805,29.444721,30.359137,1.099679,1008.0,14994.881836,1024.0,1024.0,132.210999,285000,64.0,1999.3
0,285800,17550,5019.706,170.653,41.679367,29.914724,0.608853,0.020441,9.025074,9.025074,9.025074,9.025074,0.022641,5.3e-05,-0.205798,-0.738925,0.279636,0.721938,2.44891,0.976264,1.010917,30.085905,30.765081,0.684803,15360.0,1.342163,29.865931,30.801453,1.056308,1008.0,14995.420898,1024.0,1024.0,158.435089,285800,64.0,1999.3
0,286600,17600,5033.416,170.653,42.818413,30.911556,0.596799,0.020441,9.272779,9.272779,9.272779,9.272779,0.023242,4.8e-05,-0.194293,-0.762703,0.243697,0.775789,2.279686,0.976182,0.930069,30.201399,30.744316,0.555552,15360.0,1.179284,29.960705,30.483303,0.7658,1008.0,14994.149414,1024.0,1024.0,218.92276,286600,64.0,1999.3
0,287400,17650,5047.174,170.653,47.815792,34.89164,0.631818,0.020441,10.217157,10.217157,10.217157,10.217157,0.029597,4.8e-05,-0.183453,-0.686702,0.304174,0.698716,2.155024,0.976205,0.860032,30.345331,30.990854,0.655502,15360.0,1.188139,30.136541,30.756607,0.899411,1008.0,14994.503906,1024.0,1024.0,166.499542,287400,64.0,1999.3
0,288200,17700,5060.927,170.653,40.166424,29.532608,0.605986,0.020441,8.219368,8.219368,8.219368,8.219368,0.019742,5e-05,-0.144137,-0.540829,0.309487,0.531153,2.078491,0.976257,0.765119,30.54748,31.174212,0.643265,15360.0,1.150339,30.309101,31.064781,0.921517,1008.0,14995.306641,1024.0,1024.0,147.697174,288200,64.0,1999.3
0,289000,17750,5074.584,170.653,43.623741,32.264481,0.666733,0.020441,8.984509,8.984509,8.984453,8.984453,0.028714,5.2e-05,-0.214242,-0.574692,0.310334,0.581495,2.040426,0.976206,0.684065,30.742416,31.362677,0.633214,15360.0,1.064336,30.587782,31.414146,1.016634,1008.0,14994.525391,1024.0,1024.0,152.885956,289000,64.0,1999.3
0,289800,17800,5088.242,170.653,42.388309,31.108898,0.604594,0.020441,9.159185,9.159185,9.159185,9.159185,0.02158,4.6e-05,-0.23799,-0.733352,0.280635,0.742647,2.060549,0.97626,0.592953,30.868286,31.43519,0.578263,15360.0,0.74768,30.711924,31.130466,0.555318,1008.0,14995.351562,1024.0,1024.0,124.001488,289800,64.0,1999.3
0,290600,17850,5101.901,170.653,36.431786,25.906628,0.608028,0.020441,8.438184,8.438184,8.43805,8.43805,0.022875,4.4e-05,-0.198431,-0.516218,0.290909,0.520363,2.109228,0.976286,0.573889,31.013176,31.621416,0.613593,15360.0,0.797419,30.861879,31.406778,0.826109,1008.0,14995.759766,1024.0,1024.0,204.888733,290600,64.0,1999.3
0,291400,17900,5115.646,170.653,47.02496,34.481224,0.60914,0.020441,10.312554,10.312554,10.312554,10.312554,0.028031,4.7e-05,-0.227922,-0.779689,0.262311,0.792741,2.256584,0.976283,0.557197,31.122324,31.69771,0.591927,15360.0,0.803593,30.988441,31.652721,0.953961,1008.0,14995.707031,1024.0,1024.0,134.047104,291400,64.0,1999.3
0,292200,17950,5129.313,170.653,37.554321,26.869062,0.638676,0.020441,8.42119,8.42119,8.42119,8.42119,0.026508,4.6e-05,-0.158775,-0.34953,0.290841,0.358482,2.305859,0.976272,0.650425,31.262934,31.927217,0.670638,15360.0,0.903939,31.090597,32.077053,1.210142,1008.0,14995.53125,1024.0,1024.0,146.610443,292200,64.0,1999.3
0,293000,18000,5143.078,170.653,47.898632,35.332626,0.618722,0.020441,10.128342,10.128342,10.128342,10.128342,0.026782,4.8e-05,-0.222459,-0.796568,0.260912,0.796645,2.404833,0.976204,0.715804,31.378141,31.989744,0.627449,15360.0,0.974418,31.151283,31.997107,1.23442,1008.0,14994.485352,1024.0,1024.0,156.947495,293000,64.0,1999.3
0,293800,18050,5156.759,170.653,44.209538,32.428871,0.585661,0.020441,9.385927,9.385927,9.385927,9.385927,0.02259,4.9e-05,-0.168599,-0.546556,0.24243,0.538356,2.562355,0.976274,0.795273,31.527658,32.13903,0.621191,15360.0,0.744584,31.247223,31.695675,0.795832,1008.0,14995.564453,1024.0,1024.0,175.869186,293800,64.0,1999.3
0,294600,18100,5170.424,170.653,42.521042,29.895035,0.638473,0.020441,9.931561,9.931561,9.931561,9.931561,0.029045,4.4e-05,-0.156188,-0.593238,0.222497,0.608539,2.679422,0.976227,0.926078,31.790833,32.376308,0.596165,15360.0,0.908274,31.553774,32.310158,0.824777,1008.0,14994.844727,1024.0,1024.0,165.091492,294600,64.0,1999.3
0,295400,18150,5184.198,170.653,44.281239,32.495815,0.60688,0.020441,9.076017,9.076017,9.076017,9.076017,0.022092,4.7e-05,-0.259438,-0.764431,0.276039,0.738496,2.833614,0.976225,1.121169,32.263969,33.027088,0.782188,15360.0,1.04252,31.857363,32.565331,0.859862,1008.0,14994.810547,1024.0,1024.0,186.980759,295400,64.0,1999.3
0,296200,18200,5197.87,170.653,46.13361,33.393032,0.605823,0.020441,9.85647,9.85647,9.856361,9.856361,0.023262,4.6e-05,-0.193016,-0.600248,0.230555,0.5961,3.04327,0.976236,1.138505,32.46907,33.148865,0.701641,15360.0,1.089046,32.119568,32.739338,0.811127,1008.0,14994.986328,1024.0,1024.0,134.471222,296200,64.0,1999.3
0,297000,18250,5211.591,170.653,42.012409,30.289974,0.596494,0.020441,8.827593,8.827593,8.827221,8.827221,0.02438,4.5e-05,-0.20139,-0.664842,0.246792,0.64135,3.207993,0.976232,1.242042,32.753845,33.52879,0.791707,15360.0,1.181636,32.268391,33.011322,0.898127,1008.0,14994.916016,1024.0,1024.0,114.848457,297000,64.0,1999.3
0,297800,18300,5225.159,170.653,38.812611,27.470955,0.652153,0.020441,8.342896,8.342896,8.342896,8.342896,0.028408,4.4e-05,-0.248217,-0.832176,0.239254,0.827517,3.348507,0.976266,1.306245,33.210529,33.997696,0.801143,15360.0,1.446149,32.825844,34.024567,1.241783,1008.0,14995.449219,1024.0,1024.0,147.645279,297800,64.0,1999.3
0,298600,18350,5238.913,170.653,45.022884,32.620422,0.618081,0.020441,9.295333,9.295333,9.295277,9.295277,0.027668,4.4e-05,-0.25694,-1.231426,0.2363,1.222531,3.483349,0.976232,1.350416,33.606976,34.353752,0.823116,15360.0,1.485328,33.138863,34.072037,1.092954,1008.0,14994.926758,1024.0,1024.0,117.042229,298600,64.0,1999.3
0,299400,18400,5252.649,170.653,48.527939,35.103367,0.678461,0.020441,10.121907,10.121907,10.121907,10.121907,0.038534,4.4e-05,-0.17751,-1.239558,0.171181,1.265873,3.532169,0.976237,1.334282,33.807247,34.344616,0.604639,15360.0,1.449335,33.52906,34.344326,1.023772,1008.0,14995.0,1024.0,1024.0,247.878082,299400,64.0,1999.3
0,300200,18450,5288.211,186.189,37.349167,25.64353,0.641201,0.020441,8.527025,8.527025,8.526937,8.526937,0.026298,4.2e-05,-0.099456,-0.367794,0.189174,0.360196,3.49073,0.976254,1.340262,33.645058,34.293213,0.660356,15360.0,1.411531,33.232456,34.022385,0.89416,1008.0,14995.25293,1024.0,1024.0,195.609299,300200,64.0,1999.3
0,301000,18500,5301.953,186.189,42.02528,29.188232,0.62751,0.020441,9.608383,9.608383,9.608383,9.608383,0.027265,4.4e-05,-0.162917,-0.851591,0.183617,0.827418,3.465393,0.9763,1.313956,34.007088,34.622753,0.636303,15360.0,1.562794,33.661373,34.757839,1.15143,1008.0,14995.962891,1024.0,1024.0,156.905991,301000,64.0,1999.3
0,301800,18550,5315.536,186.189,44.680492,32.392918,0.570719,0.020441,9.316263,9.316263,9.316137,9.316137,0.021941,4.1e-05,-0.175633,-1.123918,0.16851,1.117712,3.334881,0.976232,1.225202,34.426296,34.956799,0.56196,15360.0,1.329871,33.941452,34.17197,0.609739,1008.0,14994.923828,1024.0,1024.0,150.15834,301800,64.0,1999.3
0,302600,18600,5329.281,186.189,38.218678,26.546066,0.610171,0.020441,8.709064,8.709064,8.709064,8.709064,0.022088,4e-05,-0.145462,-0.716607,0.178505,0.721465,3.182907,0.976269,1.21283,34.534908,35.092236,0.568164,15360.0,1.315538,34.133327,34.613483,0.637398,1008.0,14995.487305,1024.0,1024.0,152.917099,302600,64.0,1999.3
0,303400,18650,5343.035,186.189,47.48056,34.778305,0.753636,0.020441,9.505624,9.505624,9.50547,9.50547,0.050328,4.4e-05,-0.186531,-1.017748,0.216426,1.022478,2.991112,0.976245,1.175502,34.846558,35.4743,0.647353,15360.0,1.610077,34.550339,35.81871,1.421301,1008.0,14995.119141,1024.0,1024.0,139.209778,303400,64.0,1999.3
0,304200,18700,5356.709,186.189,43.99535,31.798529,0.598504,0.020441,9.3949,9.3949,9.3949,9.3949,0.024958,3.9e-05,-0.215386,-1.207822,0.19529,1.21183,2.794201,0.976265,1.05284,35.13266,35.646961,0.545679,15360.0,1.353444,34.652916,35.224422,0.796959,1008.0,14995.425781,1024.0,1024.0,136.814468,304200,64.0,1999.3
0,305000,18750,5370.422,186.189,42.196426,30.634609,0.670362,0.020441,8.917435,8.917435,8.917435,8.917435,0.03218,4.2e-05,-0.318661,-1.261474,0.263202,1.247615,2.589699,0.976215,0.979923,35.364418,36.027916,0.681614,15360.0,1.33524,34.945652,35.805916,1.050638,1008.0,14994.666016,1024.0,1024.0,130.51355,305000,64.0,1999.3
0,305800,18800,5384.137,186.189,46.773624,34.129112,0.63518,0.020441,10.087575,10.087575,10.087575,10.087575,0.030365,4.4e-05,-0.343369,-1.23857,0.273729,1.264079,2.39518,0.976266,0.900268,35.519215,36.162643,0.655631,15360.0,1.118868,35.1745,35.597233,0.698734,1008.0,14995.441406,1024.0,1024.0,108.53862,305800,64.0,1999.3
0,306600,18850,5397.836,186.189,48.314358,35.282963,0.596671,0.020441,10.494743,10.494743,10.494644,10.494644,0.023493,3.9e-05,-0.313364,-1.22483,0.275143,1.24208,2.273148,0.976202,0.833383,35.61277,36.219013,0.625441,15360.0,1.16683,35.156059,35.47538,0.758136,1008.0,14994.466797,1024.0,1024.0,234.783798,306600,64.0,1999.3
0,307400,18900,5411.62,186.189,41.793964,29.899323,0.620469,0.020441,9.451739,9.451739,9.451739,9.451739,0.024419,4e-05,-0.266662,-1.059469,0.290836,1.023314,2.158436,0.976253,0.743335,35.794998,36.403168,0.62775,15360.0,1.267156,35.496174,36.58585,1.320172,1008.0,14995.251953,1024.0,1024.0,146.981979,307400,64.0,1999.3
0,308200,18950,5425.372,186.189,42.635555,31.065937,0.654909,0.020441,9.251514,9.251514,9.251514,9.251514,0.029435,4.2e-05,-0.39032,-1.410895,0.349566,1.421745,2.079258,0.976291,0.685099,36.016258,36.711887,0.726839,15360.0,1.409397,35.737965,37.313805,1.818925,1008.0,14995.830078,1024.0,1024.0,147.582199,308200,64.0,1999.3
0,309000,19000,5439.03,186.189,42.354675,30.612026,0.669576,0.020441,9.484278,9.484278,9.484278,9.484278,0.030408,4e-05,-0.31847,-1.034155,0.296355,1.058492,2.038399,0.976235,0.587966,36.109337,36.70002,0.604089,15360.0,1.168087,35.850037,36.948582,1.356998,1008.0,14994.972656,1024.0,1024.0,251.288025,309000,64.0,1999.3
0,309800,19050,5452.759,186.189,42.861073,30.893105,0.580487,0.020441,9.910542,9.910542,9.910536,9.910536,0.022998,4.1e-05,-0.318433,-1.173058,0.263056,1.174961,2.030594,0.976264,0.513629,36.238487,36.75481,0.53416,15360.0,0.900829,35.913563,36.091858,0.677756,1008.0,14995.410156,1024.0,1024.0,142.717941,309800,64.0,1999.3
0,310600,19100,5466.538,186.189,42.201508,30.402967,0.637843,0.020441,9.734052,9.734052,9.734052,9.734052,0.027815,3.9e-05,-0.268889,-1.26369,0.246006,1.243106,2.025608,0.976242,0.459249,36.322502,36.785362,0.498312,15360.0,0.808137,36.106331,36.652885,0.859423,1008.0,14995.080078,1024.0,1024.0,139.178131,310600,64.0,1999.3
0,311400,19150,5480.222,186.189,41.291367,30.118101,0.601923,0.020441,9.310041,9.310041,9.310041,9.310041,0.025954,3.8e-05,-0.40458,-1.475139,0.276767,1.46117,2.04401,0.97628,0.471077,36.412193,36.956326,0.565715,15360.0,0.811194,36.107193,36.345123,0.764086,1008.0,14995.664062,1024.0,1024.0,204.670883,311400,64.0,1999.3
0,312200,19200,5494.008,186.189,38.652229,27.562998,0.60452,0.020441,9.181255,9.181255,9.181255,9.181255,0.022731,3.6e-05,-0.271591,-1.244865,0.22248,1.253738,2.088413,0.976262,0.423809,36.496387,36.947136,0.464631,15360.0,0.708894,36.201435,36.545448,0.72191,1008.0,14995.388672,1024.0,1024.0,130.565826,312200,64.0,1999.3
0,313000,19250,5507.685,186.189,43.173168,31.400047,0.592862,0.020441,9.879134,9.879134,9.879134,9.879134,0.027165,4e-05,-0.450863,-1.630694,0.291428,1.639536,2.12775,0.976159,0.535248,36.59911,37.184761,0.620086,15360.0,0.694621,36.27187,36.556461,0.736588,1008.0,14993.804688,1024.0,1024.0,123.943382,313000,64.0,1999.3
0,313800,19300,5521.269,186.189,48.00098,35.232506,0.615716,0.020441,10.698936,10.698936,10.698936,10.698936,0.028812,3.9e-05,-0.550539,-1.724863,0.328873,1.72024,2.222992,0.976226,0.647195,36.756657,37.465561,0.731083,15360.0,0.889453,36.513836,37.372002,1.294608,1008.0,14994.835938,1024.0,1024.0,168.761734,313800,64.0,1999.3
0,314600,19350,5535.038,186.189,42.643124,31.195724,0.58945,0.020441,9.458847,9.458847,9.458847,9.458847,0.020782,3.8e-05,-0.485954,-1.580775,0.299918,1.586473,2.367752,0.97623,0.696636,36.86446,37.550438,0.710131,15360.0,0.740316,36.450321,36.86974,0.795408,1008.0,14994.886719,1024.0,1024.0,135.515198,314600,64.0,1999.3
0,315400,19400,5548.806,186.189,44.0028,32.003677,0.626526,0.020441,9.72703,9.72703,9.72703,9.72703,0.027762,3.7e-05,-0.349836,-1.743556,0.22854,1.734113,2.498291,0.976216,0.749227,37.054722,37.587452,0.570959,15360.0,0.843452,36.761017,37.596798,1.095066,1008.0,14994.672852,1024.0,1024.0,156.295609,315400,64.0,1999.3
0,316200,19450,5562.581,186.189,41.87973,30.201756,0.627209,0.020441,9.424923,9.424923,9.424923,9.424923,0.023668,3.6e-05,-0.429782,-1.718981,0.259225,1.712202,2.620251,0.976305,0.859002,37.212811,37.854862,0.679234,15360.0,0.778957,36.930557,37.607151,0.899312,1008.0,14996.042969,1024.0,1024.0,137.932114,316200,64.0,1999.3
0,317000,19500,5576.25,186.189,38.086781,27.386711,0.619535,0.020441,8.456291,8.456291,8.456291,8.456291,0.02185,3.7e-05,-0.335811,-1.532594,0.225073,1.530802,2.773956,0.976223,0.882822,37.275604,37.871231,0.624343,15360.0,0.703874,36.822952,37.20071,0.699892,1008.0,14994.78125,1024.0,1024.0,186.486328,317000,64.0,1999.3
0,317800,19550,5589.921,186.189,39.94051,28.690861,0.604005,0.020441,8.874393,8.874393,8.874313,8.874313,0.025066,3.4e-05,-0.314872,-1.495841,0.21718,1.474257,2.844303,0.976202,0.939151,37.423203,38.013657,0.617726,15360.0,0.796972,36.979904,37.396194,0.803937,1008.0,14994.464844,1024.0,1024.0,201.866348,317800,64.0,1999.3
0,318600,19600,5603.587,186.189,38.163052,26.888435,0.627414,0.020441,8.704964,8.704964,8.704964,8.704964,0.025025,3.5e-05,-0.257417,-1.294273,0.193983,1.290446,3.001087,0.97628,1.010891,37.666508,38.23167,0.58216,15360.0,0.992752,37.252651,38.235107,1.198525,1008.0,14995.664062,1024.0,1024.0,176.458038,318600,64.0,1999.3
0,319400,19650,5617.353,186.189,39.07407,27.381466,0.634643,0.020441,9.034819,9.034819,9.034819,9.034819,0.029538,3.5e-05,-0.375761,-1.657564,0.231026,1.663641,3.206757,0.976228,1.137804,38.080276,38.790081,0.740843,15360.0,1.12393,37.556843,38.697678,1.366228,1008.0,14994.865234,1024.0,1024.0,205.763092,319400,64.0,1999.3
0,320200,19700,5631.078,186.189,44.333141,31.700354,0.601143,0.020441,9.869535,9.869535,9.869535,9.869535,0.023543,3.7e-05,-0.332816,-1.724906,0.203636,1.731545,3.324062,0.976291,1.156575,38.2598,38.884224,0.676899,15360.0,1.103182,37.730473,38.347115,0.955979,1008.0,14995.835938,1024.0,1024.0,182.68956,320200,64.0,1999.3
0,321000,19750,5644.875,186.189,42.975746,31.097794,0.593575,0.020441,9.20182,9.20182,9.20182,9.20182,0.02437,3.6e-05,-0.544048,-1.986561,0.284378,1.97714,3.435005,0.97624,1.298688,38.961582,39.906227,0.976842,15360.0,1.290991,38.276611,39.194145,1.106058,1008.0,14995.052734,1024.0,1024.0,134.174622,321000,64.0,1999.3
0,321800,19800,5658.513,186.189,44.548969,32.684483,0.669212,0.020441,8.889973,8.889973,8.889973,8.889973,0.030847,3.8e-05,-0.278612,-1.646202,0.188106,1.663533,3.565033,0.97624,1.271033,38.904129,39.519859,0.670603,15360.0,1.344824,38.413574,39.532436,1.339924,1008.0,14995.052734,1024.0,1024.0,183.289352,321800,64.0,1999.3
0,322600,19850,5672.254,186.189,43.112019,31.091637,0.6534,0.020441,9.144183,9.144183,9.144183,9.144183,0.037022,3.5e-05,-0.439986,-1.86617,0.233601,1.892201,3.649807,0.976288,1.294597,39.212852,40.030838,0.852597,15360.0,1.444431,38.713902,40.089752,1.562531,1008.0,14995.782227,1024.0,1024.0,151.198837,322600,64.0,1999.3
0,323400,19900,5685.953,186.189,44.238403,31.768538,0.586373,0.020441,9.542121,9.542121,9.542121,9.542121,0.022798,3.4e-05,-0.307901,-1.946061,0.184118,1.951478,3.816193,0.976259,1.283844,39.478817,40.097179,0.702631,15360.0,1.302585,38.874119,39.388958,0.865648,1008.0,14995.331055,1024.0,1024.0,149.945236,323400,64.0,1999.3
0,324200,19950,5699.729,186.189,48.29755,34.696854,0.610155,0.020441,10.469996,10.469996,10.46998,10.46998,0.024653,3.4e-05,-0.285159,-1.995574,0.169848,1.996069,3.890835,0.976247,1.31248,39.797886,40.364658,0.660849,15360.0,1.419281,39.419731,40.44313,1.227412,1008.0,14995.157227,1024.0,1024.0,170.292984,324200,64.0,1999.3
0,325000,20000,5713.4,186.189,42.072025,29.781458,0.585924,0.020441,9.305718,9.305718,9.305718,9.305718,0.022534,3.2e-05,-0.28654,-1.946133,0.169889,1.93654,3.902451,0.976273,1.288387,39.951042,40.515804,0.662984,15360.0,1.486885,39.374073,40.208855,1.08984,1008.0,14995.558594,1024.0,1024.0,143.384552,325000,64.0,1999.3
0,325800,20050,5749.557,201.847,44.048676,31.082706,0.615553,0.020441,9.891514,9.891514,9.89147,9.89147,0.027073,3.4e-05,-0.229128,-1.684673,0.142324,1.693522,3.894493,0.976299,1.288453,39.923031,40.434662,0.55428,15360.0,1.299953,39.382149,39.773834,0.651939,1008.0,14995.958984,1024.0,1024.0,190.69429,325800,64.0,1999.3
0,326600,20100,5763.335,201.847,41.520451,29.071022,0.651607,0.020441,9.386339,9.386339,9.386339,9.386339,0.028085,3e-05,-0.224288,-1.683761,0.140743,1.700573,3.848225,0.976214,1.242069,40.386871,40.866062,0.541612,15360.0,1.448758,39.99918,40.715065,0.942693,1008.0,14994.651367,1024.0,1024.0,158.101273,326600,64.0,1999.3
0,327400,20150,5777.115,201.847,39.559708,27.052664,0.627489,0.020441,9.446323,9.446323,9.446323,9.446323,0.022281,3.1e-05,-0.188447,-1.26753,0.149331,1.296624,3.719704,0.976212,1.253565,40.360058,40.885571,0.555467,15360.0,1.343466,39.704277,40.061455,0.626913,1008.0,14994.617188,1024.0,1024.0,233.628616,327400,64.0,1999.3
0,328200,20200,5790.883,201.847,46.440422,32.525284,0.600122,0.020441,10.910172,10.910172,10.910172,10.910172,0.025085,3.2e-05,-0.291358,-1.772517,0.170767,1.753671,3.596149,0.976276,1.182985,40.713268,41.275841,0.614104,15360.0,1.339197,40.183544,40.952377,1.110629,1008.0,14995.603516,1024.0,1024.0,132.46463,328200,64.0,1999.3
0,329000,20250,5804.579,201.847,37.471813,26.066977,0.639705,0.020441,8.552485,8.552485,8.552343,8.552343,0.022744,3e-05,-0.175153,-1.508474,0.135196,1.510066,3.400898,0.976284,1.124329,40.949276,41.355091,0.459789,15360.0,1.292616,40.442802,40.460201,0.50039,1008.0,14995.71582,1024.0,1024.0,411.268494,329000,64.0,1999.3
0,329800,20300,5818.262,201.847,46.07515,32.993423,0.714974,0.020441,9.95773,9.95773,9.957638,9.957638,0.045435,3e-05,-0.158055,-1.49744,0.135665,1.505644,3.294621,0.976265,1.121382,41.052971,41.43248,0.446966,15360.0,1.431616,40.621647,41.320316,1.059021,1008.0,14995.425781,1024.0,1024.0,163.028809,329800,64.0,1999.3
0,330600,20350,5832.05,201.847,42.732986,30.157009,0.619041,0.020441,9.715555,9.715555,9.715555,9.715555,0.026451,3.1e-05,-0.240782,-1.698848,0.163123,1.684301,3.164383,0.976271,1.078308,41.224098,41.674118,0.516183,15360.0,1.372853,40.63224,41.043777,0.846067,1008.0,14995.519531,1024.0,1024.0,177.245987,330600,64.0,1999.3
0,331400,20400,5845.717,201.847,39.79147,28.102142,0.560964,0.020441,9.002985,9.002985,9.002664,9.002664,0.015314,3.1e-05,-0.219101,-1.591941,0.168193,1.589322,2.996574,0.976287,1.03256,41.339653,41.7883,0.504002,15360.0,1.30394,40.595356,40.556435,0.57162,1008.0,14995.767578,1024.0,1024.0,131.860443,331400,64.0,1999.3
0,332200,20450,5859.507,201.847,44.465107,32.191566,0.588497,0.020441,9.686836,9.686836,9.686836,9.686836,0.023361,3.3e-05,-0.346038,-1.940218,0.215702,1.927009,2.872169,0.976266,0.941112,41.5998,42.151031,0.619534,15360.0,1.380028,40.98558,41.55283,1.128145,1008.0,14995.450195,1024.0,1024.0,124.432114,332200,64.0,1999.3
0,333000,20500,5873.299,201.847,42.329094,30.231125,0.533775,0.020441,9.568535,9.568535,9.568535,9.568535,0.015144,3.2e-05,-0.265583,-1.716216,0.186704,1.715705,2.693222,0.976242,0.912245,41.588135,42.029133,0.502836,15360.0,1.239031,40.691673,40.636559,0.483115,1008.0,14995.074219,1024.0,1024.0,137.755203,333000,64.0,1999.3
0,333800,20550,5887.005,201.847,39.801708,28.040482,0.654999,0.020441,9.302845,9.302845,9.302845,9.302845,0.028428,3e-05,-0.221558,-1.649046,0.169966,1.652305,2.559307,0.976239,0.765105,42.017727,42.411304,0.434995,15360.0,1.03037,41.667488,42.032475,0.711005,1008.0,14995.035156,1024.0,1024.0,173.1418,333800,64.0,1999.3
0,334600,20600,5900.783,201.847,43.006084,30.689888,0.550458,0.020441,10.070724,10.070724,10.070724,10.070724,0.021549,3e-05,-0.32072,-2.206174,0.191535,2.214494,2.504417,0.976254,0.674828,42.195526,42.591537,0.479683,15360.0,1.044628,41.596458,41.578369,0.666396,1008.0,14995.257812,1024.0,1024.0,164.399399,334600,64.0,1999.3
0,335400,20650,5914.491,201.847,42.504963,30.337833,0.66888,0.020441,9.901917,9.901917,9.901917,9.901917,0.031792,2.8e-05,-0.296908,-1.676492,0.207148,1.673275,2.406898,0.976248,0.612501,42.213535,42.672661,0.498585,15360.0,0.900351,41.804272,41.923824,0.591676,1008.0,14995.169922,1024.0,1024.0,208.441513,335400,64.0,1999.3
0,336200,20700,5928.284,201.847,53.243816,39.782227,0.600372,0.020441,11.268642,11.268642,11.268642,11.268642,0.023846,3.1e-05,-0.442094,-1.955289,0.262574,1.956327,2.349518,0.976276,0.602698,42.384678,42.939548,0.616922,15360.0,0.948897,41.955902,42.09478,0.815279,1008.0,14995.599609,1024.0,1024.0,167.556244,336200,64.0,1999.3
0,337000,20750,5941.958,201.847,39.098484,27.761606,0.614663,0.020441,9.320841,9.320841,9.320841,9.320841,0.021907,2.8e-05,-0.342332,-1.533964,0.222952,1.54964,2.369858,0.976257,0.521959,42.448292,42.946941,0.528364,15360.0,0.897403,41.870842,42.157059,0.686835,1008.0,14995.304688,1024.0,1024.0,171.637024,337000,64.0,1999.3
0,337800,20800,5955.578,201.847,44.03857,31.651672,0.674127,0.020441,10.235799,10.235799,10.235799,10.235799,0.03491,2.8e-05,-0.351359,-1.810659,0.228184,1.798865,2.374165,0.976255,0.4826,42.525394,43.026352,0.541746,15360.0,1.005714,42.065262,42.644974,1.140199,1008.0,14995.283203,1024.0,1024.0,205.154587,337800,64.0,1999.3
0,338600,20850,5969.343,201.847,42.695297,30.999969,0.591347,0.020441,9.825143,9.825143,9.825143,9.825143,0.023989,2.9e-05,-0.456604,-2.013148,0.246171,2.012776,2.431187,0.976262,0.483471,42.684731,43.235332,0.598488,15360.0,0.83005,42.223068,42.384239,0.816106,1008.0,14995.383789,1024.0,1024.0,189.164658,338600,64.0,1999.3
0,339400,20900,5983.127,201.847,34.74535,24.548412,0.627269,0.020441,8.403549,8.403549,8.403419,8.403419,0.02135,2.7e-05,-0.264711,-1.679793,0.166141,1.69345,2.488663,0.976253,0.362909,42.792568,43.173809,0.41347,15360.0,0.69042,42.421692,42.431278,0.621652,1008.0,14995.24707,1024.0,1024.0,112.971512,339400,64.0,1999.3
0,340200,20950,5996.831,201.847,38.453068,27.728138,0.607195,0.020441,8.91168,8.91168,8.91168,8.91168,0.021737,2.7e-05,-0.361338,-1.849502,0.204634,1.851101,2.552052,0.976269,0.428834,42.82032,43.31382,0.522237,15360.0,0.756497,42.326885,42.398724,0.688461,1008.0,14995.498047,1024.0,1024.0,238.523849,340200,64.0,1999.3
0,341000,21000,6010.642,201.847,43.516102,31.854876,0.572988,0.020441,9.778841,9.778841,9.778841,9.778841,0.024151,2.8e-05,-0.403884,-2.173404,0.209236,2.208121,2.653652,0.976272,0.477532,42.997375,43.48624,0.555239,15360.0,0.79144,42.481613,42.610027,0.857777,1008.0,14995.537109,1024.0,1024.0,119.654037,341000,64.0,1999.3
0,341800,21050,6024.243,201.847,39.966915,28.670424,0.626286,0.020441,9.346367,9.346367,9.346367,9.346367,0.025371,2.9e-05,-0.353484,-1.847217,0.197462,1.811354,2.711266,0.976275,0.484633,43.00209,43.501411,0.535372,15360.0,0.79204,42.519131,42.97031,0.949809,1008.0,14995.578125,1024.0,1024.0,156.018646,341800,64.0,1999.3
0,342600,21100,6038.032,201.847,38.963791,27.46434,0.627619,0.020441,9.464328,9.464328,9.464328,9.464328,0.027582,2.7e-05,-0.409425,-2.016896,0.226043,2.030876,2.904148,0.976263,0.613191,43.333214,43.925739,0.656464,15360.0,0.789536,42.999252,43.795544,1.307175,1008.0,14995.398438,1024.0,1024.0,125.753044,342600,64.0,1999.3
0,343400,21150,6051.801,201.847,40.140602,28.766052,0.571524,0.020441,9.338825,9.338825,9.338825,9.338825,0.021146,2.7e-05,-0.400285,-2.239533,0.208565,2.246718,3.060703,0.976276,0.657018,43.377312,43.943165,0.638356,15360.0,0.843813,42.634338,42.913754,0.841326,1008.0,14995.603516,1024.0,1024.0,191.989929,343400,64.0,1999.3
0,344200,21200,6065.478,201.847,42.711132,31.003153,0.60205,0.020441,9.572541,9.572541,9.572541,9.572541,0.021931,2.7e-05,-0.482463,-2.121188,0.236647,2.108862,3.233231,0.976251,0.775822,43.65612,44.363544,0.765135,15360.0,0.874458,43.113998,43.690121,1.248109,1008.0,14995.219727,1024.0,1024.0,158.504532,344200,64.0,1999.3
0,345000,21250,6079.152,201.847,42.657547,30.766582,0.648093,0.020441,9.530447,9.530447,9.530447,9.530447,0.034137,2.7e-05,-0.427765,-2.241363,0.210058,2.250697,3.412891,0.976297,0.852851,43.904591,44.53257,0.716905,15360.0,1.046183,43.41872,44.588585,1.612715,1008.0,14995.923828,1024.0,1024.0,191.230942,345000,64.0,1999.3
0,345800,21300,6092.823,201.847,43.293648,31.600449,0.647539,0.020441,9.323486,9.323486,9.323486,9.323486,0.030279,2.8e-05,-0.370652,-2.18162,0.190372,2.17547,3.585747,0.976275,0.885238,44.040871,44.622963,0.682624,15360.0,0.849328,43.587147,44.239075,1.044289,1008.0,14995.586914,1024.0,1024.0,161.598907,345800,64.0,1999.3
0,346600,21350,6106.493,201.847,42.521378,30.45005,0.642706,0.020441,9.509676,9.509676,9.509676,9.509676,0.027555,2.6e-05,-0.334663,-2.421865,0.193072,2.406147,3.731171,0.976254,1.032633,44.424099,44.967285,0.720384,15360.0,0.831901,43.848534,44.390411,0.914409,1008.0,14995.259766,1024.0,1024.0,195.791321,346600,64.0,1999.3
0,347400,21400,6120.255,201.847,37.616703,26.275465,0.638317,0.020441,8.843886,8.843886,8.843886,8.843886,0.023751,2.5e-05,-0.373465,-2.096068,0.188573,2.074214,3.957417,0.976267,1.032158,44.503113,45.186554,0.746262,15360.0,0.98505,43.937321,44.9496,1.287747,1008.0,14995.459961,1024.0,1024.0,173.757812,347400,64.0,1999.3
0,348200,21450,6133.926,201.847,37.0121,25.498991,0.579773,0.020441,9.011803,9.011803,9.011733,9.011733,0.02068,2.5e-05,-0.270255,-2.111576,0.143192,2.092646,4.086864,0.976275,1.009765,44.390053,44.902077,0.585206,15360.0,0.868009,43.767216,44.027805,0.766316,1008.0,14995.578125,1024.0,1024.0,159.775513,348200,64.0,1999.3
0,349000,21500,6147.685,201.847,43.472992,31.37178,0.608081,0.020441,9.433195,9.433195,9.433195,9.433195,0.025252,2.8e-05,-0.444916,-2.574951,0.212983,2.562057,4.205662,0.976281,1.211462,45.308762,46.057205,0.895733,15360.0,1.098778,44.663612,45.323051,1.117484,1008.0,14995.679688,1024.0,1024.0,154.384033,349000,64.0,1999.3
0,349800,21550,6161.311,201.847,41.916409,30.117439,0.593183,0.020441,9.132717,9.132717,9.132547,9.132547,0.022923,2.6e-05,-0.311488,-2.229279,0.157797,2.241659,4.293423,0.976209,1.144375,45.075592,45.658516,0.677491,15360.0,1.021566,44.373466,44.656338,0.781011,1008.0,14994.566406,1024.0,1024.0,151.528488,349800,64.0,1999.3
0,350600,21600,6198.062,217.486,41.216167,28.43335,0.644571,0.02044,9.864153,9.864153,9.864153,9.864153,0.031778,2.3e-05,-0.237998,-2.085007,0.124097,2.10106,4.38237,0.976262,1.180292,45.168217,45.634705,0.543838,15360.0,1.083129,44.65419,44.95932,0.813518,1008.0,14995.376953,1024.0,1024.0,206.051682,350600,64.0,1999.3
0,351400,21650,6211.822,217.486,42.468224,30.284231,0.593677,0.020441,9.337281,9.337281,9.337281,9.337281,0.021805,2.3e-05,-0.281391,-2.171458,0.154765,2.182314,4.561584,0.976253,1.238059,45.699955,46.280235,0.705973,15360.0,1.14066,44.913399,45.172417,0.716365,1008.0,14995.240234,1024.0,1024.0,215.498901,351400,64.0,1999.3
0,352200,21700,6225.523,217.486,37.834831,25.900034,0.632504,0.020441,9.065939,9.065939,9.065939,9.065939,0.028717,2.4e-05,-0.273675,-2.103138,0.145634,2.098114,4.627613,0.976253,1.233335,45.807461,46.387463,0.673936,15360.0,1.165526,45.138287,45.469986,0.75237,1008.0,14995.25,1024.0,1024.0,158.340408,352200,64.0,1999.3
0,353000,21750,6239.228,217.486,42.881229,30.301491,0.612431,0.02044,9.547064,9.547064,9.547064,9.547064,0.025345,2.3e-05,-0.203698,-2.163679,0.13101,2.165518,4.743538,0.97627,1.267052,46.384884,46.848282,0.62145,15360.0,1.272468,45.721325,46.08815,0.824046,1008.0,14995.5,1024.0,1024.0,203.482132,353000,64.0,1999.3
0,353800,21800,6252.883,217.486,39.579693,27.319061,0.682403,0.02044,9.160912,9.160912,9.160617,9.160617,0.033554,2.3e-05,-0.213813,-2.123657,0.125716,2.130223,4.775909,0.976275,1.289563,46.353062,46.825672,0.600407,15360.0,1.35012,45.836872,46.904945,1.279542,1008.0,14995.580078,1024.0,1024.0,216.297607,353800,64.0,1999.3
0,354600,21850,6266.647,217.486,44.863907,32.122635,0.672399,0.020441,9.730965,9.730965,9.730965,9.730965,0.030063,2.5e-05,-0.27088,-2.189033,0.141728,2.203588,4.771873,0.976227,1.245778,46.628155,47.220558,0.67631,15360.0,1.231582,46.002476,46.803078,1.03073,1008.0,14994.851562,1024.0,1024.0,179.333313,354600,64.0,1999.3
0,355400,21900,6280.329,217.486,37.347252,25.016394,0.638245,0.02044,9.226983,9.226983,9.226983,9.226983,0.02532,2.1e-05,-0.134533,-1.990373,0.092053,1.983942,4.770954,0.976263,1.292615,46.171337,46.523403,0.439182,15360.0,1.214695,45.46563,45.519955,0.608878,1008.0,14995.400391,1024.0,1024.0,114.135078,355400,64.0,1999.3
0,356200,21950,6294.131,217.486,36.741478,25.073875,0.695963,0.02044,8.598927,8.598927,8.598927,8.598927,0.032973,2.2e-05,-0.153882,-2.122804,0.091802,2.138864,4.750988,0.976279,1.270041,46.631001,46.981186,0.436152,15360.0,1.254061,45.922173,46.135406,0.581476,1008.0,14995.646484,1024.0,1024.0,187.572708,356200,64.0,1999.3
0,357000,22000,6307.816,217.486,43.93396,31.087122,0.593801,0.020441,9.950357,9.950357,9.950269,9.950269,0.026059,2.4e-05,-0.324034,-2.415219,0.158414,2.4211,4.704803,0.976236,1.188195,47.539024,48.163757,0.745306,15360.0,1.410135,46.823357,47.641884,1.328812,1008.0,14994.978516,1024.0,1024.0,172.017715,357000,64.0,1999.3
0,357800,22050,6321.47,217.486,39.925091,27.498726,0.633399,0.02044,9.359285,9.359285,9.359285,9.359285,0.027121,2.2e-05,-0.152701,-2.11408,0.098471,2.113933,4.604004,0.976258,1.246282,47.109138,47.461895,0.45336,15360.0,1.279098,46.457096,46.641422,0.644617,1008.0,14995.328125,1024.0,1024.0,144.851608,357800,64.0,1999.3
0,358600,22100,6335.251,217.486,39.153328,27.952122,0.637884,0.02044,8.369086,8.369086,8.369086,8.369086,0.026467,2.1e-05,-0.236777,-2.147274,0.127463,2.132919,4.481754,0.976249,1.155491,47.745949,48.244225,0.571259,15360.0,1.393896,46.99123,47.369286,0.907939,1008.0,14995.175781,1024.0,1024.0,184.608597,358600,64.0,1999.3
0,359400,22150,6348.963,217.486,43.703392,30.900679,0.646817,0.02044,9.896513,9.896513,9.896513,9.896513,0.031407,2.2e-05,-0.293454,-2.26058,0.152646,2.26377,4.389801,0.976271,1.141293,47.913788,48.504681,0.670085,15360.0,1.338185,47.185883,47.583237,0.944299,1008.0,14995.527344,1024.0,1024.0,242.690125,359400,64.0,1999.3
0,360200,22200,6362.75,217.486,38.193485,26.657181,0.642048,0.02044,8.801566,8.801566,8.801566,8.801566,0.028115,2.1e-05,-0.288229,-2.157708,0.143951,2.167253,4.292347,0.97628,1.091525,48.082596,48.654369,0.617887,15360.0,1.295996,47.452736,47.888824,0.741448,1008.0,14995.660156,1024.0,1024.0,155.148849,360200,64.0,1999.3
0,361000,22250,6376.417,217.486,36.334454,24.583872,0.590087,0.02044,8.884271,8.884271,8.884271,8.884271,0.020856,2.1e-05,-0.174004,-2.055112,0.109775,2.036993,4.199009,0.97627,1.138618,48.043209,48.419338,0.460947,15360.0,1.342466,47.322819,47.272457,0.741936,1008.0,14995.506836,1024.0,1024.0,118.152672,361000,64.0,1999.3
0,361800,22300,6390.093,217.486,38.478409,26.826767,0.628191,0.02044,8.887407,8.887407,8.88715,8.88715,0.024481,2e-05,-0.22186,-2.093801,0.127636,2.103406,4.113457,0.976264,1.055795,48.365463,48.825333,0.525024,15360.0,1.309747,47.762318,48.240639,1.000402,1008.0,14995.414062,1024.0,1024.0,198.749664,361800,64.0,1999.3
0,362600,22350,6403.766,217.486,46.185932,33.244732,0.602544,0.020441,10.122715,10.122715,10.122715,10.122715,0.024702,2.4e-05,-0.235331,-2.148928,0.14004,2.155761,4.019676,0.976258,1.049158,48.288563,48.730145,0.562914,15360.0,1.231347,47.592712,47.688038,0.841765,1008.0,14995.314453,1024.0,1024.0,121.563911,362600,64.0,1999.3
0,363400,22400,6417.526,217.486,34.179443,23.146711,0.596224,0.02044,8.248924,8.248924,8.248667,8.248667,0.022596,2e-05,-0.113409,-2.078706,0.089367,2.067552,3.930462,0.976276,1.066415,48.297707,48.556831,0.351252,15360.0,1.297483,47.546318,47.272526,0.622185,1008.0,14995.605469,1024.0,1024.0,129.880661,363400,64.0,1999.3
0,364200,22450,6431.203,217.486,38.524536,27.113674,0.645273,0.02044,8.710022,8.710022,8.709969,8.709969,0.025774,2.1e-05,-0.20261,-2.129105,0.119426,2.106853,3.795952,0.976269,1.000434,48.616123,48.98457,0.453336,15360.0,1.220996,48.039925,48.478874,1.100404,1008.0,14995.494141,1024.0,1024.0,171.178955,364200,64.0,1999.3
0,365000,22500,6444.972,217.486,40.050159,28.339098,0.581707,0.02044,9.225582,9.225582,9.225567,9.225567,0.020972,2.1e-05,-0.333471,-2.315123,0.164278,2.30902,3.748432,0.976259,0.926699,48.869202,49.415474,0.615784,15360.0,1.225157,48.15871,48.654751,1.001108,1008.0,14995.337891,1024.0,1024.0,140.877457,365000,64.0,1999.3
0,365800,22550,6458.564,217.486,43.38739,30.81958,0.663845,0.02044,9.731634,9.731634,9.731634,9.731634,0.029722,2.1e-05,-0.140698,-1.983774,0.10858,1.996995,3.668953,0.976276,0.96707,48.788754,49.080292,0.398376,15360.0,1.174501,48.330143,48.433083,0.818981,1008.0,14995.59668,1024.0,1024.0,246.639221,365800,64.0,1999.3
0,366600,22600,6472.352,217.486,38.780228,27.662178,0.659681,0.02044,8.567924,8.567924,8.567701,8.567701,0.028178,2.1e-05,-0.219013,-2.03482,0.140394,2.047072,3.65736,0.976237,0.870129,48.994141,49.432533,0.513471,15360.0,1.206983,48.176502,48.512661,0.814412,1008.0,14994.992188,1024.0,1024.0,179.918472,366600,64.0,1999.3
0,367400,22650,6486.027,217.486,43.568905,31.04142,0.616114,0.02044,10.198896,10.198896,10.198896,10.198896,0.024613,1.9e-05,-0.300018,-2.368779,0.155513,2.388303,3.567955,0.976279,0.697804,49.595596,50.056488,0.554862,15360.0,0.914534,49.219765,49.361877,0.708906,1008.0,14995.649414,1024.0,1024.0,227.608871,367400,64.0,1999.3
0,368200,22700,6499.784,217.486,37.722794,26.587084,0.619567,0.02044,9.012947,9.012947,9.012947,9.012947,0.024814,2e-05,-0.368691,-2.405593,0.168928,2.387056,3.472015,0.976271,0.665246,49.707905,50.244907,0.586519,15360.0,0.949686,49.159981,49.32832,0.766915,1008.0,14995.517578,1024.0,1024.0,139.094116,368200,64.0,1999.3
0,369000,22750,6513.453,217.486,35.289337,24.602837,0.597545,0.02044,8.505125,8.505125,8.504784,8.504784,0.019148,2e-05,-0.296595,-2.061429,0.147304,2.059362,3.376095,0.976276,0.71437,49.572186,50.033218,0.497313,15360.0,0.983669,48.845596,48.925007,0.666048,1008.0,14995.59375,1024.0,1024.0,153.79126,369000,64.0,1999.3
0,369800,22800,6527.133,217.486,43.584332,31.266907,0.677506,0.02044,10.011704,10.011704,10.011593,10.011593,0.032822,2.1e-05,-0.345811,-2.321246,0.175922,2.314689,3.331554,0.976293,0.644212,49.846748,50.358021,0.586093,15360.0,1.027339,49.346272,50.326942,1.294856,1008.0,14995.855469,1024.0,1024.0,160.358643,369800,64.0,1999.3
0,370600,22850,6540.799,217.486,36.799816,25.525513,0.666097,0.02044,9.100006,9.100006,9.100006,9.100006,0.029023,1.9e-05,-0.285725,-2.216261,0.15339,2.213574,3.384346,0.976295,0.580974,50.024597,50.469807,0.519124,15360.0,0.9417,49.45396,49.962105,1.036977,1008.0,14995.895508,1024.0,1024.0,186.86618,370600,64.0,1999.3
0,371400,22900,6554.564,217.486,39.00008,27.004601,0.662309,0.02044,9.822857,9.822857,9.822857,9.822857,0.031392,1.9e-05,-0.331819,-2.199347,0.158154,2.195705,3.444618,0.976245,0.584971,50.138569,50.629005,0.544779,15360.0,0.848121,49.769154,50.349148,1.050012,1008.0,14995.125,1024.0,1024.0,196.214066,371400,64.0,1999.3
0,372200,22950,6568.246,217.486,39.491066,28.045275,0.641602,0.02044,9.460703,9.460703,9.460703,9.460703,0.028375,1.9e-05,-0.434067,-2.402806,0.188619,2.390016,3.49382,0.976292,0.567617,50.404835,51.012592,0.659002,15360.0,0.811407,49.81863,50.096668,0.892798,1008.0,14995.841797,1024.0,1024.0,135.569672,372200,64.0,1999.3
0,373000,23000,6582.0,217.486,37.661194,26.725082,0.63012,0.02044,8.859625,8.859625,8.859625,8.859625,0.022804,1.9e-05,-0.215174,-2.071208,0.121138,2.074438,3.552322,0.976249,0.482085,50.226151,50.605572,0.43032,15360.0,0.910178,49.42738,49.800911,0.851616,1008.0,14995.175781,1024.0,1024.0,192.673691,373000,64.0,1999.3
0,373800,23050,6595.62,217.486,40.626396,29.138885,0.604742,0.02044,9.40942,9.40942,9.409278,9.409278,0.022757,1.9e-05,-0.28439,-2.206753,0.143919,2.208561,3.689625,0.976297,0.550771,50.612183,51.074448,0.531009,15360.0,0.818618,49.929993,50.263451,1.026655,1008.0,14995.915039,1024.0,1024.0,160.508804,373800,64.0,1999.3
0,374600,23100,6609.396,217.486,40.803032,29.653275,0.627404,0.02044,9.070724,9.070724,9.070329,9.070329,0.031015,1.9e-05,-0.278285,-2.207522,0.147429,2.208799,3.84132,0.976255,0.522502,50.660545,51.138676,0.566324,15360.0,0.933005,49.847584,50.187962,1.135588,1008.0,14995.27832,1024.0,1024.0,156.550537,374600,64.0,1999.3
0,375400,23150,6646.684,233.151,38.915112,27.914476,0.583314,0.02044,8.978782,8.978782,8.978782,8.978782,0.021556,1.9e-05,-0.309499,-2.394829,0.156634,2.39478,4.007507,0.976269,0.583247,50.907249,51.432217,0.62771,15360.0,0.821588,50.157158,50.28756,0.91423,1008.0,14995.498047,1024.0,1024.0,151.957214,375400,64.0,1999.3
0,376200,23200,6660.465,233.151,32.03265,22.175531,0.628119,0.02044,7.89722,7.89722,7.89722,7.89722,0.023451,1.9e-05,-0.25133,-2.093974,0.126067,2.07675,4.23278,0.976281,0.54743,50.901035,51.370876,0.533615,15360.0,0.751719,50.123116,49.922192,0.622442,1008.0,14995.681641,1024.0,1024.0,156.949799,376200,64.0,1999.3
0,377000,23250,6674.242,233.151,37.826591,26.171202,0.622931,0.02044,9.476847,9.476847,9.476847,9.476847,0.02635,1.8e-05,-0.18222,-2.243697,0.10901,2.216252,4.500202,0.976261,0.565937,50.999374,51.369568,0.490569,15360.0,0.679237,50.306358,50.308475,0.732866,1008.0,14995.369141,1024.0,1024.0,164.392075,377000,64.0,1999.3
0,377800,23300,6687.832,233.151,48.415855,35.551109,0.65247,0.02044,10.380903,10.380903,10.380903,10.380903,0.032317,1.9e-05,-0.259906,-2.404658,0.138361,2.392706,4.8349,0.976274,0.804878,51.743618,52.2836,0.668961,15360.0,0.759581,51.123646,51.657021,1.080851,1008.0,14995.570312,1024.0,1024.0,189.158173,377800,64.0,1999.3
0,378600,23350,6701.614,233.151,31.791752,21.748585,0.627772,0.02044,7.9117,7.9117,7.911361,7.911361,0.023495,1.7e-05,-0.223796,-1.85762,0.113409,1.859058,5.13203,0.976268,0.67051,51.427837,51.972591,0.582019,15360.0,0.817895,50.651627,51.013931,0.922246,1008.0,14995.477539,1024.0,1024.0,295.916626,378600,64.0,1999.3
0,379400,23400,6715.382,233.151,39.969971,28.116404,0.588243,0.02044,9.519831,9.519831,9.519831,9.519831,0.019091,1.8e-05,-0.21027,-1.935543,0.119804,1.911892,5.341248,0.976274,0.749656,51.549721,52.105766,0.639903,15360.0,0.778931,50.576977,50.689342,0.737076,1008.0,14995.564453,1024.0,1024.0,169.276642,379400,64.0,1999.3
0,380200,23450,6729.056,233.151,44.5714,31.367678,0.576476,0.02044,10.631824,10.631824,10.631815,10.631815,0.022238,1.8e-05,-0.249595,-2.329029,0.127347,2.325079,5.586655,0.976267,0.907304,52.260998,52.834557,0.711441,15360.0,0.846964,51.226425,51.339024,1.023894,1008.0,14995.458984,1024.0,1024.0,152.083496,380200,64.0,1999.3
0,381000,23500,6742.784,233.151,40.947399,28.916422,0.6038,0.02044,9.380698,9.380698,9.380698,9.380698,0.023173,1.8e-05,-0.168616,-2.151121,0.121674,2.175245,5.801758,0.976248,0.954327,52.558819,53.043068,0.705923,15360.0,1.007534,51.630512,52.003052,1.165782,1008.0,14995.166016,1024.0,1024.0,220.641434,381000,64.0,1999.3
0,381800,23550,6756.357,233.151,42.962616,30.051641,0.632655,0.02044,10.064734,10.064734,10.064734,10.064734,0.032474,1.7e-05,-0.224843,-2.230316,0.121328,2.248475,6.010971,0.97628,1.07894,53.199158,53.792477,0.7293,15360.0,1.108587,52.571007,53.545189,1.398139,1008.0,14995.661133,1024.0,1024.0,176.000168,381800,64.0,1999.3
0,382600,23600,6770.107,233.151,43.331917,31.196159,0.69947,0.02044,9.305248,9.305248,9.305248,9.305248,0.035928,1.7e-05,-0.21998,-2.172133,0.128795,2.159667,6.156773,0.976269,1.084021,53.512028,54.149548,0.792963,15360.0,1.053423,52.691734,53.080967,0.858131,1008.0,14995.486328,1024.0,1024.0,224.68219,382600,64.0,1999.3
0,383400,23650,6783.77,233.151,35.82082,24.60244,0.673125,0.02044,8.499342,8.499342,8.499166,8.499166,0.033891,1.6e-05,-0.097287,-1.806325,0.075483,1.794084,6.255116,0.976263,0.986413,52.461128,52.812771,0.472152,15360.0,0.95471,51.882,52.077835,0.736283,1008.0,14995.398438,1024.0,1024.0,188.856201,383400,64.0,1999.3
0,384200,23700,6797.513,233.151,37.978077,26.410908,0.578295,0.02044,8.762167,8.762167,8.762167,8.762167,0.019308,1.7e-05,-0.16367,-2.208214,0.104001,2.222719,6.356339,0.976269,1.162667,53.871677,54.366837,0.661064,15360.0,1.103498,52.70599,53.131535,1.062614,1008.0,14995.488281,1024.0,1024.0,197.948761,384200,64.0,1999.3
0,385000,23750,6811.164,233.151,45.570175,32.233875,0.641603,0.02044,10.328505,10.328505,10.328505,10.328505,0.03242,1.8e-05,-0.217032,-2.48186,0.110195,2.496377,6.518791,0.976264,1.169667,54.403679,54.973034,0.71834,15360.0,1.20091,53.506058,54.148113,1.246833,1008.0,14995.421875,1024.0,1024.0,138.452423,385000,64.0,1999.3
0,385800,23800,6824.827,233.151,42.310982,29.058838,0.657143,0.02044,10.246303,10.246303,10.246303,10.246303,0.032844,1.6e-05,-0.137188,-2.275912,0.08023,2.288064,6.575119,0.97626,1.119829,53.572948,53.950542,0.527521,15360.0,1.069951,52.948959,53.302471,0.990741,1008.0,14995.345703,1024.0,1024.0,181.069931,385800,64.0,1999.3
0,386600,23850,6838.507,233.151,47.269531,34.088394,0.769854,0.02044,10.04092,10.04092,10.04092,10.04092,0.048215,1.8e-05,-0.1595,-2.433013,0.105861,2.424906,6.562542,0.976278,1.14405,54.291378,54.74485,0.69472,15360.0,1.204257,53.685432,54.301262,1.266159,1008.0,14995.624023,1024.0,1024.0,234.771439,386600,64.0,1999.3
0,387400,23900,6852.256,233.151,44.810081,32.357483,0.637596,0.02044,9.503305,9.503305,9.503305,9.503305,0.028209,1.7e-05,-0.094937,-2.087391,0.090055,2.105737,6.555374,0.976281,1.107445,53.553738,53.870022,0.590344,15360.0,1.094746,52.817898,52.683613,0.911001,1008.0,14995.676758,1024.0,1024.0,195.619156,387400,64.0,1999.3
0,388200,23950,6865.913,233.151,41.337761,29.371122,0.624357,0.02044,9.153524,9.153524,9.153524,9.153524,0.024196,1.6e-05,-0.200596,-2.240954,0.104868,2.240775,6.617958,0.976284,1.116327,54.815182,55.384712,0.694011,15360.0,1.124118,53.934044,54.262482,0.894969,1008.0,14995.714844,1024.0,1024.0,212.703003,388200,64.0,1999.3
0,389000,24000,6879.662,233.151,41.35408,28.773806,0.578832,0.02044,9.685995,9.685995,9.685995,9.685995,0.020934,1.7e-05,-0.140721,-2.231568,0.085752,2.239011,6.618332,0.976285,1.132318,54.291092,54.704662,0.567534,15360.0,1.11603,53.24353,53.122128,0.746728,1008.0,14995.744141,1024.0,1024.0,174.506409,389000,64.0,1999.3
0,389800,24050,6893.251,233.151,40.819969,28.115925,0.638184,0.02044,9.73303,9.73303,9.73303,9.73303,0.027505,1.5e-05,-0.118072,-2.018945,0.069691,2.024145,6.622948,0.976253,1.146052,53.86116,54.202465,0.461561,15360.0,1.037015,53.001747,52.947586,0.63984,1008.0,14995.240234,1024.0,1024.0,154.87825,389800,64.0,1999.3
0,390600,24100,6907.008,233.151,43.273933,30.458344,0.642328,0.02044,9.861256,9.861256,9.860594,9.860594,0.028453,1.6e-05,-0.173863,-2.305424,0.104911,2.293424,6.550846,0.976277,1.104489,55.617958,56.152885,0.687259,15360.0,1.249372,54.83477,55.423809,1.217243,1008.0,14995.619141,1024.0,1024.0,155.18042,390600,64.0,1999.3
0,391400,24150,6920.679,233.151,43.22168,30.278122,0.636995,0.02044,10.029234,10.029234,10.029234,10.029234,0.028914,1.6e-05,-0.179211,-2.36616,0.099898,2.353091,6.525566,0.976297,1.050919,55.978153,56.486927,0.651888,15360.0,1.2742,55.148434,55.186195,0.931408,1008.0,14995.916016,1024.0,1024.0,213.508423,391400,64.0,1999.3
0,392200,24200,6934.455,233.151,42.163197,29.707886,0.588814,0.02044,9.709049,9.709049,9.709049,9.709049,0.019752,1.6e-05,-0.206753,-2.463755,0.105404,2.468778,6.468102,0.976264,1.017507,56.096558,56.656799,0.681766,15360.0,1.184489,55.007717,55.141907,1.017502,1008.0,14995.410156,1024.0,1024.0,139.646729,392200,64.0,1999.3
0,393000,24250,6948.164,233.151,37.98983,25.929249,0.600915,0.02044,9.059851,9.059851,9.059689,9.059689,0.023394,1.5e-05,-0.091752,-2.038659,0.072156,2.019287,6.428596,0.976284,1.177853,55.18676,55.486839,0.463861,15360.0,1.290949,54.171146,54.605007,1.258741,1008.0,14995.717773,1024.0,1024.0,214.145538,393000,64.0,1999.3
0,393800,24300,6961.858,233.151,34.185322,23.060825,0.621185,0.02044,8.235813,8.235813,8.235813,8.235813,0.025586,1.5e-05,-0.098178,-1.969926,0.06921,1.984526,6.437542,0.976268,1.163159,55.253998,55.571903,0.445545,15360.0,1.194976,54.222031,54.0765,0.735416,1008.0,14995.472656,1024.0,1024.0,237.781052,393800,64.0,1999.3
0,394600,24350,6975.63,233.151,42.932709,29.815111,0.639965,0.02044,10.256499,10.256499,10.256499,10.256499,0.02935,1.6e-05,-0.185599,-2.17978,0.102715,2.181826,6.385868,0.976278,1.034463,55.620846,56.147472,0.655921,15360.0,1.087253,54.974228,55.439411,1.091565,1008.0,14995.623047,1024.0,1024.0,116.87207,394600,64.0,1999.3
0,395400,24400,6989.314,233.151,42.058681,29.416965,0.65867,0.02044,9.737523,9.737523,9.737523,9.737523,0.035999,1.6e-05,-0.167467,-2.228768,0.096863,2.229046,6.369411,0.976287,1.018524,56.366371,56.86692,0.616962,15360.0,1.334242,55.713596,57.039368,1.740471,1008.0,14995.765625,1024.0,1024.0,157.130386,395400,64.0,1999.3
0,396200,24450,7003.1,233.151,41.475258,29.161631,0.632213,0.02044,9.360684,9.360684,9.360651,9.360651,0.025663,1.5e-05,-0.131371,-2.014402,0.086925,2.017763,6.331623,0.976248,1.100695,55.413651,55.82296,0.550375,15360.0,1.316313,54.45237,55.079269,1.209207,1008.0,14995.164062,1024.0,1024.0,184.423767,396200,64.0,1999.3
0,397000,24500,7016.792,233.151,40.044323,27.892189,0.580933,0.02044,9.322084,9.322084,9.322084,9.322084,0.023409,1.5e-05,-0.147782,-2.103985,0.092758,2.085178,6.300991,0.976312,1.05669,56.115032,56.573154,0.58447,15360.0,1.291856,55.147038,55.51469,1.330993,1008.0,14996.146484,1024.0,1024.0,159.067551,397000,64.0,1999.3
0,397800,24550,7030.394,233.151,43.015549,30.622826,0.628288,0.02044,9.533991,9.533991,9.533991,9.533991,0.027925,1.5e-05,-0.095262,-2.191541,0.08706,2.210726,6.234615,0.976294,0.995911,56.707119,57.005527,0.542787,15360.0,1.186513,56.092461,56.096939,1.101614,1008.0,14995.873047,1024.0,1024.0,185.642029,397800,64.0,1999.3
0,398600,24600,7044.151,233.151,42.286995,29.587299,0.629799,0.02044,9.811028,9.811028,9.811028,9.811028,0.026506,1.5e-05,-0.114851,-2.168265,0.082643,2.170215,6.225029,0.976309,1.001673,56.515148,56.859165,0.514455,15360.0,1.235007,55.74649,56.24506,1.210583,1008.0,14996.111328,1024.0,1024.0,229.858429,398600,64.0,1999.3
0,399400,24650,7057.93,233.151,36.356709,25.124468,0.602009,0.02044,8.427682,8.427682,8.427682,8.427682,0.02233,1.4e-05,-0.129808,-1.939927,0.083593,1.944221,6.209717,0.97628,1.08439,56.180302,56.572945,0.519088,15360.0,1.282524,55.391029,56.098,1.135005,1008.0,14995.662109,1024.0,1024.0,186.710556,399400,64.0,1999.3
0,400200,24700,7095.687,248.671,43.544003,29.912552,0.561175,0.02044,10.779215,10.779215,10.779215,10.779215,0.018691,1.4e-05,-0.166588,-2.198596,0.094947,2.192369,6.271809,0.976279,0.987614,56.474907,56.941944,0.595491,15360.0,1.2389,55.335445,55.281494,1.075612,1008.0,14995.640625,1024.0,1024.0,188.356125,400200,64.0,1999.3
0,401000,24750,7109.374,248.671,43.971279,30.720356,0.595052,0.02044,10.541962,10.541962,10.541962,10.541962,0.022244,1.5e-05,-0.20608,-2.113257,0.116715,2.122235,6.276527,0.976301,0.906033,57.149822,57.753853,0.732562,15360.0,1.131061,56.003262,55.80394,0.944827,1008.0,14995.983398,1024.0,1024.0,160.96933,401000,64.0,1999.3
0,401800,24800,7123.034,248.671,35.815479,24.206688,0.638226,0.02044,8.892751,8.892751,8.892751,8.892751,0.024132,1.3e-05,-0.142679,-1.965533,0.086567,1.962633,6.306561,0.976293,0.951511,57.018597,57.451328,0.545941,15360.0,1.197566,56.144905,56.139244,0.786166,1008.0,14995.855469,1024.0,1024.0,109.42952,401800,64.0,1999.3
0,402600,24850,7136.712,248.671,46.365128,33.794888,0.593449,0.02044,9.79466,9.79466,9.79466,9.79466,0.024066,1.5e-05,-0.140631,-2.204834,0.09341,2.21758,6.362877,0.976245,0.981755,56.357975,56.78466,0.594354,15360.0,1.137008,55.282154,55.510452,1.271576,1008.0,14995.126953,1024.0,1024.0,209.163727,402600,64.0,1999.3
0,403400,24900,7150.464,248.671,45.560085,31.998566,0.641212,0.02044,10.741362,10.741362,10.741362,10.741362,0.030704,1.5e-05,-0.131009,-2.39475,0.0879,2.39976,6.400227,0.976288,0.892997,57.222832,57.579811,0.562583,15360.0,1.074595,56.635311,57.029408,1.286343,1008.0,14995.783203,1024.0,1024.0,166.677933,403400,64.0,1999.3
0,404200,24950,7164.148,248.671,43.108997,30.049503,0.610627,0.02044,10.111366,10.111366,10.111366,10.111366,0.022236,1.5e-05,-0.088754,-2.028215,0.068341,2.054443,6.544331,0.976294,1.060458,56.408134,56.688915,0.447249,15360.0,1.114066,55.394894,55.413208,0.736145,1008.0,14995.880859,1024.0,1024.0,145.177551,404200,64.0,1999.3
0,405000,25000,7177.929,248.671,39.826557,27.709621,0.591371,0.02044,9.437502,9.437502,9.437502,9.437502,0.019185,1.3e-05,-0.193001,-2.072306,0.114198,2.083266,6.651962,0.976282,1.001352,57.205601,57.793678,0.75964,15360.0,1.051749,56.003311,55.919212,0.770852,1008.0,14995.691406,1024.0,1024.0,144.229767,405000,64.0,1999.3
0,405800,25050,7191.545,248.671,41.412201,28.731966,0.585366,0.02044,9.970316,9.970316,9.970316,9.970316,0.023395,1.2e-05,-0.211593,-2.192846,0.109566,2.205441,6.762489,0.976272,0.950653,57.900337,58.507061,0.740939,15360.0,1.226726,56.941128,57.798523,1.418706,1008.0,14995.535156,1024.0,1024.0,149.335358,405800,64.0,1999.3
0,406600,25100,7205.325,248.671,45.996307,32.782112,0.622845,0.02044,10.44677,10.44677,10.44677,10.44677,0.026208,1.4e-05,-0.219651,-2.250392,0.116779,2.270857,6.906734,0.976267,0.977829,58.006001,58.65509,0.806559,15360.0,1.070953,57.010334,57.380352,1.177304,1008.0,14995.464844,1024.0,1024.0,200.679916,406600,64.0,1999.3
0,407400,25150,7219.044,248.671,35.61916,24.416386,0.581671,0.02044,8.517039,8.517039,8.516949,8.516949,0.020031,1.3e-05,-0.151002,-2.050318,0.083093,2.043873,7.083332,0.9763,1.044057,57.302925,57.775467,0.588579,15360.0,1.129539,56.155308,56.053646,0.652417,1008.0,14995.967773,1024.0,1024.0,158.678696,407400,64.0,1999.3
0,408200,25200,7232.805,248.671,42.623905,30.67028,0.621867,0.02044,9.396749,9.396749,9.396749,9.396749,0.027727,1.4e-05,-0.215518,-2.397511,0.119537,2.387596,7.176979,0.976279,0.888755,59.141987,59.815456,0.857917,15360.0,1.005528,58.319775,59.252987,1.47589,1008.0,14995.638672,1024.0,1024.0,156.205856,408200,64.0,1999.3
0,409000,25250,7246.488,248.671,39.699547,27.57095,0.64217,0.02044,9.362293,9.362293,9.362293,9.362293,0.025719,1.3e-05,-0.150031,-1.900074,0.096114,1.914687,7.338882,0.976301,1.023482,58.576435,59.125671,0.705369,15360.0,0.980031,57.605556,57.746082,0.790593,1008.0,14995.989258,1024.0,1024.0,175.949707,409000,64.0,1999.3
0,409800,25300,7260.181,248.671,44.631462,31.49218,0.532205,0.02044,10.370538,10.370538,10.370538,10.370538,0.018973,1.3e-05,-0.134058,-2.279569,0.092502,2.250593,7.485249,0.976309,0.9579,58.485394,58.950142,0.692403,15360.0,1.184034,57.226528,57.492889,1.339433,1008.0,14996.103516,1024.0,1024.0,142.871582,409800,64.0,1999.3
0,410600,25350,7273.894,248.671,37.943684,25.545979,0.601713,0.02044,9.517195,9.517195,9.517195,9.517195,0.024061,1.3e-05,-0.109876,-2.058507,0.075116,2.06882,7.731468,0.976244,1.071747,58.269737,58.668461,0.58076,15360.0,1.149219,57.203644,57.269283,0.970822,1008.0,14995.105469,1024.0,1024.0,155.865021,410600,64.0,1999.3
0,411400,25400,7287.675,248.671,46.94706,34.245213,0.612863,0.02044,9.900311,9.900311,9.900311,9.900311,0.027971,1.4e-05,-0.120876,-2.376778,0.104464,2.364346,8.018391,0.976261,0.99639,59.008694,59.433262,0.837634,15360.0,1.008961,57.992222,57.753868,1.147019,1008.0,14995.373047,1024.0,1024.0,196.128632,411400,64.0,1999.3
0,412200,25450,7301.358,248.671,43.811047,31.152641,0.60425,0.02044,9.828952,9.828952,9.828952,9.828952,0.020099,1.4e-05,-0.11594,-2.110421,0.085124,2.121284,8.275642,0.976316,1.036651,59.343361,59.81501,0.704456,15360.0,1.003852,57.939075,57.939548,0.928994,1008.0,14996.208984,1024.0,1024.0,215.430313,412200,64.0,1999.3
0,413000,25500,7315.148,248.671,39.1534,26.99482,0.621026,0.02044,9.310547,9.310547,9.310547,9.310547,0.025968,1.2e-05,-0.082355,-2.093626,0.071435,2.086777,8.562408,0.976293,1.038706,59.50531,59.834911,0.611659,15360.0,1.063865,58.721069,58.835258,0.929463,1008.0,14995.859375,1024.0,1024.0,178.548111,413000,64.0,1999.3
0,413800,25550,7328.767,248.671,39.698338,27.337517,0.642353,0.02044,9.424393,9.424393,9.424309,9.424309,0.028053,1.2e-05,-0.102066,-1.987138,0.073201,1.982474,8.642452,0.976264,1.068575,59.266251,59.701042,0.632636,15360.0,1.215616,58.245914,58.49395,0.982963,1008.0,14995.421875,1024.0,1024.0,162.202057,413800,64.0,1999.3
0,414600,25600,7342.558,248.671,40.45945,28.112778,0.63507,0.02044,9.421082,9.421082,9.421005,9.421005,0.026762,1.3e-05,-0.099988,-2.004282,0.065592,2.016176,8.935383,0.976301,1.079878,59.779854,60.164845,0.586092,15360.0,1.160268,58.965206,59.304993,1.07015,1008.0,14995.986328,1024.0,1024.0,163.164673,414600,64.0,1999.3
0,415400,25650,7356.228,248.671,43.573185,30.424461,0.604063,0.02044,10.106369,10.106369,10.106369,10.106369,0.026323,1.2e-05,-0.105001,-2.17845,0.075811,2.176341,9.183941,0.97627,1.140037,60.116158,60.56316,0.696248,15360.0,1.240597,59.071964,59.489857,1.177136,1008.0,14995.501953,1024.0,1024.0,180.681976,415400,64.0,1999.3
0,416200,25700,7370.002,248.671,43.550323,30.805151,0.646138,0.02044,9.760813,9.760813,9.760813,9.760813,0.029485,1.2e-05,-0.081031,-1.921118,0.068004,1.916114,9.400414,0.97629,1.081337,59.774532,60.137341,0.639262,15360.0,1.137975,58.738441,58.845249,1.044824,1008.0,14995.820312,1024.0,1024.0,189.0448,416200,64.0,1999.3
0,417000,25750,7383.71,248.671,42.864193,29.510059,0.561011,0.02044,10.390823,10.390823,10.390633,10.390633,0.0199,1.3e-05,-0.123198,-2.041233,0.078224,2.004982,9.767181,0.976267,1.106839,61.247341,61.834816,0.764026,15360.0,1.197119,59.802589,59.709682,0.96086,1008.0,14995.461914,1024.0,1024.0,176.768707,417000,64.0,1999.3
0,417800,25800,7397.409,248.671,40.862423,28.376659,0.599258,0.02044,9.541238,9.541238,9.541206,9.541206,0.025152,1.1e-05,-0.131571,-2.082153,0.080747,2.076091,10.079308,0.976286,1.136533,62.310768,62.922096,0.813878,15360.0,1.219132,61.267124,61.952785,1.23164,1008.0,14995.759766,1024.0,1024.0,202.379227,417800,64.0,1999.3
0,418600,25850,7411.178,248.671,41.303238,28.741249,0.619674,0.02044,9.617667,9.617667,9.617667,9.617667,0.023861,1.1e-05,-0.120322,-1.954737,0.072661,1.958217,10.353058,0.976299,1.072366,61.772861,62.380814,0.752261,15360.0,1.301336,60.718342,61.03463,1.248777,1008.0,14995.945312,1024.0,1024.0,146.690674,418600,64.0,1999.3
0,419400,25900,7424.86,248.671,45.444752,32.13755,0.613142,0.02044,10.295414,10.295414,10.295225,10.295225,0.026614,1.2e-05,-0.115549,-1.970872,0.076049,1.950523,10.56282,0.976273,1.079102,62.392273,62.978855,0.803292,15360.0,1.283715,61.25581,61.445347,1.360203,1008.0,14995.556641,1024.0,1024.0,211.207169,419400,64.0,1999.3
0,420200,25950,7438.647,248.671,40.08683,28.082859,0.631938,0.02044,9.158716,9.158716,9.158716,9.158716,0.025962,1.2e-05,-0.063715,-1.913261,0.053446,1.923945,10.798317,0.976257,0.985677,60.755878,61.084103,0.577124,15360.0,1.183482,59.672886,59.807697,1.067189,1008.0,14995.30957,1024.0,1024.0,174.644012,420200,64.0,1999.3
0,421000,26000,7452.333,248.671,46.125809,32.97551,0.584867,0.02044,10.282516,10.282516,10.282516,10.282516,0.024332,1.2e-05,-0.069903,-1.783657,0.058421,1.795144,10.919445,0.976285,0.924078,60.302803,60.724213,0.637927,15360.0,1.266833,59.00602,58.981316,1.157347,1008.0,14995.741211,1024.0,1024.0,135.628403,421000,64.0,1999.3
0,421800,26050,7465.955,248.671,36.179478,24.999172,0.62687,0.02044,8.420238,8.420238,8.419916,8.419916,0.025223,1.1e-05,-0.051445,-1.606293,0.046591,1.61645,11.09285,0.976278,0.93736,61.468712,61.81245,0.516832,15360.0,1.28273,60.597546,61.244995,1.519292,1008.0,14995.636719,1024.0,1024.0,168.985428,421800,64.0,1999.3
0,422600,26100,7479.777,248.671,42.955166,29.821239,0.588093,0.02044,10.190603,10.190603,10.190603,10.190603,0.022779,1.2e-05,-0.082671,-1.951283,0.063011,1.962526,11.27486,0.976283,1.007025,62.937244,63.414963,0.71044,15360.0,1.304572,61.74102,61.717159,1.332206,1008.0,14995.703125,1024.0,1024.0,186.90593,422600,64.0,1999.3
0,423400,26150,7493.619,248.671,39.436073,27.483992,0.625825,0.02044,9.288647,9.288647,9.288647,9.288647,0.027595,1e-05,-0.059461,-1.482738,0.044248,1.487115,11.482315,0.976282,0.813809,60.773369,61.119877,0.508072,15360.0,1.113193,59.659454,59.316086,0.844689,1008.0,14995.686523,1024.0,1024.0,229.028152,423400,64.0,1999.3
0,424200,26200,7507.36,248.671,39.257256,27.221487,0.625711,0.02044,9.342456,9.342456,9.342456,9.342456,0.026181,1.1e-05,-0.06798,-1.409425,0.057356,1.424123,11.63678,0.976307,0.832384,61.808079,62.312561,0.667437,15360.0,1.161696,60.777126,60.742493,1.018743,1008.0,14996.071289,1024.0,1024.0,180.290237,424200,64.0,1999.3
0,425000,26250,7521.15,248.671,37.247742,25.181183,0.627552,0.02044,9.438976,9.438976,9.438976,9.438976,0.027623,1e-05,-0.048826,-1.294974,0.037826,1.317593,11.755161,0.976291,0.775154,60.721813,61.043739,0.444648,15360.0,1.031222,59.789463,59.915604,0.807886,1008.0,14995.828125,1024.0,1024.0,246.338058,425000,64.0,1999.3
0,425800,26300,7559.409,264.35,39.945885,27.853882,0.600011,0.02044,9.428149,9.428149,9.42812,9.42812,0.021419,1.1e-05,-0.076947,-1.482557,0.057283,1.476374,11.819489,0.97627,0.805132,63.302193,63.856983,0.677057,15360.0,1.241346,62.111099,62.321888,1.226037,1008.0,14995.513672,1024.0,1024.0,288.50589,425800,64.0,1999.3
0,426600,26350,7573.189,264.35,35.969246,24.935846,0.57658,0.02044,8.528076,8.528076,8.528076,8.528076,0.020202,1e-05,-0.059223,-1.437542,0.04714,1.423707,11.890255,0.976308,0.766695,62.66317,63.099331,0.56051,15360.0,1.160083,61.493721,61.71389,1.079962,1008.0,14996.087891,1024.0,1024.0,192.67804,426600,64.0,1999.3
0,427400,26400,7586.961,264.35,42.611099,30.056156,0.674161,0.02044,9.825698,9.825698,9.825698,9.825698,0.034887,1.1e-05,-0.038552,-1.254954,0.053724,1.270493,11.982086,0.976282,0.770698,63.244617,63.578049,0.64373,15360.0,1.066427,62.588783,62.56879,1.121333,1008.0,14995.698242,1024.0,1024.0,150.848862,427400,64.0,1999.3
0,428200,26450,7600.65,264.35,41.640095,28.605669,0.598716,0.02044,10.378396,10.378396,10.378139,10.378139,0.024896,1.1e-05,-0.035248,-1.180484,0.037095,1.189298,12.032341,0.976308,0.700803,61.009922,61.302803,0.446341,15360.0,1.111602,59.926792,60.030682,1.096863,1008.0,14996.089844,1024.0,1024.0,279.010071,428200,64.0,1999.3
0,429000,26500,7614.352,264.35,41.753483,28.905636,0.601962,0.02044,10.142147,10.142147,10.142147,10.142147,0.022724,1e-05,-0.032503,-1.478211,0.047889,1.504572,12.086178,0.976295,0.757749,65.337135,65.672379,0.578796,15360.0,1.146116,64.35051,64.097656,1.174707,1008.0,14995.892578,1024.0,1024.0,137.69841,429000,64.0,1999.3
0,429800,26550,7628.059,264.35,35.591034,24.007914,0.607052,0.02044,9.096014,9.096014,9.095926,9.095926,0.023178,1e-05,-0.036659,-1.116014,0.038459,1.122295,12.205498,0.976305,0.663102,63.0536,63.409855,0.469408,15360.0,1.078554,62.210693,62.440125,1.21841,1008.0,14996.044922,1024.0,1024.0,183.396179,429800,64.0,1999.3
0,430600,26600,7641.746,264.35,45.675793,32.890491,0.659983,0.02044,10.12902,10.12902,10.12902,10.12902,0.034849,1e-05,-0.024661,-1.083345,0.050614,1.095659,12.274811,0.976299,0.661452,62.864437,63.20015,0.621274,15360.0,1.08721,62.2005,62.877506,1.543197,1008.0,14995.957031,1024.0,1024.0,162.967529,430600,64.0,1999.3
0,431400,26650,7655.518,264.35,40.200062,28.429523,0.594371,0.02044,9.316576,9.316576,9.316576,9.316576,0.024507,1e-05,-0.039141,-1.109285,0.048381,1.120109,12.396255,0.976278,0.599004,63.281082,63.76947,0.59974,15360.0,1.158773,62.108227,62.523792,1.404449,1008.0,14995.634766,1024.0,1024.0,147.890564,431400,64.0,1999.3
0,432200,26700,7669.21,264.35,44.121346,31.31373,0.596115,0.02044,10.261255,10.261255,10.261255,10.261255,0.027364,1e-05,-0.0342,-1.246475,0.044812,1.244845,12.513905,0.976304,0.610765,63.944057,64.269272,0.56077,15360.0,1.090372,62.803246,62.62368,1.166272,1008.0,14996.035156,1024.0,1024.0,202.420746,432200,64.0,1999.3
0,433000,26750,7682.996,264.35,35.412308,24.154495,0.584717,0.02044,8.919542,8.919542,8.919542,8.919542,0.018338,1e-05,-0.02588,-0.767969,0.037424,0.775997,12.597214,0.976294,0.551713,61.401009,61.765568,0.471443,15360.0,1.051093,60.264378,60.394379,1.093968,1008.0,14995.880859,1024.0,1024.0,179.35762,433000,64.0,1999.3
0,433800,26800,7696.696,264.35,38.826263,27.40904,0.586372,0.02044,8.998991,8.998991,8.998991,8.998991,0.020059,1.1e-05,-0.040004,-1.103775,0.054536,1.110286,12.781612,0.976271,0.627538,65.008492,65.456345,0.697057,15360.0,1.079938,63.840034,63.918407,1.218265,1008.0,14995.515625,1024.0,1024.0,135.95163,433800,64.0,1999.3
0,434600,26850,7710.466,264.35,40.236908,28.419697,0.575373,0.02044,9.390589,9.390589,9.390186,9.390186,0.021605,1.1e-05,-0.028586,-1.06531,0.04759,1.061362,12.928272,0.976294,0.593742,64.032166,64.426178,0.615262,15360.0,1.088648,62.787415,62.727848,1.15104,1008.0,14995.878906,1024.0,1024.0,177.08522,434600,64.0,1999.3
0,435400,26900,7724.231,264.35,39.810108,27.969982,0.601074,0.02044,9.487134,9.487134,9.487134,9.487134,0.025779,9e-06,-0.022312,-0.740215,0.047133,0.763688,13.101017,0.976301,0.519423,65.702011,66.156883,0.617494,15360.0,0.952156,64.900246,65.095596,1.401237,1008.0,14995.983398,1024.0,1024.0,175.097977,435400,64.0,1999.3
0,436200,26950,7737.922,264.35,37.5382,25.947952,0.59396,0.02044,9.30601,9.30601,9.30601,9.30601,0.024556,1e-05,-0.041169,-0.695883,0.05415,0.66762,13.25956,0.976315,0.523647,65.084457,65.680992,0.718008,15360.0,0.85587,63.849838,63.890209,0.868243,1008.0,14996.191406,1024.0,1024.0,166.853134,436200,64.0,1999.3
0,437000,27000,7751.713,264.35,36.3536,25.555147,0.641289,0.02044,8.521584,8.521584,8.521465,8.521465,0.028633,1e-05,-0.021744,-0.472729,0.043513,0.488089,13.510708,0.976278,0.503941,64.636574,65.09243,0.587893,15360.0,0.935953,63.913261,64.167824,1.451744,1008.0,14995.634766,1024.0,1024.0,149.137604,437000,64.0,1999.3
0,437800,27050,7765.406,264.35,36.02737,24.565189,0.626374,0.02044,9.21226,9.21226,9.21226,9.21226,0.025938,1e-05,-0.001471,-0.15081,0.033366,0.145778,13.640736,0.976297,0.431476,62.15329,62.509518,0.455138,15360.0,0.839586,61.281719,61.509018,1.037338,1008.0,14995.915039,1024.0,1024.0,189.40538,437800,64.0,1999.3
0,438600,27100,7779.1,264.35,41.262638,29.097332,0.56016,0.02044,9.809907,9.809907,9.80977,9.80977,0.019628,1e-05,-0.046274,-0.849068,0.056716,0.848549,13.914032,0.976276,0.554201,66.24575,66.911919,0.789151,15360.0,0.952936,65.031769,65.409302,1.263592,1008.0,14995.592773,1024.0,1024.0,218.833237,438600,64.0,1999.3
0,439400,27150,7792.887,264.35,40.523556,28.287773,0.576998,0.02044,9.840673,9.840673,9.840673,9.840673,0.021761,1e-05,-0.031772,-0.495115,0.046264,0.482573,14.260262,0.97631,0.531847,64.243118,64.760719,0.659739,15360.0,1.045103,62.924686,63.122494,1.428679,1008.0,14996.123047,1024.0,1024.0,128.940109,439400,64.0,1999.3
0,440200,27200,7806.608,264.35,41.055557,28.769604,0.672678,0.02044,9.915334,9.915334,9.915334,9.915334,0.034694,9e-06,-0.012704,-0.14922,0.035711,0.162903,14.448891,0.976282,0.447525,63.637115,63.969337,0.515987,15360.0,0.83715,62.935986,63.325687,1.177443,1008.0,14995.685547,1024.0,1024.0,277.905182,440200,64.0,1999.3
0,441000,27250,7820.314,264.35,31.419395,21.243996,0.596745,0.02044,8.075146,8.075146,8.074975,8.074975,0.02,9e-06,-0.014214,-0.038047,0.035411,0.035009,14.722855,0.976295,0.435789,62.86842,63.272335,0.521352,15360.0,0.846596,61.66468,61.258266,0.813923,1008.0,14995.896484,1024.0,1024.0,208.959183,441000,64.0,1999.3
0,441800,27300,7834.006,264.35,38.94664,27.126202,0.633324,0.02044,9.417481,9.417481,9.417253,9.417253,0.025699,1e-05,-0.019802,-0.138697,0.036563,0.129554,15.078815,0.976274,0.538291,63.746151,64.111992,0.551321,15360.0,0.963177,62.751446,62.862293,1.211318,1008.0,14995.570312,1024.0,1024.0,236.377075,441800,64.0,1999.3
0,442600,27350,7847.709,264.35,43.051273,30.660179,0.636242,0.02044,9.84971,9.84971,9.84971,9.84971,0.028111,9e-06,-0.013875,-0.045895,0.050712,0.03839,15.333282,0.976283,0.608335,65.143875,65.77475,0.777581,15360.0,1.017574,64.13121,64.673309,1.530775,1008.0,14995.710938,1024.0,1024.0,220.778717,442600,64.0,1999.3
0,443400,27400,7861.502,264.35,36.614269,25.204609,0.593505,0.02044,9.04722,9.04722,9.04722,9.04722,0.023735,9e-06,-0.027333,0.048357,0.048343,-0.049154,15.729855,0.976279,0.656265,65.916443,66.554924,0.760436,15360.0,0.716135,64.645058,64.7789,0.985814,1008.0,14995.638672,1024.0,1024.0,234.946198,443400,64.0,1999.3
0,444200,27450,7875.298,264.35,39.164516,26.738647,0.628025,0.02044,10.022172,10.022172,10.022172,10.022172,0.02793,9e-06,-0.01079,0.22427,0.037114,-0.224111,16.175888,0.976306,0.561813,65.219322,65.634796,0.60036,15360.0,0.67331,64.703896,65.139496,1.12126,1008.0,14996.063477,1024.0,1024.0,210.521973,444200,64.0,1999.3
0,445000,27500,7888.986,264.35,44.972424,31.389156,0.597579,0.02044,11.045406,11.045406,11.045406,11.045406,0.02292,9e-06,-0.012436,0.186055,0.036645,-0.183028,16.423428,0.976299,0.566282,63.696136,64.070374,0.601829,15360.0,0.871522,62.874542,62.839539,0.912661,1008.0,14995.951172,1024.0,1024.0,183.242905,445000,64.0,1999.3
0,445800,27550,7902.668,264.35,38.924129,26.747665,0.63573,0.02044,9.729224,9.729224,9.729224,9.729224,0.028859,8e-06,-0.00544,-0.025852,0.034918,0.023465,16.798729,0.976307,0.608898,66.088058,66.263786,0.586579,15360.0,0.715625,65.459656,65.136223,0.970139,1008.0,14996.082031,1024.0,1024.0,215.615891,445800,64.0,1999.3
0,446600,27600,7916.466,264.35,41.854897,29.944445,0.636429,0.02044,9.287777,9.287777,9.287777,9.287777,0.026742,9e-06,-0.006826,0.437878,0.046247,-0.429072,17.176247,0.976315,0.736488,66.174904,66.750389,0.794346,15360.0,1.024549,65.406532,66.273056,1.772532,1008.0,14996.202148,1024.0,1024.0,202.336182,446600,64.0,1999.3
0,447400,27650,7930.165,264.35,39.908096,27.630798,0.645702,0.02044,9.640882,9.640882,9.640882,9.640882,0.0282,9e-06,0.000924,0.402806,0.04026,-0.391282,17.543556,0.976288,0.72014,65.20649,65.711594,0.706308,15360.0,0.950396,64.299576,64.828606,1.383321,1008.0,14995.785156,1024.0,1024.0,138.252823,447400,64.0,1999.3
0,448200,27700,7943.853,264.35,42.034939,29.222073,0.619021,0.02044,10.051021,10.051021,10.051021,10.051021,0.025041,9e-06,-0.030195,0.019538,0.055372,-0.021852,17.878292,0.976296,0.855852,67.373573,68.044769,0.989964,15360.0,0.97209,65.997528,66.518356,1.329496,1008.0,14995.90625,1024.0,1024.0,179.225616,448200,64.0,1999.3
0,449000,27750,7957.657,264.35,37.731274,25.661114,0.600796,0.02044,9.619612,9.619612,9.619612,9.619612,0.022552,9e-06,-0.015749,0.503891,0.033516,-0.525438,18.216175,0.976284,0.622375,64.206352,64.680161,0.610542,15360.0,0.869096,62.920567,62.654873,0.818434,1008.0,14995.714844,1024.0,1024.0,209.155838,449000,64.0,1999.3
0,449800,27800,7971.26,264.35,38.176929,26.365065,0.638013,0.02044,9.114233,9.114233,9.114233,9.114233,0.024941,8e-06,-0.032532,0.187098,0.050254,-0.202917,18.583618,0.976313,0.874937,68.520889,69.285225,0.9339,15360.0,0.951167,67.102493,67.543091,1.037072,1008.0,14996.163086,1024.0,1024.0,210.793549,449800,64.0,1999.3
0,450600,27850,8010.031,279.964,41.669727,29.136204,0.594498,0.02044,9.898071,9.898071,9.898071,9.898071,0.024986,8e-06,-0.022905,0.189771,0.035842,-0.200162,19.035374,0.976285,0.776305,66.528107,66.994926,0.682267,15360.0,0.924357,65.331139,65.104713,1.258706,1008.0,14995.735352,1024.0,1024.0,162.284332,450600,64.0,1999.3
0,451400,27900,8023.684,279.964,42.59766,29.393724,0.623874,0.02044,10.311536,10.311536,10.311536,10.311536,0.027156,9e-06,-0.003585,0.5062,0.040998,-0.496271,19.528118,0.976294,0.894544,68.963356,69.495934,0.800621,15360.0,1.086563,68.191406,68.999191,1.58624,1008.0,14995.880859,1024.0,1024.0,148.287003,451400,64.0,1999.3
0,452200,27950,8037.45,279.964,38.722691,26.460711,0.634165,0.02044,9.551467,9.551467,9.551467,9.551467,0.024879,9e-06,-0.010223,0.65793,0.034515,-0.654168,19.969925,0.976293,0.783288,67.128067,67.624298,0.689257,15360.0,1.092323,65.961288,66.322441,1.214718,1008.0,14995.857422,1024.0,1024.0,197.018478,452200,64.0,1999.3
0,453000,28000,8051.227,279.964,39.464134,27.014057,0.645268,0.02044,9.721524,9.721524,9.721524,9.721524,0.028703,8e-06,-0.011999,0.790258,0.03855,-0.780849,20.432758,0.976296,0.787957,68.594925,69.192192,0.787687,15360.0,1.049109,67.737915,68.411972,1.377141,1008.0,14995.905273,1024.0,1024.0,225.391602,453000,64.0,1999.3
0,453800,28050,8064.908,279.964,34.107502,23.296696,0.660827,0.02044,8.458903,8.458903,8.458903,8.458903,0.027376,8e-06,0.001659,1.537866,0.024332,-1.561902,20.751137,0.976295,0.545828,64.187592,64.523643,0.504918,15360.0,0.924182,63.384712,63.779057,1.063459,1008.0,14995.893555,1024.0,1024.0,184.859528,453800,64.0,1999.3
0,454600,28100,8078.599,279.964,41.026035,28.389561,0.601444,0.02044,9.845739,9.845739,9.845739,9.845739,0.022602,9e-06,-0.013075,0.484761,0.040729,-0.501176,21.023216,0.976295,0.856285,70.029053,70.707001,0.856259,15360.0,1.136897,68.728088,68.795753,1.03581,1008.0,14995.882812,1024.0,1024.0,179.617142,454600,64.0,1999.3
0,455400,28150,8092.379,279.964,41.212509,28.375832,0.586651,0.02044,10.009567,10.009567,10.009567,10.009567,0.019213,8e-06,0.001996,0.924341,0.035324,-0.939831,21.39267,0.976294,0.880105,71.352188,71.862267,0.755673,15360.0,1.123195,70.467667,70.904793,1.240716,1008.0,14995.878906,1024.0,1024.0,216.382385,455400,64.0,1999.3
0,456200,28200,8106.076,279.964,34.611736,23.21072,0.621653,0.02044,8.811449,8.811449,8.811449,8.811449,0.026254,8e-06,0.00192,1.287798,0.030924,-1.272905,21.64896,0.976298,0.756255,69.126076,69.611328,0.669481,15360.0,1.027185,68.162239,68.762032,1.26685,1008.0,14995.9375,1024.0,1024.0,170.861664,456200,64.0,1999.3
0,457000,28250,8119.86,279.964,39.556011,27.309933,0.616343,0.02044,9.566765,9.566765,9.566765,9.566765,0.026708,8e-06,-0.003635,1.221266,0.033984,-1.213058,21.869728,0.976277,0.758006,69.139023,69.646469,0.74321,15360.0,1.104942,68.023567,68.431053,1.274406,1008.0,14995.609375,1024.0,1024.0,197.887497,457000,64.0,1999.3
0,457800,28300,8133.547,279.964,43.440048,30.444214,0.679321,0.02044,10.166113,10.166113,10.166113,10.166113,0.037503,8e-06,0.00577,1.247875,0.028291,-1.22563,22.137882,0.976295,0.755489,69.413399,69.851585,0.626299,15360.0,1.173612,68.498779,68.87542,1.405357,1008.0,14995.896484,1024.0,1024.0,162.350922,457800,64.0,1999.3
0,458600,28350,8147.253,279.964,39.881744,27.853382,0.634072,0.02044,9.567627,9.567627,9.567627,9.567627,0.02403,8e-06,0.003643,1.568511,0.020897,-1.579768,22.320942,0.976295,0.546697,64.851921,65.104965,0.466447,15360.0,0.997066,63.901264,63.627129,1.130213,1008.0,14995.882812,1024.0,1024.0,245.647385,458600,64.0,1999.3
0,459400,28400,8161.03,279.964,39.575184,27.379868,0.690234,0.02044,9.376739,9.376739,9.376739,9.376739,0.037518,8e-06,0.022082,1.374806,0.033701,-1.392206,22.48156,0.976317,0.797205,72.121811,72.662308,0.757657,15360.0,1.169801,71.094963,71.682632,1.694817,1008.0,14996.220703,1024.0,1024.0,178.053421,459400,64.0,1999.3
0,460200,28450,8174.716,279.964,38.098049,25.900154,0.601046,0.02044,9.764482,9.764482,9.764482,9.764482,0.021759,8e-06,0.009132,2.048038,0.019074,-2.060592,22.573696,0.976303,0.529552,64.778221,65.043526,0.430578,15360.0,0.989309,63.682056,63.42239,0.939521,1008.0,14996.013672,1024.0,1024.0,172.414047,460200,64.0,1999.3
0,461000,28500,8188.422,279.964,38.986053,27.106974,0.670584,0.02044,9.308247,9.308247,9.308247,9.308247,0.03189,8e-06,0.020676,2.085989,0.02186,-2.077886,22.691502,0.976284,0.597616,67.47274,67.796074,0.496043,15360.0,1.102311,66.871101,67.66449,1.753652,1008.0,14995.722656,1024.0,1024.0,257.934906,461000,64.0,1999.3
0,461800,28550,8202.127,279.964,39.478661,27.057758,0.60582,0.02044,9.817806,9.817806,9.817806,9.817806,0.023585,8e-06,0.010795,1.610101,0.026312,-1.613542,22.877941,0.976311,0.655829,68.519798,68.925461,0.601962,15360.0,1.094773,67.209709,67.236519,0.938544,1008.0,14996.140625,1024.0,1024.0,160.269882,461800,64.0,1999.3
0,462600,28600,8215.829,279.964,45.287876,32.84433,0.623007,0.02044,9.750565,9.750565,9.750565,9.750565,0.029277,9e-06,0.014449,1.349783,0.030831,-1.36724,22.993122,0.976267,0.739388,70.220627,70.659103,0.708906,15360.0,1.068796,69.306099,69.121101,1.639185,1008.0,14995.454102,1024.0,1024.0,211.499908,462600,64.0,1999.3
0,463400,28650,8229.619,279.964,34.904423,23.42672,0.597887,0.02044,9.114998,9.114998,9.114896,9.114896,0.023283,7e-06,0.00882,2.043226,0.020268,-2.030463,23.143169,0.976293,0.532135,67.612991,67.925888,0.469066,15360.0,0.973082,66.429344,66.15892,0.978898,1008.0,14995.861328,1024.0,1024.0,184.939682,463400,64.0,1999.3
0,464200,28700,8243.409,279.964,40.874062,28.322418,0.626065,0.02044,9.902713,9.902713,9.902713,9.902713,0.02927,8e-06,0.036683,1.559487,0.035132,-1.573053,23.322655,0.976281,0.634535,72.868973,73.596321,0.81936,15360.0,1.136435,71.725479,72.474129,1.712121,1008.0,14995.679688,1024.0,1024.0,164.177979,464200,64.0,1999.3
0,465000,28750,8257.104,279.964,39.924065,27.215923,0.615573,0.02044,9.997673,9.997673,9.997673,9.997673,0.027267,8e-06,0.025796,1.611712,0.03136,-1.603644,23.517643,0.976287,0.697865,72.397797,72.876869,0.737518,15360.0,1.170096,71.260109,70.964798,1.614983,1008.0,14995.769531,1024.0,1024.0,193.194473,465000,64.0,1999.3
0,465800,28800,8270.8,279.964,40.842159,28.471958,0.616317,0.02044,9.866419,9.866419,9.866419,9.866419,0.027252,8e-06,0.014266,2.303237,0.021655,-2.287171,23.711105,0.976293,0.552583,65.57074,65.788834,0.513465,15360.0,1.045117,64.740082,64.488846,1.417591,1008.0,14995.855469,1024.0,1024.0,263.913269,465800,64.0,1999.3
0,466600,28850,8284.563,279.964,48.378086,34.561153,0.641781,0.02044,10.978727,10.978727,10.978727,10.978727,0.032759,8e-06,0.039599,1.717704,0.03762,-1.725066,23.97113,0.976308,0.702771,74.090271,74.70681,0.901805,15360.0,1.119134,73.204338,73.520622,1.915826,1008.0,14996.087891,1024.0,1024.0,167.3255,466600,64.0,1999.3
0,467400,28900,8298.255,279.964,37.075264,25.689396,0.577344,0.02044,9.0019,9.0019,9.0019,9.0019,0.019081,7e-06,0.031857,2.307841,0.025325,-2.307473,24.234921,0.97629,0.528466,67.904579,68.348183,0.613748,15360.0,1.085592,66.709679,66.912605,1.336613,1008.0,14995.814453,1024.0,1024.0,148.659164,467400,64.0,1999.3
0,468200,28950,8311.962,279.964,40.40617,27.607891,0.603527,0.02044,10.336755,10.336755,10.336755,10.336755,0.026696,7e-06,0.022442,2.173896,0.024839,-2.1755,24.480347,0.9763,0.4979,69.306564,69.742256,0.60807,15360.0,0.945126,68.37677,68.574753,1.356853,1008.0,14995.974609,1024.0,1024.0,149.158127,468200,64.0,1999.3
0,469000,29000,8325.754,279.964,39.165073,26.960621,0.598296,0.02044,9.82213,9.82213,9.821727,9.821727,0.024233,7e-06,0.013592,2.127863,0.021796,-2.141207,24.722313,0.976284,0.494255,69.377625,69.701454,0.538838,15360.0,0.911749,68.20282,68.124001,1.151371,1008.0,14995.720703,1024.0,1024.0,201.316437,469000,64.0,1999.3
0,469800,29050,8339.369,279.964,44.491558,31.572258,0.604041,0.02044,10.446262,10.446262,10.446262,10.446262,0.02598,8e-06,0.015186,2.382435,0.023966,-2.394327,24.942673,0.976308,0.500313,67.063271,67.394875,0.597772,15360.0,0.961433,66.28009,66.248543,1.396067,1008.0,14996.092773,1024.0,1024.0,150.334625,469800,64.0,1999.3
0,470600,29100,8353.155,279.964,37.370102,25.649296,0.622702,0.02044,9.274869,9.274869,9.274869,9.274869,0.025104,7e-06,0.023057,2.245492,0.024446,-2.228333,25.217098,0.976293,0.549564,69.293236,69.702126,0.616457,15360.0,1.00896,68.212494,68.271706,1.320476,1008.0,14995.866211,1024.0,1024.0,170.117279,470600,64.0,1999.3
0,471400,29150,8366.861,279.964,38.967823,26.847385,0.598421,0.02044,9.702427,9.702427,9.702427,9.702427,0.020949,6e-06,0.02467,2.444336,0.026796,-2.459839,25.526306,0.9763,0.515125,69.81736,70.337723,0.684014,15360.0,0.963709,68.530121,68.588982,1.147515,1008.0,14995.962891,1024.0,1024.0,234.556335,471400,64.0,1999.3
0,472200,29200,8380.655,279.964,44.770462,31.43272,0.569202,0.02044,10.905609,10.905609,10.905609,10.905609,0.021881,7e-06,0.011273,2.09395,0.019968,-2.099824,25.87772,0.976297,0.475033,68.50708,68.798988,0.516737,15360.0,0.885415,67.470474,67.10817,1.077215,1008.0,14995.916016,1024.0,1024.0,223.624847,472200,64.0,1999.3
0,473000,29250,8394.441,279.964,34.995953,24.078854,0.605006,0.02044,8.65583,8.65583,8.655703,8.655703,0.023364,7e-06,0.017308,2.651537,0.01974,-2.66747,26.184944,0.976301,0.492015,68.501877,68.766724,0.516903,15360.0,0.869724,67.518593,67.735802,1.081992,1008.0,14995.978516,1024.0,1024.0,222.55484,473000,64.0,1999.3
0,473800,29300,8408.066,279.964,36.358562,25.024487,0.632409,0.02044,8.9057,8.9057,8.905663,8.905663,0.025673,7e-06,0.026435,2.540107,0.028437,-2.503709,26.568687,0.976309,0.563049,70.267136,70.866005,0.755533,15360.0,0.984895,69.007507,69.120522,1.36952,1008.0,14996.104492,1024.0,1024.0,137.657074,473800,64.0,1999.3
0,474600,29350,8421.864,279.964,36.358807,24.938202,0.590559,0.02044,9.104474,9.104474,9.104474,9.104474,0.024148,6e-06,0.020783,2.825143,0.022887,-2.840825,26.982109,0.976287,0.516331,66.313568,66.760376,0.61753,15360.0,0.858571,65.304115,65.855377,1.261735,1008.0,14995.765625,1024.0,1024.0,197.77652,474600,64.0,1999.3
0,475400,29400,8461.189,295.583,37.969975,26.066498,0.628747,0.02044,9.497458,9.497458,9.497458,9.497458,0.027671,7e-06,0.014787,2.557052,0.022751,-2.575205,27.373306,0.976301,0.532343,69.134766,69.518837,0.622776,15360.0,0.866511,68.297455,68.091194,1.319588,1008.0,14995.988281,1024.0,1024.0,162.289398,475400,64.0,1999.3
0,476200,29450,8474.984,295.583,35.718258,24.140448,0.578604,0.02044,9.208705,9.208705,9.208393,9.208393,0.021118,6e-06,0.030666,2.874795,0.024458,-2.884706,27.861282,0.976299,0.565351,69.256317,69.813385,0.681439,15360.0,0.84391,68.291069,68.343658,1.284065,1008.0,14995.957031,1024.0,1024.0,219.024628,476200,64.0,1999.3
0,477000,29500,8488.66,295.583,41.457355,28.864971,0.625583,0.02044,10.033904,10.033904,10.033904,10.033904,0.026822,7e-06,0.007714,2.175125,0.028017,-2.16826,28.315952,0.976284,0.634079,70.085732,70.64978,0.793338,15360.0,0.890906,68.697655,68.668358,1.056484,1008.0,14995.723633,1024.0,1024.0,279.542297,477000,64.0,1999.3
0,477800,29550,8502.364,295.583,43.91124,30.949863,0.61348,0.02044,10.27825,10.27825,10.27825,10.27825,0.026045,7e-06,0.019744,2.160739,0.030701,-2.160358,28.767658,0.976315,0.734924,74.243416,74.807716,0.883195,15360.0,0.889036,73.422836,73.800087,1.712764,1008.0,14996.193359,1024.0,1024.0,202.552246,477800,64.0,1999.3
0,478600,29600,8516.084,295.583,39.344246,27.310688,0.634647,0.02044,9.317787,9.317787,9.317787,9.317787,0.027329,7e-06,0.024943,1.930032,0.03569,-1.925032,29.285686,0.976304,0.84467,76.136459,76.99987,1.045198,15360.0,0.864308,74.740067,75.104828,1.266188,1008.0,14996.027344,1024.0,1024.0,159.166382,478600,64.0,1999.3
0,479400,29650,8529.882,295.583,38.846382,26.613798,0.656923,0.02044,9.654932,9.654932,9.654866,9.654866,0.033593,6e-06,0.010298,2.847569,0.019376,-2.835795,29.769939,0.976291,0.676922,69.993362,70.312721,0.576813,15360.0,0.82524,69.153786,69.387306,1.236482,1008.0,14995.832031,1024.0,1024.0,224.445755,479400,64.0,1999.3
0,480200,29700,8543.581,295.583,34.105717,22.98317,0.626799,0.02044,8.69198,8.69198,8.69198,8.69198,0.024969,6e-06,0.011152,2.88354,0.01957,-2.909725,30.321938,0.976322,0.664058,68.57296,68.866478,0.593393,15360.0,0.796412,67.852295,67.82579,1.35517,1008.0,14996.305664,1024.0,1024.0,149.876617,480200,64.0,1999.3
0,481000,29750,8557.354,295.583,40.44585,27.734936,0.631747,0.02044,9.961454,9.961454,9.961454,9.961454,0.027066,6e-06,0.013185,2.819354,0.020421,-2.807761,30.730465,0.976299,0.816377,72.269775,72.629868,0.627531,15360.0,0.905203,71.613159,71.873596,1.136159,1008.0,14995.952148,1024.0,1024.0,192.164932,481000,64.0,1999.3
0,481800,29800,8570.955,295.583,46.773117,33.133499,0.551925,0.02044,10.747483,10.747483,10.74724,10.74724,0.016749,7e-06,0.012437,1.719722,0.031943,-1.730105,31.477993,0.976285,0.910284,72.751335,73.526237,1.005495,15360.0,1.074336,70.653709,70.778389,1.268995,1008.0,14995.744141,1024.0,1024.0,151.039764,481800,64.0,1999.3
0,482600,29850,8584.761,295.583,41.300835,28.666286,0.605702,0.02044,9.86028,9.86028,9.86017,9.86017,0.024231,7e-06,0.013974,2.577248,0.026788,-2.577252,32.009953,0.976295,0.821225,69.388107,69.949158,0.857495,15360.0,1.089672,67.941864,67.523727,1.198449,1008.0,14995.884766,1024.0,1024.0,182.662155,482600,64.0,1999.3
0,483400,29900,8598.545,295.583,38.152412,25.455238,0.573924,0.02044,9.94455,9.94455,9.94455,9.94455,0.021372,6e-06,0.014176,2.821439,0.021026,-2.842673,32.514656,0.976302,0.863723,72.845184,73.301613,0.683653,15360.0,0.953007,71.658539,71.749474,1.263269,1008.0,14996.003906,1024.0,1024.0,190.802185,483400,64.0,1999.3
0,484200,29950,8612.246,295.583,37.686382,25.402508,0.578555,0.02044,9.531377,9.531377,9.531377,9.531377,0.023019,6e-06,0.012383,2.639864,0.021569,-2.624536,33.115738,0.976322,0.856229,71.02964,71.423866,0.71429,15360.0,1.105844,69.654533,69.275314,1.235175,1008.0,14996.302734,1024.0,1024.0,193.150208,484200,64.0,1999.3
0,485000,30000,8625.998,295.583,40.998028,28.494993,0.638115,0.02044,9.456341,9.456341,9.456276,9.456276,0.027721,6e-06,0.023422,2.384026,0.029012,-2.377985,33.774132,0.976296,1.035584,79.107346,79.82457,0.979848,15360.0,1.278326,77.776085,78.64473,1.853906,1008.0,14995.904297,1024.0,1024.0,223.216339,485000,64.0,1999.3
0,485800,30050,8639.621,295.583,39.762226,26.936281,0.627126,0.02044,10.104968,10.104968,10.104968,10.104968,0.028181,6e-06,0.005641,2.943799,0.016282,-2.948033,34.408028,0.976288,0.750319,68.023705,68.378403,0.56022,15360.0,1.023178,66.762978,66.466751,0.987024,1008.0,14995.78125,1024.0,1024.0,235.968994,485800,64.0,1999.3
0,486600,30100,8653.431,295.583,39.909389,27.418921,0.626458,0.02044,9.429451,9.429451,9.429348,9.429348,0.031201,7e-06,0.019345,2.0646,0.02762,-2.096226,34.563957,0.976319,1.061782,81.597366,82.163284,0.954661,15360.0,1.300169,80.186165,80.257561,1.954208,1008.0,14996.259766,1024.0,1024.0,170.662491,486600,64.0,1999.3
0,487400,30150,8667.148,295.583,40.461411,27.926895,0.655125,0.02044,9.675247,9.675247,9.675247,9.675247,0.030956,6e-06,0.024052,3.303521,0.01999,-3.301919,35.151703,0.976282,0.838314,72.347549,72.868996,0.702675,15360.0,1.179364,71.32077,71.754051,1.379526,1008.0,14995.686523,1024.0,1024.0,173.139984,487400,64.0,1999.3
0,488200,30200,8680.915,295.583,42.939072,29.527487,0.664277,0.02044,10.441975,10.441975,10.441975,10.441975,0.034531,6e-06,0.014697,2.938265,0.022211,-2.924562,35.738472,0.976301,0.885681,76.015373,76.478966,0.793786,15360.0,1.13439,75.079666,74.96035,1.573439,1008.0,14995.986328,1024.0,1024.0,147.96048,488200,64.0,1999.3
0,489000,30250,8694.593,295.583,46.080631,32.405693,0.659599,0.02044,10.655388,10.655388,10.655388,10.655388,0.02851,7e-06,0.01904,2.632257,0.021771,-2.632554,36.192005,0.976316,0.91075,76.653023,77.112404,0.787924,15360.0,1.147272,75.380417,75.636391,1.635556,1008.0,14996.212891,1024.0,1024.0,352.15033,489000,64.0,1999.3
0,489800,30300,8708.292,295.583,34.762119,23.399561,0.614034,0.02044,8.674026,8.674026,8.674026,8.674026,0.02614,6e-06,0.015006,3.711646,0.014374,-3.672556,36.584286,0.976329,0.842562,72.470276,72.672562,0.525846,15360.0,1.096969,71.678764,72.026749,1.375555,1008.0,14996.418945,1024.0,1024.0,172.605392,489800,64.0,1999.3
0,490600,30350,8722.075,295.583,34.33252,23.160583,0.64277,0.02044,8.462598,8.462598,8.462598,8.462598,0.027599,6e-06,0.019703,3.712308,0.014376,-3.691908,36.914433,0.976284,0.841048,72.820709,73.127266,0.530664,15360.0,1.130385,71.82608,71.643219,0.976726,1008.0,14995.71875,1024.0,1024.0,211.463959,490600,64.0,1999.3
0,491400,30400,8735.747,295.583,40.483459,27.86805,0.604457,0.02044,9.791037,9.791037,9.791037,9.791037,0.025298,6e-06,0.018102,3.376315,0.017297,-3.371813,37.094864,0.976285,0.872487,79.137566,79.523521,0.641622,15360.0,1.099274,78.333885,78.528122,1.440353,1008.0,14995.732422,1024.0,1024.0,326.816711,491400,64.0,1999.3
0,492200,30450,8749.529,295.583,39.539444,26.694141,0.641134,0.02044,9.959042,9.959042,9.959042,9.959042,0.028046,6e-06,0.018045,3.068615,0.018845,-3.087115,37.186878,0.976318,0.860631,76.835983,77.263718,0.700781,15360.0,1.167021,75.40593,74.989792,1.18086,1008.0,14996.240234,1024.0,1024.0,227.189255,492200,64.0,1999.3
0,493000,30500,8763.24,295.583,39.878414,27.414715,0.60204,0.02044,9.601809,9.601809,9.601809,9.601809,0.022486,6e-06,0.019117,3.048133,0.020518,-3.044698,37.289131,0.976296,0.891011,77.666267,77.970688,0.765104,15360.0,1.230335,76.363388,76.088425,1.469552,1008.0,14995.901367,1024.0,1024.0,221.96846,493000,64.0,1999.3
0,493800,30550,8776.868,295.583,40.093758,27.837986,0.603613,0.02044,9.489437,9.489437,9.489437,9.489437,0.025523,6e-06,0.031973,3.190259,0.020488,-3.176759,37.417191,0.976309,0.835374,79.324135,79.77317,0.766601,15360.0,1.086628,78.261368,78.344795,1.337888,1008.0,14996.112305,1024.0,1024.0,277.947876,493800,64.0,1999.3
0,494600,30600,8790.668,295.583,35.144936,23.044167,0.652101,0.02044,9.316794,9.316794,9.316794,9.316794,0.028265,6e-06,0.022875,3.850179,0.012996,-3.847305,37.503429,0.97632,0.812206,72.925018,73.230339,0.487394,15360.0,1.148915,71.997169,72.057495,1.308825,1008.0,14996.267578,1024.0,1024.0,151.567444,494600,64.0,1999.3
0,495400,30650,8804.471,295.583,39.119648,26.35046,0.617894,0.02044,9.934566,9.934566,9.934566,9.934566,0.024722,6e-06,0.007822,3.817562,0.01275,-3.8117,37.616318,0.976297,0.838567,68.468376,68.713211,0.479602,15360.0,1.188135,67.261955,66.597321,1.197715,1008.0,14995.919922,1024.0,1024.0,167.773773,495400,64.0,1999.3
0,496200,30700,8818.31,295.583,32.417576,21.312775,0.600782,0.02044,8.462752,8.462752,8.462752,8.462752,0.021969,5e-06,0.008477,4.109133,0.011646,-4.109656,37.685886,0.976311,0.829087,70.71312,70.875832,0.438907,15360.0,1.123285,69.577934,69.263527,1.057246,1008.0,14996.128906,1024.0,1024.0,175.100174,496200,64.0,1999.3
0,497000,30750,8832.073,295.583,36.699913,24.661278,0.617591,0.02044,9.266157,9.266157,9.266157,9.266157,0.025054,5e-06,0.013427,3.815462,0.013168,-3.823464,37.805115,0.9763,0.864517,75.040077,75.306595,0.497803,15360.0,1.099613,74.151154,74.002785,1.209257,1008.0,14995.963867,1024.0,1024.0,249.719513,497000,64.0,1999.3
0,497800,30800,8845.687,295.583,38.564537,26.521778,0.601811,0.02044,9.287104,9.287104,9.287104,9.287104,0.025129,6e-06,0.013086,3.515678,0.014275,-3.524405,37.898209,0.976274,0.856935,75.175568,75.384674,0.540997,15360.0,1.115565,74.035721,74.176155,1.173387,1008.0,14995.574219,1024.0,1024.0,191.030273,497800,64.0,1999.3
0,498600,30850,8859.464,295.583,40.0839,27.449123,0.552534,0.02044,9.843468,9.843468,9.843468,9.843468,0.01827,6e-06,0.020395,3.550728,0.019515,-3.544497,38.073246,0.976305,0.856422,75.529152,75.956253,0.742994,15360.0,1.190561,73.726852,73.627441,1.115768,1008.0,14996.049805,1024.0,1024.0,151.111435,498600,64.0,1999.3
0,499400,30900,8873.262,295.583,37.80899,25.752668,0.629895,0.02044,9.289569,9.289569,9.289569,9.289569,0.026986,6e-06,0.028839,3.726255,0.016331,-3.71525,38.285995,0.976311,0.832021,79.681824,80.038399,0.625259,15360.0,1.088682,78.792336,78.774048,1.382389,1008.0,14996.140625,1024.0,1024.0,158.37236,499400,64.0,1999.3
0,500200,30950,8912.98,311.094,44.40731,30.935966,0.634446,0.02044,10.559242,10.559242,10.559242,10.559242,0.032568,6e-06,0.03188,3.168497,0.019692,-3.156489,38.475792,0.9763,0.831477,81.845238,82.361237,0.757682,15360.0,1.126454,80.462738,80.517273,1.481617,1008.0,14995.962891,1024.0,1024.0,210.434433,499200,64.0,1999.3
0,501000,31000,8926.712,311.094,40.271538,27.724031,0.58744,0.02044,9.754894,9.754894,9.754892,9.754892,0.019948,5e-06,0.010116,3.892345,0.012919,-3.880979,38.616863,0.976304,0.849431,68.630234,68.916168,0.498874,15360.0,1.165648,67.354851,66.673302,0.987433,1008.0,14996.029297,1024.0,1024.0,237.229721,500000,64.0,1999.3
0,501800,31050,8940.398,311.094,37.233776,25.559065,0.59315,0.02044,8.9934,8.9934,8.9934,8.9934,0.021329,5e-06,0.026179,3.669498,0.017341,-3.665512,38.872482,0.976296,0.791521,79.847885,80.266472,0.674085,15360.0,1.168938,78.250687,78.237312,1.366644,1008.0,14995.90332,1024.0,1024.0,155.024719,499800,64.0,1999.3
0,502600,31100,8954.161,311.094,42.379425,29.625471,0.668831,0.02044,9.771763,9.771763,9.771763,9.771763,0.035807,5e-06,0.013136,3.76684,0.020951,-3.784147,39.072479,0.976308,0.923768,75.86071,76.056259,0.818606,15360.0,1.262796,74.587273,74.822769,1.995634,1008.0,14996.089844,1024.0,1024.0,209.163864,499600,64.0,1999.3
0,503400,31150,8967.84,311.094,40.170837,27.947828,0.629614,0.02044,9.298824,9.298824,9.298824,9.298824,0.026663,6e-06,0.008541,3.825293,0.015987,-3.823647,39.323811,0.976315,0.978562,65.941689,66.305267,0.62867,15360.0,1.190488,65.069092,64.956581,1.254772,1008.0,14996.191406,1024.0,1024.0,263.019897,499400,64.0,1999.3
0,504200,31200,8981.622,311.094,37.170197,24.898808,0.62824,0.02044,9.446318,9.446318,9.446318,9.446318,0.024868,5e-06,0.009719,4.013234,0.012663,-4.015032,39.569447,0.9763,0.881051,72.74144,72.967323,0.50106,15360.0,1.136623,71.91098,71.231789,1.133182,1008.0,14995.966797,1024.0,1024.0,160.696625,499200,64.0,1999.3
0,505000,31250,8995.353,311.094,40.633797,28.405788,0.616032,0.02044,9.504278,9.504278,9.504267,9.504267,0.023135,6e-06,0.044037,4.082817,0.018922,-4.083845,39.843632,0.97629,0.778645,80.259659,80.801826,0.753908,15360.0,1.047154,79.133591,78.820786,1.176726,1008.0,14995.817383,1024.0,1024.0,178.570404,500000,64.0,1999.3
0,505800,31300,9009.056,311.094,34.595131,23.383389,0.652291,0.02044,8.497026,8.497026,8.497026,8.497026,0.028964,5e-06,0.018769,4.15372,0.015124,-4.143542,40.1703,0.976308,0.842409,77.49044,77.801987,0.607551,15360.0,1.103675,76.650848,76.262596,1.390553,1008.0,14996.086914,1024.0,1024.0,176.26825,499800,64.0,1999.3
0,506600,31350,9022.741,311.094,36.223923,24.737156,0.615693,0.02044,8.821845,8.821845,8.821845,8.821845,0.022984,5e-06,0.024162,4.67753,0.0135,-4.665493,40.482517,0.976301,0.805827,73.696579,73.944679,0.546503,15360.0,1.055383,73.013702,73.614944,1.435374,1008.0,14995.989258,1024.0,1024.0,182.577835,499600,64.0,1999.3
0,507400,31400,9036.517,311.094,35.401913,24.16684,0.635884,0.02044,8.624006,8.624006,8.624006,8.624006,0.028246,5e-06,0.033125,4.41209,0.017797,-4.392757,40.882088,0.976301,0.755682,80.700607,81.184738,0.72758,15360.0,1.01179,79.507271,79.76963,1.233024,1008.0,14995.978516,1024.0,1024.0,176.170456,499400,64.0,1999.3
0,508200,31450,9050.22,311.094,31.353003,20.839058,0.603856,0.02044,7.85644,7.85644,7.856246,7.856246,0.020927,5e-06,0.010945,4.255209,0.013159,-4.239132,41.20451,0.976308,0.863428,70.971794,71.251671,0.542217,15360.0,1.243976,69.220627,68.734116,1.064284,1008.0,14996.089844,1024.0,1024.0,152.105591,499200,64.0,1999.3
0,509000,31500,9064.017,311.094,40.728252,28.176554,0.596487,0.02044,9.841173,9.841173,9.841173,9.841173,0.024484,5e-06,0.025147,3.430349,0.021388,-3.429833,41.528336,0.976304,0.744958,87.128189,87.513008,0.888201,15360.0,1.131263,85.565666,84.692696,1.722497,1008.0,14996.035156,1024.0,1024.0,181.250412,500000,64.0,1999.3
0,509800,31550,9077.658,311.094,44.122322,30.422104,0.599872,0.02044,10.801353,10.801353,10.801353,10.801353,0.025747,5e-06,0.032577,4.052464,0.018179,-4.051293,41.984356,0.976304,0.83044,78.485504,78.970772,0.763215,15360.0,1.117981,77.457016,77.162392,1.487523,1008.0,14996.022461,1024.0,1024.0,200.12262,499800,64.0,1999.3
0,510600,31600,9091.46,311.094,38.451427,26.879059,0.617368,0.02044,8.897556,8.897556,8.897264,8.897264,0.023849,5e-06,0.036558,4.190566,0.019097,-4.206183,42.590454,0.976288,0.803059,81.360245,81.908463,0.813343,15360.0,1.02544,80.178154,80.214088,1.486675,1008.0,14995.783203,1024.0,1024.0,214.075623,499600,64.0,1999.3
0,511400,31650,9105.171,311.094,32.034569,20.707853,0.623302,0.02044,8.462072,8.462072,8.462003,8.462003,0.021823,5e-06,0.01301,4.910766,0.010038,-4.895676,42.928726,0.976306,0.999235,62.02026,62.23217,0.430921,15360.0,1.208163,61.0033,60.437763,0.822062,1008.0,14996.058594,1024.0,1024.0,213.637787,499400,64.0,1999.3
0,512200,31700,9118.935,311.094,38.414616,26.306007,0.603145,0.02044,9.271834,9.271834,9.271834,9.271834,0.024512,5e-06,0.040046,4.302433,0.021346,-4.292829,43.370125,0.976309,0.903704,79.549988,80.193092,0.925766,15360.0,1.140836,78.37822,78.709564,1.691473,1008.0,14996.109375,1024.0,1024.0,331.739075,499200,64.0,1999.3
0,513000,31750,9132.605,311.094,35.776371,24.853607,0.626565,0.02044,8.241077,8.241077,8.24041,8.24041,0.024281,5e-06,0.040835,4.121655,0.01932,-4.113527,43.767044,0.976297,0.831501,84.12178,84.700951,0.845587,15360.0,1.127443,82.732635,83.054665,1.828649,1008.0,14995.919922,1024.0,1024.0,151.201233,500000,64.0,1999.3
0,513800,31800,9146.288,311.094,43.201653,30.03706,0.651582,0.02044,10.172479,10.172479,10.172479,10.172479,0.031619,6e-06,0.024649,4.35367,0.017321,-4.367301,44.251644,0.976286,0.935911,74.677155,75.047676,0.766465,15360.0,1.140952,73.820801,72.850609,1.757738,1008.0,14995.756836,1024.0,1024.0,203.930237,499800,64.0,1999.3
0,514600,31850,9160.064,311.094,35.083145,23.87426,0.635849,0.02044,8.395611,8.395611,8.395049,8.395049,0.024849,5e-06,0.02747,4.628565,0.015944,-4.639794,44.831997,0.976294,0.960428,74.690926,75.141716,0.714814,15360.0,1.09841,73.636955,73.817017,1.230363,1008.0,14995.875,1024.0,1024.0,200.961212,499600,64.0,1999.3
0,515400,31900,9173.748,311.094,35.458733,23.128412,0.651461,0.02044,9.343168,9.343168,9.343168,9.343168,0.027001,5e-06,0.0296,4.888711,0.014212,-4.890655,45.32386,0.976312,1.019479,72.276665,72.723846,0.644156,15360.0,1.106176,71.05233,70.922806,1.002337,1008.0,14996.150391,1024.0,1024.0,220.160309,499400,64.0,1999.3
0,516200,31950,9187.528,311.094,38.599766,26.028378,0.608407,0.02044,9.644946,9.644946,9.64488,9.64488,0.024607,5e-06,0.028708,4.351086,0.018226,-4.339286,45.822689,0.976291,0.976811,79.946892,80.494133,0.835146,15360.0,1.091938,78.612671,78.769737,1.411874,1008.0,14995.828125,1024.0,1024.0,191.830292,499200,64.0,1999.3
0,517000,32000,9201.203,311.094,35.009521,23.223173,0.647247,0.02044,8.729481,8.729481,8.729481,8.729481,0.027423,5e-06,0.020005,5.05156,0.017855,-5.039276,46.279724,0.976301,1.108551,71.01606,71.179184,0.826346,15360.0,1.292256,70.084984,70.128891,1.437255,1008.0,14995.980469,1024.0,1024.0,147.49794,500000,64.0,1999.3
0,517800,32050,9214.895,311.094,39.533203,27.432678,0.574442,0.02044,9.17446,9.17446,9.17446,9.17446,0.018273,6e-06,0.027505,3.795427,0.021009,-3.79552,46.904613,0.976319,1.077842,83.280716,83.933517,0.985417,15360.0,1.027965,81.669365,81.091164,1.291655,1008.0,14996.251953,1024.0,1024.0,147.888412,499800,64.0,1999.3
0,518600,32100,9228.589,311.094,39.018707,26.329544,0.646727,0.02044,9.589483,9.589483,9.589483,9.589483,0.028764,5e-06,0.039523,4.46822,0.018075,-4.449764,47.351147,0.976308,1.115134,83.776512,84.365486,0.855896,15360.0,1.063004,82.890488,83.06263,1.298083,1008.0,14996.089844,1024.0,1024.0,145.790634,499600,64.0,1999.3
0,519400,32150,9242.375,311.094,34.927162,23.560999,0.629026,0.02044,8.353742,8.353742,8.353742,8.353742,0.024464,5e-06,0.033882,4.76124,0.016273,-4.770174,47.974552,0.976304,1.156589,81.455284,82.023201,0.7807,15360.0,1.1237,80.295898,80.248695,1.205846,1008.0,14996.021484,1024.0,1024.0,261.690735,499400,64.0,1999.3
0,520200,32200,9256.068,311.094,41.812405,28.668577,0.61873,0.02044,9.909121,9.909121,9.909121,9.909121,0.029146,5e-06,0.040376,4.532431,0.020116,-4.526907,48.623459,0.976293,1.213122,87.504623,88.11808,0.978093,15360.0,1.17041,86.618637,86.813141,1.404357,1008.0,14995.864258,1024.0,1024.0,192.033401,499200,64.0,1999.3
0,521000,32250,9269.83,311.094,39.875164,27.372505,0.607973,0.02044,9.284472,9.284472,9.284472,9.284472,0.024937,5e-06,0.033592,4.787783,0.015662,-4.78082,49.134514,0.976309,1.245888,85.332542,85.785858,0.769562,15360.0,1.272809,84.652039,85.260979,1.356409,1008.0,14996.109375,1024.0,1024.0,187.159958,500000,64.0,1999.3
0,521800,32300,9283.506,311.094,34.666191,22.936684,0.626013,0.02044,8.622282,8.622282,8.622282,8.622282,0.023903,5e-06,0.024668,4.275501,0.015141,-4.29565,49.579269,0.976309,1.219329,76.232071,76.630547,0.750702,15360.0,1.181819,74.761101,74.550339,1.123776,1008.0,14996.107422,1024.0,1024.0,205.441864,499800,64.0,1999.3
0,522600,32350,9297.204,311.094,34.590298,22.786173,0.595513,0.02044,8.702361,8.702361,8.702361,8.702361,0.023172,5e-06,0.035366,4.253994,0.017843,-4.265124,50.172634,0.9763,1.227271,85.671974,86.368561,0.895234,15360.0,1.176449,83.788826,83.987564,1.352706,1008.0,14995.96875,1024.0,1024.0,171.071487,499600,64.0,1999.3
0,523400,32400,9310.971,311.094,43.86058,30.018406,0.620746,0.02044,10.549371,10.549371,10.549371,10.549371,0.026392,5e-06,0.01714,4.478956,0.014295,-4.47115,50.694981,0.976324,1.206945,74.220711,74.587761,0.724684,15360.0,1.241977,72.966705,73.06987,1.070767,1008.0,14996.332031,1024.0,1024.0,195.665497,499400,64.0,1999.3
0,524200,32450,9324.671,311.094,35.107124,23.535645,0.592133,0.02044,8.4939,8.4939,8.49373,8.49373,0.022179,5e-06,0.029436,4.552667,0.015567,-4.540509,51.192982,0.976315,1.216843,80.472389,81.009178,0.796944,15360.0,1.231121,79.088997,79.462502,1.417966,1008.0,14996.205078,1024.0,1024.0,184.803558,499200,64.0,1999.3
0,525000,32500,9338.462,311.094,39.338165,27.117458,0.631071,0.02044,9.031611,9.031611,9.031611,9.031611,0.025708,6e-06,0.021574,4.728332,0.014975,-4.733331,51.85659,0.976269,1.231303,80.870537,81.265862,0.776571,15360.0,1.271825,79.709946,79.620872,1.327965,1008.0,14995.486328,1024.0,1024.0,200.756714,500000,64.0,1999.3
0,525800,32550,9378.167,326.734,42.705322,29.512762,0.620429,0.02044,9.9254,9.9254,9.9254,9.9254,0.027608,5e-06,0.029147,4.560571,0.016371,-4.583305,52.357651,0.976291,1.20537,86.887589,87.31057,0.857151,15360.0,1.330788,85.622704,85.692558,1.56683,1008.0,14995.826172,1024.0,1024.0,123.214981,499800,64.0,1999.3
0,526600,32600,9391.934,326.734,40.518642,27.961603,0.620862,0.02044,9.32819,9.32819,9.32819,9.32819,0.025831,5e-06,0.007871,4.690598,0.019505,-4.705548,52.771042,0.976303,1.233729,72.874428,72.944054,1.029302,15360.0,1.377077,72.246971,71.617401,1.996877,1008.0,14996.005859,1024.0,1024.0,200.432693,499600,64.0,1999.3
0,527400,32650,9405.64,326.734,36.160992,24.160797,0.626322,0.02044,8.866492,8.866492,8.866492,8.866492,0.027539,4e-06,0.020977,4.666537,0.013726,-4.649377,53.305698,0.976305,1.200521,84.014656,84.389099,0.731684,15360.0,1.26264,82.718781,82.778061,1.245249,1008.0,14996.050781,1024.0,1024.0,162.394211,499400,64.0,1999.3
0,528200,32700,9419.419,326.734,33.212822,21.638622,0.613346,0.02044,8.47949,8.47949,8.479476,8.479476,0.022772,5e-06,0.021335,5.434311,0.009449,-5.457493,53.658302,0.976316,1.198405,69.096916,69.400063,0.507003,15360.0,1.31078,68.407578,68.820755,1.046654,1008.0,14996.212891,1024.0,1024.0,150.901718,499200,64.0,1999.3
0,529000,32750,9433.111,326.734,38.692474,25.782097,0.61151,0.02044,9.695787,9.695787,9.695778,9.695778,0.023074,5e-06,0.014227,4.704774,0.013566,-4.711221,54.050777,0.976322,1.173707,82.085152,82.399132,0.733266,15360.0,1.41709,80.611565,80.352417,1.642455,1008.0,14996.3125,1024.0,1024.0,229.970215,500000,64.0,1999.3
0,529800,32800,9446.791,326.734,36.770531,24.387329,0.611428,0.02044,9.26816,9.26816,9.268108,9.268108,0.026203,4e-06,0.026005,4.747367,0.014646,-4.735032,54.378822,0.976303,1.134679,84.958191,85.456314,0.796427,15360.0,1.318901,83.48909,83.442146,1.366887,1008.0,14996.013672,1024.0,1024.0,127.282036,499800,64.0,1999.3
0,530600,32850,9460.498,326.734,34.767735,22.396639,0.605769,0.02044,9.257235,9.257235,9.257113,9.257113,0.024092,4e-06,0.015056,5.03059,0.010842,-5.049231,54.670795,0.976304,1.153391,75.20047,75.523918,0.592765,15360.0,1.311602,73.770546,73.483887,0.996041,1008.0,14996.024414,1024.0,1024.0,218.922379,499600,64.0,1999.3
0,531400,32900,9474.318,326.734,35.449345,23.604256,0.633628,0.02044,8.794308,8.794308,8.794308,8.794308,0.025556,4e-06,0.013264,4.918932,0.010686,-4.902098,54.895161,0.97631,1.120156,81.892662,82.115433,0.586583,15360.0,1.279525,80.616409,80.433037,1.105099,1008.0,14996.116211,1024.0,1024.0,209.496658,499400,64.0,1999.3
0,532200,32950,9488.126,326.734,41.199181,28.123497,0.643259,0.02044,9.885316,9.885316,9.885316,9.885316,0.026159,4e-06,0.0205,5.033556,0.014153,-5.031862,55.043179,0.976304,1.138069,82.291412,82.658119,0.779045,15360.0,1.265217,81.155975,80.855949,1.08738,1008.0,14996.025391,1024.0,1024.0,175.85527,499200,64.0,1999.3
0,533000,33000,9501.82,326.734,32.302135,21.471889,0.604497,0.02044,7.883152,7.883152,7.883017,7.883017,0.020108,4e-06,0.01368,5.47837,0.009217,-5.47637,55.133301,0.976305,1.138491,75.708412,75.926315,0.508167,15360.0,1.272239,74.710182,74.245766,0.893704,1008.0,14996.041016,1024.0,1024.0,195.874115,500000,64.0,1999.3
0,533800,33050,9515.496,326.734,39.167637,26.375233,0.625368,0.02044,9.530238,9.530238,9.530238,9.530238,0.029129,5e-06,0.025136,5.138873,0.022094,-5.136836,55.296951,0.976313,1.196345,77.956306,78.672325,1.221715,15360.0,1.472847,75.68428,77.632942,3.03355,1008.0,14996.167969,1024.0,1024.0,200.416748,499800,64.0,1999.3
0,534600,33100,9529.198,326.734,34.08136,21.839022,0.635581,0.02044,9.091411,9.091411,9.091411,9.091411,0.02537,4e-06,0.001922,5.596457,0.007413,-5.601541,55.322277,0.976289,1.191284,65.853683,65.897163,0.410116,15360.0,1.308524,65.255241,64.761269,0.834046,1008.0,14995.791016,1024.0,1024.0,258.111877,499600,64.0,1999.3
0,535400,33150,9542.997,326.734,47.218594,33.037388,0.609067,0.02044,10.882604,10.882604,10.882604,10.882604,0.026176,5e-06,0.033275,4.750962,0.022244,-4.747898,55.360279,0.976296,1.140913,90.026207,90.625641,1.231408,15360.0,1.3555,88.687737,88.890594,2.342652,1008.0,14995.900391,1024.0,1024.0,197.543137,499400,64.0,1999.3
0,536200,33200,9556.79,326.734,43.770756,30.161503,0.613887,0.02044,10.316916,10.316916,10.316916,10.316916,0.027145,5e-06,0.029852,4.775352,0.021291,-4.768523,55.480442,0.976302,1.133981,87.990845,88.568901,1.18122,15360.0,1.541614,86.687546,86.029007,2.801785,1008.0,14995.998047,1024.0,1024.0,178.191422,499200,64.0,1999.3
0,537000,33250,9570.506,326.734,41.204346,28.319523,0.630654,0.02044,9.828062,9.828062,9.828062,9.828062,0.026614,5e-06,0.026451,4.470003,0.016548,-4.444145,55.547848,0.976311,1.005592,92.540306,93.089394,0.919201,15360.0,1.302721,90.560799,90.161621,1.664071,1008.0,14996.140625,1024.0,1024.0,197.432755,500000,64.0,1999.3
0,537800,33300,9584.223,326.734,40.860664,27.479107,0.664472,0.02044,10.206046,10.206046,10.206046,10.206046,0.033023,4e-06,0.024145,5.406829,0.010277,-5.402242,55.625282,0.976306,1.077335,85.420868,85.691338,0.571685,15360.0,1.228382,84.815117,84.89547,1.375216,1008.0,14996.067383,1024.0,1024.0,172.392273,499800,64.0,1999.3
0,538600,33350,9597.936,326.734,37.00322,25.313442,0.595259,0.02044,8.765583,8.765583,8.765583,8.765583,0.020978,4e-06,0.021927,4.498701,0.01323,-4.494086,55.672951,0.976308,1.04277,94.56916,94.956062,0.736571,15360.0,1.224131,92.873268,92.362724,1.484081,1008.0,14996.087891,1024.0,1024.0,203.800873,499600,64.0,1999.3
0,539400,33400,9611.728,326.734,39.634525,27.336994,0.626619,0.02044,9.248091,9.248091,9.248025,9.248025,0.027263,5e-06,0.032375,5.289896,0.016359,-5.306466,55.822922,0.976296,1.079007,82.879982,83.420395,0.913218,15360.0,1.220627,82.004585,82.263748,1.699832,1008.0,14995.90625,1024.0,1024.0,179.173248,499400,64.0,1999.3
0,540200,33450,9625.516,326.734,41.941849,28.493513,0.638806,0.02044,10.342817,10.342817,10.342817,10.342817,0.027438,5e-06,0.018938,5.16619,0.013021,-5.15379,55.942314,0.976304,1.028685,89.008179,89.224617,0.728447,15360.0,1.21456,87.826408,87.520065,1.483392,1008.0,14996.027344,1024.0,1024.0,207.580841,499200,64.0,1999.3
0,541000,33500,9639.233,326.734,40.039165,26.771286,0.629685,0.02044,10.134943,10.134943,10.134799,10.134799,0.026389,5e-06,0.02737,5.269669,0.013859,-5.266939,56.027672,0.976295,1.055598,85.776337,86.146584,0.776487,15360.0,1.28784,84.39119,84.382126,1.732719,1008.0,14995.888672,1024.0,1024.0,148.489853,500000,64.0,1999.3
0,541800,33550,9652.96,326.734,36.035183,24.056784,0.65431,0.02044,8.986651,8.986651,8.986651,8.986651,0.031536,5e-06,0.017946,5.657964,0.009555,-5.665154,56.232426,0.97631,1.018974,88.888039,89.147766,0.537301,15360.0,1.27138,87.703163,86.882957,1.64346,1008.0,14996.117188,1024.0,1024.0,219.407257,499800,64.0,1999.3
0,542600,33600,9666.762,326.734,39.038387,26.228798,0.632352,0.02044,9.736991,9.736991,9.736893,9.736893,0.025613,4e-06,0.015585,5.332244,0.01049,-5.329614,56.402847,0.976306,1.041987,85.499809,85.750412,0.591665,15360.0,1.295116,84.213348,83.810921,1.65605,1008.0,14996.066406,1024.0,1024.0,152.127014,499600,64.0,1999.3
0,543400,33650,9680.439,326.734,36.307549,24.087151,0.62311,0.02044,9.12539,9.12539,9.12539,9.12539,0.026199,4e-06,0.029258,5.67776,0.015456,-5.685602,56.645088,0.976299,1.13589,76.889214,77.372597,0.875534,15360.0,1.245909,75.804329,75.970474,1.421785,1008.0,14995.957031,1024.0,1024.0,225.293167,499400,64.0,1999.3
0,544200,33700,9694.215,326.734,44.536167,30.705368,0.63937,0.02044,10.582117,10.582117,10.582117,10.582117,0.027598,4e-06,0.014066,5.097106,0.01586,-5.093659,56.789181,0.976304,1.106213,84.059219,84.163727,0.900663,15360.0,1.367943,83.281204,81.626678,2.224473,1008.0,14996.022461,1024.0,1024.0,156.072418,499200,64.0,1999.3
0,545000,33750,9707.916,326.734,34.72311,23.738056,0.633046,0.02044,8.206762,8.206762,8.206762,8.206762,0.025426,4e-06,0.024114,5.135313,0.01293,-5.136042,57.047081,0.976302,0.936818,95.326111,95.719299,0.73761,15360.0,1.143995,93.791428,93.579506,1.446116,1008.0,14995.99707,1024.0,1024.0,246.828201,500000,64.0,1999.3
0,545800,33800,9721.628,326.734,37.298698,25.972504,0.646176,0.02044,8.620583,8.620583,8.620583,8.620583,0.032089,5e-06,0.026778,5.774582,0.010228,-5.779467,57.169048,0.976301,0.837963,96.197678,96.48439,0.5847,15360.0,1.040645,95.67836,96.115837,1.620119,1008.0,14995.977539,1024.0,1024.0,224.314926,499800,64.0,1999.3
0,546600,33850,9735.332,326.734,37.89962,25.566956,0.704464,0.02044,9.326838,9.326838,9.326838,9.326838,0.039765,5e-06,0.026194,5.493172,0.01408,-5.477763,57.319847,0.976328,0.965771,86.384735,86.604904,0.807079,15360.0,1.187585,85.500931,85.446617,1.859487,1008.0,14996.401367,1024.0,1024.0,180.112625,499600,64.0,1999.3
0,547400,33900,9749.139,326.734,39.918552,27.15884,0.682253,0.02044,9.780597,9.780597,9.780597,9.780597,0.035948,4e-06,0.032003,5.886649,0.011457,-5.889852,57.550232,0.976305,0.939126,86.271095,86.67173,0.65933,15360.0,1.090776,85.540329,85.829941,1.163185,1008.0,14996.047852,1024.0,1024.0,166.810043,499400,64.0,1999.3
0,548200,33950,9762.951,326.734,40.229294,27.329056,0.662855,0.02044,9.878499,9.878499,9.878499,9.878499,0.034773,5e-06,0.02453,5.731473,0.01398,-5.736767,57.767597,0.976316,0.977271,89.277527,89.570778,0.80758,15360.0,1.162644,88.236969,88.152573,1.717094,1008.0,14996.216797,1024.0,1024.0,290.130219,499200,64.0,1999.3
0,549000,34000,9776.649,326.734,39.209633,26.7295,0.648694,0.02044,9.601315,9.601315,9.601315,9.601315,0.029828,4e-06,0.028998,5.601985,0.011181,-5.595616,58.086796,0.9763,0.884513,92.912552,93.242653,0.649441,15360.0,1.120149,91.931763,92.155678,1.580417,1008.0,14995.960938,1024.0,1024.0,210.183807,500000,64.0,1999.3
0,549800,34050,9790.318,326.734,38.981167,26.542093,0.604512,0.02044,9.523897,9.523897,9.523897,9.523897,0.024476,5e-06,0.020288,5.116536,0.013561,-5.128928,58.386948,0.976335,0.949149,89.172371,89.507118,0.79177,15360.0,1.227988,87.359238,86.992905,1.468648,1008.0,14996.498047,1024.0,1024.0,216.542084,499800,64.0,1999.3
0,550600,34100,9830.226,342.302,34.220242,22.60376,0.7174,0.02044,8.581288,8.581288,8.581228,8.581228,0.032873,4e-06,0.018702,6.178574,0.008937,-6.170412,58.709881,0.976312,1.072262,76.070663,76.329704,0.524682,15360.0,1.160859,75.252281,75.447586,1.106352,1008.0,14996.152344,1024.0,1024.0,165.894653,499600,64.0,1999.3
0,551400,34150,9843.919,342.302,36.523251,24.461174,0.625732,0.02044,9.053855,9.053855,9.053855,9.053855,0.028607,4e-06,0.012164,5.349506,0.015843,-5.343408,59.128635,0.976309,1.074782,80.079285,80.314667,0.936803,15360.0,1.232408,78.904678,78.848122,1.543874,1008.0,14996.101562,1024.0,1024.0,164.999481,499400,64.0,1999.3
0,552200,34200,9857.684,342.302,32.524975,21.615902,0.604077,0.02044,8.102376,8.102376,8.102376,8.102376,0.023656,4e-06,0.020927,6.035762,0.009712,-6.049453,59.520554,0.976312,1.019497,79.717087,79.954613,0.57804,15360.0,1.105055,79.07309,79.299858,1.124031,1008.0,14996.152344,1024.0,1024.0,154.127579,499200,64.0,1999.3
0,553000,34250,9871.377,342.302,42.263325,28.909679,0.649048,0.02044,10.29285,10.29285,10.29285,10.29285,0.027075,4e-06,0.021423,5.652556,0.016307,-5.658354,60.022961,0.976315,0.991733,86.816528,87.15358,0.978803,15360.0,1.162882,85.942238,85.922829,1.920006,1008.0,14996.201172,1024.0,1024.0,184.007263,500000,64.0,1999.3
0,553800,34300,9884.999,342.302,38.280605,26.29797,0.597403,0.02044,9.23789,9.23789,9.237494,9.237494,0.022637,4e-06,0.031372,5.104887,0.015096,-5.090208,60.471149,0.976312,0.844737,93.747902,94.26693,0.912893,15360.0,1.09002,92.077843,91.292366,1.513891,1008.0,14996.143555,1024.0,1024.0,179.316437,499800,64.0,1999.3
0,554600,34350,9898.785,342.302,34.455013,22.937828,0.650324,0.02044,8.714034,8.714034,8.714034,8.714034,0.029683,4e-06,0.01648,5.982145,0.009535,-5.960259,60.823822,0.976307,0.925301,87.055801,87.327499,0.579948,15360.0,1.064008,86.416565,86.797806,1.288255,1008.0,14996.068359,1024.0,1024.0,260.031708,499600,64.0,1999.3
0,555400,34400,9912.535,342.302,33.243774,21.93152,0.685395,0.02044,8.378769,8.378769,8.378769,8.378769,0.03186,4e-06,0.015247,6.075794,0.009724,-6.07854,61.182735,0.976299,1.035159,79.801468,80.082611,0.594956,15360.0,1.131217,78.708946,78.851791,1.361205,1008.0,14995.953125,1024.0,1024.0,147.83696,499400,64.0,1999.3
0,556200,34450,9926.209,342.302,40.682716,27.682323,0.688359,0.02044,9.992774,9.992774,9.992774,9.992774,0.03929,4e-06,0.047902,5.810615,0.015443,-5.800089,61.730774,0.976319,0.876643,94.514725,95.202415,0.953299,15360.0,1.249982,93.469994,94.911972,2.523438,1008.0,14996.251953,1024.0,1024.0,191.260513,499200,64.0,1999.3
0,557000,34500,9939.993,342.302,37.29916,24.699455,0.686435,0.02044,9.598825,9.598825,9.598825,9.598825,0.034342,4e-06,0.026275,5.795712,0.01256,-5.79075,62.270115,0.97632,0.995092,87.570465,87.983627,0.782127,15360.0,1.042515,86.260437,85.642799,1.37058,1008.0,14996.269531,1024.0,1024.0,328.579834,500000,64.0,1999.3
0,557800,34550,9953.62,342.302,36.354279,24.482761,0.630017,0.02044,8.891083,8.891083,8.891083,8.891083,0.023177,4e-06,0.039814,6.012589,0.014942,-5.993151,62.676945,0.9763,1.089051,84.333748,85.033821,0.93649,15360.0,1.040031,82.844948,83.13353,1.125987,1008.0,14995.96875,1024.0,1024.0,165.173386,499800,64.0,1999.3
0,558600,34600,9967.401,342.302,36.536545,24.46431,0.655973,0.02044,9.176155,9.176155,9.176058,9.176058,0.032875,4e-06,0.025793,5.718194,0.013097,-5.690898,63.108368,0.976305,0.942969,90.837387,91.186981,0.826507,15360.0,1.110968,89.478867,89.404083,2.043935,1008.0,14996.051758,1024.0,1024.0,219.149628,499600,64.0,1999.3
0,559400,34650,9981.193,342.302,41.1726,28.383053,0.629225,0.02044,9.806788,9.806788,9.806788,9.806788,0.028301,5e-06,0.042851,5.834071,0.017948,-5.841611,63.531364,0.976296,0.980132,95.812439,96.487396,1.140254,15360.0,1.098093,94.96862,95.910385,1.986451,1008.0,14995.908203,1024.0,1024.0,159.266251,499400,64.0,1999.3
0,560200,34700,9994.891,342.302,37.774654,25.786968,0.662981,0.02044,8.782209,8.782209,8.782209,8.782209,0.036974,4e-06,0.005372,5.357665,0.021016,-5.375782,63.90147,0.976296,1.27027,75.303894,75.6614,1.342961,15360.0,1.227303,74.163399,74.645439,1.348551,1008.0,14995.902344,1024.0,1024.0,198.695953,499200,64.0,1999.3
0,561000,34750,10008.595,342.302,38.721172,26.129963,0.660798,0.02044,9.616154,9.616154,9.616154,9.616154,0.032872,4e-06,0.029681,5.790689,0.012589,-5.810427,64.337463,0.976305,0.982927,91.51107,91.944183,0.809976,15360.0,1.065316,90.123718,89.737587,1.702226,1008.0,14996.038086,1024.0,1024.0,190.17012,500000,64.0,1999.3
0,561800,34800,10022.311,342.302,37.448139,24.712738,0.659262,0.02044,9.665666,9.665666,9.665666,9.665666,0.030466,4e-06,0.010913,6.074099,0.00918,-6.089438,64.755669,0.976308,1.0818,84.327393,84.451736,0.594462,15360.0,1.102512,83.720757,83.284172,1.37098,1008.0,14996.085938,1024.0,1024.0,215.743301,499800,64.0,1999.3
0,562600,34850,10036.082,342.302,36.622753,24.414347,0.648977,0.02044,9.095065,9.095065,9.095065,9.095065,0.030432,4e-06,0.023038,6.228601,0.011331,-6.21622,65.118713,0.976294,1.179963,85.169952,85.524902,0.737879,15360.0,1.104726,84.293434,84.370476,1.452698,1008.0,14995.875,1024.0,1024.0,179.465027,499600,64.0,1999.3
0,563400,34900,10049.759,342.302,42.341938,29.321171,0.742059,0.02044,9.600864,9.600864,9.600864,9.600864,0.042781,4e-06,0.021851,5.874057,0.022079,-5.879545,65.466171,0.976303,1.28151,79.336945,79.585281,1.445407,15360.0,1.313187,78.197067,77.601501,2.363966,1008.0,14996.009766,1024.0,1024.0,265.332611,499400,64.0,1999.3
0,564200,34950,10063.458,342.302,35.382694,23.961426,0.635596,0.02044,8.485259,8.485259,8.485259,8.485259,0.02299,4e-06,0.027113,5.980755,0.011229,-5.991431,65.888397,0.976312,1.109759,88.573578,88.991684,0.739831,15360.0,0.981913,87.072197,86.531921,1.246883,1008.0,14996.15625,1024.0,1024.0,223.3134,499200,64.0,1999.3
0,565000,35000,10077.244,342.302,36.016132,24.314796,0.666927,0.02044,8.662095,8.662095,8.662095,8.662095,0.030452,4e-06,0.024185,6.099204,0.011104,-6.099524,66.33606,0.976297,1.154513,92.895119,93.204109,0.736569,15360.0,1.023208,91.670982,91.43351,1.217698,1008.0,14995.914062,1024.0,1024.0,218.350388,500000,64.0,1999.3
0,565800,35050,10090.841,342.302,37.759796,25.164749,0.715246,0.02044,9.232453,9.232453,9.232453,9.232453,0.038275,4e-06,0.020077,6.26756,0.013203,-6.263593,66.809128,0.976304,1.26108,82.919144,83.279968,0.882107,15360.0,1.408343,81.853195,83.0214,2.598485,1008.0,14996.033203,1024.0,1024.0,168.916962,499800,64.0,1999.3
0,566600,35100,10104.622,342.302,40.664635,27.881229,0.638485,0.02044,9.585985,9.585985,9.585985,9.585985,0.029847,4e-06,0.022902,5.944616,0.012647,-5.93783,67.305122,0.976312,1.234351,89.841522,90.158546,0.851236,15360.0,1.075484,88.612442,88.279076,1.499377,1008.0,14996.144531,1024.0,1024.0,271.730347,499600,64.0,1999.3
0,567400,35150,10118.403,342.302,39.900677,26.802021,0.647202,0.02044,9.865543,9.865543,9.865543,9.865543,0.031073,4e-06,0.027575,5.645629,0.015723,-5.638278,67.668274,0.976291,1.223544,93.831879,94.256981,1.063942,15360.0,1.09267,92.621742,91.840408,1.633093,1008.0,14995.822266,1024.0,1024.0,181.520752,499400,64.0,1999.3
0,568200,35200,10132.109,342.302,34.931606,22.67606,0.636129,0.02044,9.108793,9.108793,9.108793,9.108793,0.024251,4e-06,0.024437,5.955513,0.010023,-5.952122,67.994324,0.97631,1.224548,89.60173,89.927536,0.681493,15360.0,1.101064,88.433907,88.079468,1.244033,1008.0,14996.125977,1024.0,1024.0,211.833069,499200,64.0,1999.3
0,569000,35250,10145.895,342.302,39.007542,26.467522,0.659073,0.02044,9.255536,9.255536,9.255536,9.255536,0.034556,4e-06,0.018362,6.164821,0.014644,-6.16897,68.52623,0.976307,1.290227,91.315308,91.605499,1.003518,15360.0,1.236083,90.246002,89.847122,1.865113,1008.0,14996.082031,1024.0,1024.0,198.528915,500000,64.0,1999.3
0,569800,35300,10159.52,342.302,37.792423,25.444004,0.635003,0.02044,9.037792,9.037792,9.037792,9.037792,0.031345,4e-06,0.017759,5.940556,0.017831,-5.925332,68.879578,0.976303,1.344445,92.285324,92.910034,1.22818,15360.0,1.297345,91.205452,92.319992,1.804269,1008.0,14996.009766,1024.0,1024.0,252.611755,499800,64.0,1999.3
0,570600,35350,10173.335,342.302,40.633556,27.409554,0.648886,0.02044,9.84761,9.84761,9.847385,9.847385,0.027897,4e-06,0.025172,5.88441,0.017674,-5.881181,69.282013,0.976312,1.325548,78.898087,79.34185,1.224479,15360.0,1.238617,77.669472,77.449142,1.965929,1008.0,14996.154297,1024.0,1024.0,256.048523,499600,64.0,1999.3
0,571400,35400,10187.07,342.302,39.012383,26.750034,0.710156,0.02044,8.89539,8.89539,8.894922,8.894922,0.039857,4e-06,0.033434,5.863195,0.018395,-5.867913,69.740105,0.976307,1.335085,104.23111,104.508141,1.282891,15360.0,1.261009,103.254112,102.979774,1.905166,1008.0,14996.078125,1024.0,1024.0,225.092422,499400,64.0,1999.3
0,572200,35450,10200.905,342.302,36.498386,24.49902,0.59637,0.02044,8.893503,8.893503,8.893503,8.893503,0.01986,4e-06,0.028329,5.469315,0.012612,-5.481386,70.176491,0.976309,1.263983,94.394615,94.976021,0.885038,15360.0,1.024631,91.993057,91.78273,1.311215,1008.0,14996.100586,1024.0,1024.0,166.594559,499200,64.0,1999.3
0,573000,35500,10214.629,342.302,35.5863,23.494617,0.666525,0.02044,8.844563,8.844563,8.844563,8.844563,0.033185,4e-06,0.01774,6.37906,0.011406,-6.380453,70.638702,0.976307,1.295357,90.709373,91.018936,0.80574,15360.0,1.208678,90.031631,90.434357,1.522411,1008.0,14996.079102,1024.0,1024.0,157.52446,500000,64.0,1999.3
0,573800,35550,10228.233,342.302,33.259892,21.799696,0.627271,0.02044,8.318053,8.318053,8.318053,8.318053,0.025777,4e-06,0.026361,6.434805,0.009972,-6.418783,70.897278,0.976284,1.274827,91.430573,91.853859,0.707007,15360.0,1.204784,90.550117,90.919243,1.141325,1008.0,14995.724609,1024.0,1024.0,174.132095,499800,64.0,1999.3
0,574600,35600,10242.025,342.302,36.045948,23.672104,0.694562,0.02044,9.115822,9.115822,9.115822,9.115822,0.032983,4e-06,0.01065,5.94381,0.010869,-5.955345,71.25766,0.976304,1.276536,91.056732,91.165497,0.774474,15360.0,1.147501,89.724686,88.65641,1.707886,1008.0,14996.023438,1024.0,1024.0,169.804108,499600,64.0,1999.3
0,575400,35650,10282.067,357.959,38.509369,25.746473,0.644399,0.02044,9.48332,9.48332,9.48332,9.48332,0.029484,4e-06,0.020488,6.284838,0.011698,-6.27503,71.626808,0.976317,1.277702,96.077286,96.481529,0.837855,15360.0,1.227363,94.816719,94.694107,1.55012,1008.0,14996.230469,1024.0,1024.0,182.69696,499400,64.0,1999.3
0,576200,35700,10295.774,357.959,39.404797,26.603981,0.669429,0.02044,9.471769,9.471769,9.471731,9.471731,0.03747,4e-06,0.01969,6.346628,0.01267,-6.327921,71.963226,0.976315,1.282464,91.056969,91.415291,0.911776,15360.0,1.299472,90.194603,89.580612,1.993852,1008.0,14996.193359,1024.0,1024.0,185.473419,499200,64.0,1999.3
0,577000,35750,10309.553,357.959,36.242668,24.106621,0.637432,0.02044,8.943059,8.943059,8.942883,8.942883,0.026649,3e-06,0.031163,6.237268,0.010247,-6.208617,72.385971,0.976311,1.252293,96.051514,96.512146,0.741736,15360.0,1.191179,94.673027,94.723503,1.308489,1008.0,14996.134766,1024.0,1024.0,269.163177,500000,64.0,1999.3
0,577800,35800,10323.159,357.959,38.399185,25.866385,0.646606,0.02044,9.313337,9.313337,9.313337,9.313337,0.03003,4e-06,0.010337,6.221849,0.011733,-6.226392,72.772362,0.976301,1.265088,87.596687,87.824181,0.85384,15360.0,1.152176,86.385262,86.06839,1.462699,1008.0,14995.982422,1024.0,1024.0,158.373489,499800,64.0,1999.3
0,578600,35850,10336.933,357.959,34.552788,23.231583,0.639064,0.02044,8.256538,8.256538,8.256538,8.256538,0.031512,4e-06,0.020237,6.375237,0.009645,-6.374764,73.105133,0.976312,1.235928,91.606026,91.948021,0.705074,15360.0,1.077806,90.293137,90.894485,1.441547,1008.0,14996.152344,1024.0,1024.0,128.291718,499600,64.0,1999.3
0,579400,35900,10350.605,357.959,34.422802,22.277695,0.623557,0.02044,9.017231,9.017231,9.017231,9.017231,0.025068,4e-06,0.007202,6.261956,0.007919,-6.261571,73.382706,0.976296,1.236719,87.355156,87.523216,0.581131,15360.0,1.127462,86.121719,85.792107,1.207996,1008.0,14995.904297,1024.0,1024.0,199.206726,499400,64.0,1999.3
0,580200,35950,10364.373,357.959,33.987137,22.621212,0.709051,0.02044,8.235542,8.235542,8.235542,8.235542,0.037192,4e-06,0.023334,6.374984,0.010431,-6.37135,73.708336,0.97631,1.221492,91.693558,92.021767,0.768864,15360.0,1.108369,90.427635,89.625137,1.492766,1008.0,14996.119141,1024.0,1024.0,208.887604,499200,64.0,1999.3
0,581000,36000,10378.041,357.959,38.864464,26.341446,0.682988,0.02044,9.26095,9.26095,9.26095,9.26095,0.037653,4e-06,0.033139,6.242163,0.011906,-6.230782,73.97068,0.976325,1.237572,105.438072,105.925735,0.880716,15360.0,1.206114,104.328934,104.693863,1.715944,1008.0,14996.34668,1024.0,1024.0,174.217834,500000,64.0,1999.3
0,581800,36050,10391.706,357.959,39.263607,26.460728,0.676911,0.02044,9.557854,9.557854,9.557854,9.557854,0.035554,5e-06,0.022327,6.200655,0.011498,-6.207159,74.336288,0.976339,1.218244,96.457169,96.749802,0.85474,15360.0,1.171058,95.324951,95.719078,1.868847,1008.0,14996.560547,1024.0,1024.0,143.719391,499800,64.0,1999.3
0,582600,36100,10405.382,357.959,36.459114,24.587177,0.627782,0.02044,8.793997,8.793997,8.793997,8.793997,0.023832,4e-06,0.006855,6.180351,0.009601,-6.191804,74.57019,0.976317,1.210861,88.206139,88.217697,0.715963,15360.0,1.108681,86.881607,86.216606,1.301783,1008.0,14996.22168,1024.0,1024.0,170.371063,499600,64.0,1999.3
0,583400,36150,10419.168,357.959,38.800602,26.144821,0.666007,0.02044,9.424164,9.424164,9.424006,9.424006,0.03193,4e-06,0.016135,6.24069,0.010095,-6.254356,74.877274,0.976311,1.225508,101.500832,101.775772,0.755889,15360.0,1.203701,100.230721,100.037277,1.302747,1008.0,14996.137695,1024.0,1024.0,153.941452,499400,64.0,1999.3
0,584200,36200,10432.904,357.959,30.982338,20.117161,0.604604,0.02044,7.912452,7.912452,7.912366,7.912366,0.023223,4e-06,0.012463,6.488659,0.007395,-6.494751,75.075089,0.976307,1.202604,88.384827,88.543907,0.555149,15360.0,1.071224,86.873795,86.52034,1.091855,1008.0,14996.072266,1024.0,1024.0,205.715393,499200,64.0,1999.3
0,585000,36250,10446.681,357.959,34.910019,23.128803,0.681503,0.02044,8.650677,8.650677,8.650677,8.650677,0.033356,4e-06,0.024338,6.363372,0.0098,-6.372301,75.113998,0.976312,1.203202,87.926208,88.299255,0.736088,15360.0,1.119964,86.162094,85.62661,1.264767,1008.0,14996.158203,1024.0,1024.0,259.208038,500000,64.0,1999.3
0,585800,36300,10460.28,357.959,42.299362,28.743565,0.662326,0.02044,10.2372,10.2372,10.2372,10.2372,0.032967,4e-06,0.018409,6.444871,0.01234,-6.445981,75.225258,0.976315,1.219849,101.670448,101.916199,0.928293,15360.0,1.246183,100.481346,99.920845,1.813712,1008.0,14996.197266,1024.0,1024.0,194.910233,499800,64.0,1999.3
0,586600,36350,10474.075,357.959,39.562794,26.256052,0.649994,0.02044,10.013605,10.013605,10.013605,10.013605,0.032038,4e-06,0.033284,6.26294,0.011705,-6.264295,75.368851,0.976301,1.220211,97.280571,97.766411,0.882171,15360.0,1.226141,95.863121,95.259506,1.824,1008.0,14995.976562,1024.0,1024.0,198.197815,499600,64.0,1999.3
0,587400,36400,10487.79,357.959,42.686474,28.808792,0.728943,0.02044,10.081347,10.081347,10.081347,10.081347,0.042702,4e-06,0.108688,5.669187,0.031432,-5.668554,75.197891,0.976302,1.482408,91.733055,93.155266,2.363642,15360.0,1.492412,89.625374,90.734871,2.958411,1008.0,14995.998047,1024.0,1024.0,156.636475,499400,64.0,1999.3
0,588200,36450,10501.596,357.959,42.939587,29.06226,0.715328,0.02044,10.062921,10.062921,10.062921,10.062921,0.04299,4e-06,0.051597,4.437294,0.040142,-4.426009,72.793045,0.97631,1.491646,106.064102,106.721756,2.922072,15360.0,1.763679,103.078026,104.683121,4.247146,1008.0,14996.125,1024.0,1024.0,195.630493,499200,64.0,1999.3
0,589000,36500,10515.282,357.959,36.816143,24.212025,0.602743,0.02044,8.892684,8.892684,8.892684,8.892684,0.023243,4e-06,0.089627,3.790749,0.059091,-3.807476,69.548561,0.976305,1.595607,109.682457,111.332115,4.109691,15360.0,1.712496,106.200012,107.560959,4.098471,1008.0,14996.039062,1024.0,1024.0,301.731049,500000,64.0,1999.3
0,589800,36550,10528.96,357.959,40.821609,27.125526,0.631899,0.02044,10.008438,10.008438,10.008438,10.008438,0.031718,4e-06,0.043604,3.406747,0.059259,-3.418572,66.419312,0.976301,1.511999,110.58873,112.899284,3.935932,15360.0,1.596197,107.951004,110.007515,3.981195,1008.0,14995.984375,1024.0,1024.0,175.153778,499800,64.0,1999.3
0,590600,36600,10542.737,357.959,34.316235,22.398254,0.616611,0.02044,8.243666,8.243666,8.243666,8.243666,0.025542,4e-06,0.065264,2.86491,0.085735,-2.855516,63.674995,0.976299,1.655212,107.903931,110.62384,5.459203,15360.0,1.641405,104.216385,106.839233,3.995189,1008.0,14995.945312,1024.0,1024.0,138.960968,499600,64.0,1999.3
0,591400,36650,10556.443,357.959,36.029282,23.067404,0.628913,0.02044,9.239719,9.239719,9.239719,9.239719,0.025561,3e-06,0.021152,1.385752,0.093233,-1.396963,60.674194,0.976313,1.624555,103.299141,105.18103,5.656814,15360.0,1.677088,102.225731,100.182922,5.174525,1008.0,14996.167969,1024.0,1024.0,293.691589,499400,64.0,1999.3
0,592200,36700,10570.228,357.959,37.842846,24.747547,0.689496,0.02044,9.490569,9.490569,9.490569,9.490569,0.038521,3e-06,0.010532,2.692604,0.071134,-2.697074,58.549866,0.976309,1.466885,110.611984,110.553276,4.164876,15360.0,1.561061,110.92923,108.804062,4.778775,1008.0,14996.105469,1024.0,1024.0,202.38324,499200,64.0,1999.3
0,593000,36750,10583.941,357.959,37.726135,25.037985,0.627864,0.02044,9.044079,9.044079,9.044079,9.044079,0.030643,3e-06,-0.020344,1.123816,0.092617,-1.119585,57.937477,0.976313,1.628678,104.248703,105.87384,5.366005,15360.0,1.610084,102.628662,104.051125,4.924531,1008.0,14996.166992,1024.0,1024.0,157.871979,500000,64.0,1999.3
0,593800,36800,10597.641,357.959,36.217064,23.237162,0.823647,0.02044,9.123231,9.123231,9.123231,9.123231,0.052313,4e-06,0.037488,2.244377,0.09277,-2.247411,55.937752,0.976295,1.584293,113.317795,113.586617,5.189322,15360.0,1.594931,112.000336,107.958366,4.815754,1008.0,14995.896484,1024.0,1024.0,191.431259,499800,64.0,1999.3
0,594600,36850,10611.362,357.959,38.997562,25.964109,0.700824,0.02044,9.367218,9.367218,9.367218,9.367218,0.038539,4e-06,0.029866,2.912656,0.096458,-2.908324,53.06765,0.976315,1.554239,114.965981,116.127151,5.118789,15360.0,1.4138,113.072151,114.730011,3.659366,1008.0,14996.195312,1024.0,1024.0,179.491806,499600,64.0,1999.3
0,595400,36900,10625.145,357.959,36.887695,23.996037,0.655287,0.02044,9.167099,9.167099,9.167099,9.167099,0.029295,3e-06,-0.044388,1.85061,0.111804,-1.842972,52.019348,0.976298,1.677514,109.53228,111.108597,5.815954,15360.0,1.663325,109.089279,106.095123,5.73854,1008.0,14995.941406,1024.0,1024.0,189.841354,499400,64.0,1999.3
0,596200,36950,10638.828,357.959,37.370354,24.144478,0.622846,0.02044,9.371819,9.371819,9.371819,9.371819,0.024663,3e-06,0.063936,0.485148,0.137368,-0.468018,46.701523,0.97629,1.691288,109.4571,108.769585,6.415286,15360.0,1.727877,108.304428,104.535767,6.050069,1008.0,14995.818359,1024.0,1024.0,170.30423,499200,64.0,1999.3
0,597000,37000,10652.613,357.959,34.252964,22.519444,0.642288,0.02044,8.263188,8.263188,8.263176,8.263176,0.029666,4e-06,0.103367,1.840123,0.099103,-1.82009,46.795769,0.976309,1.451145,117.660942,116.893013,4.637624,15360.0,1.422558,115.309578,114.794411,4.032112,1008.0,14996.105469,1024.0,1024.0,216.490845,500000,64.0,1999.3
0,597800,37050,10666.332,357.959,37.016056,25.057592,0.663306,0.02044,8.773527,8.773527,8.773527,8.773527,0.035468,4e-06,0.018899,3.549092,0.051656,-3.542074,46.806961,0.976293,1.218516,122.419617,123.648636,2.417861,15360.0,1.288065,120.641479,121.39122,2.896565,1008.0,14995.866211,1024.0,1024.0,183.940948,499800,64.0,1999.3
0,598600,37100,10680.031,357.959,37.533772,24.990467,0.602438,0.02044,9.163539,9.163539,9.163539,9.163539,0.028231,4e-06,0.007785,2.266228,0.091593,-2.27875,47.118095,0.976303,1.408399,116.982925,117.835358,4.315669,15360.0,1.414487,115.500145,115.140091,4.155386,1008.0,14996.011719,1024.0,1024.0,187.214172,499600,64.0,1999.3
0,599400,37150,10693.802,357.959,34.991142,22.437693,0.650952,0.02044,8.892626,8.892626,8.892626,8.892626,0.029651,3e-06,0.052852,0.666897,0.117277,-0.685842,46.578415,0.976319,1.594755,114.473801,115.411278,5.462577,15360.0,1.508532,111.104958,110.831787,4.732031,1008.0,14996.257812,1024.0,1024.0,188.556503,499400,64.0,1999.3
0,600200,37200,10733.574,373.46,33.467747,22.126549,0.693095,0.02044,8.079928,8.079928,8.079891,8.079891,0.035822,3e-06,0.036465,2.679037,0.081689,-2.679379,45.978264,0.976306,1.317465,119.360779,120.095848,3.755933,15360.0,1.286034,117.586922,117.073318,3.151362,1008.0,14996.052734,1024.0,1024.0,189.24382,499200,64.0,1999.3
0,601000,37250,10747.387,373.46,34.552685,22.103565,0.656412,0.02044,9.080911,9.080911,9.080784,9.080784,0.032452,4e-06,-0.013306,1.571098,0.094431,-1.570361,46.683952,0.976294,1.357604,117.146744,119.491203,4.408396,15360.0,1.463219,114.384369,114.648956,4.879807,1008.0,14995.876953,1024.0,1024.0,239.252075,500000,64.0,1999.3
0,601800,37300,10760.952,373.46,37.38615,24.748577,0.673296,0.02044,9.478025,9.478025,9.478025,9.478025,0.034294,4e-06,0.011823,3.559785,0.036629,-3.577202,44.925468,0.976319,1.135735,124.281441,125.116287,1.645592,15360.0,1.234827,122.413452,122.265076,2.46355,1008.0,14996.251953,1024.0,1024.0,136.935654,499800,64.0,1999.3
0,602600,37350,10774.715,373.46,40.227051,26.799873,0.740646,0.02044,9.965118,9.965118,9.965118,9.965118,0.044411,4e-06,0.011547,1.930279,0.09179,-1.95158,38.828178,0.976296,1.275132,119.437981,120.590286,3.564031,15360.0,1.392601,117.53978,116.591461,4.063319,1008.0,14995.901367,1024.0,1024.0,204.598129,499600,64.0,1999.3
0,603400,37400,10788.491,373.46,39.855808,27.155384,0.734712,0.02044,9.407997,9.407997,9.407997,9.407997,0.046293,4e-06,-0.017697,2.712779,0.080409,-2.709365,38.173462,0.976302,1.222763,120.065941,121.58213,3.069481,15360.0,1.304694,118.211113,118.564194,3.127387,1008.0,14995.992188,1024.0,1024.0,180.590393,499400,64.0,1999.3
0,604200,37450,10802.183,373.46,37.149837,25.247766,0.694164,0.02044,8.818604,8.818604,8.818604,8.818604,0.041469,4e-06,0.036171,4.309171,0.042518,-4.296847,37.707092,0.976307,1.096701,124.688972,125.109497,1.603239,15360.0,1.180431,123.639236,123.131332,2.267353,1008.0,14996.072266,1024.0,1024.0,242.471252,499200,64.0,1999.3
0,605000,37500,10815.863,373.46,36.113091,24.262491,0.6794,0.02044,8.750802,8.750802,8.750802,8.750802,0.035771,4e-06,0.051554,3.5941,0.05165,-3.621357,34.89537,0.976313,1.127344,123.814377,123.990875,1.80235,15360.0,1.153263,122.784515,122.974663,1.968157,1008.0,14996.169922,1024.0,1024.0,174.047882,500000,64.0,1999.3
0,605800,37550,10829.562,373.46,37.241344,24.689793,0.677978,0.02044,9.290998,9.290998,9.290998,9.290998,0.035413,3e-06,0.057745,2.839232,0.072285,-2.814292,37.157921,0.976306,1.202098,121.651291,121.949127,2.685945,15360.0,1.243968,120.101105,119.032791,3.122785,1008.0,14996.054688,1024.0,1024.0,260.511536,499800,64.0,1999.3
0,606600,37600,10843.34,373.46,34.042057,22.484875,0.65023,0.02044,8.492609,8.492609,8.492609,8.492609,0.030912,3e-06,0.041075,3.178718,0.061573,-3.193322,39.196472,0.976312,1.14912,122.750626,122.969376,2.41343,15360.0,1.181475,121.401871,120.723976,2.586674,1008.0,14996.15625,1024.0,1024.0,279.973236,499600,64.0,1999.3
0,607400,37650,10857.036,373.46,33.105316,22.039391,0.609349,0.02044,8.134045,8.134045,8.134045,8.134045,0.026682,4e-06,0.031616,2.961582,0.063543,-2.964046,38.810959,0.976317,1.115544,123.228867,124.26783,2.466181,15360.0,1.13842,121.290001,121.545959,2.233286,1008.0,14996.230469,1024.0,1024.0,184.717697,499400,64.0,1999.3
0,608200,37700,10870.823,373.46,37.095787,25.156313,0.595864,0.02044,8.875107,8.875107,8.875107,8.875107,0.02541,4e-06,0.007234,2.526893,0.066751,-2.51733,41.673637,0.976309,1.15659,122.348213,123.803543,2.781755,15360.0,1.322412,119.10675,119.996445,3.581924,1008.0,14996.104492,1024.0,1024.0,152.65715,499200,64.0,1999.3
0,609000,37750,10884.521,373.46,40.009041,26.05858,0.677023,0.02044,10.414845,10.414845,10.414845,10.414845,0.034021,4e-06,0.072275,2.27467,0.08455,-2.255675,43.149788,0.976332,1.285003,120.874062,120.545723,3.648296,15360.0,1.464623,119.765846,117.028175,4.628511,1008.0,14996.451172,1024.0,1024.0,174.559875,500000,64.0,1999.3
0,609800,37800,10898.216,373.46,35.066586,23.242077,0.649545,0.02044,8.693481,8.693481,8.693481,8.693481,0.029719,4e-06,0.037919,2.592377,0.064797,-2.59523,44.462708,0.976292,1.181262,121.423302,121.723839,2.881029,15360.0,1.24171,120.053131,118.918709,3.705866,1008.0,14995.847656,1024.0,1024.0,211.397583,499800,64.0,1999.3
0,610600,37850,10911.93,373.46,37.736019,25.119682,0.651115,0.02044,9.375214,9.375214,9.375214,9.375214,0.034938,3e-06,0.021238,1.851405,0.08065,-1.844123,39.172272,0.976306,1.19079,119.364037,120.23584,3.15924,15360.0,1.400064,117.245743,116.034904,4.430989,1008.0,14996.052734,1024.0,1024.0,155.626892,499600,64.0,1999.3
0,611400,37900,10925.715,373.46,33.748131,21.655619,0.621447,0.02044,8.742924,8.742924,8.742924,8.742924,0.027574,3e-06,0.117577,1.601572,0.096831,-1.611627,39.4664,0.976304,1.332674,121.104988,119.738548,3.821589,15360.0,1.277202,119.519615,117.090256,3.434433,1008.0,14996.032227,1024.0,1024.0,240.974411,499400,64.0,1999.3
0,612200,37950,10939.416,373.46,36.295692,24.021955,0.648898,0.02044,9.239751,9.239751,9.239751,9.239751,0.033013,3e-06,-0.002527,2.645902,0.067119,-2.664992,39.381645,0.976299,1.095748,123.033974,124.779892,2.643266,15360.0,1.158165,120.435509,121.355164,2.921162,1008.0,14995.951172,1024.0,1024.0,231.064621,499200,64.0,1999.3
0,613000,38000,10953.237,373.46,40.37114,27.210384,0.682549,0.02044,9.778074,9.778074,9.778074,9.778074,0.040145,4e-06,0.063241,3.465465,0.072444,-3.465063,38.790543,0.976305,1.208278,121.252869,120.322525,2.81014,15360.0,1.434561,121.667267,118.776764,4.462928,1008.0,14996.046875,1024.0,1024.0,167.814865,500000,64.0,1999.3
0,613800,38050,10966.873,373.46,38.361717,25.358402,0.707597,0.02044,9.649144,9.649144,9.649144,9.649144,0.036964,4e-06,0.053813,2.534121,0.082967,-2.525092,43.499779,0.976324,1.208377,120.863853,120.874321,3.60906,15360.0,1.330086,119.302231,117.543098,4.009958,1008.0,14996.339844,1024.0,1024.0,210.713593,499800,64.0,1999.3
0,614600,38100,10980.675,373.46,37.159573,24.095875,0.750407,0.02044,9.656219,9.656219,9.656219,9.656219,0.046166,3e-06,0.061958,1.157723,0.084556,-1.156653,40.186577,0.976308,1.229853,121.261375,122.029282,3.398025,15360.0,1.263992,118.551163,119.144806,2.644103,1008.0,14996.09668,1024.0,1024.0,293.925934,499600,64.0,1999.3
0,615400,38150,10994.376,373.46,39.02808,25.638195,0.679414,0.02044,9.900042,9.900042,9.900042,9.900042,0.03543,4e-06,0.139983,1.690211,0.092561,-1.705135,42.926208,0.976319,1.281389,121.090775,119.701324,3.973279,15360.0,1.262037,119.203995,117.082794,3.443437,1008.0,14996.264648,1024.0,1024.0,178.68158,499400,64.0,1999.3
0,616200,38200,11008.183,373.46,36.248383,23.812511,0.666402,0.02044,9.123256,9.123256,9.123256,9.123256,0.03213,4e-06,0.03023,2.984964,0.087233,-2.998791,45.465881,0.976304,1.268455,117.816895,117.280174,3.966139,15360.0,1.382538,117.445053,115.294868,4.288046,1008.0,14996.023438,1024.0,1024.0,216.511078,499200,64.0,1999.3
0,617000,38250,11021.891,373.46,39.06741,26.579453,0.576948,0.02044,9.408264,9.408264,9.408264,9.408264,0.027696,4e-06,0.019984,2.655015,0.062294,-2.636764,46.105621,0.976295,1.127166,118.010704,119.06588,2.872125,15360.0,1.314429,115.838158,116.180656,3.358029,1008.0,14995.888672,1024.0,1024.0,182.815353,500000,64.0,1999.3
0,617800,38300,11035.627,373.46,37.248489,24.904655,0.676947,0.02044,9.30125,9.30125,9.30125,9.30125,0.037147,3e-06,0.043359,3.374958,0.041237,-3.391109,46.099342,0.976309,1.026018,124.839279,125.38121,1.900992,15360.0,1.152305,122.783737,122.175499,2.475827,1008.0,14996.109375,1024.0,1024.0,256.631561,499800,64.0,1999.3
0,618600,38350,11049.401,373.46,36.760677,23.905811,0.703844,0.02044,9.246044,9.246044,9.246044,9.246044,0.039352,3e-06,0.015059,0.985184,0.119548,-0.980486,47.701942,0.976307,1.456463,112.374878,112.369591,5.702648,15360.0,1.628041,112.902695,109.506607,6.112083,1008.0,14996.080078,1024.0,1024.0,276.15451,499600,64.0,1999.3
0,619400,38400,11063.084,373.46,37.059792,24.592594,0.703632,0.02044,9.261784,9.261784,9.26124,9.26124,0.038558,3e-06,-0.035391,1.80182,0.080457,-1.8109,45.908066,0.976312,1.191827,120.612099,122.391205,3.693604,15360.0,1.329079,118.198349,117.966652,4.128109,1008.0,14996.143555,1024.0,1024.0,232.48468,499400,64.0,1999.3
0,620200,38450,11076.89,373.46,34.455242,22.288761,0.638323,0.02044,8.981894,8.981894,8.981894,8.981894,0.026992,3e-06,0.02164,1.739985,0.085394,-1.761975,46.330284,0.976324,1.236043,121.115044,121.838974,3.956316,15360.0,1.233183,118.799706,118.188751,3.325101,1008.0,14996.341797,1024.0,1024.0,206.833572,499200,64.0,1999.3
0,621000,38500,11090.599,373.46,40.739376,27.490644,0.729692,0.02044,9.869418,9.869418,9.869418,9.869418,0.051495,4e-06,0.027297,1.751176,0.074973,-1.744561,50.144798,0.976293,1.190871,117.661987,117.875542,3.759499,15360.0,1.413563,116.933395,116.307068,4.617351,1008.0,14995.863281,1024.0,1024.0,183.499359,500000,64.0,1999.3
0,621800,38550,11104.291,373.46,36.611393,24.223637,0.633267,0.02044,9.072992,9.072992,9.072992,9.072992,0.030901,3e-06,0.047845,1.448678,0.088776,-1.43856,50.797783,0.976308,1.313553,117.091545,116.562614,4.509624,15360.0,1.307865,115.910576,114.136414,4.059653,1008.0,14996.095703,1024.0,1024.0,209.510056,499800,64.0,1999.3
0,622600,38600,11118.064,373.46,41.560741,28.031582,0.717815,0.02044,10.143066,10.143066,10.143066,10.143066,0.047336,3e-06,0.024055,2.417384,0.069384,-2.429827,50.191925,0.976307,1.162626,120.041153,120.320335,3.482497,15360.0,1.48951,118.674568,117.21524,4.9838,1008.0,14996.076172,1024.0,1024.0,279.185211,499600,64.0,1999.3
0,623400,38650,11131.77,373.46,34.597134,23.005075,0.627025,0.02044,8.438263,8.438263,8.438263,8.438263,0.029539,3e-06,0.045525,2.473013,0.079655,-2.449097,48.904999,0.976305,1.245887,119.522049,119.082581,3.89554,15360.0,1.236971,118.837242,117.296791,3.410848,1008.0,14996.048828,1024.0,1024.0,192.321625,499400,64.0,1999.3
0,624200,38700,11145.589,373.46,37.345837,24.80385,0.668745,0.02044,9.327772,9.327772,9.327772,9.327772,0.034805,3e-06,-0.044233,2.223344,0.082516,-2.246883,50.949242,0.976312,1.236795,119.518303,121.038414,4.204147,15360.0,1.332297,117.99321,117.491562,3.481142,1008.0,14996.158203,1024.0,1024.0,157.751846,499200,64.0,1999.3
0,625000,38750,11159.314,373.46,38.475006,26.029228,0.607161,0.02044,9.168745,9.168745,9.168745,9.168745,0.025799,4e-06,0.02397,1.80676,0.086677,-1.796586,52.278526,0.976297,1.288613,118.5495,118.362984,4.53134,15360.0,1.399908,117.080505,115.408669,4.416218,1008.0,14995.914062,1024.0,1024.0,236.475815,500000,64.0,1999.3
0,625800,38800,11199.176,389.13,38.31435,24.934969,0.63803,0.02044,9.762745,9.762745,9.762745,9.762745,0.030839,3e-06,0.044939,0.309984,0.108569,-0.332337,54.058266,0.976294,1.442104,113.176186,113.12413,5.869058,15360.0,1.649485,111.560829,108.76532,5.780151,1008.0,14995.876953,1024.0,1024.0,252.854523,499800,64.0,1999.3
0,626600,38850,11212.988,389.13,37.830086,25.502594,0.745276,0.02044,9.170413,9.170413,9.170413,9.170413,0.04977,4e-06,0.011914,2.43257,0.062182,-2.414291,47.848114,0.976313,1.106488,122.355667,123.041946,2.975273,15360.0,1.186402,121.024757,120.578568,3.141723,1008.0,14996.170898,1024.0,1024.0,187.314819,499600,64.0,1999.3
0,627400,38900,11226.784,389.13,39.41312,26.70998,0.656782,0.02044,9.607286,9.607286,9.607286,9.607286,0.035153,3e-06,-0.000754,3.09297,0.058936,-3.114686,50.565117,0.976317,1.055636,122.194405,123.599564,2.980099,15360.0,1.343394,119.451508,121.831497,4.718706,1008.0,14996.228516,1024.0,1024.0,245.039322,499400,64.0,1999.3
0,628200,38950,11240.456,389.13,37.552559,24.871223,0.619321,0.02044,9.521306,9.521306,9.521306,9.521306,0.025416,3e-06,0.004188,2.63797,0.063172,-2.640359,47.918037,0.976316,1.140322,122.094551,122.546783,3.027096,15360.0,1.412094,120.015076,117.426414,3.804777,1008.0,14996.207031,1024.0,1024.0,154.937912,499200,64.0,1999.3
0,629000,39000,11254.223,389.13,39.128494,25.151693,0.676801,0.02044,10.234667,10.234667,10.234667,10.234667,0.037726,3e-06,0.101865,1.057836,0.11259,-1.039591,51.857384,0.976317,1.408471,116.529442,115.457588,5.838645,15360.0,1.703616,115.030212,112.367912,6.22165,1008.0,14996.224609,1024.0,1024.0,178.249908,500000,64.0,1999.3
0,629800,39050,11267.842,389.13,34.448421,22.222307,0.601769,0.02044,8.772421,8.772421,8.772421,8.772421,0.024982,3e-06,0.121562,1.359195,0.100303,-1.358072,51.838768,0.976308,1.398387,116.771294,114.495201,5.199583,15360.0,1.447643,115.990128,111.971596,5.228916,1008.0,14996.091797,1024.0,1024.0,231.376846,499800,64.0,1999.3
0,630600,39100,11281.639,389.13,39.486095,25.983053,0.644204,0.02044,10.086009,10.086009,10.086009,10.086009,0.03139,3e-06,0.046847,2.429307,0.087502,-2.425496,53.010368,0.976302,1.291896,117.140793,116.773155,4.638521,15360.0,1.350134,117.006157,115.860764,3.649773,1008.0,14996.0,1024.0,1024.0,219.190201,499600,64.0,1999.3
0,631400,39150,11295.324,389.13,36.780491,24.750427,0.653752,0.02044,8.962457,8.962457,8.962457,8.962457,0.034524,4e-06,0.006077,2.626049,0.061594,-2.627976,57.180107,0.976318,1.145196,120.686874,121.415062,3.521965,15360.0,1.152988,118.828659,119.447609,2.931649,1008.0,14996.240234,1024.0,1024.0,234.455124,499400,64.0,1999.3
0,632200,39200,11309.114,389.13,40.210838,26.028469,0.686111,0.02044,10.342014,10.342014,10.342014,10.342014,0.037794,3e-06,0.070803,1.129136,0.108981,-1.140773,58.457924,0.976306,1.514019,110.128326,109.325256,6.370821,15360.0,1.715928,109.721611,105.527084,6.442185,1008.0,14996.056641,1024.0,1024.0,219.888718,499200,64.0,1999.3
0,633000,39250,11322.825,389.13,37.23362,23.361616,0.703635,0.02044,9.940392,9.940392,9.940392,9.940392,0.041154,4e-06,0.090422,0.458884,0.117423,-0.47466,57.435631,0.976324,1.596331,115.298843,114.015991,6.74429,15360.0,1.755821,114.216118,110.358711,6.601417,1008.0,14996.330078,1024.0,1024.0,308.746521,500000,64.0,1999.3
0,633800,39300,11336.553,389.13,38.635876,25.80006,0.678603,0.02044,9.660872,9.660872,9.660872,9.660872,0.037274,3e-06,0.024791,2.862955,0.051701,-2.862117,59.009903,0.976304,1.125516,122.0858,121.766838,3.050899,15360.0,1.198345,121.092941,118.54155,3.673863,1008.0,14996.029297,1024.0,1024.0,184.181152,499800,64.0,1999.3
0,634600,39350,11350.255,389.13,40.067547,27.331974,0.741979,0.02044,9.7505,9.7505,9.7505,9.7505,0.045486,3e-06,0.013545,4.685633,0.022885,-4.658996,60.295166,0.976303,0.901507,124.920677,125.010635,1.379879,15360.0,1.108485,124.485497,122.860062,2.562466,1008.0,14996.005859,1024.0,1024.0,203.133392,499600,64.0,1999.3
0,635400,39400,11364.039,389.13,38.584667,25.752769,0.696656,0.02044,9.518894,9.518894,9.518894,9.518894,0.042565,3e-06,0.008791,2.785934,0.064331,-2.787129,59.923523,0.976303,1.209995,121.616615,122.940338,3.854932,15360.0,1.417439,118.464088,120.717644,4.747022,1008.0,14996.007812,1024.0,1024.0,158.435471,499400,64.0,1999.3
0,636200,39450,11377.757,389.13,37.400177,24.246304,0.673259,0.02044,9.563956,9.563956,9.563956,9.563956,0.037739,3e-06,-0.07315,0.582288,0.110761,-0.592197,56.185486,0.976307,1.525811,115.277077,118.301804,6.223143,15360.0,1.623882,110.259186,113.51754,5.506974,1008.0,14996.068359,1024.0,1024.0,176.851974,499200,64.0,1999.3
0,637000,39500,11391.55,389.13,36.667103,24.855129,0.670739,0.02044,8.934252,8.934252,8.934252,8.934252,0.037913,4e-06,0.020045,3.308067,0.050559,-3.302748,48.097359,0.976296,0.938908,124.254089,125.560623,2.431736,15360.0,1.113879,121.585625,123.260796,3.031708,1008.0,14995.904297,1024.0,1024.0,174.699051,500000,64.0,1999.3
0,637800,39550,11405.177,389.13,38.703709,25.712513,0.687187,0.02044,9.739069,9.739069,9.739069,9.739069,0.037749,3e-06,0.041005,1.659004,0.066498,-1.684428,46.34687,0.976319,1.106561,119.904106,120.415871,3.081972,15360.0,1.410091,117.550743,118.124275,4.44646,1008.0,14996.255859,1024.0,1024.0,205.672012,499800,64.0,1999.3
0,638600,39600,11418.958,389.13,37.112095,24.09693,0.683271,0.02044,9.840757,9.840757,9.840757,9.840757,0.033278,3e-06,-0.047125,1.939448,0.081702,-1.942693,46.159904,0.976312,1.121649,122.515335,124.288979,3.771336,15360.0,1.373644,119.558205,119.563759,4.361569,1008.0,14996.154297,1024.0,1024.0,180.279099,499600,64.0,1999.3
0,639400,39650,11432.656,389.13,36.256771,24.545544,0.69725,0.02044,8.864115,8.864115,8.864115,8.864115,0.043616,3e-06,0.01107,2.421488,0.039755,-2.435406,41.90287,0.976307,0.86852,122.572487,123.780785,1.665843,15360.0,1.211408,119.42453,120.200462,3.143651,1008.0,14996.070312,1024.0,1024.0,168.963043,499400,64.0,1999.3
0,640200,39700,11446.445,389.13,41.646389,27.955772,0.712219,0.02044,10.367249,10.367249,10.367249,10.367249,0.037791,3e-06,0.045015,2.874869,0.077303,-2.862511,40.139801,0.976302,1.086307,124.694893,124.33374,3.102921,15360.0,1.408868,123.546616,119.691589,4.951556,1008.0,14995.996094,1024.0,1024.0,199.310181,499200,64.0,1999.3
0,641000,39750,11460.164,389.13,35.602997,23.62631,0.652698,0.02044,9.09915,9.09915,9.09915,9.09915,0.033655,4e-06,0.005732,1.562142,0.051776,-1.5712,37.791275,0.976332,0.937273,124.516853,125.3377,1.95667,15360.0,1.171589,122.410774,121.803474,2.772014,1008.0,14996.46582,1024.0,1024.0,209.534088,500000,64.0,1999.3
0,641800,39800,11473.892,389.13,39.375107,26.698544,0.642249,0.02044,9.604288,9.604288,9.604288,9.604288,0.03356,3e-06,0.067511,3.189627,0.066925,-3.189792,38.291939,0.976308,1.005051,123.425835,123.265747,2.562671,15360.0,1.255307,122.653778,120.383446,3.624762,1008.0,14996.084961,1024.0,1024.0,216.463226,499800,64.0,1999.3
0,642600,39850,11487.611,389.13,32.989643,21.374199,0.629041,0.02044,8.766089,8.766089,8.766089,8.766089,0.029234,3e-06,-0.023357,0.845716,0.057352,-0.859145,40.867599,0.976316,0.978033,121.098946,122.833046,2.343828,15360.0,1.228608,117.145691,118.248848,2.89467,1008.0,14996.214844,1024.0,1024.0,168.596939,499600,64.0,1999.3
0,643400,39900,11501.389,389.13,40.86412,28.158789,0.702117,0.02044,9.850429,9.850429,9.850429,9.850429,0.041223,3e-06,0.013859,3.464366,0.03993,-3.464446,37.799721,0.976296,0.811354,126.876976,127.738342,1.509356,15360.0,1.073629,124.963196,124.939178,2.561054,1008.0,14995.908203,1024.0,1024.0,168.294296,499400,64.0,1999.3
0,644200,39950,11515.119,389.13,37.101372,24.975504,0.672802,0.02044,8.840442,8.840442,8.840442,8.840442,0.032334,3e-06,0.1154,1.879436,0.092025,-1.882782,42.898315,0.976313,1.142199,122.946701,121.521782,3.947719,15360.0,1.501792,122.331619,117.213631,5.715014,1008.0,14996.169922,1024.0,1024.0,174.449722,499200,64.0,1999.3
0,645000,40000,11528.925,389.13,36.282547,24.622139,0.76211,0.02044,8.863625,8.863625,8.863625,8.863625,0.054425,3e-06,-0.06611,3.24873,0.062686,-3.2368,43.496651,0.976299,0.903295,125.236336,126.749275,2.726633,15360.0,0.968945,124.197708,123.928116,2.773217,1008.0,14995.947266,1024.0,1024.0,231.424911,500000,64.0,1999.3
0,645800,40050,11542.553,389.13,39.666492,27.037708,0.633182,0.02044,9.773928,9.773928,9.773928,9.773928,0.03299,3e-06,0.024136,2.814648,0.035113,-2.831556,45.493904,0.976303,0.868515,126.266594,126.699585,1.597413,15360.0,1.103967,124.236053,124.263863,2.32194,1008.0,14996.019531,1024.0,1024.0,146.386948,499800,64.0,1999.3
0,646600,40100,11556.352,389.13,38.327484,25.85976,0.641084,0.02044,9.558684,9.558684,9.558684,9.558684,0.031928,3e-06,0.040421,3.175786,0.056121,-3.193707,42.344994,0.976313,0.908856,125.671158,125.930603,2.376442,15360.0,1.141238,123.911293,124.501137,3.13765,1008.0,14996.169922,1024.0,1024.0,167.703247,499600,64.0,1999.3
0,647400,40150,11570.093,389.13,36.841236,24.744921,0.645637,0.02044,9.193983,9.193983,9.193983,9.193983,0.037938,3e-06,-0.026979,0.823261,0.06024,-0.835412,44.98616,0.976303,0.95032,116.810486,118.304451,2.709977,15360.0,1.311728,113.63652,115.367195,4.003124,1008.0,14996.005859,1024.0,1024.0,262.378967,499400,64.0,1999.3
0,648200,40200,11583.918,389.13,34.11647,22.495018,0.627403,0.02044,8.773603,8.773603,8.773603,8.773603,0.031571,3e-06,-0.015492,1.377887,0.066748,-1.376709,40.575745,0.976299,0.979549,122.522095,123.972794,2.708347,15360.0,1.195284,119.235779,119.491432,2.175769,1008.0,14995.945312,1024.0,1024.0,200.59523,499200,64.0,1999.3
0,649000,40250,11597.708,389.13,33.545258,22.827143,0.645538,0.02044,8.122982,8.122982,8.122982,8.122982,0.039107,3e-06,0.035943,3.169799,0.037191,-3.168433,41.15052,0.976304,0.760946,125.43029,125.835106,1.530433,15360.0,1.066552,123.54377,123.276352,2.751526,1008.0,14996.035156,1024.0,1024.0,217.096771,500000,64.0,1999.3
0,649800,40300,11611.294,389.13,36.164051,24.39253,0.684793,0.02044,9.085432,9.085432,9.085432,9.085432,0.039589,3e-06,0.008387,3.531481,0.037621,-3.513252,38.911758,0.976319,0.762086,128.113785,128.780014,1.463911,15360.0,1.006132,126.385284,126.688713,2.407815,1008.0,14996.265625,1024.0,1024.0,176.092346,499800,64.0,1999.3
0,650600,40350,11651.103,404.653,39.505165,26.240053,0.657795,0.02044,10.18453,10.18453,10.18453,10.18453,0.035092,3e-06,0.050296,2.962672,0.067153,-2.958814,40.851364,0.976318,0.958876,126.386368,126.05957,2.743275,15360.0,1.249073,124.981384,122.164314,4.018286,1008.0,14996.237305,1024.0,1024.0,169.128052,499600,64.0,1999.3
0,651400,40400,11664.795,404.653,37.088772,24.928043,0.734733,0.02044,9.287673,9.287673,9.287673,9.287673,0.05083,3e-06,-0.00822,2.782891,0.05326,-2.795492,42.694359,0.976305,0.874252,126.489914,127.454971,2.273894,15360.0,1.076945,124.443443,125.208305,2.995832,1008.0,14996.042969,1024.0,1024.0,244.47496,499400,64.0,1999.3
0,652200,40450,11678.591,404.653,36.419178,24.090429,0.623209,0.02044,9.248346,9.248346,9.248346,9.248346,0.026302,3e-06,0.049545,2.57634,0.07924,-2.558516,46.11824,0.976311,1.076477,119.343933,118.345367,3.654431,15360.0,1.286314,119.195465,116.278366,4.188799,1008.0,14996.133789,1024.0,1024.0,162.704239,499200,64.0,1999.3
0,653000,40500,11692.3,404.653,33.691814,22.118713,0.70058,0.02044,8.806597,8.806597,8.806597,8.806597,0.040239,3e-06,-0.010696,2.213264,0.049358,-2.20325,43.442116,0.9763,0.855111,126.647675,128.00296,2.144222,15360.0,1.068028,123.528183,124.017731,2.608458,1008.0,14995.964844,1024.0,1024.0,139.805649,500000,64.0,1999.3
0,653800,40550,11706.014,404.653,34.459358,22.925228,0.683306,0.02044,8.709701,8.709701,8.709701,8.709701,0.035234,4e-06,0.015456,2.118109,0.054726,-2.122477,40.08287,0.976287,0.883112,126.979424,127.535599,2.19359,15360.0,1.17048,124.762367,123.404396,3.395415,1008.0,14995.768555,1024.0,1024.0,212.135361,499800,64.0,1999.3
0,654600,40600,11719.703,404.653,37.969692,26.082615,0.642201,0.02044,9.248438,9.248438,9.248438,9.248438,0.035911,3e-06,0.028872,3.589826,0.03211,-3.595825,35.179619,0.976305,0.739581,120.367111,120.631157,1.129622,15360.0,0.942347,119.259926,118.445114,2.038211,1008.0,14996.044922,1024.0,1024.0,207.74498,499600,64.0,1999.3
0,655400,40650,11733.483,404.653,38.418064,25.829765,0.672992,0.02044,9.511477,9.511477,9.511477,9.511477,0.035971,3e-06,0.076283,2.026866,0.081999,-2.027583,36.927811,0.976306,0.993341,125.434372,125.004539,3.028031,15360.0,1.208706,124.19017,121.798836,3.673616,1008.0,14996.066406,1024.0,1024.0,204.119751,499400,64.0,1999.3
0,656200,40700,11747.309,404.653,37.425926,25.677681,0.642193,0.02044,9.040674,9.040674,9.040674,9.040674,0.033839,3e-06,0.0191,2.82577,0.05084,-2.808435,36.965233,0.976305,0.801696,123.660683,124.182747,1.879327,15360.0,1.066908,122.048035,122.639221,2.976173,1008.0,14996.041016,1024.0,1024.0,202.733109,499200,64.0,1999.3
0,657000,40750,11761.052,404.653,34.691906,23.394379,0.655703,0.02044,8.634218,8.634218,8.634218,8.634218,0.042422,3e-06,0.049103,2.343448,0.040292,-2.330792,36.956741,0.976307,0.778693,124.746117,124.678505,1.489051,15360.0,0.986486,123.230133,122.673447,2.40167,1008.0,14996.076172,1024.0,1024.0,204.187851,500000,64.0,1999.3
0,657800,40800,11774.742,404.653,40.550991,27.564558,0.671138,0.02044,10.115171,10.115171,10.115171,10.115171,0.035194,3e-06,0.00452,2.331324,0.052791,-2.313533,37.493866,0.976313,0.823554,124.8564,125.529457,1.979357,15360.0,1.13364,123.248581,122.052399,2.813014,1008.0,14996.171875,1024.0,1024.0,405.108307,499800,64.0,1999.3
0,658600,40850,11788.446,404.653,31.751741,20.692837,0.62819,0.02044,8.526848,8.526848,8.526848,8.526848,0.027406,3e-06,-0.001803,1.96287,0.03522,-1.949735,38.01667,0.976307,0.718469,128.499939,129.051071,1.338962,15360.0,1.046925,125.667229,125.085854,1.914386,1008.0,14996.082031,1024.0,1024.0,328.749664,499600,64.0,1999.3
0,659400,40900,11802.272,404.653,41.671154,28.475231,0.77809,0.02044,10.219254,10.219254,10.219254,10.219254,0.053857,4e-06,0.018497,1.836698,0.04471,-1.836818,40.746666,0.976331,0.79775,127.887428,128.29689,1.821778,15360.0,1.133219,125.912666,124.45282,3.055792,1008.0,14996.443359,1024.0,1024.0,281.672211,499400,64.0,1999.3
0,660200,40950,11816.007,404.653,42.186951,28.284332,0.665573,0.02044,10.646066,10.646066,10.646066,10.646066,0.03714,3e-06,0.082886,2.515056,0.086369,-2.485328,43.821198,0.976306,1.026464,124.893547,124.261772,3.784798,15360.0,1.321948,124.487946,122.195908,4.941447,1008.0,14996.056641,1024.0,1024.0,233.093628,499200,64.0,1999.3
0,661000,41000,11829.794,404.653,35.575451,23.823856,0.607667,0.02044,8.620586,8.620586,8.620586,8.620586,0.031837,3e-06,0.127743,2.539102,0.083925,-2.525633,48.061348,0.976304,1.127415,119.809799,117.597961,4.033569,15360.0,1.285615,119.476089,115.724976,4.745186,1008.0,14996.032227,1024.0,1024.0,300.974792,500000,64.0,1999.3
0,661800,41050,11843.398,404.653,36.839996,23.916813,0.669876,0.02044,10.097733,10.097733,10.097733,10.097733,0.035209,3e-06,0.010293,2.096084,0.032742,-2.064006,47.252518,0.976298,0.7761,128.271805,129.188644,1.547154,15360.0,1.129894,125.732803,125.007324,2.676853,1008.0,14995.931641,1024.0,1024.0,195.152084,499800,64.0,1999.3
0,662600,41100,11857.23,404.653,35.743664,23.945316,0.672229,0.02044,9.188708,9.188708,9.188708,9.188708,0.0379,3e-06,0.005543,3.82572,0.040956,-3.813069,42.21051,0.976314,0.733918,129.436188,130.404877,1.728781,15360.0,0.862132,127.972694,128.612076,2.31273,1008.0,14996.1875,1024.0,1024.0,227.873856,499600,64.0,1999.3
0,663400,41150,11870.956,404.653,35.562889,23.005297,0.712599,0.02044,9.76551,9.76551,9.76551,9.76551,0.039451,3e-06,-0.013705,2.22593,0.054045,-2.235444,38.957909,0.976296,0.78108,128.009628,129.041275,2.105472,15360.0,1.050383,125.486687,125.314507,2.43905,1008.0,14995.900391,1024.0,1024.0,196.451782,499400,64.0,1999.3
0,664200,41200,11884.786,404.653,35.736168,24.21895,0.639458,0.02044,8.833063,8.833063,8.833063,8.833063,0.038862,3e-06,0.030347,2.210117,0.04696,-2.18816,40.567505,0.976294,0.817699,119.144882,119.379196,1.905065,15360.0,0.976343,117.591171,116.903091,2.115477,1008.0,14995.875,1024.0,1024.0,172.956741,499200,64.0,1999.3
0,665000,41250,11898.476,404.653,36.052433,24.296711,0.652119,0.02044,9.039182,9.039182,9.039182,9.039182,0.031824,3e-06,0.02637,3.017326,0.037077,-3.024609,40.965759,0.976301,0.730688,127.09037,127.574341,1.518906,15360.0,1.276674,125.285461,123.310982,3.62346,1008.0,14995.978516,1024.0,1024.0,217.6082,500000,64.0,1999.3
0,665800,41300,11912.171,404.653,36.083736,23.845997,0.709688,0.02044,9.528755,9.528755,9.528755,9.528755,0.047207,3e-06,0.002055,2.266284,0.031545,-2.264259,45.766144,0.976318,0.713483,129.244568,129.773834,1.443687,15360.0,1.034797,127.186066,126.500549,2.202084,1008.0,14996.242188,1024.0,1024.0,246.184097,499800,64.0,1999.3
0,666600,41350,11925.881,404.653,37.028568,25.10438,0.601938,0.02044,9.309189,9.309189,9.309189,9.309189,0.026503,4e-06,-0.005029,2.02619,0.038745,-2.018096,43.570061,0.976328,0.762725,127.969353,128.519501,1.688113,15360.0,1.013355,125.854752,125.299965,2.187826,1008.0,14996.393555,1024.0,1024.0,186.490662,499600,64.0,1999.3
0,667400,41400,11939.685,404.653,33.153374,21.909128,0.639946,0.02044,8.692426,8.692426,8.692426,8.692426,0.031586,3e-06,0.009822,1.763001,0.03259,-1.760914,42.895172,0.976292,0.692729,124.853439,125.639198,1.397948,15360.0,1.065458,122.429008,121.733948,2.282414,1008.0,14995.849609,1024.0,1024.0,166.293091,499400,64.0,1999.3
0,668200,41450,11953.472,404.653,36.092426,24.23805,0.624522,0.02044,9.337845,9.337845,9.337845,9.337845,0.030866,3e-06,0.00687,2.024958,0.024814,-2.038576,42.131302,0.976301,0.607471,124.899338,125.419342,1.045459,15360.0,1.078143,122.70372,121.661354,2.375973,1008.0,14995.988281,1024.0,1024.0,187.451645,499200,64.0,1999.3
0,669000,41500,11967.162,404.653,35.55772,23.847683,0.672175,0.02044,9.178533,9.178533,9.178533,9.178533,0.03377,3e-06,0.012016,3.420075,0.029821,-3.412782,43.726669,0.976312,0.663045,130.347443,130.705261,1.303961,15360.0,0.819915,128.705841,128.470413,1.640915,1008.0,14996.15625,1024.0,1024.0,244.208755,500000,64.0,1999.3
0,669800,41550,11980.858,404.653,37.160751,25.045153,0.642923,0.02044,9.568043,9.568043,9.568043,9.568043,0.033643,3e-06,-0.00524,2.597737,0.033217,-2.584857,41.044693,0.976312,0.653765,129.850143,130.789169,1.363385,15360.0,0.929556,127.55645,128.258041,1.931821,1008.0,14996.15625,1024.0,1024.0,232.610367,499800,64.0,1999.3
0,670600,41600,11994.654,404.653,34.341991,22.887138,0.6774,0.02044,8.938138,8.938138,8.938138,8.938138,0.03778,3e-06,0.016743,2.691363,0.027677,-2.689253,44.149117,0.976309,0.63562,130.19072,130.953278,1.221935,15360.0,0.908993,128.006805,127.224449,1.890718,1008.0,14996.103516,1024.0,1024.0,204.794815,499600,64.0,1999.3
0,671400,41650,12008.353,404.653,36.936729,24.653248,0.671747,0.02044,9.556391,9.556391,9.556391,9.556391,0.038646,3e-06,-0.041177,2.823988,0.056486,-2.817864,37.482262,0.976308,0.789949,127.615425,128.871765,2.117214,15360.0,1.101652,124.551544,124.89901,3.426394,1008.0,14996.087891,1024.0,1024.0,227.963074,499400,64.0,1999.3
0,672200,41700,12022.039,404.653,40.945465,28.45319,0.641798,0.02044,9.683723,9.683723,9.683723,9.683723,0.031255,3e-06,-0.004692,2.267984,0.065432,-2.293968,33.753914,0.976316,0.857971,126.565582,127.415794,2.208582,15360.0,1.0822,124.725937,123.385147,3.010127,1008.0,14996.214844,1024.0,1024.0,191.283005,499200,64.0,1999.3
0,673000,41750,12035.839,404.653,36.868877,25.064724,0.651413,0.02044,9.181059,9.181059,9.181059,9.181059,0.039166,3e-06,-0.061176,2.813282,0.067657,-2.798992,29.010216,0.976311,0.770945,128.778427,130.104553,1.962747,15360.0,1.077898,126.097397,126.628082,2.988675,1008.0,14996.132812,1024.0,1024.0,235.052307,500000,64.0,1999.3
0,673800,41800,12049.44,404.653,34.38393,23.746862,0.627014,0.02044,8.060938,8.060938,8.060938,8.060938,0.035853,3e-06,-0.023108,2.811054,0.085816,-2.799216,26.225624,0.976299,0.845898,125.229858,126.145142,2.250579,15360.0,0.999295,122.975143,122.986069,2.733473,1008.0,14995.957031,1024.0,1024.0,200.158249,499800,64.0,1999.3
0,674600,41850,12063.227,404.653,34.96484,23.04818,0.659262,0.02044,9.157778,9.157778,9.157778,9.157778,0.038669,3e-06,0.022451,1.184685,0.075465,-1.186693,25.515701,0.976317,0.828141,126.996201,127.431465,1.925555,15360.0,1.042695,124.99427,123.541962,2.392007,1008.0,14996.233398,1024.0,1024.0,227.635971,499600,64.0,1999.3
0,675400,41900,12103.323,420.365,41.939831,28.544064,0.645992,0.02044,10.44227,10.44227,10.44227,10.44227,0.0327,4e-06,0.048844,0.956775,0.091166,-0.980096,23.80732,0.97629,0.876939,126.860275,126.801895,2.170408,15360.0,1.056852,125.212151,123.432724,2.963242,1008.0,14995.80957,1024.0,1024.0,228.262756,499400,64.0,1999.3
0,676200,41950,12117.046,420.365,32.549721,21.107311,0.641048,0.02044,8.87801,8.87801,8.87801,8.87801,0.029027,3e-06,-0.008585,1.228467,0.065781,-1.237117,21.714661,0.976297,0.719306,129.700272,130.632645,1.428421,15360.0,1.01463,127.147003,126.63353,1.655683,1008.0,14995.927734,1024.0,1024.0,195.432846,499200,64.0,1999.3
0,677000,42000,12130.846,420.365,37.683365,25.865952,0.612144,0.02044,9.279778,9.279778,9.279778,9.279778,0.033401,3e-06,0.04291,2.904567,0.069488,-2.909728,19.851532,0.976308,0.683559,130.064835,130.363068,1.379443,15360.0,0.835358,129.254257,128.661758,2.504524,1008.0,14996.083984,1024.0,1024.0,239.7771,500000,64.0,1999.3
0,677800,42050,12144.473,420.365,37.953384,25.370274,0.716376,0.02044,9.867312,9.867312,9.867312,9.867312,0.048685,4e-06,0.00301,2.088424,0.075936,-2.094768,19.113724,0.976289,0.721894,131.295593,131.928162,1.451426,15360.0,0.891148,129.609131,128.903671,2.146723,1008.0,14995.798828,1024.0,1024.0,201.045456,499800,64.0,1999.3
0,678600,42100,12158.253,420.365,38.474697,26.387783,0.69715,0.02044,9.261539,9.261539,9.261539,9.261539,0.041851,3e-06,0.046112,0.996522,0.096744,-1.01147,19.489975,0.976301,0.839826,129.520615,129.993515,1.885536,15360.0,0.985632,127.344566,127.066788,2.274704,1008.0,14995.987305,1024.0,1024.0,202.961548,499600,64.0,1999.3
0,679400,42150,12172.057,420.365,38.138115,25.21505,0.724403,0.02044,10.054434,10.054434,10.054434,10.054434,0.043102,3e-06,0.066575,1.558486,0.088181,-1.569164,20.328743,0.976317,0.773658,130.912598,131.468491,1.792619,15360.0,0.927034,128.997803,128.15863,2.705647,1008.0,14996.223633,1024.0,1024.0,206.140442,499400,64.0,1999.3
0,680200,42200,12185.873,420.365,39.52689,27.049206,0.688405,0.02044,9.635423,9.635423,9.635423,9.635423,0.035887,3e-06,0.08637,1.77084,0.082018,-1.767749,20.625694,0.9763,0.801441,131.042816,131.313812,1.691684,15360.0,0.940214,129.495667,127.510956,2.7824,1008.0,14995.960938,1024.0,1024.0,243.935211,499200,64.0,1999.3
0,681000,42250,12199.579,420.365,37.965908,25.779676,0.649814,0.02044,9.484644,9.484644,9.484644,9.484644,0.034124,4e-06,0.069197,1.894256,0.068219,-1.893321,21.13623,0.976297,0.759634,131.098419,131.656891,1.441899,15360.0,0.846787,129.413223,128.570267,2.260858,1008.0,14995.923828,1024.0,1024.0,199.158585,500000,64.0,1999.3
0,681800,42300,12213.276,420.365,37.182987,24.589254,0.714568,0.02044,9.683661,9.683661,9.683661,9.683661,0.042316,3e-06,0.020329,1.675778,0.096752,-1.678405,21.728691,0.976296,0.905858,131.544952,132.5504,2.102297,15360.0,0.93505,129.669815,130.355423,1.905732,1008.0,14995.912109,1024.0,1024.0,283.370239,499800,64.0,1999.3
0,682600,42350,12227.066,420.365,37.032444,25.016949,0.665279,0.02044,9.145323,9.145323,9.145323,9.145323,0.038211,3e-06,0.067533,1.61502,0.080058,-1.600058,20.608887,0.976304,0.904908,131.785889,132.073273,1.649899,15360.0,0.991604,130.386505,130.227539,2.100426,1008.0,14996.026367,1024.0,1024.0,282.603363,499600,64.0,1999.3
0,683400,42400,12240.76,420.365,35.310921,23.269268,0.699533,0.02044,9.298215,9.298215,9.298215,9.298215,0.035717,3e-06,0.002813,1.123855,0.074762,-1.142184,19.761055,0.976303,0.807962,132.423996,133.223206,1.477383,15360.0,0.942895,130.363037,129.290222,2.127501,1008.0,14996.011719,1024.0,1024.0,207.074158,499400,64.0,1999.3
0,684200,42450,12254.457,420.365,37.904972,25.508266,0.695825,0.02044,9.477972,9.477972,9.477972,9.477972,0.04569,3e-06,0.01903,2.039088,0.073534,-2.050303,21.2425,0.976303,0.945377,132.63118,133.292175,1.562055,15360.0,0.967538,131.232254,131.874847,1.892305,1008.0,14996.006836,1024.0,1024.0,342.421173,499200,64.0,1999.3
0,685000,42500,12268.233,420.365,35.524773,23.280071,0.665839,0.02044,9.398104,9.398104,9.398104,9.398104,0.034153,3e-06,0.016741,0.408783,0.09381,-0.431234,20.279648,0.976309,0.892166,131.870346,132.559952,1.902437,15360.0,1.038655,129.562408,128.534698,2.162236,1008.0,14996.111328,1024.0,1024.0,190.486862,500000,64.0,1999.3
0,685800,42550,12281.842,420.365,36.165726,24.709799,0.623946,0.02044,8.687223,8.687223,8.687223,8.687223,0.037665,3e-06,-0.058059,1.413138,0.091215,-1.400737,20.50753,0.976302,1.018543,131.410843,132.674622,1.870594,15360.0,0.983714,129.51741,130.243622,2.110236,1008.0,14996.0,1024.0,1024.0,220.082153,499800,64.0,1999.3
0,686600,42600,12295.66,420.365,38.944603,25.954874,0.717406,0.02044,9.895992,9.895992,9.895992,9.895992,0.042223,3e-06,0.057597,0.610402,0.097727,-0.591159,23.212868,0.976317,0.990268,130.348969,130.71846,2.268516,15360.0,1.061402,128.473129,127.144226,2.44242,1008.0,14996.222656,1024.0,1024.0,211.590958,499600,64.0,1999.3
0,687400,42650,12309.356,420.365,33.427448,21.69734,0.639479,0.02044,8.816623,8.816623,8.816623,8.816623,0.035063,3e-06,0.024904,0.552848,0.096469,-0.562943,25.411858,0.976307,1.038508,128.372803,128.771729,2.451467,15360.0,1.028312,126.471794,125.112221,2.534326,1008.0,14996.074219,1024.0,1024.0,190.332397,499400,64.0,1999.3
0,688200,42700,12323.134,420.365,35.387222,23.669813,0.693983,0.02044,8.787408,8.787408,8.787408,8.787408,0.044024,3e-06,0.051009,1.704855,0.061107,-1.693176,27.010056,0.976304,1.006448,130.827286,130.986938,1.650517,15360.0,0.931259,129.635666,128.120346,2.4928,1008.0,14996.025391,1024.0,1024.0,210.943466,499200,64.0,1999.3
0,689000,42750,12336.917,420.365,36.371155,23.761126,0.660968,0.02044,9.513392,9.513392,9.513392,9.513392,0.034598,3e-06,0.118004,0.926392,0.077454,-0.927238,28.168808,0.976317,1.032549,128.557404,128.020813,2.181798,15360.0,1.04444,127.698074,125.900986,3.078291,1008.0,14996.222656,1024.0,1024.0,175.493423,500000,64.0,1999.3
0,689800,42800,12350.541,420.365,39.801662,26.742956,0.700051,0.02044,9.97958,9.97958,9.97958,9.97958,0.042303,3e-06,0.028101,2.3744,0.047005,-2.371705,28.057076,0.976305,1.023432,133.035812,133.200287,1.318823,15360.0,1.030465,132.1465,131.809967,2.507136,1008.0,14996.037109,1024.0,1024.0,271.372345,499800,64.0,1999.3
0,690600,42850,12364.368,420.365,42.640419,29.523029,0.718938,0.02044,10.049578,10.049578,10.048079,10.048079,0.050827,3e-06,0.044107,1.765591,0.050895,-1.778294,29.25164,0.976307,0.989181,130.640274,130.78949,1.488764,15360.0,0.967292,129.448334,128.728561,2.34078,1008.0,14996.082031,1024.0,1024.0,228.386917,499600,64.0,1999.3
0,691400,42900,12378.097,420.365,38.524933,25.312099,0.749565,0.02044,10.035343,10.035343,10.035343,10.035343,0.042178,3e-06,0.073763,-0.651625,0.10209,0.656656,29.73967,0.976311,1.026734,124.600197,124.40007,3.036124,15360.0,1.011523,122.617989,121.035187,3.482888,1008.0,14996.132812,1024.0,1024.0,250.637787,499400,64.0,1999.3
0,692200,42950,12391.936,420.365,34.153694,22.41502,0.642969,0.02044,8.754175,8.754175,8.754175,8.754175,0.03669,3e-06,-3e-06,0.97787,0.070202,-0.989195,30.673706,0.976299,1.122587,128.913773,129.685532,2.153344,15360.0,1.07695,127.331902,127.305794,2.569286,1008.0,14995.953125,1024.0,1024.0,171.274216,499200,64.0,1999.3
0,693000,43000,12405.66,420.365,34.208618,22.120998,0.632702,0.02044,9.039004,9.039004,9.039004,9.039004,0.025895,3e-06,0.099406,0.329431,0.06941,-0.340965,31.194542,0.976308,1.061935,126.02063,125.499794,2.165206,15360.0,1.100771,124.754097,121.785568,3.74605,1008.0,14996.091797,1024.0,1024.0,236.133179,500000,64.0,1999.3
0,693800,43050,12419.357,420.365,34.437908,22.676067,0.63863,0.02044,8.870871,8.870871,8.870695,8.870695,0.034199,3e-06,-0.066511,1.338315,0.070512,-1.327403,31.864326,0.976305,1.115554,129.93721,131.236435,2.246833,15360.0,0.9859,127.620781,127.744797,2.174157,1008.0,14996.037109,1024.0,1024.0,216.632889,499800,64.0,1999.3
0,694600,43100,12433.047,420.365,34.93911,22.934172,0.741965,0.02044,8.985085,8.985085,8.985085,8.985085,0.051323,3e-06,-0.034566,0.836476,0.07314,-0.873873,32.147514,0.976311,1.107446,129.04364,130.133698,2.351264,15360.0,0.953522,126.76535,126.132034,2.174878,1008.0,14996.128906,1024.0,1024.0,162.240616,499600,64.0,1999.3
0,695400,43150,12446.836,420.365,35.135201,22.978117,0.706242,0.02044,9.115007,9.115007,9.115007,9.115007,0.044436,4e-06,-0.006369,1.427844,0.057374,-1.447974,31.882835,0.976326,1.094903,129.90094,130.59021,1.829242,15360.0,1.051188,128.668686,127.660858,2.672913,1008.0,14996.361328,1024.0,1024.0,255.028046,499400,64.0,1999.3
0,696200,43200,12460.605,420.365,46.206547,32.378307,0.791255,0.02044,10.479794,10.479794,10.479794,10.479794,0.059626,4e-06,-0.02855,1.542586,0.065419,-1.54307,32.166771,0.976301,1.16809,132.788651,133.996552,2.10432,15360.0,1.164124,130.880157,130.265579,3.026002,1008.0,14995.986328,1024.0,1024.0,235.746063,499200,64.0,1999.3
0,697000,43250,12474.282,420.365,35.619267,23.975574,0.708155,0.02044,8.588703,8.588703,8.588703,8.588703,0.046727,3e-06,0.011766,1.403688,0.063456,-1.383106,32.304726,0.976318,1.133491,130.934113,131.706528,2.049917,15360.0,1.074221,128.924637,128.973465,2.156336,1008.0,14996.24707,1024.0,1024.0,278.398529,500000,64.0,1999.3
0,697800,43300,12487.98,420.365,33.897957,22.415848,0.723545,0.02044,8.352666,8.352666,8.352666,8.352666,0.051039,3e-06,0.068028,1.17956,0.06482,-1.187617,32.678368,0.976306,1.142688,129.249405,129.227356,2.118211,15360.0,1.131581,127.809502,127.36158,2.204058,1008.0,14996.060547,1024.0,1024.0,257.237457,499800,64.0,1999.3
0,698600,43350,12501.666,420.365,36.470627,24.380615,0.678479,0.02044,9.044434,9.044434,9.043801,9.043801,0.040535,3e-06,-0.110102,1.110607,0.095773,-1.129863,32.813751,0.976312,1.214232,128.796677,130.603973,3.142668,15360.0,1.126951,125.823868,125.807762,3.206127,1008.0,14996.15625,1024.0,1024.0,329.894623,499600,64.0,1999.3
0,699400,43400,12515.463,420.365,35.345749,23.656445,0.668015,0.02044,8.613567,8.613567,8.613567,8.613567,0.041328,3e-06,-0.007015,1.912031,0.061013,-1.894848,33.01255,0.976297,1.186867,131.300079,132.249725,2.014199,15360.0,1.153583,129.192032,128.95108,2.311342,1008.0,14995.916016,1024.0,1024.0,190.26329,499400,64.0,1999.3
0,700200,43450,12555.387,435.94,39.096191,26.667587,0.680116,0.02044,9.211136,9.211136,9.211056,9.211056,0.046752,3e-06,0.033104,2.33765,0.03946,-2.334956,33.134155,0.976315,1.155331,133.748688,133.916061,1.307464,15360.0,1.357882,132.900818,131.386215,3.297032,1008.0,14996.204102,1024.0,1024.0,165.687378,499200,64.0,1999.3
0,701000,43500,12569.143,435.94,34.928223,22.211002,0.693969,0.02044,9.582191,9.582191,9.582191,9.582191,0.040431,3e-06,0.037924,0.316656,0.039274,-0.32209,33.727142,0.976308,1.075364,123.564949,123.381195,1.324598,15360.0,1.163698,122.605392,120.997986,2.603716,1008.0,14996.09082,1024.0,1024.0,251.095398,500000,64.0,1999.3
0,701800,43550,12582.855,435.94,38.729465,25.365532,0.644521,0.02044,10.167664,10.167664,10.167664,10.167664,0.033178,3e-06,0.060596,1.93849,0.041944,-1.937279,33.920708,0.976312,1.105465,131.490417,131.309235,1.422786,15360.0,1.161604,130.428513,128.794815,2.751068,1008.0,14996.154297,1024.0,1024.0,191.526123,499800,64.0,1999.3
0,702600,43600,12596.582,435.94,38.570858,25.795635,0.714863,0.02044,9.560122,9.560122,9.560122,9.560122,0.049169,3e-06,0.004638,0.923728,0.051095,-0.921435,34.082436,0.976311,1.149897,126.758842,127.207146,1.741455,15360.0,1.230831,125.43779,125.082039,2.434031,1008.0,14996.132812,1024.0,1024.0,175.913193,499600,64.0,1999.3
0,703400,43650,12610.36,435.94,36.602402,23.726009,0.761062,0.02044,9.587831,9.587831,9.587831,9.587831,0.056248,3e-06,0.041918,1.466178,0.058302,-1.46819,34.327293,0.976304,1.165506,129.475159,129.740341,2.001365,15360.0,1.136165,127.47274,127.121086,2.259362,1008.0,14996.035156,1024.0,1024.0,225.030914,499400,64.0,1999.3
0,704200,43700,12624.093,435.94,33.477352,21.758682,0.738919,0.02044,8.571465,8.571465,8.571314,8.571314,0.044523,3e-06,0.076771,0.486046,0.040715,-0.478509,34.771126,0.976296,1.089509,124.071335,123.572929,1.4157,15360.0,1.214732,123.160172,121.06852,2.879769,1008.0,14995.905273,1024.0,1024.0,175.883835,499200,64.0,1999.3
0,705000,43750,12637.892,435.94,38.252262,25.391676,0.660547,0.02044,9.667639,9.667639,9.667639,9.667639,0.037835,3e-06,0.025322,2.551365,0.028727,-2.52569,35.212219,0.976326,1.167881,131.13974,131.227402,1.011549,15360.0,1.173307,129.742432,128.541626,1.878451,1008.0,14996.365234,1024.0,1024.0,236.00386,500000,64.0,1999.3
0,705800,43800,12651.64,435.94,33.862724,21.879711,0.684241,0.02044,8.904665,8.904665,8.904665,8.904665,0.03504,3e-06,0.019581,2.242846,0.035664,-2.235393,35.4944,0.976296,1.127272,129.29628,129.703033,1.265855,15360.0,1.121163,127.431175,125.90123,1.849413,1008.0,14995.912109,1024.0,1024.0,239.521866,499800,64.0,1999.3
0,706600,43850,12665.455,435.94,37.936108,25.370411,0.647813,0.02044,9.393611,9.393611,9.393252,9.393252,0.03936,3e-06,0.01867,2.371341,0.032776,-2.358964,35.845123,0.976309,1.174939,129.335449,129.620056,1.174871,15360.0,1.23622,127.611801,127.142525,1.932129,1008.0,14996.108398,1024.0,1024.0,202.125381,499600,64.0,1999.3
0,707400,43900,12679.186,435.94,31.369226,20.536304,0.658772,0.02044,7.885359,7.885359,7.885103,7.885103,0.032627,3e-06,-0.013882,0.770595,0.046705,-0.795801,36.069466,0.976312,1.122697,122.17643,122.784103,1.684631,15360.0,1.236662,119.885513,119.40094,2.146533,1008.0,14996.145508,1024.0,1024.0,194.264725,499400,64.0,1999.3
0,708200,43950,12692.94,435.94,34.079853,21.639374,0.686804,0.02044,9.304237,9.304237,9.304237,9.304237,0.039395,3e-06,0.002379,1.355952,0.035843,-1.354171,36.047363,0.976303,1.133464,126.046944,126.485252,1.292041,15360.0,1.209107,124.33448,123.271942,2.072394,1008.0,14996.012695,1024.0,1024.0,264.382538,499200,64.0,1999.3
0,709000,44000,12706.79,435.94,37.328438,24.741615,0.659161,0.02044,9.386222,9.386222,9.386222,9.386222,0.040432,3e-06,0.023332,3.092468,0.033457,-3.071682,36.267723,0.976302,1.206154,133.051666,133.607651,1.213412,15360.0,1.176309,131.406754,130.728424,1.781547,1008.0,14996.003906,1024.0,1024.0,250.318008,500000,64.0,1999.3
0,709800,44050,12720.513,435.94,45.48262,31.541189,0.684249,0.02044,10.585291,10.585291,10.585291,10.585291,0.036422,3e-06,0.013822,2.361243,0.034347,-2.367867,36.163887,0.976303,1.208654,129.283554,129.408813,1.242137,15360.0,1.23482,127.981247,127.517937,1.605129,1008.0,14996.009766,1024.0,1024.0,258.949768,499800,64.0,1999.3
0,710600,44100,12734.285,435.94,36.454388,23.660751,0.660381,0.02044,9.596107,9.596107,9.596107,9.596107,0.041595,3e-06,0.018501,1.018064,0.039339,-1.004755,36.228729,0.976303,1.156032,124.188919,124.539574,1.425205,15360.0,1.275197,121.931259,121.222,1.777871,1008.0,14996.015625,1024.0,1024.0,191.702469,499600,64.0,1999.3
0,711400,44150,12747.983,435.94,35.896214,23.438101,0.64176,0.02044,9.309501,9.309501,9.309501,9.309501,0.031085,3e-06,-0.001904,1.934336,0.038875,-1.956182,36.359322,0.976313,1.190058,127.870659,128.481766,1.413466,15360.0,1.22436,125.90699,125.318214,1.741441,1008.0,14996.160156,1024.0,1024.0,189.184036,499400,64.0,1999.3
0,712200,44200,12761.777,435.94,36.040447,24.703152,0.603849,0.02044,8.31038,8.31038,8.31038,8.31038,0.033282,3e-06,-0.002814,1.391024,0.05016,-1.409476,36.352783,0.976301,1.179905,123.561203,124.215408,1.823464,15360.0,1.314987,121.401154,120.602531,2.595375,1008.0,14995.982422,1024.0,1024.0,315.071716,499200,64.0,1999.3
0,713000,44250,12775.482,435.94,38.511814,25.639074,0.596176,0.02044,9.74459,9.74459,9.74459,9.74459,0.025999,3e-06,0.015529,1.362023,0.033529,-1.367807,36.588768,0.976313,1.137557,123.844131,123.968109,1.226786,15360.0,1.279939,122.059311,120.575233,2.266738,1008.0,14996.162109,1024.0,1024.0,273.980591,500000,64.0,1999.3
0,713800,44300,12789.185,435.94,41.154099,27.872793,0.693871,0.02044,10.000105,10.000105,10.000105,10.000105,0.042773,3e-06,-0.005697,1.494061,0.03877,-1.495672,37.022675,0.976307,1.145176,125.554977,126.064224,1.435355,15360.0,1.424654,124.009743,123.741203,2.681998,1008.0,14996.080078,1024.0,1024.0,221.83905,499800,64.0,1999.3
0,714600,44350,12802.865,435.94,38.813389,25.990805,0.72747,0.02044,9.575617,9.575617,9.575527,9.575527,0.050255,3e-06,0.018712,2.728023,0.031542,-2.731406,36.951439,0.976309,1.166363,129.353409,129.626633,1.165537,15360.0,1.188077,127.510765,126.514099,2.07269,1008.0,14996.111328,1024.0,1024.0,222.366989,499600,64.0,1999.3
0,715400,44400,12816.665,435.94,40.127407,27.536514,0.687377,0.02044,9.279865,9.279865,9.279865,9.279865,0.043472,4e-06,0.02742,3.197598,0.031727,-3.199088,37.401451,0.976297,1.262871,131.734619,131.997299,1.18664,15360.0,1.283102,130.591858,129.675964,2.402652,1008.0,14995.916992,1024.0,1024.0,270.096893,499400,64.0,1999.3
0,716200,44450,12830.369,435.94,37.879875,25.672729,0.593189,0.02044,9.176011,9.176011,9.176011,9.176011,0.03047,3e-06,0.004424,0.938203,0.041457,-0.943771,36.689476,0.9763,1.12007,120.410355,120.737976,1.521043,15360.0,1.251362,118.10247,116.900787,2.11214,1008.0,14995.96875,1024.0,1024.0,235.914581,499200,64.0,1999.3
0,717000,44500,12844.141,435.94,35.954407,23.65012,0.673141,0.02044,9.187735,9.187735,9.187735,9.187735,0.037625,4e-06,-0.010666,1.359513,0.042594,-1.341945,36.845596,0.976282,1.139929,125.082542,125.67514,1.569391,15360.0,1.249775,123.341797,122.680374,1.91954,1008.0,14995.693359,1024.0,1024.0,232.191422,500000,64.0,1999.3
0,717800,44550,12857.834,435.94,39.998898,26.863134,0.647334,0.02044,10.003752,10.003752,10.003752,10.003752,0.030403,3e-06,0.026551,1.459194,0.041518,-1.469563,36.731728,0.97632,1.08499,124.992126,125.42717,1.525014,15360.0,1.174406,122.867493,121.581406,2.020949,1008.0,14996.275391,1024.0,1024.0,229.872742,499800,64.0,1999.3
0,718600,44600,12871.521,435.94,37.462456,24.782734,0.731244,0.02044,9.397713,9.397713,9.397713,9.397713,0.047532,3e-06,0.009843,2.538984,0.046278,-2.532459,35.891098,0.976312,1.205114,132.826843,133.463898,1.660978,15360.0,1.25198,131.202911,130.469467,2.638429,1008.0,14996.148438,1024.0,1024.0,258.423401,499600,64.0,1999.3
0,719400,44650,12885.311,435.94,35.96991,23.657013,0.690282,0.02044,9.152458,9.152458,9.152048,9.152048,0.047909,3e-06,-0.003657,3.235292,0.038782,-3.25469,35.653534,0.976302,1.194995,132.936569,133.479431,1.382699,15360.0,1.14377,130.901535,130.457275,2.058153,1008.0,14995.998047,1024.0,1024.0,250.707962,499400,64.0,1999.3
0,720200,44700,12899.015,435.94,37.800644,25.812958,0.583414,0.02044,8.954312,8.954312,8.954312,8.954312,0.030784,3e-06,0.033603,1.630908,0.04701,-1.638858,35.815636,0.976304,1.129539,125.92662,125.712662,1.683697,15360.0,1.236482,124.367104,122.145111,3.316625,1008.0,14996.035156,1024.0,1024.0,916.177246,499200,64.0,1999.3
0,721000,44750,12912.783,435.94,39.921963,26.83913,0.676847,0.02044,9.911385,9.911385,9.911385,9.911385,0.034709,3e-06,0.021954,1.795691,0.041277,-1.81244,35.629349,0.976296,1.130694,129.605942,129.660797,1.470688,15360.0,1.101236,127.865349,126.120132,2.433407,1008.0,14995.912109,1024.0,1024.0,234.632568,500000,64.0,1999.3
0,721800,44800,12926.394,435.94,39.402786,26.840559,0.685036,0.02044,9.339388,9.339388,9.339388,9.339388,0.037794,3e-06,0.042759,2.169441,0.045925,-2.150926,36.010811,0.976305,1.174271,129.430649,129.331818,1.653792,15360.0,1.221325,128.159012,127.19191,2.978815,1008.0,14996.050781,1024.0,1024.0,287.823578,499800,64.0,1999.3
0,722600,44850,12940.24,435.94,31.959007,21.76738,0.522559,0.02044,7.375457,7.375457,7.37528,7.37528,0.02035,3e-06,-0.000794,2.275138,0.0466,-2.285054,36.556503,0.976289,1.18638,124.927048,125.797142,1.703537,15360.0,1.166793,122.580917,121.965553,1.745311,1008.0,14995.796875,1024.0,1024.0,313.416229,499600,64.0,1999.3
0,723400,44900,12954.085,435.94,38.282635,25.426264,0.663164,0.02044,9.74882,9.74882,9.74882,9.74882,0.03216,3e-06,0.00223,1.695597,0.048017,-1.704977,36.423553,0.976299,1.140765,128.478638,129.085022,1.748955,15360.0,1.020239,126.222046,125.286186,1.787435,1008.0,14995.955078,1024.0,1024.0,210.701569,499400,64.0,1999.3
0,724200,44950,12967.834,435.94,38.566536,25.684101,0.777025,0.02044,9.490763,9.490763,9.490763,9.490763,0.063662,3e-06,0.027239,3.754663,0.023625,-3.759744,36.699722,0.976295,1.252409,138.394272,138.571838,0.867021,15360.0,1.218272,137.211075,136.865448,1.925983,1008.0,14995.896484,1024.0,1024.0,270.954193,499200,64.0,1999.3
0,725000,45000,12981.621,435.94,40.135277,26.863754,0.716769,0.02044,10.021099,10.021099,10.021099,10.021099,0.044892,3e-06,0.021096,2.006349,0.037092,-2.008728,36.731934,0.97632,1.137041,128.505157,128.799637,1.362447,15360.0,1.176551,126.734825,125.932846,2.516134,1008.0,14996.267578,1024.0,1024.0,258.454376,500000,64.0,1999.3
0,725800,45050,13021.562,451.652,30.041277,19.647667,0.669057,0.02044,7.44092,7.44092,7.439688,7.439688,0.045347,3e-06,0.01641,1.907623,0.040487,-1.923303,37.146675,0.97631,1.137092,125.563904,125.876358,1.503959,15360.0,1.218672,123.212082,122.874542,2.020237,1008.0,14996.124023,1024.0,1024.0,193.363907,499800,64.0,1999.3
0,726600,45100,13035.265,451.652,34.923096,22.716557,0.715488,0.02044,9.002103,9.002103,9.002103,9.002103,0.04421,3e-06,0.033528,2.58832,0.033833,-2.581836,37.451012,0.976324,1.175294,131.598404,131.716171,1.267071,15360.0,1.198241,130.309433,129.279694,2.108088,1008.0,14996.339844,1024.0,1024.0,203.899567,499600,64.0,1999.3
0,727400,45150,13049.059,451.652,34.871677,22.264957,0.70734,0.02044,9.445448,9.445448,9.445448,9.445448,0.045256,3e-06,0.017209,2.291006,0.032515,-2.263118,37.893074,0.976303,1.125044,129.210999,129.373016,1.232097,15360.0,1.155637,127.419838,126.353516,2.06331,1008.0,14996.011719,1024.0,1024.0,220.050491,499400,64.0,1999.3
0,728200,45200,13062.873,451.652,38.691074,25.358727,0.669683,0.02044,10.048693,10.048693,10.048693,10.048693,0.035392,3e-06,0.04421,2.485896,0.036507,-2.482691,38.479912,0.976304,1.190878,131.047729,131.110565,1.404781,15360.0,1.178585,128.893631,128.259262,1.922021,1008.0,14996.023438,1024.0,1024.0,270.604675,499200,64.0,1999.3
0,729000,45250,13076.602,451.652,36.685314,23.838308,0.665574,0.02044,9.60682,9.60682,9.60682,9.60682,0.036367,3e-06,0.048315,1.845131,0.037128,-1.821506,39.004509,0.976312,1.154237,126.480995,125.805191,1.448161,15360.0,1.303112,125.407875,123.463631,2.566323,1008.0,14996.150391,1024.0,1024.0,218.616821,500000,64.0,1999.3
0,729800,45300,13090.308,451.652,36.377846,23.714901,0.673566,0.02044,9.519756,9.519756,9.519756,9.519756,0.036231,3e-06,0.029481,1.010726,0.039952,-1.01315,39.670792,0.976298,1.092166,122.827812,122.627808,1.584915,15360.0,1.25185,121.085762,119.308601,2.495191,1008.0,14995.933594,1024.0,1024.0,274.153015,499800,64.0,1999.3
0,730600,45350,13104.091,451.652,37.363605,24.556669,0.677091,0.02044,9.497799,9.497799,9.497799,9.497799,0.039416,3e-06,0.027183,3.005257,0.026702,-3.005175,40.466591,0.976315,1.244019,132.804092,132.991928,1.080523,15360.0,1.302079,131.689987,131.075562,1.957147,1008.0,14996.197266,1024.0,1024.0,364.132385,499600,64.0,1999.3
0,731400,45400,13117.889,451.652,38.046402,25.519966,0.68586,0.02044,9.231398,9.231398,9.231398,9.231398,0.04592,3e-06,0.033575,2.563223,0.029659,-2.54934,41.089333,0.976308,1.242904,129.200195,129.190033,1.218658,15360.0,1.297061,128.127533,127.191833,2.492241,1008.0,14996.09375,1024.0,1024.0,271.510742,499400,64.0,1999.3
0,732200,45450,13131.644,451.652,45.152409,30.613712,0.716616,0.02044,11.011293,11.011293,11.011293,11.011293,0.04243,3e-06,0.016277,3.295937,0.028384,-3.279831,41.682838,0.976314,1.26862,133.446609,133.928192,1.183112,15360.0,1.347741,131.966293,131.26236,2.068937,1008.0,14996.179688,1024.0,1024.0,338.630829,499200,64.0,1999.3
0,733000,45500,13145.385,451.652,34.546589,22.855524,0.736273,0.02044,8.419084,8.419084,8.418522,8.418522,0.05873,5e-06,0.017225,3.254328,0.024705,-3.244844,41.628296,0.976269,1.27613,128.973312,128.781845,1.028413,15360.0,1.266685,127.8078,126.523521,2.138543,1008.0,14995.496094,1024.0,1024.0,301.933014,500000,64.0,1999.3
0,733800,45550,13159.072,451.652,36.201031,24.101839,0.694861,0.02044,8.79129,8.79129,8.79129,8.79129,0.041345,3e-06,0.025688,3.340729,0.021851,-3.34902,42.261612,0.9763,1.298713,131.860077,131.944031,0.923464,15360.0,1.296905,130.592316,129.869644,1.762835,1008.0,14995.96875,1024.0,1024.0,266.482452,499800,64.0,1999.3
0,734600,45600,13172.764,451.652,38.898201,25.887688,0.710094,0.02044,9.598578,9.598578,9.598578,9.598578,0.048305,3e-06,0.022915,2.540953,0.031708,-2.527836,42.413109,0.976307,1.294549,127.515289,127.790115,1.344816,15360.0,1.346935,125.841141,124.887383,2.516104,1008.0,14996.082031,1024.0,1024.0,252.198517,499600,64.0,1999.3
0,735400,45650,13186.586,451.652,33.855343,22.145777,0.735378,0.02044,8.412115,8.412115,8.411701,8.411701,0.055006,3e-06,0.027228,3.75038,0.022739,-3.753977,42.490807,0.976317,1.287682,132.589706,133.012756,0.966217,15360.0,1.285033,130.983978,130.457291,1.69033,1008.0,14996.222656,1024.0,1024.0,226.1922,499400,64.0,1999.3
0,736200,45700,13200.31,451.652,38.217793,25.201128,0.724418,0.02044,9.686918,9.686918,9.686918,9.686918,0.044307,3e-06,0.008622,1.988485,0.026552,-1.999467,42.399246,0.976318,1.202641,124.199959,124.333435,1.125782,15360.0,1.349785,122.522942,121.251617,1.963285,1008.0,14996.248047,1024.0,1024.0,222.002136,499200,64.0,1999.3
0,737000,45750,13214.102,451.652,41.526031,28.07633,0.703457,0.02044,9.981137,9.981137,9.981137,9.981137,0.044479,3e-06,0.019219,3.411484,0.033091,-3.406178,42.356499,0.976304,1.328127,132.607513,132.872253,1.401612,15360.0,1.330695,131.154831,130.72348,2.392568,1008.0,14996.025391,1024.0,1024.0,175.929932,500000,64.0,1999.3
0,737800,45800,13227.802,451.652,34.654655,22.911644,0.618129,0.02044,8.598038,8.598038,8.597922,8.597922,0.034626,2e-06,-0.00707,1.335078,0.04853,-1.340725,42.130249,0.976303,1.261409,121.386894,122.723862,2.044573,15360.0,1.307535,118.702766,119.065125,2.08198,1008.0,14996.007812,1024.0,1024.0,230.056732,499800,64.0,1999.3
0,738600,45850,13241.612,451.652,36.974258,24.298168,0.690916,0.02044,9.350164,9.350164,9.349524,9.349524,0.043881,3e-06,0.025734,3.744865,0.026439,-3.761556,41.514183,0.976305,1.263087,134.963989,135.145874,1.097586,15360.0,1.30244,133.324387,131.894165,2.304591,1008.0,14996.041992,1024.0,1024.0,210.635818,499600,64.0,1999.3
0,739400,45900,13255.326,451.652,35.934322,23.335711,0.745095,0.02044,9.280554,9.280554,9.280554,9.280554,0.050367,2e-06,0.017175,3.226063,0.025373,-3.254582,41.639458,0.976306,1.216643,130.957611,131.193527,1.056518,15360.0,1.302169,129.435486,128.678665,2.111048,1008.0,14996.066406,1024.0,1024.0,205.977249,499400,64.0,1999.3
0,740200,45950,13269.116,451.652,34.323685,22.993626,0.625816,0.02044,8.174526,8.174526,8.174526,8.174526,0.034775,3e-06,0.015392,3.373468,0.021756,-3.389788,41.723076,0.976302,1.282066,130.345047,130.458633,0.907716,15360.0,1.314543,129.24202,128.758865,1.571116,1008.0,14995.998047,1024.0,1024.0,172.480042,499200,64.0,1999.3
0,741000,46000,13282.808,451.652,37.736752,24.568096,0.624578,0.02044,9.883297,9.883297,9.883297,9.883297,0.02833,3e-06,0.014818,2.976119,0.025137,-2.985539,41.582954,0.976311,1.242101,128.176682,128.539108,1.045265,15360.0,1.316959,126.60202,126.085045,1.607481,1008.0,14996.134766,1024.0,1024.0,176.211792,500000,64.0,1999.3
0,741800,46050,13296.506,451.652,39.196877,26.09164,0.692356,0.02044,9.715963,9.715963,9.715963,9.715963,0.041087,3e-06,0.015045,3.926356,0.023476,-3.921919,41.407883,0.976312,1.295071,134.815964,135.00087,0.972095,15360.0,1.315876,133.68869,132.753708,1.793448,1008.0,14996.150391,1024.0,1024.0,189.314178,499800,64.0,1999.3
0,742600,46100,13310.311,451.652,40.434788,26.822948,0.712805,0.02044,10.25069,10.25069,10.25069,10.25069,0.042511,3e-06,0.015528,2.563069,0.028092,-2.558873,41.643532,0.976309,1.189885,127.062035,127.491753,1.169836,15360.0,1.324735,125.108589,124.464073,1.854715,1008.0,14996.107422,1024.0,1024.0,216.225769,499600,64.0,1999.3
0,743400,46150,13324.024,451.652,36.713997,23.673843,0.681194,0.02044,9.65833,9.65833,9.65833,9.65833,0.042452,2e-06,0.027009,4.308226,0.020119,-4.303706,42.101227,0.976305,1.292856,134.75206,134.880524,0.847025,15360.0,1.314958,133.259476,132.805374,1.73311,1008.0,14996.050781,1024.0,1024.0,250.209625,499400,64.0,1999.3
0,744200,46200,13337.836,451.652,36.430958,23.792284,0.665791,0.02044,9.341119,9.341119,9.341119,9.341119,0.032696,3e-06,0.027112,2.527083,0.024133,-2.516501,42.876907,0.976314,1.246275,126.136757,126.196312,1.03474,15360.0,1.346078,124.60347,123.854683,2.004173,1008.0,14996.18457,1024.0,1024.0,198.72934,499200,64.0,1999.3
0,745000,46250,13351.647,451.652,34.916805,23.425701,0.622121,0.02044,8.301802,8.301802,8.30155,8.30155,0.030293,2e-06,0.020916,3.566136,0.027894,-3.550507,43.817482,0.976311,1.311861,127.889282,127.68383,1.222237,15360.0,1.279273,126.746239,125.64933,2.090909,1008.0,14996.135742,1024.0,1024.0,192.704544,500000,64.0,1999.3
0,745800,46300,13365.263,451.652,41.116447,28.019573,0.650093,0.02044,9.724559,9.724559,9.724559,9.724559,0.036014,3e-06,0.025073,2.959704,0.037877,-2.963602,44.749878,0.976301,1.299471,126.153755,125.781555,1.695009,15360.0,1.349284,125.410713,123.610275,3.066589,1008.0,14995.975586,1024.0,1024.0,316.191284,499800,64.0,1999.3
0,746600,46350,13379.048,451.652,35.451145,22.768356,0.721533,0.02044,9.308155,9.308155,9.308155,9.308155,0.049722,2e-06,0.019007,3.960677,0.021281,-3.961411,45.504379,0.976303,1.293494,131.899902,131.936142,0.968378,15360.0,1.297811,130.841705,129.839157,1.703859,1008.0,14996.007812,1024.0,1024.0,259.412415,499600,64.0,1999.3
0,747400,46400,13392.748,451.652,40.581791,27.700352,0.689987,0.02044,9.508106,9.508106,9.508106,9.508106,0.040411,3e-06,0.020061,4.527593,0.022863,-4.513461,46.065453,0.976301,1.310408,135.503937,135.502182,1.053207,15360.0,1.27209,134.549316,133.727219,2.37244,1008.0,14995.988281,1024.0,1024.0,244.831665,499400,64.0,1999.3
0,748200,46450,13406.542,451.652,37.634663,25.383415,0.690724,0.02044,8.958815,8.958815,8.958815,8.958815,0.045839,3e-06,0.025045,3.840157,0.02077,-3.842024,46.744766,0.97632,1.26393,128.969849,128.889648,0.970903,15360.0,1.321373,128.101868,127.471596,1.853625,1008.0,14996.277344,1024.0,1024.0,212.613724,499200,64.0,1999.3
0,749000,46500,13420.349,451.652,33.001495,21.468321,0.650612,0.02044,8.460374,8.460374,8.460374,8.460374,0.041777,2e-06,0.005446,2.286163,0.023663,-2.278336,47.297867,0.976308,1.185492,118.199417,117.816315,1.119189,15360.0,1.215913,117.098511,115.594177,2.233699,1008.0,14996.094727,1024.0,1024.0,175.530258,500000,64.0,1999.3
0,749800,46550,13433.952,451.652,38.13834,26.113613,0.61813,0.02044,8.875816,8.875816,8.875816,8.875816,0.032004,3e-06,0.014878,4.239759,0.020885,-4.248212,47.850159,0.976304,1.213502,130.658096,130.807724,0.999366,15360.0,1.314602,129.357666,128.971451,2.119154,1008.0,14996.021484,1024.0,1024.0,211.594131,499800,64.0,1999.3
0,750600,46600,13473.974,467.239,35.321552,24.009863,0.693038,0.02044,8.189028,8.189028,8.187798,8.187798,0.046436,3e-06,0.022377,4.747243,0.017278,-4.73331,48.377182,0.976321,1.18369,130.576126,130.621887,0.835843,15360.0,1.280717,129.407196,127.953896,2.263252,1008.0,14996.292969,1024.0,1024.0,201.288589,499600,64.0,1999.3
0,751400,46650,13487.796,467.239,38.29882,25.485413,0.655553,0.02044,9.660303,9.660303,9.660303,9.660303,0.033156,3e-06,0.008853,3.244634,0.022148,-3.219356,49.12056,0.976298,1.133144,122.812202,122.610794,1.08793,15360.0,1.230292,121.922066,120.540901,2.251869,1008.0,14995.935547,1024.0,1024.0,351.49408,499400,64.0,1999.3
0,752200,46700,13501.519,467.239,38.788673,26.022406,0.742807,0.02044,9.496232,9.496232,9.496232,9.496232,0.053963,3e-06,0.006274,4.283827,0.02072,-4.309339,49.649345,0.976315,1.165652,129.576843,129.57933,1.028747,15360.0,1.284126,128.705933,127.07869,2.7683,1008.0,14996.197266,1024.0,1024.0,203.377594,499200,64.0,1999.3
0,753000,46750,13515.278,467.239,35.869473,23.554142,0.747511,0.02044,9.308764,9.308764,9.308606,9.308606,0.057247,3e-06,0.000586,2.962435,0.022156,-2.950745,50.327957,0.976307,0.959089,114.983795,114.713448,1.115053,15360.0,1.160204,114.13147,113.052551,2.891514,1008.0,14996.070312,1024.0,1024.0,216.110977,500000,64.0,1999.3
0,753800,46800,13528.968,467.239,41.397427,28.173923,0.711073,0.02044,10.09836,10.09836,10.09836,10.09836,0.043478,3e-06,0.012583,3.540802,0.020064,-3.515318,51.019806,0.976315,1.03042,121.225632,121.080841,1.023679,15360.0,1.135961,120.108986,118.261528,2.29971,1008.0,14996.191406,1024.0,1024.0,157.326233,499800,64.0,1999.3
0,754600,46850,13542.662,467.239,36.858902,24.380489,0.658614,0.02044,9.288536,9.288536,9.288536,9.288536,0.045058,3e-06,0.024571,4.667039,0.0172,-4.661166,51.764244,0.976322,1.187887,129.497208,129.661743,0.890357,15360.0,1.231714,128.099945,127.037926,2.065486,1008.0,14996.300781,1024.0,1024.0,229.454514,499600,64.0,1999.3
0,755400,46900,13556.465,467.239,37.841492,25.124887,0.659741,0.02044,9.545083,9.545083,9.544943,9.544943,0.043729,3e-06,0.003056,4.119194,0.021785,-4.124519,52.300835,0.976291,1.13329,125.779678,125.832497,1.139364,15360.0,1.334952,124.087654,122.825668,2.700928,1008.0,14995.823242,1024.0,1024.0,175.489502,499400,64.0,1999.3
0,756200,46950,13570.165,467.239,41.1217,27.803648,0.688384,0.02044,9.966045,9.966045,9.966045,9.966045,0.040521,4e-06,0.012119,4.033453,0.028509,-4.015843,52.866806,0.976286,1.220553,122.024948,122.049728,1.507194,15360.0,1.379681,120.893181,119.131874,2.818781,1008.0,14995.748047,1024.0,1024.0,257.704895,499200,64.0,1999.3
0,757000,47000,13583.939,467.239,36.9072,24.373732,0.714481,0.02044,9.284639,9.284639,9.284639,9.284639,0.043265,3e-06,0.015316,4.649552,0.019702,-4.624297,53.290169,0.976307,1.1778,124.763885,124.825539,1.049925,15360.0,1.307754,123.530083,123.655144,1.850904,1008.0,14996.068359,1024.0,1024.0,285.841888,500000,64.0,1999.3
0,757800,47050,13597.544,467.239,33.87225,23.038147,0.609472,0.02044,7.77037,7.77037,7.769403,7.769403,0.036037,3e-06,0.003002,5.309377,0.01587,-5.273967,53.760651,0.976299,1.255507,125.771683,125.762978,0.853163,15360.0,1.327563,124.374809,123.645798,1.628894,1008.0,14995.957031,1024.0,1024.0,180.425125,499800,64.0,1999.3
0,758600,47100,13611.339,467.239,38.779831,25.816051,0.623421,0.02044,9.730898,9.730898,9.730898,9.730898,0.030948,3e-06,0.017219,4.676432,0.016056,-4.677581,54.406921,0.976317,1.212924,122.508614,122.696167,0.873546,15360.0,1.285947,120.918304,119.863663,1.668812,1008.0,14996.234375,1024.0,1024.0,323.095154,499600,64.0,1999.3
0,759400,47150,13625.026,467.239,39.984669,26.800756,0.75148,0.02044,9.726166,9.726166,9.726166,9.726166,0.050207,3e-06,0.014215,4.988653,0.023539,-4.970536,54.603424,0.976315,1.255034,126.916847,127.025185,1.285285,15360.0,1.479858,126.011971,124.853508,2.968204,1008.0,14996.192383,1024.0,1024.0,329.111694,499400,64.0,1999.3
0,760200,47200,13638.779,467.239,38.190426,26.072601,0.661576,0.02044,8.864674,8.864674,8.864674,8.864674,0.033413,3e-06,0.011526,5.420615,0.017473,-5.428173,54.897575,0.976306,1.279958,135.713715,135.863861,0.959207,15360.0,1.310602,134.511475,133.285385,2.020814,1008.0,14996.056641,1024.0,1024.0,347.318726,499200,64.0,1999.3
0,761000,47250,13652.454,467.239,39.359417,26.706282,0.697462,0.02044,9.312674,9.312674,9.312674,9.312674,0.048619,3e-06,0.019701,5.097334,0.017172,-5.072535,55.06694,0.976314,1.250832,127.101257,127.37043,0.94559,15360.0,1.402524,126.010666,124.905113,2.507164,1008.0,14996.189453,1024.0,1024.0,268.806824,500000,64.0,1999.3
0,761800,47300,13666.143,467.239,43.889282,29.97522,0.669572,0.02044,10.482449,10.482449,10.482449,10.482449,0.041364,3e-06,0.020124,4.765284,0.022765,-4.78867,55.267708,0.976315,1.251589,127.839478,128.042847,1.258183,15360.0,1.405474,126.634369,125.903732,2.983811,1008.0,14996.195312,1024.0,1024.0,228.058365,499800,64.0,1999.3
0,762600,47350,13679.858,467.239,40.582661,26.996168,0.639362,0.02044,10.275119,10.275119,10.275119,10.275119,0.034162,3e-06,0.004681,3.816551,0.017366,-3.80144,55.187241,0.976313,1.226571,112.712784,112.769852,0.958356,15360.0,1.309341,111.216331,109.487854,2.154451,1008.0,14996.160156,1024.0,1024.0,202.714005,499600,64.0,1999.3
0,763400,47400,13693.638,467.239,38.178852,26.17609,0.587498,0.02044,8.760323,8.760323,8.759588,8.759588,0.029868,3e-06,0.019731,5.129611,0.022415,-5.130178,55.559608,0.976303,1.337324,125.735458,126.038269,1.245364,15360.0,1.338041,124.256859,123.408012,2.110497,1008.0,14996.011719,1024.0,1024.0,257.295837,499400,64.0,1999.3
0,764200,47450,13707.312,467.239,36.371284,24.395182,0.677087,0.02044,8.702887,8.702887,8.702817,8.702817,0.042793,3e-06,0.01633,5.160542,0.02475,-5.122572,55.663445,0.976309,1.296482,127.355316,127.769882,1.377658,15360.0,1.308625,126.323792,126.298569,1.459187,1008.0,14996.106445,1024.0,1024.0,217.477371,499200,64.0,1999.3
0,765000,47500,13721.096,467.239,34.833214,22.387417,0.660516,0.02044,9.20405,9.20405,9.20405,9.20405,0.032338,3e-06,0.006916,4.969422,0.016309,-4.998788,55.631454,0.976304,1.233957,125.998184,126.085945,0.907284,15360.0,1.331717,124.787659,123.749443,1.735968,1008.0,14996.021484,1024.0,1024.0,244.897598,500000,64.0,1999.3
0,765800,47550,13734.722,467.239,35.208801,23.237053,0.619991,0.02044,8.78781,8.78781,8.78781,8.78781,0.029768,2e-06,0.026928,4.960662,0.023081,-4.968218,55.361397,0.976311,1.221637,124.840584,125.04084,1.277794,15360.0,1.387198,123.191116,123.0168,2.425038,1008.0,14996.128906,1024.0,1024.0,370.516266,499800,64.0,1999.3
0,766600,47600,13748.511,467.239,39.040787,26.485722,0.732545,0.02044,9.225714,9.225714,9.225569,9.225569,0.051792,3e-06,0.003618,4.819826,0.025547,-4.810389,55.253395,0.976308,1.245023,124.300316,124.214836,1.411554,15360.0,1.350503,123.544884,122.307533,2.720347,1008.0,14996.087891,1024.0,1024.0,202.099045,499600,64.0,1999.3
0,767400,47650,13762.196,467.239,42.659294,28.997501,0.662902,0.02044,10.37631,10.37631,10.37631,10.37631,0.035698,3e-06,0.020125,4.663407,0.023298,-4.679377,54.570976,0.976297,1.172422,123.96344,124.255798,1.271367,15360.0,1.239867,122.233681,121.744522,2.190856,1008.0,14995.916016,1024.0,1024.0,244.959106,499400,64.0,1999.3
0,768200,47700,13775.977,467.239,39.706852,26.422283,0.676669,0.02044,9.940322,9.940322,9.940322,9.940322,0.03643,3e-06,0.023634,4.793707,0.020214,-4.815684,54.659935,0.976291,1.236151,123.264526,123.578163,1.1049,15360.0,1.311062,121.985771,120.766296,2.077908,1008.0,14995.824219,1024.0,1024.0,297.580719,499200,64.0,1999.3
0,769000,47750,13789.677,467.239,38.589024,25.557171,0.654035,0.02044,9.682215,9.682215,9.682215,9.682215,0.029709,3e-06,0.02922,4.892348,0.025885,-4.915953,54.271576,0.976305,1.285568,125.859528,126.371895,1.404825,15360.0,1.307174,124.270348,124.100403,1.921711,1008.0,14996.048828,1024.0,1024.0,217.55101,500000,64.0,1999.3
0,769800,47800,13803.408,467.239,34.967461,23.205597,0.644614,0.02044,8.551208,8.551208,8.551208,8.551208,0.038439,3e-06,0.010423,5.590119,0.017866,-5.624576,53.921082,0.976301,1.293234,132.253616,132.473557,0.963327,15360.0,1.289401,131.102982,130.793915,1.350348,1008.0,14995.975586,1024.0,1024.0,201.0522,499800,64.0,1999.3
0,770600,47850,13817.207,467.239,34.590893,22.929111,0.674453,0.02044,8.622862,8.622862,8.622862,8.622862,0.039351,2e-06,0.022604,4.481913,0.023582,-4.486104,53.797569,0.97631,1.141069,123.683701,124.032028,1.26867,15360.0,1.060213,121.770233,120.85183,1.695555,1008.0,14996.113281,1024.0,1024.0,299.12558,499600,64.0,1999.3
0,771400,47900,13830.904,467.239,45.474949,30.886957,0.687669,0.02044,11.24749,11.24749,11.24749,11.24749,0.035408,3e-06,0.036556,3.813149,0.035198,-3.825782,53.76535,0.976305,1.090053,114.370987,114.927078,1.892422,15360.0,1.270115,112.076157,112.479713,2.912752,1008.0,14996.046875,1024.0,1024.0,336.248016,499400,64.0,1999.3
0,772200,47950,13844.698,467.239,40.182983,26.806515,0.673795,0.02044,10.095186,10.095186,10.095186,10.095186,0.035854,2e-06,0.029318,5.048613,0.018468,-5.048589,53.679916,0.97631,1.180045,126.348457,126.626511,0.991369,15360.0,1.227208,124.720833,123.969467,1.955162,1008.0,14996.121094,1024.0,1024.0,244.922546,499200,64.0,1999.3
0,773000,48000,13858.42,467.239,35.822258,24.114128,0.676719,0.02044,8.561834,8.561834,8.561834,8.561834,0.043146,3e-06,0.021227,4.90867,0.019325,-4.922902,53.927567,0.976294,1.189401,120.062294,120.336975,1.042131,15360.0,1.274409,118.506508,117.412239,1.767884,1008.0,14995.869141,1024.0,1024.0,167.757339,500000,64.0,1999.3
0,773800,48050,13872.113,467.239,42.553043,28.758881,0.742301,0.02044,10.469498,10.469498,10.469498,10.469498,0.047392,3e-06,0.020053,4.51931,0.025788,-4.512029,54.033623,0.976311,1.131679,118.440796,118.741127,1.393396,15360.0,1.210802,117.019661,116.340233,2.029835,1008.0,14996.141602,1024.0,1024.0,198.392212,499800,64.0,1999.3
0,774600,48100,13885.827,467.239,39.759987,26.840652,0.591981,0.02044,9.699358,9.699358,9.699266,9.699266,0.029659,3e-06,0.056453,4.716574,0.02944,-4.724107,54.759483,0.976302,1.204427,121.542488,122.260246,1.6121,15360.0,1.255795,119.322662,117.902489,2.834175,1008.0,14996.003906,1024.0,1024.0,279.021973,499600,64.0,1999.3
0,775400,48150,13925.939,482.912,43.243172,29.38209,0.692651,0.02044,10.401367,10.401367,10.401367,10.401367,0.037109,3e-06,0.031306,4.774282,0.032198,-4.75444,55.112465,0.976312,1.255973,122.172531,122.563042,1.774491,15360.0,1.397364,121.034004,120.085541,2.672052,1008.0,14996.152344,1024.0,1024.0,297.248932,499400,64.0,1999.3
0,776200,48200,13939.747,482.912,34.464241,22.601128,0.712524,0.02044,8.62561,8.62561,8.62561,8.62561,0.052997,2e-06,0.024549,5.366756,0.016118,-5.374036,55.038475,0.976312,1.229596,129.635696,130.000046,0.887128,15360.0,1.292771,128.481323,128.472397,1.523949,1008.0,14996.150391,1024.0,1024.0,317.319153,499200,64.0,1999.3
0,777000,48250,13953.561,482.912,37.570415,24.641436,0.684132,0.02044,9.700319,9.700319,9.700319,9.700319,0.038438,3e-06,0.008302,4.89837,0.019382,-4.89998,55.200706,0.976313,1.173481,123.574272,123.595108,1.0699,15360.0,1.240924,122.233589,120.939835,2.063647,1008.0,14996.162109,1024.0,1024.0,211.880997,500000,64.0,1999.3
0,777800,48300,13967.265,482.912,40.57925,27.350546,0.690024,0.02044,9.845216,9.845216,9.845216,9.845216,0.043329,3e-06,0.007627,5.51475,0.018103,-5.500683,55.058777,0.976298,1.260193,130.765961,130.858292,0.996735,15360.0,1.40228,129.438263,128.368698,1.982122,1008.0,14995.941406,1024.0,1024.0,188.259583,499800,64.0,1999.3
0,778600,48350,13980.976,482.912,37.355129,24.821308,0.693344,0.02044,9.239326,9.239326,9.239305,9.239305,0.038906,2e-06,0.009821,5.641363,0.014592,-5.63819,55.186241,0.976305,1.251879,132.095261,132.188766,0.805292,15360.0,1.316923,131.136444,130.37999,1.911641,1008.0,14996.046875,1024.0,1024.0,297.509094,499600,64.0,1999.3
0,779400,48400,13994.761,482.912,34.525166,23.150087,0.679811,0.02044,8.251378,8.251378,8.251378,8.251378,0.040161,2e-06,-0.00165,4.793399,0.024342,-4.789615,55.447685,0.976304,1.199636,117.761917,117.635063,1.349723,15360.0,1.334407,116.592255,115.166389,2.028952,1008.0,14996.025391,1024.0,1024.0,211.116318,499400,64.0,1999.3
0,780200,48450,14008.454,482.912,46.356682,32.289104,0.733214,0.02044,10.497385,10.497385,10.497385,10.497385,0.048399,3e-06,-0.014997,5.544141,0.028312,-5.533936,55.665352,0.976307,1.315851,128.793243,128.528931,1.575986,15360.0,1.553137,128.421387,125.798012,3.716336,1008.0,14996.075195,1024.0,1024.0,223.690109,499200,64.0,1999.3
0,781000,48500,14022.297,482.912,35.851772,23.953751,0.659927,0.02044,8.738085,8.738085,8.737869,8.737869,0.041755,2e-06,0.020354,5.294066,0.019606,-5.299897,56.091385,0.97631,1.20156,126.369667,126.717133,1.099731,15360.0,1.279493,124.800629,124.693855,1.509252,1008.0,14996.123047,1024.0,1024.0,231.581863,500000,64.0,1999.3
0,781800,48550,14036.021,482.912,36.815948,24.57375,0.614112,0.02044,9.078618,9.078618,9.078055,9.078055,0.031029,3e-06,-0.000443,4.972926,0.019208,-4.989499,56.277908,0.9763,1.209808,117.518188,117.385628,1.080964,15360.0,1.372654,116.029732,115.80928,2.533696,1008.0,14995.966797,1024.0,1024.0,314.950317,499800,64.0,1999.3
0,782600,48600,14049.836,482.912,34.970337,22.702122,0.641516,0.02044,9.066598,9.066598,9.066598,9.066598,0.037083,2e-06,0.010979,5.549489,0.01673,-5.550887,56.716148,0.976307,1.241572,128.543747,128.632553,0.948836,15360.0,1.268166,127.363983,126.627289,1.752393,1008.0,14996.070312,1024.0,1024.0,318.264191,499600,64.0,1999.3
0,783400,48650,14063.532,482.912,34.36713,22.266739,0.583575,0.02044,8.972182,8.972182,8.972182,8.972182,0.029908,2e-06,-0.003124,4.89599,0.018729,-4.913087,57.142006,0.976307,1.255997,118.704529,118.594017,1.070214,15360.0,1.247016,117.012085,115.730507,1.87515,1008.0,14996.070312,1024.0,1024.0,225.813568,499400,64.0,1999.3
0,784200,48700,14077.303,482.912,38.916561,26.452581,0.7091,0.02044,9.093597,9.093597,9.093597,9.093597,0.048486,3e-06,0.026864,6.03315,0.015855,-6.026411,57.429993,0.976315,1.309454,138.841125,139.079697,0.910545,15360.0,1.317214,137.85675,137.484161,2.134273,1008.0,14996.200195,1024.0,1024.0,181.011627,499200,64.0,1999.3
0,785000,48750,14091.126,482.912,34.157295,22.211987,0.640262,0.02044,8.790506,8.790506,8.790506,8.790506,0.039672,2e-06,-0.008527,4.870381,0.019349,-4.876833,58.0634,0.976308,1.234991,111.696526,111.454361,1.12346,15360.0,1.29528,110.44297,109.851738,1.855983,1008.0,14996.091797,1024.0,1024.0,188.752151,500000,64.0,1999.3
0,785800,48800,14104.784,482.912,42.929081,28.818115,0.749977,0.02044,10.538317,10.538317,10.538317,10.538317,0.049895,3e-06,0.004779,5.075465,0.030631,-5.058578,58.72757,0.97632,1.311944,115.041061,115.141609,1.798865,15360.0,1.438918,113.745415,112.889809,2.192791,1008.0,14996.28125,1024.0,1024.0,214.994308,499800,64.0,1999.3
0,786600,48850,14118.576,482.912,42.314041,28.685162,0.715888,0.02044,10.260654,10.260654,10.260506,10.260506,0.046153,3e-06,-0.001949,4.994094,0.017154,-4.998576,58.982788,0.976305,1.231717,111.977219,111.891418,1.011806,15360.0,1.25355,110.649651,108.452789,2.588684,1008.0,14996.050781,1024.0,1024.0,235.886276,499600,64.0,1999.3
0,787400,48900,14132.268,482.912,37.827034,25.340572,0.644263,0.02044,9.170474,9.170474,9.170474,9.170474,0.032085,3e-06,0.012242,5.419851,0.025107,-5.416201,59.421371,0.976312,1.327182,125.841621,126.147285,1.491894,15360.0,1.316049,124.566177,123.132263,2.163732,1008.0,14996.15332,1024.0,1024.0,245.853119,499400,64.0,1999.3
0,788200,48950,14146.049,482.912,36.882473,24.397738,0.722764,0.02044,9.128945,9.128945,9.128945,9.128945,0.050027,3e-06,0.006284,5.716465,0.014915,-5.735493,59.755676,0.976317,1.291302,132.300003,132.32811,0.891272,15360.0,1.340342,131.381546,130.409622,1.882572,1008.0,14996.234375,1024.0,1024.0,234.583054,499200,64.0,1999.3
0,789000,49000,14159.765,482.912,38.569836,26.269007,0.615422,0.02044,9.059786,9.059786,9.058082,9.058082,0.032557,3e-06,0.029299,4.927504,0.026604,-4.917428,60.470116,0.976307,1.269118,109.40892,109.835571,1.608745,15360.0,1.335954,107.599556,107.353752,2.569054,1008.0,14996.080078,1024.0,1024.0,196.389084,500000,64.0,1999.3
0,789800,49050,14173.476,482.912,36.135963,23.820538,0.691621,0.02044,9.059256,9.059256,9.058222,9.058222,0.039382,3e-06,-0.001369,5.468486,0.015798,-5.47313,60.515602,0.976299,1.263689,120.983047,120.867935,0.956016,15360.0,1.25286,119.862534,119.482147,1.563017,1008.0,14995.958984,1024.0,1024.0,193.922012,499800,64.0,1999.3
0,790600,49100,14187.259,482.912,38.987915,26.204964,0.670233,0.02044,9.577812,9.577812,9.576361,9.576361,0.039608,2e-06,-0.008514,5.444166,0.015154,-5.461542,61.3321,0.976311,1.201646,116.939537,116.812164,0.929441,15360.0,1.211838,116.144226,114.848419,1.941447,1008.0,14996.139648,1024.0,1024.0,198.78125,499600,64.0,1999.3
0,791400,49150,14200.957,482.912,34.566154,22.116627,0.696128,0.02044,9.156048,9.156048,9.156048,9.156048,0.043728,2e-06,0.022188,5.486405,0.017787,-5.486432,61.83316,0.97631,1.263625,121.517487,121.823227,1.099831,15360.0,1.251648,120.310753,119.857788,1.768988,1008.0,14996.119141,1024.0,1024.0,279.278564,499400,64.0,1999.3
0,792200,49200,14214.785,482.912,35.66922,23.849527,0.729794,0.02044,8.547668,8.547668,8.547668,8.547668,0.050436,2e-06,0.048378,5.883922,0.022227,-5.889477,62.639984,0.976305,1.2371,125.819489,126.330719,1.392288,15360.0,1.271801,124.827927,125.210091,1.948006,1008.0,14996.050781,1024.0,1024.0,248.256851,499200,64.0,1999.3
0,793000,49250,14228.526,482.912,34.874413,23.401737,0.694412,0.02044,8.293578,8.293578,8.293578,8.293578,0.0501,3e-06,0.002713,6.204893,0.013276,-6.19695,63.169731,0.976315,1.242894,131.535187,131.580505,0.838646,15360.0,1.297594,130.869797,130.548111,1.886997,1008.0,14996.197266,1024.0,1024.0,197.776886,500000,64.0,1999.3
0,793800,49300,14242.239,482.912,36.697441,23.846319,0.715297,0.02044,9.604277,9.604277,9.604277,9.604277,0.046507,2e-06,-0.007068,5.814778,0.017715,-5.824534,63.82354,0.976307,1.198153,123.165642,123.075211,1.130626,15360.0,1.198653,122.17762,121.313301,2.224929,1008.0,14996.076172,1024.0,1024.0,142.373245,499800,64.0,1999.3
0,794600,49350,14255.926,482.912,37.394588,24.63406,0.718269,0.02044,9.432884,9.432884,9.432884,9.432884,0.044847,2e-06,-0.001286,6.362308,0.015584,-6.382669,64.211784,0.976304,1.219283,131.593414,131.595993,1.000706,15360.0,1.425484,131.01619,131.358505,2.423843,1008.0,14996.035156,1024.0,1024.0,197.480392,499600,64.0,1999.3
0,795400,49400,14269.704,482.912,40.25708,27.307629,0.69173,0.02044,9.765175,9.765175,9.765175,9.765175,0.043908,3e-06,-0.005986,5.93204,0.020291,-5.921487,64.773567,0.976314,1.123639,115.33149,115.227966,1.314323,15360.0,1.259797,114.583382,112.856544,2.924422,1008.0,14996.179688,1024.0,1024.0,230.693665,499400,64.0,1999.3
0,796200,49450,14283.413,482.912,37.438992,24.836124,0.665249,0.02044,9.478522,9.478522,9.478522,9.478522,0.040811,2e-06,-0.013902,6.003654,0.014892,-6.011267,65.217476,0.976307,1.140952,122.485649,122.219467,0.971248,15360.0,1.212508,121.656952,121.154305,1.557631,1008.0,14996.075195,1024.0,1024.0,347.836975,499200,64.0,1999.3
0,797000,49500,14297.223,482.912,37.286396,25.054953,0.656556,0.02044,9.104745,9.104745,9.103409,9.103409,0.043407,3e-06,0.003004,6.087054,0.015588,-6.056812,65.696831,0.976314,1.162073,122.435661,122.592438,1.02407,15360.0,1.24717,121.405426,120.496902,1.91355,1008.0,14996.183594,1024.0,1024.0,169.147415,500000,64.0,1999.3
0,797800,49550,14310.908,482.912,38.905102,25.775944,0.665192,0.02044,10.015126,10.015126,10.015126,10.015126,0.034765,2e-06,-0.006886,5.77001,0.016519,-5.785047,66.245323,0.976308,1.078739,111.949432,111.784882,1.094319,15360.0,1.183432,111.128082,109.918381,2.164754,1008.0,14996.087891,1024.0,1024.0,208.156372,499800,64.0,1999.3
0,798600,49600,14324.592,482.912,30.835533,20.218567,0.644829,0.02044,7.724072,7.724072,7.723358,7.723358,0.043201,2e-06,-0.000646,6.100948,0.012897,-6.080667,67.002533,0.976309,1.088602,110.794334,110.786613,0.86415,15360.0,1.224198,109.734726,108.594719,1.724831,1008.0,14996.111328,1024.0,1024.0,215.44075,499600,64.0,1999.3
0,799400,49650,14338.372,482.912,38.142246,25.312513,0.750599,0.02044,9.455605,9.455605,9.455605,9.455605,0.057525,2e-06,0.019777,6.617016,0.012548,-6.603018,67.059738,0.976303,1.245498,130.558914,130.804596,0.841435,15360.0,1.307517,129.979706,129.729721,1.572248,1008.0,14996.017578,1024.0,1024.0,218.09201,499400,64.0,1999.3
0,800200,49700,14378.143,498.562,41.795818,28.624197,0.677024,0.02044,9.775223,9.775223,9.775223,9.775223,0.040569,3e-06,0.024769,6.411906,0.0221,-6.387552,67.86026,0.976307,1.292467,124.787521,125.110306,1.499736,15360.0,1.347244,123.301102,122.764427,2.497985,1008.0,14996.070312,1024.0,1024.0,248.964722,499200,64.0,1999.3
0,801000,49750,14391.979,498.562,36.447136,23.967148,0.666968,0.02044,9.147942,9.147942,9.147942,9.147942,0.04202,3e-06,-0.001977,6.538587,0.012099,-6.526782,68.569145,0.976293,1.304531,135.762558,135.765518,0.829586,15360.0,1.424299,134.966675,134.95462,2.536031,1008.0,14995.861328,1024.0,1024.0,254.627502,500000,64.0,1999.3
0,801800,49800,14405.579,498.562,39.60701,27.178013,0.710349,0.02044,9.087373,9.087373,9.087373,9.087373,0.042363,3e-06,0.007743,6.611838,0.016117,-6.617434,68.980721,0.976318,1.28553,118.238396,118.364082,1.111771,15360.0,1.362737,117.267326,116.464211,2.127604,1008.0,14996.238281,1024.0,1024.0,228.523758,499800,64.0,1999.3
0,802600,49850,14419.362,498.562,37.839375,25.4603,0.668067,0.02044,9.143126,9.143126,9.143126,9.143126,0.041068,2e-06,-0.0314,6.490944,0.015843,-6.48321,69.194168,0.976304,1.266058,113.318642,112.929451,1.096227,15360.0,1.328225,112.677231,111.094971,2.261134,1008.0,14996.023438,1024.0,1024.0,294.761688,499600,64.0,1999.3
0,803400,49900,14433.155,498.562,34.562115,22.981113,0.66358,0.02044,8.394858,8.394858,8.394858,8.394858,0.03643,2e-06,0.019031,6.612185,0.012057,-6.652387,69.873077,0.976304,1.250639,125.510254,125.713348,0.842435,15360.0,1.309897,124.588669,124.466637,1.622285,1008.0,14996.023438,1024.0,1024.0,192.824936,499400,64.0,1999.3
0,804200,49950,14446.863,498.562,35.325817,23.481903,0.699659,0.02044,8.485199,8.485199,8.483968,8.483968,0.047667,3e-06,0.002779,6.289501,0.021574,-6.288597,70.206642,0.976307,1.354293,123.912125,123.79422,1.514669,15360.0,1.443422,122.857292,121.661354,2.634035,1008.0,14996.078125,1024.0,1024.0,272.214783,499200,64.0,1999.3
0,805000,50000,14460.595,498.562,39.653416,27.170353,0.723739,0.02044,9.137896,9.137896,9.137896,9.137896,0.04811,3e-06,0.004387,6.817154,0.020106,-6.814022,70.383049,0.976305,1.28092,120.383942,120.424141,1.415132,15360.0,1.339646,119.20372,117.942436,2.380096,1008.0,14996.050781,1024.0,1024.0,215.694656,500000,64.0,1999.3
0,805800,50050,14474.307,498.562,38.058334,25.25861,0.654112,0.02044,9.420589,9.420589,9.420589,9.420589,0.034709,2e-06,0.019175,6.657469,0.014054,-6.672109,70.253571,0.976306,1.329469,125.442108,125.678894,0.987354,15360.0,1.379602,124.189362,123.429977,1.888128,1008.0,14996.066406,1024.0,1024.0,222.349121,499800,64.0,1999.3
0,806600,50100,14488.109,498.562,43.967682,30.154926,0.702843,0.02044,10.253555,10.253555,10.253555,10.253555,0.039323,3e-06,0.033282,6.945393,0.023058,-6.93687,70.954697,0.976294,1.353811,116.022339,116.414879,1.636091,15360.0,1.411551,115.011757,114.728226,2.592077,1008.0,14995.873047,1024.0,1024.0,218.978241,499600,64.0,1999.3
0,807400,50150,14501.819,498.562,37.874908,25.469009,0.637371,0.02044,8.668898,8.668898,8.668185,8.668185,0.04246,3e-06,0.249766,6.770398,0.047142,-6.776089,71.27536,0.976318,1.466946,125.54763,128.023727,3.360077,15360.0,1.651956,121.743851,124.527489,5.021576,1008.0,14996.242188,1024.0,1024.0,206.569901,499400,64.0,1999.3
0,808200,50200,14515.627,498.562,33.079136,20.562391,0.647339,0.02044,8.61491,8.61491,8.61491,8.61491,0.035461,3e-06,0.202473,5.840287,0.056858,-5.836513,70.113213,0.976314,1.683311,114.491402,117.491707,3.986479,15360.0,1.622604,111.834007,113.834106,3.997804,1008.0,14996.189453,1024.0,1024.0,261.631592,499200,64.0,1999.3
0,809000,50250,14529.344,498.562,39.359615,25.55286,0.707176,0.02044,10.067657,10.067657,10.067657,10.067657,0.045282,3e-06,0.138048,5.778321,0.042855,-5.779403,66.400597,0.97631,1.442663,126.583321,128.795029,2.845603,15360.0,1.41333,124.422379,125.730789,2.834422,1008.0,14996.119141,1024.0,1024.0,181.420288,500000,64.0,1999.3
0,809800,50300,14543.037,498.562,35.478962,22.48494,0.718119,0.02044,9.189497,9.189497,9.189497,9.189497,0.045853,2e-06,0.152366,4.578467,0.055814,-4.59199,61.947098,0.976299,1.536363,117.343346,120.233192,3.457518,15360.0,1.527634,113.86132,115.941574,3.815252,1008.0,14995.949219,1024.0,1024.0,247.999908,499800,64.0,1999.3
0,810600,50350,14556.718,498.562,36.043419,23.660316,0.62823,0.02044,8.949167,8.949167,8.949167,8.949167,0.032093,2e-06,0.106667,5.628433,0.039648,-5.638982,56.609512,0.976307,1.367169,130.707153,132.314285,2.244457,15360.0,1.388372,128.367706,128.08696,3.409043,1008.0,14996.075195,1024.0,1024.0,219.465714,499600,64.0,1999.3
0,811400,50400,14570.494,498.562,40.110878,26.64896,0.699064,0.02044,9.950523,9.950523,9.950523,9.950523,0.044002,2e-06,0.090217,5.433579,0.037271,-5.413453,52.193985,0.976306,1.305921,128.958771,130.361786,1.945333,15360.0,1.335662,126.949219,127.751419,2.715892,1008.0,14996.063477,1024.0,1024.0,194.032761,499400,64.0,1999.3
0,812200,50450,14584.19,498.562,36.458473,24.53438,0.566171,0.02044,8.737216,8.737216,8.73678,8.73678,0.030615,3e-06,0.094605,5.680239,0.033182,-5.692875,49.08992,0.976313,1.261233,125.068428,126.016541,1.628907,15360.0,1.235676,122.863464,122.669838,1.893565,1008.0,14996.169922,1024.0,1024.0,246.809189,499200,64.0,1999.3
0,813000,50500,14597.97,498.562,39.027924,25.817223,0.656904,0.02044,9.847208,9.847208,9.847208,9.847208,0.037774,2e-06,0.045322,4.888066,0.035234,-4.884817,48.046631,0.976306,1.278797,121.139458,121.850975,1.692886,15360.0,1.257694,119.008232,118.446205,2.805261,1008.0,14996.0625,1024.0,1024.0,167.766098,500000,64.0,1999.3
0,813800,50550,14611.581,498.562,37.086632,24.784395,0.717417,0.02044,8.943843,8.943843,8.943843,8.943843,0.044513,2e-06,0.063504,5.67302,0.025792,-5.666993,47.166115,0.976308,1.270616,133.058456,133.651596,1.2165,15360.0,1.306769,131.509308,131.638489,2.033972,1008.0,14996.089844,1024.0,1024.0,231.791168,499800,64.0,1999.3
0,814600,50600,14625.401,498.562,38.75161,26.08881,0.618466,0.02044,9.369144,9.369144,9.369144,9.369144,0.033393,3e-06,0.054743,5.407068,0.02845,-5.407627,45.956223,0.976299,1.271288,127.798218,128.413116,1.307451,15360.0,1.306008,125.948662,125.592751,1.926892,1008.0,14995.953125,1024.0,1024.0,273.274231,499600,64.0,1999.3
0,815400,50650,14639.134,498.562,38.906811,25.593994,0.734719,0.02044,9.854109,9.854109,9.854109,9.854109,0.053945,3e-06,0.039967,5.51797,0.023277,-5.493769,44.926659,0.976297,1.283824,132.647858,133.128098,1.045778,15360.0,1.314485,131.347931,130.790771,1.968497,1008.0,14995.924805,1024.0,1024.0,240.388672,499400,64.0,1999.3
0,816200,50700,14652.951,498.562,37.241592,24.855198,0.621456,0.02044,9.182427,9.182427,9.182179,9.182179,0.034658,3e-06,-0.01275,5.885084,0.024472,-5.909067,44.446838,0.976299,1.248541,131.001999,130.966232,1.08771,15360.0,1.360116,129.821945,128.794052,2.606097,1008.0,14995.958984,1024.0,1024.0,257.583466,499200,64.0,1999.3
0,817000,50750,14666.751,498.562,38.673317,25.514656,0.753993,0.02044,9.724285,9.724285,9.724285,9.724285,0.057258,3e-06,0.016677,5.148543,0.023464,-5.154303,43.968033,0.976321,1.269993,128.450104,128.677933,1.031657,15360.0,1.336154,127.001266,126.341484,1.931868,1008.0,14996.291992,1024.0,1024.0,143.669479,500000,64.0,1999.3
0,817800,50800,14680.363,498.562,33.964069,21.807484,0.630284,0.02044,8.945852,8.945852,8.94529,8.94529,0.031599,3e-06,-0.026785,4.7166,0.030116,-4.722938,44.000114,0.97632,1.295402,123.010612,122.572762,1.325122,15360.0,1.322698,121.556152,120.242386,2.146078,1008.0,14996.267578,1024.0,1024.0,237.677109,499800,64.0,1999.3
0,818600,50850,14694.153,498.562,39.539906,26.685627,0.695822,0.02044,9.472101,9.472101,9.472101,9.472101,0.044583,3e-06,-0.004382,5.072084,0.026074,-5.072691,44.250351,0.976299,1.287266,128.684952,128.557419,1.153765,15360.0,1.452738,127.460884,126.348206,3.071715,1008.0,14995.953125,1024.0,1024.0,274.278046,499600,64.0,1999.3
0,819400,50900,14707.844,498.562,44.454609,29.698954,0.731474,0.02044,11.184093,11.184093,11.184093,11.184093,0.051206,2e-06,0.009678,4.701071,0.029411,-4.706527,44.260513,0.976307,1.284679,130.742813,130.9711,1.301761,15360.0,1.356282,128.77739,127.964157,2.805508,1008.0,14996.069336,1024.0,1024.0,268.694733,499400,64.0,1999.3
0,820200,50950,14721.609,498.562,36.405014,24.21706,0.737273,0.02044,8.803974,8.803974,8.803974,8.803974,0.055947,2e-06,0.003219,4.356516,0.029098,-4.379036,44.710617,0.976303,1.292346,132.025986,132.314133,1.300969,15360.0,1.501003,130.688126,129.694031,2.773406,1008.0,14996.015625,1024.0,1024.0,167.62468,499200,64.0,1999.3
0,821000,51000,14735.343,498.562,38.102753,24.840893,0.726617,0.02044,9.808941,9.808941,9.808941,9.808941,0.047015,2e-06,0.02954,5.078603,0.021439,-5.100562,45.005272,0.976301,1.302522,132.820236,133.045624,0.964859,15360.0,1.309687,131.781235,131.587708,2.014317,1008.0,14995.984375,1024.0,1024.0,234.360321,500000,64.0,1999.3
0,821800,51050,14749.084,498.562,37.053261,24.668272,0.709577,0.02044,9.041788,9.041788,9.041307,9.041307,0.043616,2e-06,0.015385,5.029786,0.020872,-5.025522,45.781273,0.976299,1.307184,127.584953,127.73732,0.955527,15360.0,1.288125,125.984283,125.637863,1.937496,1008.0,14995.953125,1024.0,1024.0,198.726349,499800,64.0,1999.3
0,822600,51100,14762.911,498.562,35.346401,23.694231,0.652929,0.02044,8.472931,8.472931,8.472931,8.472931,0.030623,3e-06,-0.003079,5.323143,0.021044,-5.334168,46.305458,0.976321,1.266944,130.791733,130.799866,0.974434,15360.0,1.315699,129.90213,128.759277,2.272746,1008.0,14996.291016,1024.0,1024.0,509.928131,499600,64.0,1999.3
0,823400,51150,14776.608,498.562,41.512779,28.012161,0.703958,0.02044,10.131458,10.131458,10.130636,10.130636,0.04772,2e-06,0.003751,4.418616,0.026698,-4.4336,46.988945,0.976311,1.246788,122.855736,122.828812,1.254497,15360.0,1.270259,121.179459,119.378891,2.811511,1008.0,14996.137695,1024.0,1024.0,215.306808,499400,64.0,1999.3
0,824200,51200,14790.322,498.562,32.84877,21.129419,0.623168,0.02044,8.573583,8.573583,8.573583,8.573583,0.037082,3e-06,0.001175,4.967618,0.019421,-4.985286,47.56501,0.976318,1.264648,129.914139,129.864243,0.92375,15360.0,1.263268,128.696472,128.500809,1.910537,1008.0,14996.246094,1024.0,1024.0,224.037674,499200,64.0,1999.3
0,825000,51250,14804.111,498.562,43.134998,28.389206,0.713629,0.02044,11.340929,11.340929,11.340929,11.340929,0.044696,3e-06,0.002572,3.883576,0.028284,-3.859859,48.273117,0.976291,1.18665,118.716248,118.580437,1.36537,15360.0,1.158261,117.046501,115.715546,2.382453,1008.0,14995.830078,1024.0,1024.0,283.62207,500000,64.0,1999.3
0,825800,51300,14844.002,514.209,33.167992,22.043695,0.637327,0.02044,8.071761,8.071761,8.071027,8.071027,0.034386,2e-06,0.017007,5.23454,0.019529,-5.211464,48.969475,0.976307,1.206264,129.174637,129.349457,0.956328,15360.0,1.214394,127.965515,127.420113,2.086729,1008.0,14996.075195,1024.0,1024.0,174.643036,499800,64.0,1999.3
0,826600,51350,14857.812,514.209,35.037106,22.927933,0.690127,0.02044,8.881771,8.881771,8.8817,8.8817,0.043653,2e-06,0.002453,5.155765,0.017416,-5.133924,49.526138,0.976305,1.251397,134.994522,135.043762,0.862559,15360.0,1.249369,133.996704,132.925873,1.887045,1008.0,14996.050781,1024.0,1024.0,364.69046,499600,64.0,1999.3
0,827400,51400,14871.584,514.209,42.421486,29.3228,0.660512,0.02044,9.79627,9.79627,9.79627,9.79627,0.046849,3e-06,-0.028533,5.131402,0.023279,-5.118736,50.327469,0.976307,1.250028,129.567474,129.125092,1.171566,15360.0,1.401135,128.770844,126.819267,3.106797,1008.0,14996.077148,1024.0,1024.0,213.759766,499400,64.0,1999.3
0,828200,51450,14885.269,514.209,34.466675,23.417114,0.601816,0.02044,8.093496,8.093496,8.092893,8.092893,0.033105,3e-06,-6.6e-05,5.517562,0.016312,-5.491693,51.229828,0.976316,1.135802,128.862289,128.84137,0.835643,15360.0,1.295746,127.912361,127.122841,1.91948,1008.0,14996.212891,1024.0,1024.0,337.358948,499200,64.0,1999.3
0,829000,51500,14899.059,514.209,34.405525,22.9953,0.626194,0.02044,8.498491,8.498491,8.49649,8.49649,0.042224,3e-06,-0.04258,5.436445,0.02401,-5.420135,51.968842,0.976306,1.093534,124.604095,124.468124,1.247796,15360.0,1.214317,123.179741,122.108963,2.889854,1008.0,14996.052734,1024.0,1024.0,313.826508,500000,64.0,1999.3
0,829800,51550,14912.748,514.209,40.899071,26.75914,0.638684,0.02044,10.814981,10.814981,10.814981,10.814981,0.033269,3e-06,0.049579,5.541747,0.032097,-5.535594,52.993896,0.9763,1.1289,121.479012,121.675591,1.700927,15360.0,1.352831,119.581787,118.347153,3.209229,1008.0,14995.972656,1024.0,1024.0,271.072174,499800,64.0,1999.3
0,830600,51600,14926.445,514.209,37.458477,24.911051,0.678908,0.02044,9.367503,9.367503,9.367503,9.367503,0.035281,2e-06,-0.020154,5.817657,0.015311,-5.803312,54.151474,0.976299,1.170158,127.549492,127.338936,0.829138,15360.0,1.312735,126.636726,125.975471,1.806084,1008.0,14995.957031,1024.0,1024.0,156.749222,499600,64.0,1999.3
0,831400,51650,14940.243,514.209,39.216549,27.330364,0.652733,0.02044,8.718731,8.718731,8.718731,8.718731,0.037555,3e-06,-0.043039,5.037917,0.02774,-5.015424,55.528732,0.976307,1.24104,122.361748,122.114815,1.540376,15360.0,1.414691,120.595062,118.8274,2.931416,1008.0,14996.080078,1024.0,1024.0,202.031677,499400,64.0,1999.3
0,832200,51700,14953.945,514.209,36.900814,23.282541,0.7644,0.02044,10.149231,10.149231,10.149231,10.149231,0.05373,4e-06,-0.024668,5.558185,0.018795,-5.548934,56.844078,0.97628,1.279984,123.412354,123.065094,1.068391,15360.0,1.379866,122.512161,122.062973,2.24788,1008.0,14995.658203,1024.0,1024.0,250.060425,499200,64.0,1999.3
0,833000,51750,14967.742,514.209,36.935234,24.708076,0.669941,0.02044,8.942492,8.942492,8.942492,8.942492,0.040191,2e-06,-0.025008,5.650905,0.016946,-5.6788,57.951317,0.976306,1.320495,119.427933,119.108498,0.982049,15360.0,1.34849,118.275627,117.198807,2.042692,1008.0,14996.058594,1024.0,1024.0,320.071198,500000,64.0,1999.3
0,833800,51800,14981.441,514.209,43.861538,30.542061,0.736591,0.02044,9.949566,9.949566,9.949408,9.949408,0.052129,3e-06,-0.026959,5.595837,0.01917,-5.582661,59.027008,0.976307,1.244516,122.805397,122.433701,1.131549,15360.0,1.334563,122.166069,120.780319,2.19288,1008.0,14996.070312,1024.0,1024.0,302.476166,499800,64.0,1999.3
0,834600,51850,14995.144,514.209,33.909504,22.45599,0.600049,0.02044,8.287005,8.287005,8.287005,8.287005,0.027526,2e-06,-0.006893,5.703438,0.016597,-5.693103,59.403709,0.976313,1.320348,120.004135,119.993462,0.985922,15360.0,1.34622,118.586502,117.945915,1.657562,1008.0,14996.171875,1024.0,1024.0,163.616165,499600,64.0,1999.3
0,835400,51900,15008.95,514.209,40.366009,26.648449,0.661306,0.02044,10.307278,10.307278,10.307278,10.307278,0.043123,3e-06,-0.009849,5.849782,0.012722,-5.878233,59.292229,0.976318,1.313148,116.116508,116.035271,0.754303,15360.0,1.315032,115.01059,114.066391,1.766345,1008.0,14996.238281,1024.0,1024.0,233.46994,499400,64.0,1999.3
0,836200,51950,15022.641,514.209,34.546108,22.39916,0.649207,0.02044,8.85169,8.85169,8.85021,8.85021,0.035759,2e-06,0.016497,5.630802,0.015859,-5.611198,59.739838,0.976307,1.317928,107.142471,107.283257,0.947404,15360.0,1.353393,105.288322,105.269478,2.136539,1008.0,14996.074219,1024.0,1024.0,200.9198,499200,64.0,1999.3
0,837000,52000,15036.439,514.209,35.353531,23.949928,0.644241,0.02044,8.224899,8.224899,8.22474,8.22474,0.047123,3e-06,-0.022834,5.702067,0.019712,-5.691731,60.097252,0.976297,1.321037,124.265503,124.03624,1.184613,15360.0,1.311098,123.273445,121.578133,2.326244,1008.0,14995.927734,1024.0,1024.0,175.425735,500000,64.0,1999.3
0,837800,52050,15050.075,514.209,41.086575,27.288021,0.775297,0.02044,10.254587,10.254587,10.254456,10.254456,0.056859,2e-06,0.009362,6.00166,0.014196,-5.976629,60.478279,0.976301,1.318316,123.0774,123.186707,0.858579,15360.0,1.316961,121.961174,121.189552,1.68695,1008.0,14995.979492,1024.0,1024.0,249.790756,499800,64.0,1999.3
0,838600,52100,15063.877,514.209,38.13353,24.765749,0.646103,0.02044,9.966954,9.966954,9.966954,9.966954,0.036323,2e-06,0.01654,5.871006,0.012423,-5.887816,60.550934,0.976315,1.314219,115.707741,115.885826,0.752215,15360.0,1.356091,114.547348,113.696762,1.803986,1008.0,14996.201172,1024.0,1024.0,206.591385,499600,64.0,1999.3
0,839400,52150,15077.66,514.209,36.551723,24.147514,0.712692,0.02044,9.063833,9.063833,9.063833,9.063833,0.051455,3e-06,0.007958,6.315279,0.012034,-6.299543,60.718178,0.9763,1.306752,125.856445,125.957489,0.73069,15360.0,1.287164,124.876183,124.558846,1.456274,1008.0,14995.970703,1024.0,1024.0,193.734085,499400,64.0,1999.3
0,840200,52200,15091.363,514.209,37.184711,24.757622,0.655842,0.02044,9.118923,9.118923,9.118923,9.118923,0.040178,2e-06,0.015228,6.43516,0.012239,-6.420704,60.400833,0.976306,1.311758,139.66127,139.826904,0.739236,15360.0,1.310027,138.985901,139.262375,1.651782,1008.0,14996.060547,1024.0,1024.0,176.550415,499200,64.0,1999.3
0,841000,52250,15105.164,514.209,36.249908,24.668642,0.633364,0.02044,8.388969,8.388969,8.388496,8.388496,0.032631,2e-06,0.00897,6.158006,0.014705,-6.167214,61.149864,0.976313,1.313577,125.481178,125.593163,0.899209,15360.0,1.256817,124.432175,123.546127,1.702095,1008.0,14996.166016,1024.0,1024.0,200.748871,500000,64.0,1999.3
0,841800,52300,15118.855,514.209,38.354786,25.556149,0.706189,0.02044,9.439421,9.439421,9.439252,9.439252,0.050407,3e-06,0.004634,5.824165,0.020015,-5.820898,61.569962,0.976314,1.270468,121.739944,121.886787,1.232324,15360.0,1.378481,120.181992,120.549332,3.243441,1008.0,14996.179688,1024.0,1024.0,195.408951,499800,64.0,1999.3
0,842600,52350,15132.568,514.209,38.672081,26.853285,0.588823,0.02044,8.750513,8.750513,8.749364,8.749364,0.037938,2e-06,0.00665,5.919036,0.014297,-5.922093,62.263603,0.976306,1.247118,110.813751,110.850784,0.890181,15360.0,1.100668,109.272385,107.401123,2.249988,1008.0,14996.0625,1024.0,1024.0,174.597778,499600,64.0,1999.3
0,843400,52400,15146.366,514.209,36.366573,24.236534,0.633712,0.02044,8.899902,8.899902,8.899902,8.899902,0.036792,2e-06,0.013562,6.170228,0.015311,-6.16183,62.598221,0.976303,1.281444,125.418869,125.591232,0.958438,15360.0,1.303297,124.40976,123.73703,1.988054,1008.0,14996.011719,1024.0,1024.0,281.839203,499400,64.0,1999.3
0,844200,52450,15160.083,514.209,35.406178,23.556347,0.639566,0.02044,8.623794,8.623794,8.621481,8.621481,0.038525,3e-06,0.023372,6.496257,0.013302,-6.495546,63.053925,0.9763,1.296691,128.578796,128.80571,0.83877,15360.0,1.27861,127.394646,127.350739,1.846742,1008.0,14995.966797,1024.0,1024.0,286.487122,499200,64.0,1999.3
0,845000,52500,15173.885,514.209,36.158085,23.746542,0.683087,0.02044,9.158459,9.158459,9.158459,9.158459,0.038944,2e-06,0.008204,6.354838,0.012054,-6.352927,62.864769,0.976302,1.250785,124.734474,124.852974,0.757744,15360.0,1.249071,123.842026,123.552605,1.440354,1008.0,14996.003906,1024.0,1024.0,228.083176,500000,64.0,1999.3
0,845800,52550,15187.636,514.209,38.731293,25.48674,0.726397,0.02044,10.00458,10.00458,10.00458,10.00458,0.046679,3e-06,-0.015829,5.967271,0.013913,-5.963283,63.251221,0.976333,1.129853,120.762329,120.583702,0.880023,15360.0,1.262172,120.0158,119.070656,2.012214,1008.0,14996.476562,1024.0,1024.0,239.02063,499800,64.0,1999.3
0,846600,52600,15201.365,514.209,39.273769,26.301508,0.622832,0.02044,9.867577,9.867577,9.867483,9.867483,0.030739,3e-06,-0.004564,6.06172,0.01831,-6.036432,63.934029,0.976313,1.123808,110.011353,109.97139,1.17062,15360.0,1.184704,108.692574,107.339554,2.307851,1008.0,14996.173828,1024.0,1024.0,219.233765,499600,64.0,1999.3
0,847400,52650,15215.185,514.209,36.665302,24.122044,0.684936,0.02044,9.310302,9.310302,9.310302,9.310302,0.039752,2e-06,0.010204,6.40729,0.015659,-6.402174,64.265564,0.976318,1.214673,123.695557,123.784462,1.006364,15360.0,1.238916,122.503777,121.831924,2.507244,1008.0,14996.244141,1024.0,1024.0,142.883133,499400,64.0,1999.3
0,848200,52700,15228.901,514.209,33.759506,22.799458,0.625847,0.02044,7.811509,7.811509,7.810935,7.810935,0.043103,2e-06,-0.007852,6.044935,0.018631,-6.027141,64.935883,0.976312,1.323359,133.330078,132.978638,1.209812,15360.0,1.351979,132.676056,131.454361,2.183903,1008.0,14996.145508,1024.0,1024.0,228.484985,499200,64.0,1999.3
0,849000,52750,15242.677,514.209,40.581921,27.474676,0.689436,0.02044,9.830296,9.830296,9.830296,9.830296,0.046854,2e-06,0.034471,6.514735,0.013262,-6.502237,65.394638,0.976309,1.207776,117.457382,117.845604,0.867253,15360.0,1.13932,116.231117,115.910431,1.448765,1008.0,14996.111328,1024.0,1024.0,218.410385,500000,64.0,1999.3
0,849800,52800,15256.292,514.209,36.256622,24.335062,0.682003,0.02044,8.777748,8.777748,8.772272,8.772272,0.045023,2e-06,0.004783,6.565797,0.012662,-6.575223,65.828728,0.976299,1.204859,124.916115,124.946594,0.833551,15360.0,1.17985,124.025772,123.221161,1.664362,1008.0,14995.951172,1024.0,1024.0,168.949783,499800,64.0,1999.3
0,850600,52850,15296.218,529.84,39.677742,26.735695,0.611895,0.02044,9.929691,9.929691,9.929667,9.929667,0.034025,3e-06,-0.033273,6.294395,0.013523,-6.287426,66.505493,0.976317,1.05954,116.521896,116.169052,0.899369,15360.0,1.202609,115.740166,114.339355,2.036235,1008.0,14996.228516,1024.0,1024.0,269.023926,499600,64.0,1999.3
0,851400,52900,15309.921,529.84,43.583996,29.794079,0.676449,0.02044,10.578609,10.578609,10.578609,10.578609,0.045731,2e-06,-0.028904,5.834131,0.020634,-5.846363,67.489845,0.976315,1.058788,112.299126,112.143768,1.392573,15360.0,1.422237,110.890495,109.44191,3.85029,1008.0,14996.201172,1024.0,1024.0,197.906723,499400,64.0,1999.3
0,852200,52950,15323.693,529.84,42.52562,29.760439,0.637432,0.02044,9.584511,9.584511,9.584393,9.584393,0.037817,3e-06,0.016422,6.0906,0.023322,-6.108274,67.722511,0.976298,1.117144,114.576164,114.898201,1.579433,15360.0,1.435925,112.868782,110.448517,3.612923,1008.0,14995.94043,1024.0,1024.0,288.189026,499200,64.0,1999.3
0,853000,53000,15337.379,529.84,36.846142,24.547001,0.754652,0.02044,8.9562,8.9562,8.9562,8.9562,0.050817,3e-06,0.003941,6.566239,0.012938,-6.556261,68.637268,0.976302,1.256131,138.558548,138.641937,0.88801,15360.0,1.37386,137.736008,136.786926,2.257392,1008.0,14995.996094,1024.0,1024.0,237.387787,500000,64.0,1999.3
0,853800,53050,15351.051,529.84,38.180851,25.895103,0.589079,0.02044,9.174395,9.174395,9.174206,9.174206,0.030678,2e-06,-0.004818,6.761932,0.014222,-6.758132,69.263336,0.97631,1.13006,116.030899,115.999161,0.98504,15360.0,1.530515,114.772209,114.47953,2.775456,1008.0,14996.126953,1024.0,1024.0,183.160706,499800,64.0,1999.3
0,854600,53100,15364.737,529.84,33.44936,21.79916,0.728352,0.02044,8.452847,8.452847,8.452847,8.452847,0.05605,3e-06,-0.035215,6.386074,0.013978,-6.389864,70.117134,0.976324,1.235055,127.177795,126.813019,0.98013,15360.0,1.344779,126.931755,125.089119,2.510392,1008.0,14996.337891,1024.0,1024.0,176.028885,499600,64.0,1999.3
0,855400,53150,15378.515,529.84,39.68354,27.227936,0.775207,0.02044,9.072195,9.072195,9.071985,9.071985,0.056728,3e-06,-0.023365,6.631304,0.014958,-6.649127,71.084435,0.976314,1.253004,120.254967,119.990837,1.063294,15360.0,1.503013,119.379318,119.567566,3.079138,1008.0,14996.189453,1024.0,1024.0,309.199585,499400,64.0,1999.3
0,856200,53200,15392.246,529.84,38.216415,25.294807,0.671431,0.02044,9.602204,9.602204,9.602204,9.602204,0.043082,2e-06,-0.028097,6.747281,0.012307,-6.765763,71.742607,0.976311,1.281949,118.546799,118.260117,0.882951,15360.0,1.378204,117.906487,116.163467,2.193013,1008.0,14996.131836,1024.0,1024.0,217.86438,499200,64.0,1999.3
0,857000,53250,15406.067,529.84,36.517162,24.878139,0.649826,0.02044,8.442601,8.442601,8.442011,8.442011,0.041444,2e-06,-0.033315,6.714103,0.013971,-6.7147,72.572929,0.976303,1.302096,117.471542,117.159355,1.01388,15360.0,1.377043,116.865082,115.159264,2.337135,1008.0,14996.017578,1024.0,1024.0,248.860535,500000,64.0,1999.3
0,857800,53300,15419.713,529.84,38.534027,26.388622,0.737006,0.02044,8.857964,8.857964,8.856936,8.856936,0.054139,3e-06,-0.010447,6.744487,0.011925,-6.7504,73.435516,0.976321,1.231475,122.413811,122.3349,0.875733,15360.0,1.410571,121.841835,120.426819,2.332223,1008.0,14996.287109,1024.0,1024.0,200.311401,499800,64.0,1999.3
0,858600,53350,15433.502,529.84,36.365501,24.425566,0.57776,0.02044,8.752205,8.752205,8.752151,8.752151,0.034841,2e-06,-0.001057,6.651331,0.018426,-6.660163,74.185982,0.976308,1.315933,120.227173,120.054527,1.366944,15360.0,1.331448,119.464424,118.500145,2.331495,1008.0,14996.083984,1024.0,1024.0,259.203735,499600,64.0,1999.3
0,859400,53400,15447.229,529.84,38.125507,25.331348,0.688179,0.02044,9.49518,9.49518,9.49518,9.49518,0.037835,2e-06,-0.037066,6.814952,0.013875,-6.811038,75.042961,0.976316,1.24877,110.957947,110.585258,1.041216,15360.0,1.430455,110.564339,108.06353,2.798662,1008.0,14996.212891,1024.0,1024.0,264.143463,499400,64.0,1999.3
0,860200,53450,15461.042,529.84,35.918514,23.55183,0.68691,0.02044,9.16234,9.16234,9.16234,9.16234,0.04705,2e-06,-0.017728,7.037632,0.009997,-7.038746,75.759193,0.976304,1.213476,121.256691,121.098442,0.757377,15360.0,1.283368,120.600189,119.942101,1.706715,1008.0,14996.023438,1024.0,1024.0,281.006104,499200,64.0,1999.3
0,861000,53500,15474.766,529.84,40.236305,27.091293,0.68475,0.02044,9.818542,9.818542,9.818542,9.818542,0.0407,2e-06,-0.007447,6.734648,0.010764,-6.753479,76.57328,0.976317,1.200331,130.329453,130.269516,0.824259,15360.0,1.488463,129.562988,128.898636,2.607258,1008.0,14996.220703,1024.0,1024.0,202.16423,500000,64.0,1999.3
0,861800,53550,15488.477,529.84,40.709801,27.315821,0.766959,0.02044,9.983107,9.983107,9.983107,9.983107,0.061197,3e-06,0.020173,6.954372,0.018113,-6.955629,77.410728,0.976306,1.185039,120.736618,120.972565,1.402144,15360.0,1.399841,119.606789,119.151932,3.073896,1008.0,14996.058594,1024.0,1024.0,181.97435,499800,64.0,1999.3
0,862600,53600,15502.276,529.84,33.638798,22.125877,0.664542,0.02044,8.39514,8.39514,8.39514,8.39514,0.042076,2e-06,-0.023286,6.834837,0.014654,-6.847432,78.067772,0.976297,1.214219,128.761887,128.533722,1.143998,15360.0,1.341175,128.170959,127.747528,2.157322,1008.0,14995.923828,1024.0,1024.0,181.68454,499600,64.0,1999.3
0,863400,53650,15516.008,529.84,37.144485,24.81979,0.719556,0.02044,9.068014,9.068014,9.068014,9.068014,0.048204,2e-06,0.010167,6.906887,0.016851,-6.889125,79.213158,0.976312,1.182374,118.809074,118.931419,1.334802,15360.0,1.391135,118.028366,116.27755,2.587436,1008.0,14996.15625,1024.0,1024.0,197.289352,499400,64.0,1999.3
0,864200,53700,15529.825,529.84,35.151115,23.812954,0.685617,0.02044,8.193172,8.193172,8.193119,8.193119,0.044288,2e-06,-0.001718,6.856124,0.018977,-6.863458,79.857956,0.976299,1.211252,121.744324,121.911865,1.5155,15360.0,1.366933,120.348824,119.712151,2.684004,1008.0,14995.945312,1024.0,1024.0,275.718384,499200,64.0,1999.3
0,865000,53750,15543.526,529.84,36.677212,23.455502,0.760634,0.02044,9.898198,9.898198,9.898198,9.898198,0.057435,2e-06,-0.022322,7.000319,0.011265,-6.992307,80.978737,0.976298,1.19377,115.338493,115.155884,0.912247,15360.0,1.270569,114.926926,114.288528,1.791139,1008.0,14995.939453,1024.0,1024.0,319.623596,500000,64.0,1999.3
0,865800,53800,15557.222,529.84,37.055599,24.571995,0.690785,0.02044,9.09066,9.09066,9.09066,9.09066,0.041113,3e-06,-0.001382,6.950307,0.016538,-6.960376,81.894432,0.976298,1.265228,120.0783,120.127235,1.354378,15360.0,1.696033,119.300926,119.320419,3.702025,1008.0,14995.935547,1024.0,1024.0,381.561279,499800,64.0,1999.3
0,866600,53850,15570.913,529.84,33.541069,22.077736,0.684205,0.02044,8.19219,8.19219,8.191069,8.191069,0.046948,3e-06,-0.008827,7.114613,0.019833,-7.093408,82.466164,0.976325,1.342313,113.087585,113.024689,1.635523,15360.0,1.379307,112.198471,111.121613,2.257665,1008.0,14996.347656,1024.0,1024.0,172.243622,499600,64.0,1999.3
0,867400,53900,15584.698,529.84,34.50943,22.432659,0.645607,0.02044,8.805618,8.805618,8.805618,8.805618,0.036882,2e-06,-0.007712,6.94008,0.013779,-6.953461,83.203369,0.976309,1.322753,124.273804,124.238022,1.146468,15360.0,1.365001,123.736191,122.798851,2.309149,1008.0,14996.103516,1024.0,1024.0,187.82605,499400,64.0,1999.3
0,868200,53950,15598.409,529.84,36.679577,24.035292,0.739177,0.02044,9.098169,9.098169,9.098169,9.098169,0.051688,2e-06,0.024963,6.947693,0.018999,-6.955576,83.900368,0.976314,1.376806,110.859314,111.230469,1.594022,15360.0,1.58304,109.422737,109.648796,2.998517,1008.0,14996.181641,1024.0,1024.0,220.410172,499200,64.0,1999.3
0,869000,54000,15612.167,529.84,40.357643,26.883186,0.632841,0.02044,9.920475,9.920475,9.920475,9.920475,0.031825,3e-06,0.009055,7.107154,0.027192,-7.109478,84.140114,0.976312,1.436666,103.119637,103.28437,2.287965,15360.0,1.543105,101.957962,100.911194,3.197477,1008.0,14996.146484,1024.0,1024.0,206.164734,500000,64.0,1999.3
0,869800,54050,15625.84,529.84,37.804462,26.212936,0.702348,0.02044,8.341244,8.341244,8.341244,8.341244,0.049774,3e-06,0.020285,6.166017,0.014457,-6.156545,84.411934,0.976311,1.263803,124.593124,124.862617,1.220365,15360.0,1.364262,123.971817,123.387764,2.220217,1008.0,14996.130859,1024.0,1024.0,227.567703,499800,64.0,1999.3
0,870600,54100,15639.542,529.84,31.603594,21.288799,0.614642,0.02044,7.183126,7.183126,7.181688,7.181688,0.036651,3e-06,0.043598,6.852595,0.016425,-6.842099,84.20285,0.976291,1.325784,120.763596,121.324905,1.383066,15360.0,1.362958,119.693954,118.615105,2.019039,1008.0,14995.835938,1024.0,1024.0,244.878967,499600,64.0,1999.3
0,871400,54150,15653.359,529.84,41.625496,27.823486,0.649608,0.02044,10.413828,10.413828,10.413828,10.413828,0.041734,3e-06,0.001958,6.937822,0.016423,-6.915285,83.964233,0.976319,1.263766,115.724869,115.795876,1.378963,15360.0,1.37008,114.983406,114.284363,2.150257,1008.0,14996.261719,1024.0,1024.0,301.740631,499400,64.0,1999.3
0,872200,54200,15667.054,529.84,39.92136,26.961441,0.697338,0.02044,9.517279,9.517279,9.513161,9.513161,0.047416,2e-06,0.022565,6.564721,0.019705,-6.562508,83.442932,0.976299,1.305385,124.071312,124.397514,1.644254,15360.0,1.483944,123.123764,121.930763,2.843993,1008.0,14995.945312,1024.0,1024.0,158.305817,499200,64.0,1999.3
0,873000,54250,15680.848,529.84,35.525341,24.635717,0.585627,0.02044,7.722195,7.722195,7.722154,7.722154,0.02782,2e-06,0.054563,6.410609,0.026955,-6.414773,81.83168,0.976314,1.311438,114.52224,115.522858,2.205797,15360.0,1.410453,112.554482,113.180519,2.557301,1008.0,14996.185547,1024.0,1024.0,173.76535,500000,64.0,1999.3
0,873800,54300,15694.451,529.84,34.463974,22.823486,0.588396,0.02044,8.431132,8.431132,8.429937,8.429937,0.029304,2e-06,0.055196,6.367584,0.018783,-6.344179,81.677071,0.976301,1.263471,117.208763,117.988464,1.534144,15360.0,1.462466,115.583603,116.842201,2.641987,1008.0,14995.988281,1024.0,1024.0,231.26799,499800,64.0,1999.3
0,874600,54350,15708.234,529.84,41.904957,28.600857,0.640258,0.02044,9.791978,9.791978,9.791978,9.791978,0.040014,2e-06,0.079184,6.069281,0.031862,-6.069485,80.804581,0.976308,1.336207,111.53524,112.842522,2.574604,15360.0,1.522785,109.290543,110.778809,4.054394,1008.0,14996.09668,1024.0,1024.0,167.803696,499600,64.0,1999.3
0,875400,54400,15748.172,545.521,42.998287,29.42724,0.742089,0.02044,9.997803,9.997803,9.997803,9.997803,0.05363,2e-06,0.025683,6.154655,0.025342,-6.147471,79.609184,0.976317,1.347558,124.725418,125.0914,2.017433,15360.0,1.458973,123.544487,123.894028,3.263342,1008.0,14996.234375,1024.0,1024.0,259.980347,499400,64.0,1999.3
0,876200,54450,15761.994,545.521,36.054489,23.523726,0.679767,0.02044,9.184391,9.184391,9.184391,9.184391,0.043301,2e-06,0.035815,6.169307,0.016674,-6.189202,78.37677,0.976309,1.293694,127.629189,128.1698,1.306851,15360.0,1.327385,126.678856,126.924889,1.950915,1008.0,14996.100586,1024.0,1024.0,192.330994,499200,64.0,1999.3
0,877000,54500,15775.773,545.521,38.545357,25.742393,0.682257,0.02044,9.388279,9.388279,9.388279,9.388279,0.036104,2e-06,0.032403,5.809444,0.020542,-5.816264,77.699997,0.976319,1.304506,129.378036,129.928986,1.59611,15360.0,1.454165,128.133118,128.959976,2.690097,1008.0,14996.259766,1024.0,1024.0,189.898956,500000,64.0,1999.3
0,877800,54550,15789.373,545.521,39.776669,26.784903,0.711454,0.02044,9.583072,9.583072,9.583072,9.583072,0.047493,2e-06,0.044348,5.754641,0.021844,-5.761047,75.738831,0.976311,1.273363,123.829384,124.427803,1.654463,15360.0,1.335951,123.047394,122.58844,2.364308,1008.0,14996.139648,1024.0,1024.0,189.596329,499800,64.0,1999.3
0,878600,54600,15803.095,545.521,39.73737,26.751221,0.66126,0.02044,9.667591,9.667591,9.667591,9.667591,0.033167,5e-06,0.032999,6.224415,0.021394,-6.226742,73.779922,0.976275,1.247718,127.217667,127.604065,1.57845,15360.0,1.297938,126.109245,125.557838,2.055885,1008.0,14995.583984,1024.0,1024.0,228.421539,499600,64.0,1999.3
0,879400,54650,15816.91,545.521,38.034718,25.443247,0.644441,0.02044,9.331985,9.331985,9.331985,9.331985,0.035643,3e-06,0.011019,5.538759,0.020666,-5.552819,72.695457,0.976308,1.264493,124.812027,125.143806,1.502301,15360.0,1.286314,123.479355,122.49469,2.324255,1008.0,14996.097656,1024.0,1024.0,191.49231,499400,64.0,1999.3
0,880200,54700,15830.716,545.521,41.985397,28.280674,0.658807,0.02044,10.26148,10.26148,10.261454,10.261454,0.042209,2e-06,0.038171,5.750126,0.023797,-5.756019,70.49247,0.976307,1.296769,126.906479,127.606125,1.677527,15360.0,1.342997,125.364235,125.86084,2.823287,1008.0,14996.078125,1024.0,1024.0,242.138428,499200,64.0,1999.3
0,881000,54750,15844.386,545.521,39.85651,27.016415,0.644847,0.02044,9.640939,9.640939,9.640139,9.640139,0.040047,2e-06,0.033386,5.195235,0.022194,-5.203648,69.504845,0.976306,1.177449,115.456413,115.946396,1.542578,15360.0,1.196471,114.009628,113.665703,1.928838,1008.0,14996.064453,1024.0,1024.0,353.9216,500000,64.0,1999.3
0,881800,54800,15858.089,545.521,38.557682,25.805119,0.631237,0.02044,9.38793,9.38793,9.387835,9.387835,0.040067,2e-06,0.059572,6.197177,0.030239,-6.186567,68.500145,0.976305,1.271934,124.251312,125.074455,2.071409,15360.0,1.47553,123.056831,120.988647,3.684068,1008.0,14996.039062,1024.0,1024.0,189.457077,499800,64.0,1999.3
0,882600,54850,15871.885,545.521,35.188587,23.586185,0.628892,0.02044,8.454833,8.454833,8.454631,8.454631,0.042755,2e-06,0.034241,5.987961,0.019208,-5.980219,67.096886,0.976312,1.234155,122.050423,122.510925,1.288787,15360.0,1.281207,120.970909,120.37397,2.28959,1008.0,14996.146484,1024.0,1024.0,343.423279,499600,64.0,1999.3
0,883400,54900,15885.605,545.521,38.678665,25.56337,0.752349,0.02044,9.651428,9.651428,9.651428,9.651428,0.057985,2e-06,0.039084,6.001129,0.022123,-6.018472,67.040665,0.976306,1.262683,126.641022,127.112556,1.48313,15360.0,1.413892,125.461983,127.010025,2.946911,1008.0,14996.064453,1024.0,1024.0,207.290253,499400,64.0,1999.3
0,884200,54950,15899.392,545.521,37.173653,24.321213,0.639401,0.02044,9.591103,9.591103,9.591103,9.591103,0.03851,2e-06,0.02169,5.570911,0.015728,-5.554455,66.936859,0.976308,1.237817,122.579758,122.862198,1.052796,15360.0,1.276258,121.379608,121.02565,1.820998,1008.0,14996.095703,1024.0,1024.0,199.643661,499200,64.0,1999.3
0,885000,55000,15913.195,545.521,33.459003,22.070522,0.677009,0.02044,8.194981,8.194981,8.194981,8.194981,0.043083,2e-06,0.018183,5.884999,0.013468,-5.896602,66.42926,0.976311,1.266875,127.231873,127.496643,0.894692,15360.0,1.304982,126.281517,125.314552,1.689594,1008.0,14996.132812,1024.0,1024.0,189.558365,500000,64.0,1999.3
0,885800,55050,15926.893,545.521,36.611233,24.195736,0.688901,0.02044,9.143745,9.143745,9.143745,9.143745,0.042889,3e-06,0.019145,5.87085,0.016989,-5.854046,66.613754,0.976319,1.255475,123.497711,123.742599,1.131696,15360.0,1.244719,122.564438,122.181229,1.788337,1008.0,14996.259766,1024.0,1024.0,328.393677,499800,64.0,1999.3
0,886600,55100,15940.608,545.521,46.017174,31.215866,0.729639,0.02044,11.101892,11.101892,11.10182,11.10182,0.046795,2e-06,0.067625,6.462766,0.030869,-6.449492,66.47702,0.97631,1.291318,128.055511,128.795959,2.052049,15360.0,1.600677,126.243469,128.227158,4.808339,1008.0,14996.121094,1024.0,1024.0,208.111206,499600,64.0,1999.3
0,887400,55150,15954.39,545.521,36.747673,24.470556,0.660269,0.02044,8.996168,8.996168,8.995932,8.995932,0.04176,2e-06,0.037367,5.746049,0.024602,-5.765534,66.739769,0.976313,1.26765,119.053879,119.634758,1.641948,15360.0,1.318677,117.555626,117.611801,2.726266,1008.0,14996.171875,1024.0,1024.0,259.699036,499400,64.0,1999.3
0,888200,55200,15968.09,545.521,44.225159,30.387863,0.659256,0.02044,10.38607,10.38607,10.38607,10.38607,0.042139,2e-06,0.07113,6.071308,0.023316,-6.086032,66.350204,0.976309,1.282661,119.55471,120.319206,1.547003,15360.0,1.263773,118.026016,117.997231,2.24455,1008.0,14996.111328,1024.0,1024.0,208.193192,499200,64.0,1999.3
0,889000,55250,15981.806,545.521,43.596676,29.384953,0.664902,0.02044,10.646235,10.646235,10.64604,10.64604,0.043518,3e-06,0.109423,6.463164,0.025379,-6.455566,65.726006,0.976302,1.279032,126.812103,127.749176,1.668034,15360.0,1.423556,124.836502,125.271896,3.247579,1008.0,14996.003906,1024.0,1024.0,232.228775,500000,64.0,1999.3
0,889800,55300,15995.512,545.521,40.520691,28.192183,0.615567,0.02044,9.066464,9.066464,9.066464,9.066464,0.033634,3e-06,0.00848,6.033205,0.034027,-6.026119,65.330887,0.976301,1.297039,119.925392,120.305626,2.223044,15360.0,1.379569,118.810005,117.772263,2.650023,1008.0,14995.975586,1024.0,1024.0,209.730392,499800,64.0,1999.3
0,890600,55350,16009.212,545.521,40.400753,27.744249,0.64823,0.02044,9.420389,9.420389,9.420343,9.420343,0.035535,2e-06,0.011635,5.457365,0.024543,-5.436864,66.076515,0.976306,1.238774,114.113091,114.43,1.621715,15360.0,1.249983,112.27565,111.497978,2.309991,1008.0,14996.056641,1024.0,1024.0,278.946625,499600,64.0,1999.3
0,891400,55400,16023.009,545.521,36.100407,23.659042,0.698593,0.02044,9.169353,9.169353,9.169353,9.169353,0.046634,2e-06,0.013284,5.701578,0.011868,-5.688758,65.876007,0.976303,1.232743,124.854935,125.050323,0.781821,15360.0,1.30003,123.88929,123.576187,1.43078,1008.0,14996.019531,1024.0,1024.0,181.256729,499400,64.0,1999.3
0,892200,55450,16036.801,545.521,39.305233,26.552769,0.699541,0.02044,9.393135,9.393135,9.393135,9.393135,0.043705,3e-06,0.015319,6.025713,0.020595,-6.041382,65.428413,0.976292,1.262893,123.100777,123.27919,1.347503,15360.0,1.406089,122.037964,120.76284,2.936295,1008.0,14995.849609,1024.0,1024.0,194.494873,499200,64.0,1999.3
0,893000,55500,16050.539,545.521,36.421505,24.299469,0.750316,0.02044,8.83012,8.83012,8.83012,8.83012,0.057067,2e-06,0.026506,6.009672,0.015717,-6.020765,65.437965,0.976313,1.229208,128.202911,128.562714,1.028482,15360.0,1.274783,127.07827,126.160118,1.6568,1008.0,14996.162109,1024.0,1024.0,347.494904,500000,64.0,1999.3
0,893800,55550,16064.233,545.521,46.421188,32.545437,0.663373,0.02044,10.441933,10.441933,10.441933,10.441933,0.037856,2e-06,0.037648,6.338684,0.025872,-6.327822,64.959846,0.976303,1.258401,125.867775,126.258423,1.680636,15360.0,1.36589,124.707565,125.118515,2.746742,1008.0,14996.013672,1024.0,1024.0,231.44455,499800,64.0,1999.3
0,894600,55600,16077.923,545.521,38.266308,25.19154,0.700869,0.02044,9.707054,9.707054,9.707054,9.707054,0.051688,2e-06,0.021726,5.969877,0.016649,-5.960559,64.522652,0.97631,1.258124,128.264893,128.528702,1.074228,15360.0,1.319487,127.251228,127.15062,1.499796,1008.0,14996.125,1024.0,1024.0,237.2603,499600,64.0,1999.3
0,895400,55650,16091.72,545.521,45.603703,31.477896,0.69511,0.02044,10.586449,10.586449,10.586449,10.586449,0.045705,2e-06,0.067928,5.811925,0.029923,-5.815904,64.102982,0.976304,1.287073,118.70015,119.334381,1.918156,15360.0,1.367224,117.220978,116.114639,3.040223,1008.0,14996.027344,1024.0,1024.0,216.36615,499400,64.0,1999.3
0,896200,55700,16105.41,545.521,43.075264,29.75565,0.684589,0.02044,9.871565,9.871565,9.871565,9.871565,0.042661,2e-06,0.062088,6.209346,0.024451,-6.218294,64.342949,0.976305,1.276339,123.980019,124.566322,1.573248,15360.0,1.391448,122.622185,122.427521,2.318636,1008.0,14996.041016,1024.0,1024.0,214.016479,499200,64.0,1999.3
0,897000,55750,16119.134,545.521,44.010662,30.285545,0.691123,0.02044,10.269621,10.269621,10.269621,10.269621,0.03949,2e-06,0.027239,5.932532,0.025629,-5.905466,63.754463,0.976311,1.257013,116.367989,116.681786,1.633944,15360.0,1.442382,115.045341,113.256905,3.21085,1008.0,14996.128906,1024.0,1024.0,263.540833,500000,64.0,1999.3
0,897800,55800,16132.838,545.521,37.489178,25.666138,0.711398,0.02044,8.621108,8.621108,8.621108,8.621108,0.048373,2e-06,0.009772,6.111405,0.017949,-6.102318,63.683289,0.9763,1.203951,128.974518,129.144592,1.143071,15360.0,1.314204,128.054153,127.250992,2.098718,1008.0,14995.962891,1024.0,1024.0,254.933563,499800,64.0,1999.3
0,898600,55850,16146.6,545.521,36.14032,23.343185,0.687425,0.02044,9.479392,9.479392,9.479323,9.479323,0.042868,2e-06,0.024637,5.629387,0.015858,-5.631945,64.237564,0.97631,1.251088,120.692612,120.994179,1.018698,15360.0,1.287375,119.443321,119.165749,1.872888,1008.0,14996.117188,1024.0,1024.0,275.842529,499600,64.0,1999.3
0,899400,55900,16160.287,545.521,35.2761,23.098961,0.62196,0.02044,9.006914,9.006914,9.006464,9.006464,0.03769,3e-06,0.027627,6.101255,0.015809,-6.095521,64.99984,0.976293,1.223809,123.813988,124.114853,1.027558,15360.0,1.252331,122.325577,122.575516,2.113337,1008.0,14995.857422,1024.0,1024.0,198.833496,499400,64.0,1999.3
0,900200,55950,16200.109,561.107,36.679611,24.497929,0.689142,0.02044,8.944592,8.944592,8.944592,8.944592,0.043657,3e-06,0.016912,6.303357,0.014838,-6.295336,64.175461,0.976323,1.227759,138.440811,138.634644,0.952247,15360.0,1.2946,137.534821,136.775894,2.061567,1008.0,14996.324219,1024.0,1024.0,269.039368,499200,64.0,1999.3
0,901000,56000,16213.819,561.107,42.050991,28.13534,0.680855,0.02044,10.553532,10.553532,10.553532,10.553532,0.046322,2e-06,0.002794,6.350995,0.02014,-6.347624,64.302719,0.976317,1.219634,125.079765,125.203163,1.29506,15360.0,1.276822,124.209518,124.249405,2.349725,1008.0,14996.220703,1024.0,1024.0,148.205719,500000,64.0,1999.3
0,901800,56050,16227.507,561.107,42.282715,28.804749,0.72433,0.02044,10.048747,10.048747,10.048747,10.048747,0.056353,2e-06,0.049466,6.121758,0.018468,-6.108194,63.952087,0.976306,1.240495,123.293076,123.812912,1.18107,15360.0,1.298698,121.902153,122.089447,2.132362,1008.0,14996.0625,1024.0,1024.0,236.063049,499800,64.0,1999.3
0,902600,56100,16241.284,561.107,40.237667,27.198233,0.639442,0.02044,9.765496,9.765496,9.765125,9.765125,0.035155,2e-06,0.015647,6.087598,0.017313,-6.082649,63.887962,0.976297,1.224307,124.416512,124.608437,1.106071,15360.0,1.325165,123.316994,122.35154,2.404771,1008.0,14995.914062,1024.0,1024.0,180.667099,499600,64.0,1999.3
0,903400,56150,16254.967,561.107,35.653114,23.165611,0.637241,0.02044,9.277593,9.277593,9.277486,9.277486,0.03812,2e-06,0.016649,6.051003,0.015655,-6.065409,63.880775,0.976309,1.229451,131.30748,131.519226,1.000084,15360.0,1.261213,130.012054,129.622177,1.947256,1008.0,14996.103516,1024.0,1024.0,201.844742,499400,64.0,1999.3
0,904200,56200,16268.759,561.107,36.355045,25.014866,0.584687,0.02044,8.260106,8.260106,8.259722,8.259722,0.031081,2e-06,0.029668,5.810853,0.017701,-5.823581,63.288116,0.97631,1.239878,114.424141,114.788803,1.120261,15360.0,1.264623,112.452713,111.549423,1.809059,1008.0,14996.119141,1024.0,1024.0,218.4245,499200,64.0,1999.3
0,905000,56250,16282.478,561.107,40.866676,27.47287,0.727267,0.02044,10.036394,10.036394,10.036187,10.036187,0.044624,2e-06,0.018686,5.7295,0.01985,-5.723205,64.055977,0.97631,1.192822,125.9757,126.175446,1.271482,15360.0,1.315182,124.947556,125.192612,2.388542,1008.0,14996.121094,1024.0,1024.0,267.312622,500000,64.0,1999.3
0,905800,56300,16296.192,561.107,35.300522,23.260046,0.772713,0.02044,8.792801,8.792801,8.792801,8.792801,0.050544,2e-06,0.00984,6.317032,0.012494,-6.329608,64.242645,0.976316,1.197115,138.894852,139.055969,0.802664,15360.0,1.227616,138.058456,137.730499,1.670194,1008.0,14996.208984,1024.0,1024.0,188.512756,499800,64.0,1999.3
0,906600,56350,16309.913,561.107,35.044106,22.815804,0.651672,0.02044,9.055496,9.055496,9.055443,9.055443,0.037802,2e-06,0.001218,6.198953,0.014703,-6.175556,64.187233,0.976303,1.193852,132.289444,132.348053,0.943726,15360.0,1.333588,131.660156,130.232986,2.330771,1008.0,14996.015625,1024.0,1024.0,312.153992,499600,64.0,1999.3
0,907400,56400,16323.713,561.107,35.740513,23.746925,0.719435,0.02044,8.796773,8.796773,8.796773,8.796773,0.056645,3e-06,0.022039,6.033628,0.011761,-6.029701,64.390038,0.976319,1.175582,130.800659,131.069443,0.757301,15360.0,1.265475,129.907593,129.472565,1.628983,1008.0,14996.257812,1024.0,1024.0,327.752838,499400,64.0,1999.3
0,908200,56450,16337.403,561.107,42.037323,28.512453,0.657342,0.02044,10.205948,10.205948,10.205948,10.205948,0.040662,2e-06,0.033234,6.072763,0.021635,-6.062843,64.309341,0.976305,1.201762,125.683334,125.898926,1.391357,15360.0,1.285159,124.324265,122.999947,2.609055,1008.0,14996.051758,1024.0,1024.0,151.138245,499200,64.0,1999.3
0,909000,56500,16351.183,561.107,41.435455,28.013325,0.767512,0.02044,10.024534,10.024534,10.024534,10.024534,0.055627,2e-06,-0.006982,6.34875,0.019926,-6.374933,64.548538,0.976303,1.20111,128.01712,127.929665,1.28617,15360.0,1.376879,127.189766,125.998894,3.026942,1008.0,14996.013672,1024.0,1024.0,222.665237,500000,64.0,1999.3
0,909800,56550,16364.885,561.107,37.594315,24.463453,0.740788,0.02044,9.732216,9.732216,9.732216,9.732216,0.048284,2e-06,0.02712,6.10776,0.019377,-6.096617,64.616158,0.976296,1.218265,130.330627,130.77887,1.252093,15360.0,1.396041,128.909546,129.290756,2.857253,1008.0,14995.908203,1024.0,1024.0,225.727142,499800,64.0,1999.3
0,910600,56600,16378.683,561.107,32.993942,21.955811,0.581849,0.02044,8.029366,8.029366,8.027212,8.027212,0.026455,3e-06,0.015652,6.191101,0.016677,-6.188592,64.085464,0.976295,1.194906,129.530884,129.783875,1.06873,15360.0,1.309943,128.232254,126.720108,2.066772,1008.0,14995.890625,1024.0,1024.0,234.943771,499600,64.0,1999.3
0,911400,56650,16392.384,561.107,38.540398,25.687504,0.697627,0.02044,9.575159,9.575159,9.575159,9.575159,0.046399,2e-06,0.012577,6.228652,0.017844,-6.221815,64.094124,0.976315,1.191112,129.493149,129.721924,1.143676,15360.0,1.328203,128.49971,128.090805,2.770722,1008.0,14996.203125,1024.0,1024.0,202.371506,499400,64.0,1999.3
0,912200,56700,16406.159,561.107,44.717407,30.887142,0.767205,0.02044,10.359989,10.359989,10.359861,10.359861,0.063504,2e-06,0.001672,5.909654,0.031014,-5.89684,64.065041,0.976306,1.214076,127.212616,127.541374,1.986887,15360.0,1.43628,125.783905,125.313103,3.624467,1008.0,14996.056641,1024.0,1024.0,277.846222,499200,64.0,1999.3
0,913000,56750,16419.854,561.107,39.507675,26.291666,0.654506,0.02044,9.998742,9.998742,9.998315,9.998315,0.03925,2e-06,0.002753,6.290561,0.017651,-6.292123,63.607231,0.976312,1.14289,133.62175,133.740448,1.122722,15360.0,1.322668,132.877548,132.185364,2.504181,1008.0,14996.150391,1024.0,1024.0,273.636383,500000,64.0,1999.3
0,913800,56800,16433.458,561.107,36.846443,24.724236,0.756364,0.02044,8.859683,8.859683,8.859683,8.859683,0.062202,2e-06,0.038136,6.034035,0.023101,-6.022159,62.888969,0.976306,1.188022,139.030014,139.923569,1.452811,15360.0,1.245322,137.287674,137.949661,2.532392,1008.0,14996.066406,1024.0,1024.0,193.205963,499800,64.0,1999.3
0,914600,56850,16447.231,561.107,40.753284,27.564339,0.669989,0.02044,9.893362,9.893362,9.893362,9.893362,0.041891,2e-06,0.061936,5.742096,0.027391,-5.77408,63.06118,0.976307,1.176684,121.144096,121.9086,1.727294,15360.0,1.257307,119.655792,120.737869,2.042637,1008.0,14996.080078,1024.0,1024.0,269.157501,499600,64.0,1999.3
0,915400,56900,16460.899,561.107,37.868443,25.499609,0.741441,0.02044,9.067758,9.067758,9.067758,9.067758,0.048664,2e-06,0.07064,6.423318,0.025393,-6.400267,62.76017,0.976307,1.161163,137.442917,138.109268,1.593699,15360.0,1.335374,136.214096,135.982468,3.005933,1008.0,14996.071289,1024.0,1024.0,187.368011,499400,64.0,1999.3
0,916200,56950,16474.686,561.107,40.230431,27.191555,0.684268,0.02044,9.811343,9.811343,9.811343,9.811343,0.042438,2e-06,0.038138,5.933832,0.020097,-5.924541,62.353653,0.97631,1.12152,132.850266,133.392166,1.253126,15360.0,1.27345,131.073456,130.63765,2.21833,1008.0,14996.118164,1024.0,1024.0,367.124146,499200,64.0,1999.3
0,917000,57000,16488.384,561.107,36.578289,24.305086,0.728221,0.02044,9.040162,9.040162,9.040162,9.040162,0.050373,2e-06,0.017624,6.13723,0.020919,-6.15478,62.098671,0.976306,1.171411,134.944077,135.391251,1.299042,15360.0,1.30444,133.337799,133.168686,2.408761,1008.0,14996.052734,1024.0,1024.0,257.558746,500000,64.0,1999.3
0,917800,57050,16502.093,561.107,34.059986,22.445141,0.587891,0.02044,8.616574,8.616574,8.614335,8.614335,0.030673,2e-06,0.018222,6.237535,0.016581,-6.241555,61.691444,0.976299,1.092863,130.742615,130.975708,1.022901,15360.0,1.390664,129.27002,129.164963,2.861688,1008.0,14995.954102,1024.0,1024.0,219.062057,499800,64.0,1999.3
0,918600,57100,16515.863,561.107,34.030228,22.17506,0.665885,0.02044,8.841585,8.841585,8.841253,8.841253,0.037836,3e-06,0.017278,6.037621,0.016921,-6.050219,62.294678,0.976323,1.054576,126.21418,126.500397,1.054103,15360.0,1.237471,125.025063,124.859825,1.512145,1008.0,14996.324219,1024.0,1024.0,228.519073,499600,64.0,1999.3
0,919400,57150,16529.556,561.107,54.041885,39.045609,0.645996,0.02044,11.603961,11.603961,11.603827,11.603827,0.041788,3e-06,0.008322,5.865101,0.037474,-5.86266,61.997368,0.976322,1.126271,111.789413,111.866783,2.323313,15360.0,1.436291,110.216446,108.759087,4.486353,1008.0,14996.300781,1024.0,1024.0,252.232864,499400,64.0,1999.3
0,920200,57200,16543.265,561.107,34.75452,23.489719,0.596127,0.02044,8.345743,8.345743,8.340715,8.340715,0.037646,3e-06,0.01431,6.213968,0.016542,-6.215916,62.269081,0.976318,1.08638,132.754013,132.920151,1.030073,15360.0,1.224079,131.25705,130.346054,1.921461,1008.0,14996.240234,1024.0,1024.0,273.908997,499200,64.0,1999.3
0,921000,57250,16557.054,561.107,36.29245,24.30648,0.645229,0.02044,9.008756,9.008756,9.008756,9.008756,0.039934,2e-06,0.014843,5.890653,0.017681,-5.893109,61.434639,0.976314,1.029024,130.853714,131.114685,1.086201,15360.0,1.222662,129.612305,129.256317,2.022953,1008.0,14996.1875,1024.0,1024.0,233.408051,500000,64.0,1999.3
0,921800,57300,16570.67,561.107,34.182823,22.825802,0.686124,0.02044,8.477336,8.477336,8.476702,8.476702,0.043248,3e-06,0.029042,5.834148,0.015071,-5.835952,61.743912,0.97629,0.937031,123.463173,123.81472,0.93057,15360.0,1.197726,122.241386,121.530724,1.890669,1008.0,14995.8125,1024.0,1024.0,206.580109,499800,64.0,1999.3
0,922600,57350,16584.453,561.107,36.197987,24.710737,0.682393,0.02044,8.528141,8.528141,8.528141,8.528141,0.047479,2e-06,0.033432,6.226703,0.019721,-6.215929,61.295319,0.97631,1.048471,135.258286,135.738693,1.208833,15360.0,1.07186,134.075058,133.885803,1.783403,1008.0,14996.121094,1024.0,1024.0,218.756699,499600,64.0,1999.3
0,923400,57400,16598.184,561.107,41.139137,27.638241,0.736977,0.02044,10.25635,10.25635,10.25635,10.25635,0.051954,2e-06,0.039981,5.85538,0.021496,-5.872604,59.939636,0.976305,1.049311,132.69873,133.273102,1.28844,15360.0,1.240674,131.580734,130.484818,2.75909,1008.0,14996.039062,1024.0,1024.0,333.586945,499400,64.0,1999.3
0,924200,57450,16612.014,561.107,35.701817,23.462851,0.781831,0.02044,9.203562,9.203562,9.203562,9.203562,0.059748,2e-06,0.050323,5.995878,0.01799,-5.998487,59.659302,0.976307,0.950514,135.472061,136.093689,1.073248,15360.0,1.039783,134.408615,134.740356,2.015242,1008.0,14996.070312,1024.0,1024.0,222.356201,499200,64.0,1999.3
0,925000,57500,16625.816,561.107,35.415817,24.018667,0.677037,0.02044,8.434742,8.434742,8.434074,8.434074,0.047872,2e-06,0.061641,6.239204,0.02238,-6.247219,59.452377,0.976306,1.005479,132.775925,133.365311,1.330523,15360.0,1.181119,131.296326,130.724136,2.000976,1008.0,14996.0625,1024.0,1024.0,279.635406,500000,64.0,1999.3
0,925800,57550,16665.687,576.75,31.077253,20.334522,0.668358,0.02044,7.955215,7.955215,7.955184,7.955184,0.044545,2e-06,0.043614,6.021732,0.01745,-6.007012,59.154259,0.976311,0.932477,130.813675,131.354446,1.032222,15360.0,1.090346,129.335663,129.304886,1.5264,1008.0,14996.128906,1024.0,1024.0,188.983383,499800,64.0,1999.3
0,926600,57600,16679.473,576.75,36.850407,25.19426,0.709782,0.02044,8.632776,8.632776,8.632776,8.632776,0.046179,2e-06,0.03176,5.743679,0.029214,-5.754524,58.690132,0.976312,1.029659,128.785233,129.22052,1.714569,15360.0,1.228169,127.392792,126.447517,2.72236,1008.0,14996.15625,1024.0,1024.0,196.559814,499600,64.0,1999.3
0,927400,57650,16693.146,576.75,43.595341,29.699562,0.623178,0.02044,10.771899,10.771899,10.771899,10.771899,0.028504,2e-06,0.041947,5.402242,0.031565,-5.412096,58.37278,0.976309,1.032346,124.446381,124.993347,1.84255,15360.0,1.095935,123.064995,121.879456,2.604574,1008.0,14996.099609,1024.0,1024.0,316.49588,499400,64.0,1999.3
0,928200,57700,16706.91,576.75,39.469902,26.619596,0.695687,0.02044,9.710825,9.710825,9.710825,9.710825,0.043946,2e-06,-0.002094,5.567727,0.030625,-5.565562,58.321884,0.976308,1.095849,136.317734,136.322296,1.786113,15360.0,1.195064,135.172012,134.044525,2.977391,1008.0,14996.09375,1024.0,1024.0,211.278473,499200,64.0,1999.3
0,929000,57750,16720.614,576.75,36.370365,23.991373,0.750248,0.02044,9.336998,9.336998,9.336998,9.336998,0.051682,2e-06,0.023234,5.499779,0.018925,-5.513323,57.819099,0.976317,0.991749,136.278625,136.552643,1.094217,15360.0,1.075406,135.112793,134.583664,2.044848,1008.0,14996.232422,1024.0,1024.0,219.465836,500000,64.0,1999.3
0,929800,57800,16734.304,576.75,37.724129,25.277554,0.660781,0.02044,9.471268,9.471268,9.471268,9.471268,0.041122,3e-06,0.045543,5.856552,0.024194,-5.859735,57.119789,0.976321,0.994089,137.825577,138.454239,1.381971,15360.0,1.024409,136.523163,136.538193,1.564396,1008.0,14996.294922,1024.0,1024.0,193.916168,499800,64.0,1999.3
0,930600,57850,16748.005,576.75,37.367065,24.514132,0.640787,0.02044,9.873717,9.873717,9.873666,9.873666,0.037353,2e-06,0.055892,5.878211,0.01782,-5.876458,56.357132,0.976312,0.982974,133.614059,134.25293,1.004277,15360.0,0.972505,132.210861,131.910629,1.699535,1008.0,14996.154297,1024.0,1024.0,224.526443,499600,64.0,1999.3
0,931400,57900,16761.781,576.75,42.838768,29.111042,0.606915,0.02044,10.554993,10.554993,10.554993,10.554993,0.034937,2e-06,0.081916,5.697309,0.028933,-5.725717,55.782005,0.976308,1.0746,128.655411,129.517944,1.613937,15360.0,1.111214,126.766075,126.522423,2.272447,1008.0,14996.09375,1024.0,1024.0,196.795486,499400,64.0,1999.3
0,932200,57950,16775.562,576.75,40.735573,27.618271,0.66806,0.02044,9.994068,9.994068,9.993603,9.993603,0.046007,2e-06,0.055635,6.256695,0.023597,-6.273795,54.745705,0.976302,1.043136,135.92038,136.422836,1.29182,15360.0,1.121846,134.376541,134.077972,2.193259,1008.0,14996.0,1024.0,1024.0,315.967682,499200,64.0,1999.3
0,933000,58000,16789.275,576.75,40.107056,26.340797,0.717099,0.02044,10.545452,10.545452,10.545452,10.545452,0.051403,2e-06,0.01149,5.826059,0.027358,-5.828374,54.717323,0.976311,1.059137,136.429565,136.83429,1.496961,15360.0,1.193638,134.803177,135.374725,2.916345,1008.0,14996.132812,1024.0,1024.0,229.954895,500000,64.0,1999.3
0,933800,58050,16802.978,576.75,43.65538,30.234032,0.731193,0.02044,10.082827,10.082827,10.082565,10.082565,0.047834,2e-06,0.054686,5.624994,0.034447,-5.616581,55.171349,0.976301,1.161243,123.155502,123.779945,1.900488,15360.0,1.208932,121.440605,120.539642,3.255954,1008.0,14995.986328,1024.0,1024.0,200.01178,499800,64.0,1999.3
0,934600,58100,16816.804,576.75,39.438511,26.506598,0.659431,0.02044,9.905958,9.905958,9.905958,9.905958,0.044113,2e-06,0.034553,6.309251,0.022021,-6.299321,54.095779,0.976309,0.995634,139.283691,139.664627,1.191248,15360.0,1.084322,137.760208,137.430359,2.320832,1008.0,14996.106445,1024.0,1024.0,173.84169,499600,64.0,1999.3
0,935400,58150,16830.51,576.75,37.594463,25.564096,0.702129,0.02044,8.906126,8.906126,8.905546,8.905546,0.042299,2e-06,0.047106,5.31524,0.027154,-5.313929,53.037178,0.976306,1.086224,129.425293,129.985138,1.440168,15360.0,1.259073,127.569405,126.104668,2.809121,1008.0,14996.052734,1024.0,1024.0,222.377121,499400,64.0,1999.3
0,936200,58200,16844.219,576.75,40.856674,27.943962,0.639416,0.02044,9.867552,9.867552,9.867552,9.867552,0.039227,3e-06,0.039635,5.527651,0.023678,-5.536187,53.964561,0.976298,1.024826,135.168625,135.593781,1.27776,15360.0,1.113628,133.606644,133.56369,1.981665,1008.0,14995.933594,1024.0,1024.0,282.358795,499200,64.0,1999.3
0,937000,58250,16858.022,576.75,37.29007,25.664421,0.655713,0.02044,8.675936,8.675936,8.675676,8.675676,0.044544,3e-06,0.029824,5.703805,0.022988,-5.723107,53.342674,0.976329,1.057044,134.533066,134.830185,1.226228,15360.0,1.063661,133.177704,132.192963,2.537184,1008.0,14996.416016,1024.0,1024.0,188.898193,500000,64.0,1999.3
0,937800,58300,16871.628,576.75,42.057819,29.00503,0.76762,0.02044,9.849476,9.849476,9.849476,9.849476,0.051377,2e-06,0.042768,5.779427,0.023847,-5.758399,52.278976,0.976311,1.04035,132.994522,133.431992,1.246673,15360.0,1.157296,131.738663,131.927994,2.672457,1008.0,14996.134766,1024.0,1024.0,306.364868,499800,64.0,1999.3
0,938600,58350,16885.425,576.75,36.66991,24.136658,0.748962,0.02044,9.443864,9.443864,9.443864,9.443864,0.053031,2e-06,0.052134,6.155702,0.018569,-6.155861,52.598091,0.976316,0.987217,143.140793,143.642853,0.976716,15360.0,1.120816,141.914459,142.474518,2.141536,1008.0,14996.21875,1024.0,1024.0,502.973114,499600,64.0,1999.3
0,939400,58400,16899.127,576.75,38.45636,26.410543,0.667622,0.02044,9.058567,9.058567,9.05261,9.05261,0.046255,2e-06,0.020336,6.156802,0.025009,-6.174561,51.509094,0.976301,1.055889,132.370407,132.546448,1.288196,15360.0,1.057019,131.235443,130.673492,2.356348,1008.0,14995.984375,1024.0,1024.0,211.235168,499400,64.0,1999.3
0,940200,58450,16912.926,576.75,43.93362,30.382313,0.718185,0.02044,10.316545,10.316545,10.316545,10.316545,0.048126,2e-06,-0.010524,5.409024,0.040629,-5.389066,51.933937,0.976301,1.064455,136.255493,136.30455,2.110045,15360.0,1.368499,135.099625,133.463394,4.344204,1008.0,14995.976562,1024.0,1024.0,220.345184,499200,64.0,1999.3
0,941000,58500,16926.704,576.75,36.190952,24.040943,0.639382,0.02044,9.191191,9.191191,9.190807,9.190807,0.038223,2e-06,0.062085,5.954152,0.023242,-5.959527,51.713776,0.976306,0.998159,135.711044,136.311203,1.201955,15360.0,1.06543,134.207932,134.528702,1.972028,1008.0,14996.06543,1024.0,1024.0,252.999252,500000,64.0,1999.3
0,941800,58550,16940.313,576.75,35.948681,23.807135,0.630082,0.02044,9.167026,9.167026,9.167026,9.167026,0.029686,2e-06,0.037051,5.915509,0.019638,-5.916501,50.857292,0.976312,1.010221,129.664719,130.066757,0.998724,15360.0,1.200076,127.976181,127.787949,2.01591,1008.0,14996.154297,1024.0,1024.0,292.605804,499800,64.0,1999.3
0,942600,58600,16954.139,576.75,35.603474,23.474369,0.648175,0.02044,9.164984,9.164984,9.16494,9.16494,0.033221,2e-06,0.057143,5.791417,0.022536,-5.802905,50.541962,0.976312,0.987284,137.812881,138.32843,1.139015,15360.0,1.115252,136.470123,136.171326,1.805198,1008.0,14996.150391,1024.0,1024.0,190.93869,499600,64.0,1999.3
0,943400,58650,16967.842,576.75,32.737022,22.010546,0.653043,0.02044,7.964437,7.964437,7.956499,7.956499,0.046828,2e-06,0.023625,6.014009,0.016564,-6.015368,49.584244,0.976309,0.944931,140.99678,141.242584,0.821319,15360.0,1.078517,139.753845,139.311615,1.870657,1008.0,14996.104492,1024.0,1024.0,197.163086,499400,64.0,1999.3
0,944200,58700,16981.632,576.75,38.08852,25.866257,0.606138,0.02044,9.311039,9.311039,9.308064,9.308064,0.04132,2e-06,0.018175,5.796671,0.022811,-5.814251,49.708153,0.976305,0.998508,132.819656,133.043152,1.133897,15360.0,1.122869,131.201172,130.401947,2.179111,1008.0,14996.048828,1024.0,1024.0,192.520325,499200,64.0,1999.3
0,945000,58750,16995.317,576.75,37.728062,25.584761,0.621296,0.02044,9.185162,9.185162,9.185162,9.185162,0.031439,2e-06,0.058123,4.931465,0.027896,-4.935517,49.520493,0.976301,0.95738,125.349129,125.955231,1.381408,15360.0,1.274602,123.460236,122.321205,2.826852,1008.0,14995.978516,1024.0,1024.0,169.399689,500000,64.0,1999.3
0,945800,58800,17009.015,576.75,33.535313,22.810108,0.550929,0.02044,8.119887,8.119887,8.119862,8.119862,0.031453,2e-06,0.047282,6.107203,0.020118,-6.094808,49.466896,0.976303,0.879001,135.991272,136.38942,0.995185,15360.0,0.985578,134.747223,134.691681,2.025701,1008.0,14996.011719,1024.0,1024.0,191.422791,499800,64.0,1999.3
0,946600,58850,17022.725,576.75,43.685184,30.215199,0.701088,0.02044,10.313934,10.313934,10.313934,10.313934,0.044359,2e-06,0.034296,5.054392,0.03202,-5.08452,49.499123,0.976315,0.96956,127.658127,128.0616,1.584952,15360.0,1.330901,125.37529,126.399384,3.664003,1008.0,14996.191406,1024.0,1024.0,245.589645,499600,64.0,1999.3
0,947400,58900,17036.527,576.75,39.281216,26.441076,0.790194,0.02044,9.771933,9.771933,9.771933,9.771933,0.055825,2e-06,0.04115,5.460148,0.024276,-5.452504,49.481514,0.976313,0.918083,136.313751,136.848923,1.201228,15360.0,1.070494,134.876434,135.394211,2.327485,1008.0,14996.169922,1024.0,1024.0,207.485474,499400,64.0,1999.3
0,948200,58950,17050.308,576.75,33.927952,22.978394,0.64183,0.02044,8.172365,8.172365,8.167115,8.167115,0.040444,2e-06,0.045402,5.468876,0.023938,-5.460901,49.785713,0.976311,0.915467,129.253403,129.812653,1.191785,15360.0,1.122719,127.175957,126.810883,1.920672,1008.0,14996.138672,1024.0,1024.0,281.873047,499200,64.0,1999.3
0,949000,59000,17064.019,576.75,34.037045,22.732742,0.648059,0.02044,8.57781,8.57781,8.577239,8.577239,0.035938,2e-06,0.037322,5.659391,0.018763,-5.658517,49.518677,0.976307,0.840246,134.587479,134.997925,0.929123,15360.0,1.075479,133.230896,132.57222,1.925225,1008.0,14996.074219,1024.0,1024.0,175.135452,500000,64.0,1999.3
0,949800,59050,17077.722,576.75,34.774101,23.979595,0.574226,0.02044,8.175043,8.175043,8.173826,8.173826,0.034339,2e-06,0.03425,5.550335,0.025356,-5.552057,49.462418,0.976317,0.863504,134.517914,134.873871,1.254156,15360.0,1.03179,132.409607,132.051315,2.013421,1008.0,14996.222656,1024.0,1024.0,226.457611,499800,64.0,1999.3
0,950600,59100,17117.634,592.295,42.010399,28.344604,0.750324,0.02044,10.61642,10.61642,10.61642,10.61642,0.055506,2e-06,0.035545,5.545763,0.023125,-5.570846,48.920219,0.976309,0.861981,136.912018,137.314987,1.131301,15360.0,1.064806,135.506927,134.997955,2.141699,1008.0,14996.111328,1024.0,1024.0,218.060257,499600,64.0,1999.3
0,951400,59150,17131.43,592.295,41.209644,28.546898,0.685273,0.02044,9.784508,9.784508,9.784508,9.784508,0.051244,2e-06,0.005164,5.552396,0.032515,-5.591045,48.921532,0.976306,0.87231,136.892761,136.978485,1.590678,15360.0,1.05535,136.019409,134.306198,2.937239,1008.0,14996.054688,1024.0,1024.0,180.791809,499400,64.0,1999.3
0,952200,59200,17145.217,592.295,39.769024,26.963367,0.644805,0.02044,9.940201,9.940201,9.940201,9.940201,0.037875,3e-06,0.03993,6.01693,0.028341,-6.042666,49.48819,0.976321,0.865018,137.075333,137.462769,1.402546,15360.0,1.004136,136.031509,135.855637,2.085762,1008.0,14996.289062,1024.0,1024.0,253.991074,499200,64.0,1999.3
0,953000,59250,17158.907,592.295,38.977417,26.612818,0.623131,0.02044,9.637122,9.637122,9.636007,9.636007,0.037638,2e-06,0.030019,5.788652,0.024701,-5.786638,49.096466,0.976305,0.792897,135.621506,136.005814,1.212755,15360.0,0.990914,134.445496,133.554092,2.153476,1008.0,14996.037109,1024.0,1024.0,200.800125,500000,64.0,1999.3
0,953800,59300,17172.602,592.295,38.234386,26.352884,0.634469,0.02044,9.140873,9.140873,9.140873,9.140873,0.038234,2e-06,0.021263,5.46546,0.027151,-5.46274,47.986099,0.976314,0.827234,129.994354,130.213623,1.302894,15360.0,1.07713,128.501678,126.978691,2.38864,1008.0,14996.174805,1024.0,1024.0,163.233307,499800,64.0,1999.3
0,954600,59350,17186.381,592.295,33.937111,23.17522,0.626944,0.02044,8.138787,8.138787,8.137665,8.137665,0.039444,2e-06,0.065525,5.774655,0.028268,-5.764303,48.088364,0.976297,0.810808,138.600189,139.381454,1.359371,15360.0,0.951695,136.91864,136.850403,1.939945,1008.0,14995.921875,1024.0,1024.0,155.648682,499600,64.0,1999.3
0,955400,59400,17200.094,592.295,38.431095,25.853102,0.610145,0.02044,9.777405,9.777405,9.777164,9.777164,0.0343,2e-06,0.058836,5.054606,0.031272,-5.049,48.257141,0.9763,0.809707,129.283859,129.961029,1.509116,15360.0,1.079059,126.91922,126.610207,2.307595,1008.0,14995.960938,1024.0,1024.0,246.871628,499400,64.0,1999.3
0,956200,59450,17213.797,592.295,37.912502,25.684082,0.728375,0.02044,9.402054,9.402054,9.402054,9.402054,0.050898,3e-06,0.035413,5.803521,0.027735,-5.81423,47.591324,0.976294,0.802627,138.303162,138.708893,1.319965,15360.0,0.997681,136.75444,136.489532,2.022397,1008.0,14995.871094,1024.0,1024.0,301.839905,499200,64.0,1999.3
0,957000,59500,17227.578,592.295,35.051147,23.902031,0.595483,0.02044,8.503361,8.503361,8.503308,8.503308,0.031804,2e-06,0.048364,5.80452,0.028388,-5.792535,47.266861,0.976315,0.813602,133.492859,133.96138,1.341802,15360.0,1.058433,131.849014,131.126617,2.044793,1008.0,14996.202148,1024.0,1024.0,215.422211,500000,64.0,1999.3
0,957800,59550,17241.188,592.295,39.032452,26.838543,0.620364,0.02044,9.537663,9.537663,9.536066,9.536066,0.03445,2e-06,0.028834,5.367439,0.024569,-5.361334,47.275101,0.976311,0.746687,136.401413,136.734314,1.16152,15360.0,0.953836,134.85054,133.756851,2.150939,1008.0,14996.130859,1024.0,1024.0,187.501389,499800,64.0,1999.3
0,958600,59600,17254.989,592.295,34.158478,23.264519,0.620991,0.02044,8.30444,8.30444,8.300591,8.300591,0.034867,2e-06,0.063188,5.112983,0.031904,-5.13016,46.390129,0.976316,0.785425,135.514053,136.353195,1.480026,15360.0,0.896768,133.380524,132.808121,1.784507,1008.0,14996.21875,1024.0,1024.0,210.361237,499600,64.0,1999.3
0,959400,59650,17268.688,592.295,43.342075,29.28289,0.808475,0.02044,10.996885,10.996885,10.996885,10.996885,0.059955,2e-06,0.035818,5.472605,0.036808,-5.473,45.892204,0.976308,0.805007,132.954315,133.349396,1.68922,15360.0,0.976231,131.447266,130.729218,2.502692,1008.0,14996.097656,1024.0,1024.0,230.580231,499400,64.0,1999.3
0,960200,59700,17282.477,592.295,33.832863,22.414455,0.651365,0.02044,8.834609,8.834609,8.8344,8.8344,0.041129,2e-06,0.043346,5.814353,0.020074,-5.81957,46.061653,0.976295,0.726303,143.583969,144.034973,0.924657,15360.0,0.862936,142.547684,142.606842,1.831715,1008.0,14995.886719,1024.0,1024.0,231.434982,499200,64.0,1999.3
0,961000,59750,17296.264,592.295,41.659588,29.340679,0.591506,0.02044,9.556311,9.556311,9.554298,9.554298,0.029891,2e-06,0.068418,4.840295,0.041915,-4.831769,46.57576,0.976305,0.845763,133.367035,134.430405,1.952223,15360.0,0.936125,130.371002,130.252304,2.683852,1008.0,14996.039062,1024.0,1024.0,380.650452,500000,64.0,1999.3
0,961800,59800,17309.872,592.295,36.928051,24.968746,0.73878,0.02044,9.245869,9.245869,9.245869,9.245869,0.052998,2e-06,0.022736,5.575774,0.026232,-5.582496,46.328903,0.976319,0.753961,144.353195,144.703659,1.21528,15360.0,0.843107,143.20282,142.740753,1.974877,1008.0,14996.259766,1024.0,1024.0,179.618301,499800,64.0,1999.3
0,962600,59850,17323.655,592.295,36.079899,24.534922,0.624824,0.02044,8.942771,8.942771,8.941057,8.941057,0.035842,2e-06,0.054638,5.272141,0.029591,-5.264125,45.902397,0.976308,0.755298,136.201859,136.7397,1.358312,15360.0,0.842431,134.702011,133.941986,2.270572,1008.0,14996.097656,1024.0,1024.0,227.821609,499600,64.0,1999.3
0,963400,59900,17337.345,592.295,33.771454,23.113609,0.664607,0.02044,8.120075,8.120075,8.118541,8.118541,0.04357,2e-06,0.026405,5.379282,0.024191,-5.378772,45.646729,0.976295,0.744593,139.661514,139.86084,1.104229,15360.0,0.89906,138.064957,136.938095,2.09035,1008.0,14995.892578,1024.0,1024.0,247.370529,499400,64.0,1999.3
0,964200,59950,17351.124,592.295,32.461639,21.650755,0.70378,0.02044,8.334286,8.334286,8.334286,8.334286,0.047472,2e-06,0.008592,6.035115,0.015684,-6.031713,45.230972,0.976311,0.667157,148.919846,149.004425,0.709419,15360.0,0.810655,148.418945,147.676437,1.723489,1008.0,14996.130859,1024.0,1024.0,299.88446,499200,64.0,1999.3
0,965000,60000,17364.813,592.295,33.162956,22.316137,0.646868,0.02044,8.371072,8.371072,8.367775,8.367775,0.044149,2e-06,0.066998,5.823482,0.025025,-5.798472,44.839806,0.976311,0.675171,142.127274,142.723953,1.122112,15360.0,0.763862,140.854523,141.171631,1.887638,1008.0,14996.128906,1024.0,1024.0,196.950806,500000,64.0,1999.3
0,965800,60050,17378.5,592.295,37.655479,24.826748,0.70938,0.02044,10.037822,10.037822,10.037822,10.037822,0.044584,3e-06,0.073788,5.292222,0.030636,-5.289098,43.568794,0.976323,0.756238,138.380081,139.143951,1.334783,15360.0,0.757609,136.47435,136.765198,2.050773,1008.0,14996.314453,1024.0,1024.0,319.058624,499800,64.0,1999.3
0,966600,60100,17392.194,592.295,37.224899,24.92881,0.654068,0.02044,9.642459,9.642459,9.64192,9.64192,0.041585,2e-06,0.041812,5.664125,0.023226,-5.667262,44.225243,0.976313,0.718924,137.286758,137.66098,1.02716,15360.0,0.847143,135.735382,134.602188,2.098679,1008.0,14996.160156,1024.0,1024.0,190.379593,499600,64.0,1999.3
0,967400,60150,17405.97,592.295,41.381145,27.683601,0.693231,0.02044,10.806076,10.806076,10.806076,10.806076,0.04585,2e-06,0.040148,5.072191,0.036533,-5.056684,44.534195,0.976302,0.79205,134.474899,135.038651,1.626983,15360.0,0.883292,132.977386,131.914062,3.062848,1008.0,14995.991211,1024.0,1024.0,330.019104,499400,64.0,1999.3
0,968200,60200,17419.754,592.295,40.817997,28.559631,0.616327,0.02044,9.456644,9.456644,9.454163,9.454163,0.033266,2e-06,0.04765,4.610137,0.045089,-4.600585,44.263832,0.976304,0.912605,131.651978,132.384552,1.995833,15360.0,0.863445,128.830597,128.070755,2.762475,1008.0,14996.033203,1024.0,1024.0,192.391418,499200,64.0,1999.3
0,969000,60250,17433.426,592.295,30.159306,19.662853,0.926358,0.02044,7.899167,7.899167,7.899167,7.899167,0.08555,2e-06,0.023798,6.280057,0.013161,-6.28641,44.693253,0.97632,0.60654,151.422379,151.625092,0.588214,15360.0,0.767433,151.062576,150.427658,1.708721,1008.0,14996.273438,1024.0,1024.0,287.082458,500000,64.0,1999.3
0,969800,60300,17447.113,592.295,36.056046,24.39584,0.709978,0.02044,9.018087,9.018087,9.018087,9.018087,0.042618,3e-06,0.031949,5.319544,0.030772,-5.306615,43.947426,0.976294,0.742128,139.529922,140.136917,1.352336,15360.0,0.786036,137.879227,136.584396,2.305895,1008.0,14995.876953,1024.0,1024.0,143.896469,499800,64.0,1999.3
0,970600,60350,17460.814,592.295,36.669857,24.78064,0.622317,0.02044,9.263885,9.263885,9.263876,9.263876,0.034873,3e-06,0.051342,5.352528,0.027324,-5.367091,44.873787,0.976322,0.765224,136.495987,136.975555,1.226146,15360.0,0.798733,134.767807,134.492538,1.897729,1008.0,14996.300781,1024.0,1024.0,178.871872,499600,64.0,1999.3
0,971400,60400,17474.594,592.295,31.623774,20.83395,0.729133,0.02044,8.309357,8.309357,8.308867,8.308867,0.048643,3e-06,0.036446,6.146772,0.015522,-6.156204,44.391663,0.976288,0.637128,149.569412,149.891251,0.689052,15360.0,0.754608,148.65831,148.164917,1.658296,1008.0,14995.789062,1024.0,1024.0,242.531784,499400,64.0,1999.3
0,972200,60450,17488.284,592.295,36.001709,24.056595,0.715766,0.02044,9.319612,9.319612,9.319612,9.319612,0.050064,2e-06,0.03278,5.863408,0.024138,-5.861161,44.801163,0.97631,0.690936,144.001434,144.470673,1.081414,15360.0,0.778717,142.747833,142.850861,1.91208,1008.0,14996.126953,1024.0,1024.0,228.080887,499200,64.0,1999.3
0,973000,60500,17502.085,592.295,37.001186,25.312325,0.629081,0.02044,9.049566,9.049566,9.049423,9.049423,0.03733,3e-06,0.053252,5.11608,0.028937,-5.122066,44.92395,0.976313,0.756348,135.213486,135.752563,1.299952,15360.0,0.917385,132.848755,131.342468,2.346777,1008.0,14996.165039,1024.0,1024.0,284.149017,500000,64.0,1999.3
0,973800,60550,17515.773,592.295,31.450359,21.25502,0.676816,0.02044,7.770729,7.770729,7.770668,7.770668,0.049321,3e-06,0.037897,5.849998,0.023992,-5.873685,44.77243,0.976323,0.666517,142.709518,143.132599,1.074176,15360.0,0.819552,141.184479,140.916428,2.446838,1008.0,14996.322266,1024.0,1024.0,219.953079,499800,64.0,1999.3
0,974600,60600,17529.473,592.295,36.404007,24.538437,0.704262,0.02044,9.193838,9.193838,9.193838,9.193838,0.052346,2e-06,0.024133,5.524635,0.025553,-5.521317,45.234131,0.976297,0.736053,139.758408,139.979248,1.155873,15360.0,0.891539,138.218018,137.221527,2.812628,1008.0,14995.920898,1024.0,1024.0,286.01416,499600,64.0,1999.3
0,975400,60650,17569.481,608.005,34.26907,23.094236,0.640498,0.02044,8.692598,8.692598,8.69083,8.69083,0.037482,2e-06,0.046743,5.710285,0.024334,-5.706785,45.080894,0.9763,0.699087,140.52449,141.012238,1.097001,15360.0,0.687354,138.884384,139.115555,1.901326,1008.0,14995.964844,1024.0,1024.0,214.271698,499400,64.0,1999.3
0,976200,60700,17583.173,608.005,38.77858,26.028839,0.606101,0.02044,10.035255,10.035255,10.035255,10.035255,0.030687,2e-06,0.065243,5.208875,0.034711,-5.215021,45.973824,0.976307,0.759415,139.32576,140.174622,1.595796,15360.0,0.865869,136.604767,137.144821,2.221337,1008.0,14996.070312,1024.0,1024.0,228.314499,499200,64.0,1999.3
0,977000,60750,17596.81,608.005,35.892426,24.130562,0.63289,0.02044,9.151595,9.151595,9.150734,9.150734,0.040136,2e-06,0.047445,5.698714,0.026712,-5.704677,45.651382,0.976306,0.757126,137.370117,137.854813,1.219423,15360.0,0.790691,135.418533,135.006516,2.226027,1008.0,14996.066406,1024.0,1024.0,213.633026,500000,64.0,1999.3
0,977800,60800,17610.472,608.005,44.104675,30.528503,0.679625,0.02044,10.763739,10.763739,10.763659,10.763659,0.043754,2e-06,0.042614,5.531515,0.032284,-5.540915,45.178169,0.976304,0.742052,140.924652,141.336639,1.458526,15360.0,0.837764,139.66066,139.401871,2.775405,1008.0,14996.035156,1024.0,1024.0,227.424759,499800,64.0,1999.3
0,978600,60850,17624.235,608.005,40.202606,27.20779,0.706861,0.02044,10.170804,10.170804,10.170804,10.170804,0.041475,2e-06,0.036447,5.109458,0.033221,-5.08734,44.439308,0.976309,0.806029,134.263855,134.661835,1.476297,15360.0,0.790508,132.254044,131.94606,2.288138,1008.0,14996.105469,1024.0,1024.0,234.736618,499600,64.0,1999.3
0,979400,60900,17637.905,608.005,31.618057,20.784424,0.682603,0.02044,8.515568,8.515568,8.515568,8.515568,0.043284,2e-06,0.008604,6.114907,0.015903,-6.132447,43.499474,0.976304,0.566782,150.668961,150.816742,0.691789,15360.0,0.626934,150.090195,149.892044,1.4145,1008.0,14996.03418,1024.0,1024.0,277.282288,499400,64.0,1999.3
0,980200,60950,17651.664,608.005,38.297359,26.456566,0.767894,0.02044,9.102045,9.102045,9.097398,9.097398,0.057639,2e-06,0.070892,5.55458,0.029148,-5.53488,43.187454,0.976308,0.725238,143.8992,144.568726,1.258826,15360.0,0.813589,142.352753,143.134598,2.851142,1008.0,14996.085938,1024.0,1024.0,203.95961,499200,64.0,1999.3
0,981000,61000,17665.323,608.005,35.192646,23.863792,0.665317,0.02044,8.854243,8.854243,8.854243,8.854243,0.033715,2e-06,0.060605,5.608521,0.023283,-5.623981,42.772293,0.976307,0.633528,146.744171,147.289047,0.995861,15360.0,0.69765,145.497437,144.937225,1.74753,1008.0,14996.078125,1024.0,1024.0,185.356735,500000,64.0,1999.3
0,981800,61050,17678.995,608.005,36.808884,25.049183,0.732538,0.02044,9.184021,9.184021,9.184021,9.184021,0.058691,2e-06,0.012564,5.655354,0.023135,-5.66393,42.079247,0.976311,0.651962,144.191574,144.318237,0.973484,15360.0,0.799232,143.044357,141.651886,2.519364,1008.0,14996.140625,1024.0,1024.0,195.692184,499800,64.0,1999.3
0,982600,61100,17692.745,608.005,34.260578,22.961605,0.764348,0.02044,8.774401,8.774401,8.774401,8.774401,0.060765,2e-06,0.051425,6.085366,0.024003,-6.089888,42.050705,0.97631,0.567571,150.911636,151.382721,1.009333,15360.0,0.811141,149.999985,149.228378,2.757345,1008.0,14996.125,1024.0,1024.0,200.075684,499600,64.0,1999.3
0,983400,61150,17706.393,608.005,33.571606,22.401436,0.654008,0.02044,8.665049,8.665049,8.665049,8.665049,0.040146,2e-06,0.064173,5.467721,0.033086,-5.435142,41.832153,0.976298,0.682128,146.120987,146.801727,1.384077,15360.0,0.726212,144.583527,145.382828,2.163676,1008.0,14995.9375,1024.0,1024.0,348.810852,499400,64.0,1999.3
0,984200,61200,17720.13,608.005,38.93153,26.530888,0.69493,0.02044,9.771955,9.771955,9.771955,9.771955,0.046055,2e-06,0.042698,5.580632,0.02795,-5.57155,42.253891,0.976294,0.681754,147.366058,147.841507,1.181007,15360.0,0.705564,146.152756,146.208557,2.221248,1008.0,14995.880859,1024.0,1024.0,229.849197,499200,64.0,1999.3
0,985000,61250,17733.777,608.005,48.210999,33.927124,0.774801,0.02044,11.186779,11.186779,11.186552,11.186552,0.059696,2e-06,0.049372,5.035936,0.045436,-5.031676,42.172508,0.976307,0.83528,135.796799,136.317215,1.916153,15360.0,0.995075,133.599716,133.417603,3.773033,1008.0,14996.068359,1024.0,1024.0,234.974976,500000,64.0,1999.3
0,985800,61300,17747.461,608.005,35.142258,23.342979,0.678953,0.02044,9.29275,9.29275,9.29275,9.29275,0.040401,4e-06,0.032675,5.52458,0.025597,-5.514597,42.454391,0.976327,0.643888,147.346405,147.707794,1.086723,15360.0,0.670979,146.247971,146.152283,1.921095,1008.0,14996.381836,1024.0,1024.0,201.212204,499800,64.0,1999.3
0,986600,61350,17761.214,608.005,40.448116,28.59269,0.618735,0.02044,9.239482,9.239482,9.238971,9.238971,0.033145,2e-06,0.06416,5.330446,0.032635,-5.348819,42.628914,0.976315,0.715865,143.099319,143.75,1.391212,15360.0,0.909322,141.14711,140.366959,3.141636,1008.0,14996.191406,1024.0,1024.0,242.733536,499600,64.0,1999.3
0,987400,61400,17774.884,608.005,34.674862,23.477461,0.64687,0.02044,8.562032,8.562032,8.559721,8.559721,0.033562,2e-06,0.052727,5.132669,0.034493,-5.139183,43.121162,0.976321,0.83231,136.609833,137.273056,1.487372,15360.0,0.756059,134.205338,133.693497,1.74133,1008.0,14996.294922,1024.0,1024.0,238.773407,499400,64.0,1999.3
0,988200,61450,17788.665,608.005,35.7481,24.563805,0.612718,0.02044,8.742617,8.742617,8.741876,8.741876,0.036934,2e-06,0.038769,5.573623,0.025864,-5.590944,42.152107,0.976309,0.673318,145.274475,145.661285,1.090234,15360.0,0.740579,144.01622,144.467545,2.144519,1008.0,14996.105469,1024.0,1024.0,203.376465,499200,64.0,1999.3
0,989000,61500,17802.349,608.005,34.040539,22.876404,0.6188,0.02044,8.585829,8.585829,8.585249,8.585249,0.04142,2e-06,0.069033,5.116279,0.028688,-5.135239,41.878151,0.976298,0.81062,139.108734,139.730927,1.20138,15360.0,0.669428,136.955246,136.255844,1.707444,1008.0,14995.9375,1024.0,1024.0,203.271362,500000,64.0,1999.3
0,989800,61550,17816.02,608.005,32.248478,22.071245,0.650102,0.02044,7.681983,7.681983,7.680491,7.680491,0.041774,2e-06,0.067216,5.196733,0.02671,-5.201578,41.652924,0.976312,0.74873,144.555481,145.189423,1.112544,15360.0,0.801872,142.774811,143.168869,2.154946,1008.0,14996.144531,1024.0,1024.0,189.192368,499800,64.0,1999.3
0,990600,61600,17829.676,608.005,32.128296,21.775713,0.604383,0.02044,7.920917,7.920917,7.92081,7.92081,0.036605,2e-06,0.057356,5.243353,0.025451,-5.250852,41.792519,0.976305,0.751144,144.537537,145.091248,1.063642,15360.0,0.687501,142.661804,142.758499,1.562777,1008.0,14996.044922,1024.0,1024.0,180.126511,499600,64.0,1999.3
0,991400,61650,17843.422,608.005,35.095703,23.416798,0.737784,0.02044,9.140999,9.140999,9.140999,9.140999,0.053112,2e-06,0.035626,5.403398,0.026393,-5.406807,41.74099,0.976312,0.619206,150.79985,151.199402,1.101668,15360.0,0.702504,149.721237,149.964813,1.968286,1008.0,14996.15625,1024.0,1024.0,232.011826,499400,64.0,1999.3
0,992200,61700,17857.184,608.005,37.902912,25.646568,0.742389,0.02044,9.651573,9.651573,9.651573,9.651573,0.055941,2e-06,0.032676,5.503393,0.022856,-5.506276,42.053535,0.976311,0.626419,148.514725,148.76149,0.96118,15360.0,0.725637,147.318069,146.422287,2.302033,1008.0,14996.136719,1024.0,1024.0,235.107376,499200,64.0,1999.3
0,993000,61750,17870.863,608.005,39.284588,27.466415,0.561432,0.02044,9.083776,9.083776,9.083776,9.083776,0.024417,2e-06,0.043494,4.780373,0.031936,-4.757546,42.344452,0.976308,0.910112,137.394455,137.825989,1.352295,15360.0,0.968468,135.046036,133.993652,2.30688,1008.0,14996.083984,1024.0,1024.0,204.587616,500000,64.0,1999.3
0,993800,61800,17884.519,608.005,35.682697,23.871109,0.665987,0.02044,9.205119,9.205119,9.204963,9.204963,0.047371,2e-06,0.047844,5.452136,0.027709,-5.421974,41.40506,0.976319,0.719139,147.154739,147.686646,1.147307,15360.0,0.775152,145.615616,145.157227,2.235649,1008.0,14996.251953,1024.0,1024.0,288.065277,499800,64.0,1999.3
0,994600,61850,17898.277,608.005,38.627964,26.225513,0.631337,0.02044,9.767189,9.767189,9.766958,9.766958,0.035966,2e-06,0.027478,4.887656,0.030759,-4.876284,41.218979,0.976307,0.70772,145.760361,145.940079,1.267843,15360.0,0.905233,144.055496,142.811798,2.632389,1008.0,14996.073242,1024.0,1024.0,265.224945,499600,64.0,1999.3
0,995400,61900,17911.946,608.005,41.486916,29.011524,0.665955,0.02044,9.780436,9.780436,9.780436,9.780436,0.038916,2e-06,0.05634,5.203433,0.029937,-5.176824,41.114052,0.976303,0.747078,144.92392,145.46524,1.230821,15360.0,0.757002,143.427872,143.001602,1.736674,1008.0,14996.009766,1024.0,1024.0,349.216248,499400,64.0,1999.3
0,996200,61950,17925.621,608.005,37.872314,25.129747,0.666243,0.02044,10.125518,10.125518,10.125518,10.125518,0.047506,2e-06,0.020876,5.287515,0.028956,-5.291372,41.532089,0.976301,0.678406,146.916382,147.019867,1.202619,15360.0,0.728444,145.523071,144.600082,2.242887,1008.0,14995.975586,1024.0,1024.0,181.188263,499200,64.0,1999.3
0,997000,62000,17939.386,608.005,35.318779,23.421696,0.622127,0.02044,9.295986,9.295986,9.295675,9.295675,0.038497,2e-06,0.021783,5.150638,0.025911,-5.131679,41.259674,0.976303,0.756714,144.94809,145.171631,1.069085,15360.0,0.834788,143.303467,142.572784,2.245451,1008.0,14996.015625,1024.0,1024.0,196.501999,500000,64.0,1999.3
0,997800,62050,17952.959,608.005,34.682339,23.116737,0.741969,0.02044,9.029026,9.029026,9.029026,9.029026,0.056153,2e-06,0.030949,5.41825,0.023604,-5.429675,41.212013,0.976302,0.628591,152.226379,152.561646,0.972767,15360.0,0.705742,151.103592,151.077698,1.804434,1008.0,14995.992188,1024.0,1024.0,219.857269,499800,64.0,1999.3
0,998600,62100,17966.718,608.005,38.80616,26.647869,0.773412,0.02044,9.35044,9.35044,9.35044,9.35044,0.055733,2e-06,0.07715,5.254421,0.033756,-5.290406,40.572372,0.97631,0.746648,146.747055,147.434021,1.369576,15360.0,0.850514,145.205582,145.607407,2.475242,1008.0,14996.125,1024.0,1024.0,254.15654,499600,64.0,1999.3
0,999400,62150,17980.474,608.005,34.589119,22.723331,0.689296,0.02044,9.254253,9.254253,9.254165,9.254165,0.042068,2e-06,0.028902,5.327505,0.029938,-5.332617,40.719536,0.976304,0.721598,150.341187,150.678909,1.219062,15360.0,0.752895,149.089127,148.378952,1.931486,1008.0,14996.03125,1024.0,1024.0,246.103394,499400,64.0,1999.3
