segment,env_step,gradient_step,elapsed_s,eval_seconds,total,rec,rew,con,dyn,rep,dyn_raw,rep_raw,reward_mae,cont_mae,policy,policy_entropy,policy_adv_mag,policy_logp_mean,policy_retnorm_scale,policy_weight_mean,value,value_value_mean,value_target_mean,value_value_mae,value_positions,repval,repval_value_mean,repval_target_mean,repval_value_mae,repval_positions,weight_sum,imagination_starts,train_positions,grad_norm,replay_occupancy,realized_train_ratio,peak_vram_mib
0,5800,50,20.195,0.0,824.450012,804.868347,5.538788,0.796219,8.465038,8.465038,8.465038,8.465038,0.033621,0.533433,-0.000137,7.833313,1.6e-05,-7.833485,1.0,0.055217,0.611734,2e-05,4e-06,1.6e-05,15360.0,11.078519,2.2e-05,0.462419,0.462397,1008.0,848.133789,1024.0,1024.0,5838.142578,5800,64.0,1999.3
0,6600,100,33.983,0.0,775.56604,758.051758,5.524829,0.728797,6.612859,6.612859,6.612859,6.612859,0.032246,0.502471,-0.000193,7.835831,9.9e-05,-7.806958,1.0,0.060545,0.669502,0.000129,3e-05,9.9e-05,15360.0,11.057148,0.000139,0.432891,0.432752,1008.0,929.970581,1024.0,1024.0,5714.882812,6600,64.0,1999.3
0,7400,150,47.787,0.0,656.233154,640.481812,5.494991,0.610963,5.007844,5.007844,5.007844,5.007844,0.031619,0.443243,-0.000359,7.841269,0.000284,-7.823202,1.0,0.075719,0.833763,0.000388,0.000104,0.000284,15360.0,11.011191,0.000401,0.419409,0.419008,1008.0,1163.046875,1024.0,1024.0,4974.691895,7400,64.0,1999.3
0,8200,200,61.611,0.0,505.802368,490.132599,5.442076,0.438972,4.79468,4.79468,4.79468,4.79468,0.03182,0.344814,-0.000847,7.852365,0.000596,-7.849465,1.0,0.113038,1.235625,0.000906,0.00031,0.000596,15360.0,10.932671,0.00092,0.440705,0.439785,1008.0,1736.25769,1024.0,1024.0,3693.737793,8200,64.0,1999.3
0,9000,250,75.348,0.0,385.556854,368.706421,5.361581,0.265086,5.302221,5.302221,5.302221,5.302221,0.031288,0.224343,-0.001921,7.872743,0.000809,-7.880849,1.0,0.199057,2.150844,0.001653,0.000844,0.000809,15360.0,10.808152,0.001678,0.425602,0.423924,1008.0,3057.509766,1024.0,1024.0,2105.949463,9000,64.0,1999.3
0,9800,300,89.117,0.0,293.431183,274.087189,5.257114,0.154471,6.491563,6.491563,6.491563,6.491563,0.033417,0.134496,-0.002875,7.905625,0.000664,-7.919432,1.0,0.339059,3.602805,0.002636,0.001975,0.000664,15360.0,10.639169,0.002679,0.470106,0.467427,1008.0,5207.945312,1024.0,1024.0,686.02948,9800,64.0,1999.3
0,10600,350,102.956,0.0,237.110962,217.289734,5.126205,0.098259,5.928793,5.928793,5.928793,5.928793,0.031106,0.083834,-0.001994,7.946944,0.000247,-7.963284,1.0,0.47696,4.953164,0.003919,0.003719,0.000247,15360.0,10.413079,0.003967,0.455582,0.451615,1008.0,7326.098145,1024.0,1024.0,417.137329,10600,64.0,1999.3
0,11400,400,116.769,0.0,200.850784,181.555206,4.970873,0.071765,4.749578,4.749578,4.749578,4.749578,0.029993,0.058408,0.002518,7.988244,0.00075,-7.971984,1.0,0.591988,5.982475,0.005492,0.006239,0.00075,15360.0,10.1447,0.005538,0.421426,0.415888,1008.0,9092.936523,1024.0,1024.0,230.928986,11400,64.0,1999.3
0,12200,450,130.461,0.0,198.698273,180.29274,4.798236,0.055494,3.517763,3.517763,3.517763,3.517763,0.029121,0.042162,0.011244,8.027229,0.002164,-8.009025,1.0,0.684154,6.70799,0.007236,0.0094,0.002164,15360.0,9.876781,0.007272,0.427221,0.419949,1008.0,10508.605469,1024.0,1024.0,384.976349,12200,64.0,1999.3
0,13000,500,144.206,0.0,183.26564,165.575867,4.613006,0.045123,2.781374,2.781374,2.781374,2.781374,0.029515,0.031413,0.023455,8.063391,0.003938,-8.036896,1.0,0.746947,7.080559,0.009266,0.013204,0.003938,15360.0,9.560385,0.009292,0.430074,0.420782,1008.0,11473.099609,1024.0,1024.0,333.694244,13000,64.0,1999.3
0,13800,550,157.788,0.0,168.751862,151.506729,4.418049,0.04028,2.563493,2.563493,2.563493,2.563493,0.029248,0.026245,0.040642,8.096117,0.006346,-8.07785,1.0,0.784963,7.161731,0.01201,0.018356,0.006346,15360.0,9.215277,0.012027,0.420531,0.408504,1008.0,12057.037109,1024.0,1024.0,139.321823,13800,64.0,1999.3
0,14600,600,171.567,0.0,166.19548,148.318878,4.214361,0.038312,3.491721,3.491721,3.491721,3.491721,0.029347,0.024112,0.062292,8.126677,0.009303,-8.135352,1.0,0.808896,7.065185,0.015424,0.024727,0.009303,15360.0,8.851937,0.015426,0.458363,0.442936,1008.0,12424.634766,1024.0,1024.0,125.853584,14600,64.0,1999.3
0,15400,650,185.332,0.0,169.958923,151.744064,3.995376,0.035326,4.22287,4.22287,4.22287,4.22287,0.026951,0.020816,0.091234,8.154111,0.013169,-8.151949,1.0,0.831533,6.908588,0.019761,0.03293,0.013169,15360.0,8.463926,0.019754,0.456317,0.436563,1008.0,12772.344727,1024.0,1024.0,143.936356,15400,64.0,1999.3
0,16200,700,199.031,0.0,154.124649,135.914459,3.765412,0.034317,4.800524,4.800524,4.800524,4.800524,0.02649,0.019676,0.125243,8.180251,0.017789,-8.188853,1.0,0.840078,6.591556,0.025099,0.042889,0.017789,15360.0,8.043622,0.025082,0.468935,0.443853,1008.0,12903.598633,1024.0,1024.0,102.253914,16200,64.0,1999.3
0,17000,750,212.825,0.0,152.320251,135.071762,3.521458,0.033113,4.561798,4.561798,4.561798,4.561798,0.02354,0.01831,0.171279,8.202558,0.023905,-8.2167,1.0,0.848781,6.235089,0.031385,0.05529,0.023905,15360.0,7.565236,0.03138,0.456432,0.425052,1008.0,13037.268555,1024.0,1024.0,197.142334,17000,64.0,1999.3
0,17800,800,226.513,0.0,135.856827,119.464523,3.265441,0.032107,4.438861,4.438861,4.438861,4.438861,0.02375,0.01713,0.232865,8.221693,0.032166,-8.213943,1.0,0.859053,5.84637,0.039349,0.071515,0.032166,15360.0,7.109264,0.039334,0.486446,0.447112,1008.0,13195.056641,1024.0,1024.0,96.348099,17800,64.0,1999.3
0,18600,850,240.201,0.0,134.808136,119.487869,3.045825,0.031074,4.07322,4.07322,4.07322,4.07322,0.037598,0.015949,0.314919,8.240623,0.042837,-8.267761,1.0,0.864829,5.379449,0.04974,0.092577,0.042837,15360.0,6.89485,0.049724,0.698459,0.648735,1008.0,13283.765625,1024.0,1024.0,77.302856,18600,64.0,1999.3
0,19400,900,253.936,0.0,130.70787,116.467743,2.726973,0.03149,3.999717,3.999717,3.999717,3.999717,0.018682,0.016405,0.413071,8.255447,0.056423,-8.262424,1.0,0.861751,4.808109,0.063529,0.119952,0.056423,15360.0,6.202658,0.063519,0.546018,0.4825,1008.0,13236.498047,1024.0,1024.0,71.525169,19400,64.0,1999.3
0,20200,950,267.661,0.0,120.981117,107.800835,2.449704,0.029616,3.694393,3.694393,3.694393,3.694393,0.016869,0.014215,0.559671,8.271273,0.075095,-8.27773,1.0,0.876537,4.327519,0.080009,0.155104,0.075095,15360.0,5.833136,0.080001,0.609851,0.52985,1008.0,13463.609375,1024.0,1024.0,81.372482,20200,64.0,1999.3
0,21000,1000,281.43,0.0,127.971405,115.178284,2.17628,0.028859,3.87606,3.87606,3.87606,3.87606,0.014681,0.013298,0.727667,8.283335,0.0968,-8.289251,1.0,0.884,3.949783,0.101224,0.198025,0.0968,15360.0,5.489546,0.101201,0.659433,0.558232,1008.0,13578.237305,1024.0,1024.0,89.722702,21000,64.0,1999.3
0,21800,1050,295.082,0.0,119.553024,107.299591,1.916405,0.028465,3.847652,3.847652,3.847652,3.847652,0.013457,0.01279,0.910891,8.285198,0.120473,-8.304667,1.0,0.887229,3.607993,0.128526,0.248999,0.120473,15360.0,5.190875,0.128504,0.728811,0.600307,1008.0,13627.835938,1024.0,1024.0,115.546745,21800,64.0,1999.3
0,22600,1100,308.758,0.0,119.03788,107.361183,1.681252,0.028107,3.750329,3.750329,3.750329,3.750329,0.012139,0.012315,1.096861,8.289291,0.14478,-8.283242,1.0,0.890469,3.268316,0.159025,0.303805,0.14478,15360.0,4.922698,0.158988,0.794021,0.635033,1008.0,13677.601562,1024.0,1024.0,90.21106,22600,64.0,1999.3
0,23400,1150,322.525,0.0,110.182739,98.827843,1.473134,0.027759,3.887366,3.887366,3.887366,3.887366,0.013491,0.011904,1.239551,8.294211,0.163559,-8.278543,1.0,0.892902,2.961205,0.191279,0.354838,0.163559,15360.0,4.590515,0.191257,0.861631,0.670374,1008.0,13714.969727,1024.0,1024.0,94.346817,23400,64.0,1999.3
0,24200,1200,336.298,0.0,116.888306,105.434029,1.291248,0.027587,4.158163,4.158163,4.158163,4.158163,0.01493,0.011618,1.348741,8.303063,0.176763,-8.295951,1.0,0.896261,2.866146,0.225815,0.402578,0.176763,15360.0,4.48854,0.225773,0.91594,0.690167,1008.0,13766.574219,1024.0,1024.0,128.371948,24200,64.0,1999.3
0,25000,1250,349.989,0.0,117.255081,105.56971,1.228189,0.026316,4.35818,4.35818,4.35818,4.35818,0.023478,0.010047,1.40653,8.311299,0.182487,-8.321948,1.0,0.90616,2.838123,0.263072,0.445558,0.182487,15360.0,4.640742,0.263046,1.070197,0.807151,1008.0,13918.614258,1024.0,1024.0,74.692207,25000,64.0,1999.3
0,25800,1300,379.505,15.346,118.049454,106.673737,1.010942,0.027861,4.415817,4.415817,4.415817,4.415817,0.017498,0.01181,1.375809,8.315921,0.178918,-8.345213,1.0,0.900105,2.720966,0.298954,0.477871,0.178918,15360.0,4.609151,0.298909,1.015118,0.716209,1008.0,13825.605469,1024.0,1024.0,175.56601,25800,64.0,1999.3
0,26600,1350,393.376,15.346,111.19838,100.122391,0.882671,0.025291,4.369938,4.369938,4.369938,4.369938,0.013481,0.008707,1.367289,8.319919,0.176982,-8.29833,1.0,0.91293,2.639924,0.328461,0.505443,0.176982,15360.0,4.512963,0.328452,1.012775,0.684323,1008.0,14022.611328,1024.0,1024.0,113.59446,26600,64.0,1999.3
0,27400,1400,407.291,15.346,109.621658,98.865295,0.802381,0.024713,4.272529,4.272529,4.272529,4.272529,0.015088,0.007994,1.373715,8.322962,0.175861,-8.335643,1.0,0.919589,2.534519,0.356123,0.531983,0.175861,15360.0,4.404168,0.356116,1.020177,0.664062,1008.0,14124.891602,1024.0,1024.0,70.315125,27400,64.0,1999.3
0,28200,1450,421.23,15.346,109.829727,99.019089,0.753434,0.025067,4.593677,4.593677,4.593677,4.593677,0.01672,0.008375,1.31651,8.323119,0.168756,-8.337565,1.0,0.915608,2.362018,0.380922,0.549678,0.168756,15360.0,4.335219,0.38093,1.058704,0.677775,1008.0,14063.744141,1024.0,1024.0,103.911667,28200,64.0,1999.3
0,29000,1500,435.063,15.346,107.456032,96.645416,0.769635,0.024686,4.647382,4.647382,4.647382,4.647382,0.020821,0.007855,1.309592,8.324946,0.167374,-8.326126,1.0,0.922098,2.279032,0.403182,0.570557,0.167374,15360.0,4.385143,0.403181,1.145513,0.742332,1008.0,14163.419922,1024.0,1024.0,109.802536,29000,64.0,1999.3
0,29800,1550,448.831,15.346,108.20314,97.532257,0.737853,0.025017,4.541381,4.541381,4.541381,4.541381,0.019249,0.008214,1.28627,8.32412,0.165347,-8.312131,1.0,0.917168,2.267396,0.4295,0.594846,0.165347,15360.0,4.529418,0.429504,1.207806,0.778302,1008.0,14087.705078,1024.0,1024.0,123.361084,29800,64.0,1999.3
0,30600,1600,462.76,15.346,104.402428,93.58194,0.725625,0.024042,4.654302,4.654302,4.654302,4.654302,0.020656,0.006987,1.309513,8.322887,0.167141,-8.314244,1.0,0.927445,2.320387,0.462962,0.630102,0.167141,15360.0,4.403961,0.46297,1.196527,0.733557,1008.0,14245.548828,1024.0,1024.0,120.848228,30600,64.0,1999.3
0,31400,1650,476.707,15.346,93.075272,82.57103,0.617155,0.02351,4.50584,4.50584,4.50584,4.50584,0.014984,0.006228,1.327154,8.327968,0.167833,-8.343342,1.0,0.931571,2.339252,0.496766,0.664599,0.167833,15360.0,4.135837,0.496778,1.133646,0.636867,1008.0,14308.936523,1024.0,1024.0,105.89756,31400,64.0,1999.3
0,32200,1700,490.542,15.346,100.457771,89.313599,0.67097,0.023023,4.917771,4.917771,4.917771,4.917771,0.018332,0.005597,1.339911,8.331327,0.16913,-8.342751,1.0,0.93682,2.328359,0.530397,0.699528,0.16913,15360.0,4.574571,0.530418,1.29543,0.765012,1008.0,14389.560547,1024.0,1024.0,66.789482,32200,64.0,1999.3
0,33000,1750,504.449,15.346,90.097404,79.294693,0.614656,0.022585,4.756532,4.756532,4.756532,4.756532,0.018501,0.004983,1.349395,8.328878,0.170546,-8.303761,1.0,0.939792,2.272981,0.562407,0.732953,0.170546,15360.0,4.369704,0.562433,1.258082,0.695649,1008.0,14435.201172,1024.0,1024.0,158.083862,33000,64.0,1999.3
0,33800,1800,518.133,15.346,91.845108,80.961639,0.614154,0.022663,4.967232,4.967232,4.967232,4.967232,0.017194,0.005045,1.348047,8.33031,0.169492,-8.343647,1.0,0.938712,2.157828,0.59228,0.761771,0.169492,15360.0,4.256079,0.592293,1.282201,0.689909,1008.0,14418.611328,1024.0,1024.0,83.547157,33800,64.0,1999.3
0,34600,1850,532.025,15.346,96.851662,86.034111,0.536973,0.022473,5.214814,5.214814,5.214814,5.214814,0.013625,0.004711,1.363992,8.334054,0.172011,-8.321675,1.0,0.94124,2.022426,0.618398,0.790409,0.172011,15360.0,3.78461,0.618418,1.202055,0.583638,1008.0,14457.453125,1024.0,1024.0,107.1231,34600,64.0,1999.3
0,35400,1900,545.903,15.346,88.692406,77.676605,0.637818,0.022177,5.195565,5.195565,5.195565,5.195565,0.019732,0.004292,1.390452,8.335795,0.174404,-8.332532,1.0,0.94568,1.974104,0.641469,0.815873,0.174404,15360.0,4.253766,0.641492,1.363267,0.721775,1008.0,14525.638672,1024.0,1024.0,86.640564,35400,64.0,1999.3
0,36200,1950,559.786,15.346,88.512115,77.650932,0.580735,0.021975,5.0889,5.0889,5.0889,5.0889,0.019668,0.003973,1.388468,8.343493,0.173643,-8.342396,1.0,0.946559,2.001031,0.669443,0.843086,0.173643,15360.0,4.237319,0.669456,1.364641,0.695184,1008.0,14539.150391,1024.0,1024.0,147.783249,36200,64.0,1999.3
0,37000,2000,573.569,15.346,90.88826,79.537277,0.576833,0.023184,5.544064,5.544064,5.544064,5.544064,0.018756,0.005471,1.346658,8.343784,0.168795,-8.368026,1.0,0.937236,2.005326,0.69739,0.866185,0.168795,15360.0,4.335014,0.697391,1.404642,0.707251,1008.0,14395.951172,1024.0,1024.0,91.91758,37000,64.0,1999.3
0,37800,2050,587.227,15.346,94.996902,83.715912,0.631339,0.022449,5.340624,5.340624,5.340624,5.340624,0.023311,0.00459,1.376056,8.344574,0.172903,-8.327589,1.0,0.944407,2.055426,0.724935,0.897838,0.172903,15360.0,4.403461,0.724836,1.463915,0.739079,1008.0,14506.09375,1024.0,1024.0,85.753281,37800,64.0,1999.3
0,38600,2100,601.062,15.346,90.596695,78.863419,0.613657,0.021775,5.660432,5.660432,5.660432,5.660432,0.020159,0.003562,1.414029,8.346173,0.176215,-8.351958,1.0,0.950594,2.093789,0.751894,0.928109,0.176215,15360.0,4.545181,0.751846,1.533003,0.781157,1008.0,14601.123047,1024.0,1024.0,118.966881,38600,64.0,1999.3
0,39400,2150,614.826,15.346,85.838242,74.455017,0.568384,0.021666,5.471122,5.471122,5.471122,5.471122,0.018121,0.00337,1.413193,8.349714,0.175665,-8.370609,1.0,0.951292,2.088991,0.778212,0.953878,0.175665,15360.0,4.242516,0.778146,1.480337,0.702192,1008.0,14611.851562,1024.0,1024.0,132.847015,39400,64.0,1999.3
0,40200,2200,628.703,15.346,88.62149,77.2099,0.57966,0.022192,5.53635,5.53635,5.53635,5.53635,0.019024,0.004051,1.397483,8.34743,0.174923,-8.341274,1.0,0.948095,2.056431,0.803663,0.978585,0.174923,15360.0,4.219479,0.803542,1.51778,0.714238,1008.0,14562.742188,1024.0,1024.0,121.179359,40200,64.0,1999.3
0,41000,2250,642.549,15.346,96.063484,84.51442,0.619846,0.021807,5.675516,5.675516,5.675516,5.675516,0.021031,0.003531,1.407967,8.349851,0.175321,-8.351209,1.0,0.950971,2.018165,0.828256,1.003576,0.175321,15360.0,4.127391,0.828061,1.552322,0.724261,1008.0,14606.917969,1024.0,1024.0,142.167633,41000,64.0,1999.3
0,41800,2300,656.218,15.346,83.60302,72.205399,0.543478,0.021768,5.696826,5.696826,5.696826,5.696826,0.017141,0.003193,1.409099,8.352469,0.175395,-8.32992,1.0,0.953772,1.95776,0.851695,1.027089,0.175395,15360.0,3.996712,0.851656,1.54866,0.697003,1008.0,14649.930664,1024.0,1024.0,76.345993,41800,64.0,1999.3
0,42600,2350,670.056,15.346,86.779587,75.297333,0.549288,0.021138,5.833778,5.833778,5.833778,5.833778,0.017071,0.00236,1.43879,8.35739,0.178073,-8.347828,1.0,0.958858,1.888234,0.873465,1.051538,0.178073,15360.0,3.892171,0.873438,1.5727,0.699262,1008.0,14728.050781,1024.0,1024.0,151.112656,42600,64.0,1999.3
0,43400,2400,683.892,15.346,90.291695,79.115334,0.546635,0.02218,5.80378,5.80378,5.80378,5.80378,0.01954,0.003944,1.364951,8.354115,0.16987,-8.361707,1.0,0.947306,1.730915,0.89319,1.06305,0.16987,15360.0,3.75841,0.892734,1.592512,0.699778,1008.0,14550.612305,1024.0,1024.0,98.37117,43400,64.0,1999.3
0,44200,2450,697.658,15.346,85.384766,74.110931,0.545677,0.021285,5.779514,5.779514,5.779514,5.779514,0.018037,0.002538,1.408897,8.360048,0.1748,-8.347905,1.0,0.957458,1.781566,0.912199,1.086999,0.1748,15360.0,3.863135,0.912017,1.632959,0.720941,1008.0,14706.552734,1024.0,1024.0,160.830017,44200,64.0,1999.3
0,45000,2500,711.499,15.346,79.147095,67.481163,0.543953,0.021065,6.05461,6.05461,6.05461,6.05461,0.018363,0.002181,1.436014,8.362942,0.177381,-8.359595,1.0,0.96041,1.842924,0.931991,1.109372,0.177381,15360.0,3.873006,0.93188,1.6417,0.709821,1008.0,14751.896484,1024.0,1024.0,102.69648,45000,64.0,1999.3
0,45800,2550,725.212,15.346,83.207458,71.517853,0.568446,0.02143,5.985765,5.985765,5.985765,5.985765,0.019195,0.002729,1.425258,8.362805,0.176269,-8.369487,1.0,0.956574,1.869552,0.952662,1.128931,0.176269,15360.0,4.068608,0.95248,1.709838,0.757359,1008.0,14692.981445,1024.0,1024.0,106.214577,45800,64.0,1999.3
0,46600,2600,738.97,15.346,84.149864,72.222527,0.600939,0.021285,6.119442,6.119442,6.119442,6.119442,0.023174,0.002519,1.42963,8.36272,0.177321,-8.341768,1.0,0.958743,1.905199,0.974523,1.151844,0.177321,15360.0,4.129638,0.973945,1.74388,0.769934,1008.0,14726.285156,1024.0,1024.0,114.163612,46600,64.0,1999.3
0,47400,2650,752.815,15.346,84.055031,72.380211,0.513084,0.021023,5.997009,5.997009,5.997009,5.997009,0.014006,0.002023,1.452577,8.3648,0.179653,-8.340309,1.0,0.962101,1.9374,0.997593,1.177246,0.179653,15360.0,3.846744,0.997598,1.662761,0.665163,1008.0,14777.875,1024.0,1024.0,127.897728,47400,64.0,1999.3
0,48200,2700,766.528,15.346,79.172882,67.475967,0.497167,0.021043,6.028776,6.028776,6.028776,6.028776,0.014235,0.002029,1.45185,8.365213,0.178382,-8.381084,1.0,0.961825,1.94807,1.021125,1.199507,0.178382,15360.0,3.823766,1.020903,1.673863,0.652961,1008.0,14773.625,1024.0,1024.0,93.034546,48200,64.0,1999.3
0,49000,2750,780.354,15.346,79.072067,66.915184,0.522401,0.020794,6.345225,6.345225,6.345225,6.345225,0.0169,0.001484,1.471278,8.36819,0.180366,-8.373685,1.0,0.965649,1.966494,1.045204,1.22557,0.180366,15360.0,3.987257,1.044935,1.746047,0.701112,1008.0,14832.365234,1024.0,1024.0,105.898842,49000,64.0,1999.3
0,49800,2800,794.078,15.346,74.880272,62.842262,0.514628,0.020687,6.255777,6.255777,6.255777,6.255777,0.015396,0.001194,1.477049,8.36906,0.18061,-8.378919,1.0,0.967625,1.965529,1.069368,1.249978,0.18061,15360.0,3.929188,1.069213,1.762634,0.693421,1008.0,14862.716797,1024.0,1024.0,72.45932,49800,64.0,1999.3
0,50600,2850,824.131,30.627,80.270844,68.168625,0.54468,0.021112,6.377594,6.377594,6.377594,6.377594,0.016677,0.001988,1.417427,8.369692,0.1746,-8.370737,1.0,0.962273,1.917029,1.092951,1.267551,0.1746,15360.0,3.9554,1.092682,1.802377,0.709695,1008.0,14780.505859,1024.0,1024.0,87.414146,50600,64.0,1999.3
0,51400,2900,837.925,30.627,82.186211,69.920059,0.520285,0.020817,6.574656,6.574656,6.574656,6.574656,0.016754,0.00144,1.442412,8.371075,0.177725,-8.341818,1.0,0.96579,1.908174,1.116611,1.294336,0.177725,15360.0,3.807808,1.116497,1.80075,0.684253,1008.0,14834.533203,1024.0,1024.0,179.838226,51400,64.0,1999.3
0,52200,2950,851.692,30.627,81.372345,69.378899,0.5061,0.020693,6.398064,6.398064,6.398064,6.398064,0.017939,0.001174,1.467484,8.373858,0.180031,-8.377855,1.0,0.968086,1.879579,1.139574,1.319605,0.180031,15360.0,3.605735,1.139236,1.786257,0.647021,1008.0,14869.802734,1024.0,1024.0,118.842773,52200,64.0,1999.3
0,53000,3000,865.534,30.627,79.918861,67.900406,0.507435,0.020819,6.519048,6.519048,6.519048,6.519048,0.01788,0.001458,1.43999,8.375257,0.176331,-8.393236,1.0,0.965898,1.810148,1.161959,1.33829,0.176331,15360.0,3.563689,1.161848,1.820666,0.658818,1008.0,14836.1875,1024.0,1024.0,111.590576,53000,64.0,1999.3
0,53800,3050,879.176,30.627,75.07077,62.93066,0.57111,0.020673,6.511314,6.511314,6.511314,6.511314,0.020063,0.001092,1.454732,8.377745,0.178168,-8.37262,1.0,0.968849,1.7547,1.183161,1.361329,0.178168,15360.0,3.92152,1.182837,1.972632,0.789794,1008.0,14881.520508,1024.0,1024.0,128.984665,53800,64.0,1999.3
0,54600,3100,893.021,30.627,79.09124,67.033691,0.52377,0.020949,6.767075,6.767075,6.767075,6.767075,0.014388,0.001661,1.398746,8.377844,0.171642,-8.402403,1.0,0.964025,1.640022,1.20317,1.374812,0.171642,15360.0,3.434263,1.203163,1.884701,0.681538,1008.0,14807.428711,1024.0,1024.0,167.980759,54600,64.0,1999.3
0,55400,3150,906.873,30.627,82.766434,70.703125,0.524721,0.020675,6.734924,6.734924,6.734924,6.734924,0.019685,0.00106,1.478043,8.379567,0.180952,-8.384158,1.0,0.969061,1.630393,1.222107,1.403058,0.180952,15360.0,3.336875,1.221692,1.89956,0.677867,1008.0,14884.775391,1024.0,1024.0,131.89241,55400,64.0,1999.3
0,56200,3200,920.631,30.627,77.991714,65.846382,0.511773,0.020698,6.777279,6.777279,6.777279,6.777279,0.017217,0.001141,1.455187,8.375969,0.17891,-8.351286,1.0,0.968466,1.683509,1.241984,1.420894,0.17891,15360.0,3.397211,1.241747,1.930377,0.68863,1008.0,14875.642578,1024.0,1024.0,75.269447,56200,64.0,1999.3
0,57000,3250,934.355,30.627,79.910156,67.469482,0.549698,0.020815,6.883554,6.883554,6.883554,6.883554,0.019257,0.001325,1.477469,8.370863,0.181157,-8.384198,1.0,0.967286,1.736617,1.262271,1.443429,0.181157,15360.0,3.613883,1.26175,2.008264,0.746513,1008.0,14857.509766,1024.0,1024.0,117.132385,57000,64.0,1999.3
0,57800,3300,948.084,30.627,71.193306,58.670277,0.5139,0.020567,6.872662,6.872662,6.872662,6.872662,0.018093,0.000719,1.542816,8.366915,0.188602,-8.381354,1.0,0.970562,1.798298,1.28472,1.473322,0.188602,15360.0,3.625057,1.284649,2.002311,0.717662,1008.0,14907.835938,1024.0,1024.0,112.128296,57800,64.0,1999.3
0,58600,3350,961.898,30.627,83.305069,70.771942,0.535735,0.020697,6.981555,6.981555,6.981555,6.981555,0.017693,0.001101,1.458049,8.365621,0.179271,-8.362289,1.0,0.968573,1.796049,1.307057,1.486328,0.179271,15360.0,3.476285,1.306473,1.985729,0.679256,1008.0,14877.275391,1024.0,1024.0,82.285378,58600,64.0,1999.3
0,59400,3400,975.628,30.627,80.555519,67.683502,0.542128,0.020716,7.050263,7.050263,7.050263,7.050263,0.019663,0.001093,1.535664,8.353042,0.188688,-8.359348,1.0,0.967898,1.834837,1.330459,1.519147,0.188688,15360.0,3.944623,1.329901,2.122128,0.792227,1008.0,14866.914062,1024.0,1024.0,118.991371,59400,64.0,1999.3
0,60200,3450,989.426,30.627,74.294319,61.896908,0.482035,0.020577,6.845817,6.845817,6.845817,6.845817,0.015538,0.000735,1.487416,8.342329,0.182632,-8.340998,1.0,0.970951,1.82753,1.354298,1.53693,0.182632,15360.0,3.498172,1.352846,2.00948,0.656634,1008.0,14913.806641,1024.0,1024.0,85.06147,60200,64.0,1999.3
0,61000,3500,1003.148,30.627,74.95388,62.371582,0.486293,0.020689,7.092974,7.092974,7.092974,7.092974,0.012644,0.001024,1.416816,8.340045,0.174487,-8.336105,1.0,0.968305,1.802375,1.378086,1.552573,0.174487,15360.0,3.512855,1.377825,2.03625,0.658425,1008.0,14873.15918,1024.0,1024.0,85.751839,61000,64.0,1999.3
0,61800,3550,1016.851,30.627,77.042786,64.259827,0.521622,0.020729,6.977365,6.977365,6.977365,6.977365,0.0171,0.001066,1.583491,8.308644,0.196269,-8.298112,1.0,0.968665,1.854266,1.401346,1.597615,0.196269,15360.0,3.759159,1.397227,2.137436,0.740209,1008.0,14878.695312,1024.0,1024.0,97.095222,61800,64.0,1999.3
0,62600,3600,1030.608,30.627,72.970261,59.870789,0.524552,0.020607,7.139839,7.139839,7.139839,7.139839,0.017644,0.000788,1.668262,8.265509,0.20718,-8.253931,1.0,0.969884,1.881147,1.426774,1.633954,0.20718,15360.0,3.836962,1.421348,2.189509,0.768161,1008.0,14897.416992,1024.0,1024.0,164.387726,62600,64.0,1999.3
0,63400,3650,1044.477,30.627,73.381058,60.499916,0.459899,0.020511,7.294961,7.294961,7.294961,7.294961,0.012842,0.000529,1.549251,8.259117,0.192439,-8.257401,1.0,0.972268,1.815484,1.451262,1.643701,0.192439,15360.0,3.371769,1.446444,2.083338,0.636894,1008.0,14934.041016,1024.0,1024.0,117.830452,63400,64.0,1999.3
0,64200,3700,1058.252,30.627,71.632454,58.841339,0.476325,0.020564,7.210239,7.210239,7.210239,7.210239,0.013434,0.000673,1.552311,8.194672,0.194984,-8.150171,1.0,0.971535,1.800632,1.475409,1.670393,0.194984,15360.0,3.366724,1.468551,2.123861,0.655309,1008.0,14922.77832,1024.0,1024.0,123.115181,64200,64.0,1999.3
0,65000,3750,1072.065,30.627,75.940971,62.862011,0.481639,0.020526,7.426161,7.426161,7.426161,7.426161,0.015494,0.000545,1.593074,8.14709,0.201356,-8.116049,1.0,0.97223,1.781315,1.499428,1.700784,0.201356,15360.0,3.445427,1.494482,2.180831,0.686349,1008.0,14933.449219,1024.0,1024.0,149.249039,65000,64.0,1999.3
0,65800,3800,1085.702,30.627,73.567459,61.005135,0.464743,0.020507,7.279565,7.279565,7.279565,7.279565,0.012011,0.000499,1.442404,8.096856,0.182654,-8.100802,1.0,0.972618,1.675291,1.523683,1.706338,0.182654,15360.0,3.172852,1.519065,2.134629,0.615564,1008.0,14939.408203,1024.0,1024.0,116.015686,65800,64.0,1999.3
0,66600,3850,1099.502,30.627,77.586403,64.458527,0.521601,0.020639,7.387475,7.387475,7.387475,7.387475,0.016215,0.000857,1.683376,8.01137,0.216362,-7.994884,1.0,0.96983,1.71518,1.544581,1.760944,0.216362,15360.0,3.536195,1.536263,2.306176,0.769913,1008.0,14896.583008,1024.0,1024.0,100.573311,66600,64.0,1999.3
0,67400,3900,1113.327,30.627,73.372917,60.025051,0.535811,0.020535,7.636024,7.636024,7.636024,7.636024,0.016596,0.000543,1.688917,7.928347,0.219342,-7.912435,1.0,0.972019,1.663497,1.566558,1.7859,0.219342,15360.0,3.46491,1.558101,2.34407,0.785969,1008.0,14930.210938,1024.0,1024.0,106.877457,67400,64.0,1999.3
0,68200,3950,1127.056,30.627,72.879494,59.748905,0.496775,0.020569,7.628633,7.628633,7.628633,7.628633,0.016772,0.000677,1.662905,7.917842,0.215991,-7.91462,1.0,0.970942,1.566655,1.589734,1.805725,0.215991,15360.0,3.307302,1.586649,2.329985,0.743335,1008.0,14913.664062,1024.0,1024.0,89.102966,68200,64.0,1999.3
0,69000,4000,1140.881,30.627,74.561295,61.146851,0.498755,0.020526,7.800881,7.800881,7.800881,7.800881,0.015864,0.000525,1.706658,7.802752,0.225127,-7.799033,1.0,0.972057,1.626433,1.608414,1.833542,0.225127,15360.0,3.270307,1.601422,2.360011,0.758589,1008.0,14930.792969,1024.0,1024.0,107.27446,69000,64.0,1999.3
0,69800,4050,1154.526,30.627,76.641037,63.620041,0.49539,0.020585,7.594682,7.594682,7.594682,7.594682,0.014095,0.000722,1.546238,7.800242,0.204297,-7.808071,1.0,0.971154,1.640252,1.632838,1.837135,0.204297,15360.0,3.214594,1.629396,2.343948,0.714552,1008.0,14916.919922,1024.0,1024.0,158.919113,69800,64.0,1999.3
0,70600,4100,1168.364,30.627,73.316055,59.979538,0.499064,0.02052,7.56448,7.56448,7.56448,7.56448,0.015968,0.000524,1.716134,7.649912,0.231064,-7.643674,1.0,0.9722,1.751243,1.654956,1.88602,0.231064,15360.0,3.428775,1.650094,2.43002,0.779926,1008.0,14932.986328,1024.0,1024.0,148.616196,70600,64.0,1999.3
0,71400,4150,1182.162,30.627,72.903755,59.791637,0.478147,0.020557,7.455506,7.455506,7.455506,7.455506,0.013705,0.000644,1.679979,7.656717,0.227225,-7.644383,1.0,0.971299,1.786,1.677725,1.90495,0.227225,15360.0,3.154569,1.670931,2.370342,0.699411,1008.0,14919.148438,1024.0,1024.0,131.544098,71400,64.0,1999.3
0,72200,4200,1195.86,30.627,68.910606,55.297836,0.513802,0.020502,7.563141,7.563141,7.563141,7.563141,0.017083,0.000469,1.847899,7.426783,0.256935,-7.426151,1.0,0.972218,1.869738,1.702485,1.95942,0.256935,15360.0,3.471237,1.696386,2.487032,0.790646,1008.0,14933.261719,1024.0,1024.0,106.310371,72200,64.0,1999.3
0,73000,4250,1209.68,30.627,82.502098,68.900528,0.536429,0.02066,7.759921,7.759921,7.759921,7.759921,0.02061,0.000947,1.642339,7.686174,0.221602,-7.698553,1.0,0.969416,1.817703,1.727149,1.948752,0.221602,15360.0,3.495078,1.721365,2.520216,0.798851,1008.0,14890.224609,1024.0,1024.0,132.444275,73000,64.0,1999.3
0,73800,4300,1223.345,30.627,74.831985,61.509361,0.499337,0.020604,7.789026,7.789026,7.789026,7.789026,0.01458,0.000764,1.481272,7.58701,0.20293,-7.558924,1.0,0.970979,1.773201,1.753732,1.956662,0.20293,15360.0,3.267612,1.751406,2.459881,0.708475,1008.0,14914.239258,1024.0,1024.0,160.843109,73800,64.0,1999.3
0,74600,4350,1237.191,30.627,69.365982,55.906967,0.476688,0.020522,7.831594,7.831594,7.831594,7.831594,0.011448,0.000513,1.564067,7.412291,0.219625,-7.382362,1.0,0.972646,1.803899,1.781141,2.000766,0.219625,15360.0,3.263632,1.778108,2.47491,0.696802,1008.0,14939.84375,1024.0,1024.0,94.00489,74600,64.0,1999.3
0,75400,4400,1268.048,46.098,70.47168,57.098526,0.510844,0.020529,7.854719,7.854719,7.854719,7.854719,0.015261,0.000578,1.488765,7.392375,0.208989,-7.390579,1.0,0.97238,1.768204,1.80715,2.01614,0.208989,15360.0,3.148762,1.806721,2.460088,0.653368,1008.0,14935.762695,1024.0,1024.0,168.019775,75400,64.0,1999.3
0,76200,4450,1281.867,46.098,71.377899,57.76862,0.45474,0.020482,7.900829,7.900829,7.900829,7.900829,0.01327,0.000395,1.657551,7.188934,0.238016,-7.205388,1.0,0.973419,1.833842,1.834475,2.072492,0.238016,15360.0,3.172505,1.828473,2.525221,0.696748,1008.0,14951.711914,1024.0,1024.0,155.505508,76200,64.0,1999.3
0,77000,4500,1295.59,46.098,69.204521,55.601608,0.46721,0.020489,8.041292,8.041292,8.041292,8.041292,0.013974,0.00042,1.56204,7.222675,0.223693,-7.225379,1.0,0.973994,1.777136,1.864338,2.088032,0.223693,15360.0,3.102043,1.865804,2.538739,0.672935,1008.0,14960.542969,1024.0,1024.0,128.299606,77000,64.0,1999.3
0,77800,4550,1309.306,46.098,68.687943,55.03511,0.470305,0.020508,7.949133,7.949133,7.949133,7.949133,0.01315,0.000491,1.682108,7.224118,0.244986,-7.190638,1.0,0.972494,1.794734,1.892414,2.1374,0.244986,15360.0,3.137068,1.899908,2.623224,0.723316,1008.0,14937.510742,1024.0,1024.0,113.564301,77800,64.0,1999.3
0,78600,4600,1323.057,46.098,69.989365,56.693241,0.489674,0.020509,7.839672,7.839672,7.839672,7.839672,0.014796,0.000513,1.54654,7.306437,0.22024,-7.308101,1.0,0.973612,1.708073,1.926812,2.147052,0.22024,15360.0,3.025651,1.935592,2.629576,0.693983,1008.0,14954.685547,1024.0,1024.0,104.296936,78600,64.0,1999.3
0,79400,4650,1336.877,46.098,71.605347,57.700539,0.558133,0.020543,8.123621,8.123621,8.123621,8.123621,0.018572,0.000573,1.650395,7.021114,0.245451,-6.975012,1.0,0.973205,1.714587,1.957751,2.203202,0.245451,15360.0,3.417232,1.969707,2.848755,0.879048,1008.0,14948.431641,1024.0,1024.0,134.204575,79400,64.0,1999.3
0,80200,4700,1350.626,46.098,69.925507,56.52964,0.476603,0.020496,7.990338,7.990338,7.990338,7.990338,0.013646,0.000444,1.630336,7.193737,0.236318,-7.199343,1.0,0.974233,1.620609,1.991245,2.227564,0.236318,15360.0,2.861481,2.006049,2.713788,0.70774,1008.0,14964.21875,1024.0,1024.0,134.541718,80200,64.0,1999.3
0,81000,4750,1364.443,46.098,66.848442,53.605026,0.471604,0.020493,8.088647,8.088647,8.088647,8.088647,0.01419,0.000441,1.542492,7.447381,0.217463,-7.434976,1.0,0.973593,1.491573,2.016067,2.233529,0.217463,15360.0,2.732487,2.034598,2.742781,0.708183,1008.0,14954.387695,1024.0,1024.0,145.998123,81000,64.0,1999.3
0,81800,4800,1378.091,46.098,68.690384,55.366791,0.502856,0.020497,8.097571,8.097571,8.097571,8.097571,0.016378,0.000447,1.551876,7.238589,0.221476,-7.245286,1.0,0.974611,1.468349,2.042161,2.263636,0.221476,15360.0,2.908953,2.063819,2.812136,0.748317,1008.0,14970.026367,1024.0,1024.0,117.380486,81800,64.0,1999.3
0,82600,4850,1391.943,46.098,66.813446,53.450443,0.506821,0.020486,7.969197,7.969197,7.969197,7.969197,0.014759,0.000416,1.647629,7.313243,0.232655,-7.332464,1.0,0.975,1.550835,2.077922,2.310578,0.232655,15360.0,2.903723,2.098432,2.851603,0.753171,1008.0,14976.001953,1024.0,1024.0,112.379662,82600,64.0,1999.3
0,83400,4900,1405.698,46.098,71.65799,58.163006,0.500481,0.020509,8.171656,8.171656,8.171656,8.171656,0.014648,0.000499,1.542463,7.373387,0.214824,-7.380349,1.0,0.974179,1.59713,2.115065,2.329885,0.214824,15360.0,2.818578,2.140325,2.841325,0.701001,1008.0,14963.388672,1024.0,1024.0,158.350784,83400,64.0,1999.3
0,84200,4950,1419.522,46.098,71.385941,57.541958,0.525272,0.020525,8.269033,8.269033,8.269033,8.269033,0.016882,0.000557,1.633721,7.376854,0.229599,-7.377452,1.0,0.972306,1.681754,2.157954,2.387546,0.229599,15360.0,2.955915,2.188605,2.951499,0.762894,1008.0,14934.616211,1024.0,1024.0,110.926498,84200,64.0,1999.3
0,85000,5000,1433.245,46.098,68.145737,54.387436,0.563411,0.020497,8.081787,8.081787,8.081787,8.081787,0.016568,0.000459,1.646137,7.428751,0.229739,-7.436925,1.0,0.973951,1.713446,2.19962,2.429353,0.229739,15360.0,3.082812,2.227214,3.009487,0.782273,1008.0,14959.882812,1024.0,1024.0,126.780922,85000,64.0,1999.3
0,85800,5050,1446.986,46.098,67.638977,53.933804,0.576345,0.020502,8.097812,8.097812,8.097812,8.097812,0.018155,0.000455,1.524057,7.136759,0.22008,-7.137482,1.0,0.974043,1.700866,2.239819,2.459876,0.22008,15360.0,3.252684,2.276738,3.114757,0.83802,1008.0,14961.304688,1024.0,1024.0,138.178665,85800,64.0,1999.3
0,86600,5100,1460.837,46.098,61.659138,48.088173,0.451572,0.020485,8.109165,8.109165,8.109165,8.109165,0.012304,0.000396,1.598084,6.99363,0.237132,-6.990798,1.0,0.974288,1.750505,2.3104,2.547507,0.237132,15360.0,2.767467,2.340098,3.00511,0.665013,1008.0,14965.066406,1024.0,1024.0,107.710556,86600,64.0,1999.3
0,87400,5150,1474.692,46.098,68.823723,55.383354,0.46686,0.02048,8.121819,8.121819,8.121819,8.121819,0.013328,0.000391,1.549342,7.620982,0.209746,-7.634291,1.0,0.975005,1.654652,2.355326,2.565046,0.209746,15360.0,2.716779,2.381613,3.016936,0.635324,1008.0,14976.071289,1024.0,1024.0,95.687141,87400,64.0,1999.3
0,88200,5200,1488.475,46.098,68.034698,54.111691,0.512266,0.0205,8.389313,8.389313,8.389313,8.389313,0.016101,0.000472,1.668778,7.635193,0.224742,-7.652202,1.0,0.974167,1.647227,2.411471,2.636168,0.224742,15360.0,2.819984,2.43056,3.115053,0.684494,1008.0,14963.210938,1024.0,1024.0,107.87632,88200,64.0,1999.3
0,89000,5250,1502.299,46.098,66.353714,52.420082,0.498177,0.020482,8.420837,8.420837,8.420837,8.420837,0.016282,0.000381,1.701919,7.066291,0.251243,-7.054523,1.0,0.9743,1.61392,2.464371,2.7156,0.251243,15360.0,2.787368,2.479583,3.222642,0.74306,1008.0,14965.25293,1024.0,1024.0,142.048187,89000,64.0,1999.3
0,89800,5300,1516.011,46.098,66.333458,52.964874,0.499951,0.020492,8.149091,8.149091,8.149091,8.149091,0.013165,0.000433,1.642504,7.705969,0.220039,-7.710519,1.0,0.974878,1.467251,2.505924,2.725945,0.220039,15360.0,2.581284,2.518576,3.210759,0.692184,1008.0,14974.119141,1024.0,1024.0,244.444962,89800,64.0,1999.3
0,90600,5350,1529.77,46.098,69.514122,55.834953,0.529975,0.020507,8.404315,8.404315,8.404315,8.404315,0.017796,0.000482,1.743533,7.667984,0.234859,-7.665832,1.0,0.973577,1.365696,2.548412,2.783255,0.234859,15360.0,2.582381,2.563007,3.339746,0.776739,1008.0,14954.144531,1024.0,1024.0,121.534142,90600,64.0,1999.3
0,91400,5400,1543.612,46.098,67.832893,53.832741,0.556237,0.020493,8.581532,8.581532,8.581532,8.581532,0.022921,0.00043,1.799576,7.335117,0.256908,-7.325938,1.0,0.974523,1.424698,2.588128,2.845027,0.256908,15360.0,2.531535,2.601285,3.425057,0.823771,1008.0,14968.666016,1024.0,1024.0,209.208008,91400,64.0,1999.3
0,92200,5450,1557.369,46.098,67.566437,53.458618,0.546595,0.020503,8.508377,8.508377,8.508377,8.508377,0.016541,0.000484,1.850274,7.701122,0.24575,-7.702653,1.0,0.974411,1.492936,2.636058,2.881803,0.24575,15360.0,2.794317,2.648458,3.458722,0.810265,1008.0,14966.945312,1024.0,1024.0,213.637589,92200,64.0,1999.3
0,93000,5500,1571.172,46.098,68.17495,54.111954,0.501152,0.02049,8.512502,8.512502,8.512502,8.512502,0.015911,0.000416,1.791458,7.267919,0.257535,-7.28038,1.0,0.973876,1.586967,2.690051,2.947562,0.257535,15360.0,2.663938,2.700922,3.458777,0.757855,1008.0,14958.738281,1024.0,1024.0,144.365631,93000,64.0,1999.3
0,93800,5550,1584.914,46.098,67.509605,53.118614,0.544123,0.020484,8.454748,8.454748,8.454748,8.454748,0.016742,0.000395,1.965577,7.480842,0.268375,-7.455829,1.0,0.97455,1.64339,2.742595,3.010967,0.268375,15360.0,3.057335,2.752756,3.601399,0.848643,1008.0,14969.089844,1024.0,1024.0,151.480316,93800,64.0,1999.3
0,94600,5600,1598.649,46.098,65.37915,50.961136,0.499495,0.020486,8.58334,8.58334,8.58334,8.58334,0.015658,0.000411,1.925802,7.414688,0.267926,-7.40802,1.0,0.974762,1.674029,2.797003,3.064915,0.267926,15360.0,2.855104,2.803023,3.568739,0.765716,1008.0,14972.339844,1024.0,1024.0,135.11705,94600,64.0,1999.3
0,95400,5650,1612.477,46.098,68.218002,53.911449,0.497414,0.020476,8.505441,8.505441,8.505441,8.505441,0.013754,0.000362,1.891101,7.273826,0.268286,-7.26741,1.0,0.975155,1.672696,2.844799,3.11308,0.268286,15360.0,2.896282,2.847311,3.636985,0.789674,1008.0,14978.387695,1024.0,1024.0,129.853607,95400,64.0,1999.3
0,96200,5700,1626.202,46.098,69.650826,55.188461,0.511698,0.020478,8.64547,8.64547,8.64547,8.64547,0.015267,0.000372,1.887493,7.32987,0.263827,-7.32668,1.0,0.975761,1.651575,2.896934,3.160761,0.263827,15360.0,2.937014,2.899547,3.687366,0.78782,1008.0,14987.69043,1024.0,1024.0,140.088379,96200,64.0,1999.3
0,97000,5750,1640.011,46.098,67.850021,52.917439,0.641209,0.020482,8.796263,8.796263,8.796263,8.796263,0.02845,0.00039,1.975236,7.018155,0.290266,-7.005935,1.0,0.974659,1.677976,2.942931,3.233197,0.290266,15360.0,3.139324,2.94431,3.993785,1.049475,1008.0,14970.764648,1024.0,1024.0,120.558029,97000,64.0,1999.3
0,97800,5800,1653.752,46.098,69.034767,54.376884,0.507021,0.020478,8.73839,8.73839,8.73839,8.73839,0.017802,0.000373,2.013601,7.28092,0.284349,-7.268437,1.0,0.97564,1.628344,2.991086,3.275434,0.284349,15360.0,2.920674,2.985354,3.820893,0.835539,1008.0,14985.828125,1024.0,1024.0,138.088654,97800,64.0,1999.3
0,98600,5850,1667.522,46.098,67.613503,52.845871,0.537266,0.020484,8.834528,8.834528,8.834528,8.834528,0.018475,0.000396,2.080392,7.479625,0.285065,-7.467957,1.0,0.975298,1.573882,3.029068,3.314133,0.285065,15360.0,2.792082,3.027976,3.841994,0.814018,1008.0,14980.572266,1024.0,1024.0,147.889252,98600,64.0,1999.3
0,99400,5900,1681.367,46.098,67.135506,52.531822,0.51374,0.020473,8.855154,8.855154,8.855154,8.855154,0.015184,0.000355,2.004565,7.269049,0.282488,-7.265763,1.0,0.975183,1.509126,3.069116,3.351599,0.282488,15360.0,2.717027,3.062896,3.883509,0.820613,1008.0,14978.808594,1024.0,1024.0,133.791733,99400,64.0,1999.3
0,100200,5950,1712.805,61.514,67.297684,53.020653,0.518908,0.02048,8.718061,8.718061,8.718061,8.718061,0.015493,0.000384,1.949949,7.260333,0.275747,-7.263793,1.0,0.974824,1.420031,3.102993,3.37874,0.275747,15360.0,2.592676,3.096754,3.893302,0.796549,1008.0,14973.300781,1024.0,1024.0,131.81958,100200,64.0,1999.3
0,101000,6000,1726.566,61.514,70.923874,56.297485,0.616864,0.020487,8.878147,8.878147,8.878147,8.878147,0.024595,0.000406,1.995824,7.008926,0.28973,-6.992657,1.0,0.974682,1.358066,3.13271,3.422439,0.28973,15360.0,2.897276,3.123044,4.107588,0.984544,1008.0,14971.115234,1024.0,1024.0,134.469574,101000,64.0,1999.3
0,101800,6050,1740.299,61.514,63.351334,49.391956,0.477807,0.020476,8.543606,8.543606,8.543606,8.543606,0.012637,0.000367,2.019222,6.693504,0.311083,-6.6944,1.0,0.974133,1.342668,3.155667,3.46675,0.311083,15360.0,2.337461,3.137187,3.93732,0.800134,1008.0,14962.685547,1024.0,1024.0,154.18895,101800,64.0,1999.3
0,102600,6100,1754.034,61.514,73.700844,58.526077,0.515051,0.020482,9.113033,9.113033,9.113033,9.113033,0.018164,0.000397,2.38952,6.936826,0.354259,-6.917933,1.0,0.974164,1.448346,3.184458,3.538717,0.354259,15360.0,2.59014,3.169863,4.075984,0.90612,1008.0,14963.164062,1024.0,1024.0,197.03125,102600,64.0,1999.3
0,103400,6150,1767.867,61.514,63.999668,49.891251,0.521516,0.020485,8.636476,8.636476,8.636476,8.636476,0.015925,0.000397,1.905122,6.787919,0.287987,-6.791083,1.0,0.974689,1.412275,3.218384,3.506371,0.287987,15360.0,2.496325,3.205736,4.047613,0.841877,1008.0,14971.21875,1024.0,1024.0,184.968277,103400,64.0,1999.3
0,104200,6200,1781.642,61.514,65.731628,50.759422,0.51315,0.020481,9.139216,9.139216,9.139216,9.139216,0.015563,0.000381,2.13791,7.010513,0.311878,-7.01464,1.0,0.974954,1.498779,3.254044,3.565918,0.311878,15360.0,2.495827,3.242073,4.068789,0.826715,1008.0,14975.291016,1024.0,1024.0,147.99585,104200,64.0,1999.3
0,105000,6250,1795.487,61.514,67.003174,52.638802,0.525212,0.020481,8.517297,8.517297,8.517297,8.517297,0.017459,0.00038,2.077518,6.596654,0.320941,-6.620227,1.0,0.974511,1.566083,3.287287,3.608227,0.320941,15360.0,2.686837,3.277841,4.146872,0.86903,1008.0,14968.486328,1024.0,1024.0,153.281921,105000,64.0,1999.3
0,105800,6300,1809.137,61.514,69.533424,55.007164,0.585049,0.020487,8.469358,8.469358,8.469358,8.469358,0.02148,0.000403,2.111131,6.84453,0.31648,-6.812875,1.0,0.975169,1.594107,3.328817,3.645295,0.31648,15360.0,2.997273,3.324035,4.301462,0.977427,1008.0,14978.601562,1024.0,1024.0,157.697266,105800,64.0,1999.3
0,106600,6350,1822.867,61.514,68.883354,54.254005,0.559335,0.020475,8.648651,8.648651,8.648651,8.648651,0.019059,0.000356,2.031946,6.65413,0.311693,-6.637448,1.0,0.975123,1.60596,3.369075,3.680768,0.311693,15360.0,2.993721,3.36691,4.310963,0.944052,1008.0,14977.888672,1024.0,1024.0,135.172165,106600,64.0,1999.3
0,107400,6400,1836.692,61.514,61.632706,46.900269,0.503087,0.02048,8.857756,8.857756,8.857756,8.857756,0.014915,0.000373,2.051207,6.70256,0.311698,-6.734766,1.0,0.97435,1.620994,3.4138,3.725498,0.311698,15360.0,2.643785,3.407857,4.215168,0.807311,1008.0,14966.015625,1024.0,1024.0,113.449829,107400,64.0,1999.3
0,108200,6450,1850.53,61.514,66.492363,51.561153,0.537307,0.020476,8.882504,8.882504,8.882504,8.882504,0.017823,0.000363,2.070174,6.608166,0.321244,-6.582179,1.0,0.974918,1.647769,3.460046,3.781289,0.321244,15360.0,2.949088,3.451336,4.374666,0.92333,1008.0,14974.744141,1024.0,1024.0,103.339401,108200,64.0,1999.3
0,109000,6500,1864.295,61.514,62.677956,48.571999,0.512408,0.020471,8.500744,8.500744,8.500744,8.500744,0.015228,0.00034,1.793011,6.259588,0.29215,-6.260254,1.0,0.974544,1.607066,3.50617,3.798317,0.29215,15360.0,2.740604,3.501509,4.320384,0.818875,1008.0,14968.989258,1024.0,1024.0,189.14679,109000,64.0,1999.3
0,109800,6550,1878.04,61.514,61.874256,47.786453,0.510236,0.020473,8.537609,8.537609,8.537609,8.537609,0.013814,0.000346,1.790325,6.397081,0.2846,-6.417433,1.0,0.974653,1.57406,3.552865,3.837465,0.2846,15360.0,2.67114,3.545869,4.338821,0.792952,1008.0,14970.666016,1024.0,1024.0,195.89357,109800,64.0,1999.3
0,110600,6600,1891.798,61.514,59.117786,45.266174,0.551002,0.020477,7.988573,7.988573,7.988573,7.988573,0.01886,0.000368,2.006396,6.428572,0.319995,-6.423277,1.0,0.975004,1.615846,3.597176,3.917169,0.319995,15360.0,2.901538,3.587547,4.496086,0.908539,1008.0,14976.064453,1024.0,1024.0,106.30098,110600,64.0,1999.3
0,111400,6650,1905.646,61.514,57.204899,43.891296,0.50819,0.02047,7.769982,7.769982,7.769982,7.769982,0.012984,0.000328,1.91089,6.41532,0.302756,-6.409503,1.0,0.975728,1.55464,3.641554,3.944309,0.302756,15360.0,2.574785,3.633703,4.422062,0.78836,1008.0,14987.175781,1024.0,1024.0,105.23671,111400,64.0,1999.3
0,112200,6700,1919.424,61.514,72.134911,56.849598,0.55455,0.020475,9.115377,9.115377,9.115377,9.115377,0.021157,0.000356,2.13282,6.192109,0.35116,-6.202051,1.0,0.97454,1.610577,3.681291,4.03245,0.35116,15360.0,3.133259,3.662106,4.735053,1.072947,1008.0,14968.932617,1024.0,1024.0,141.693588,112200,64.0,1999.3
0,113000,6750,1933.296,61.514,65.685974,51.356735,0.540495,0.020468,8.900846,8.900846,8.900846,8.900846,0.016931,0.000318,1.737075,6.036948,0.294553,-6.033639,1.0,0.975196,1.461324,3.724111,4.018661,0.294553,15360.0,2.596478,3.71711,4.575067,0.857956,1008.0,14979.008789,1024.0,1024.0,134.579849,113000,64.0,1999.3
0,113800,6800,1946.984,61.514,59.225803,45.217442,0.542242,0.020471,8.430276,8.430276,8.430276,8.430276,0.018134,0.00034,1.923178,6.004794,0.326948,-5.983821,1.0,0.974668,1.456597,3.764246,4.091194,0.326948,15360.0,2.641905,3.747648,4.67532,0.927671,1008.0,14970.896484,1024.0,1024.0,132.359146,113800,64.0,1999.3
0,114600,6850,1960.84,61.514,64.133652,49.756416,0.486714,0.020477,9.145589,9.145589,9.145589,9.145589,0.015007,0.000362,1.784526,5.922244,0.308424,-5.916936,1.0,0.974352,1.344131,3.800601,4.109024,0.308424,15360.0,2.270791,3.793396,4.590011,0.796615,1008.0,14966.046875,1024.0,1024.0,132.146347,114600,64.0,1999.3
0,115400,6900,1974.59,61.514,66.035522,51.385654,0.4917,0.020475,9.318382,9.318382,9.318382,9.318382,0.014434,0.000363,1.950771,6.204351,0.322886,-6.207008,1.0,0.974237,1.285182,3.838503,4.161389,0.322886,15360.0,2.171733,3.832886,4.621651,0.788765,1008.0,14964.285156,1024.0,1024.0,144.644897,115400,64.0,1999.3
0,116200,6950,1988.419,61.514,57.224739,44.340115,0.552026,0.020474,7.788326,7.788326,7.788326,7.788326,0.01673,0.000351,1.821037,5.998327,0.308913,-6.010385,1.0,0.97527,1.224007,3.873606,4.182519,0.308913,15360.0,2.333077,3.870229,4.776771,0.906542,1008.0,14980.142578,1024.0,1024.0,138.80014,116200,64.0,1999.3
0,117000,7000,2002.202,61.514,65.20517,50.562386,0.51402,0.020479,9.308508,9.308508,9.308508,9.308508,0.017014,0.000373,1.898117,6.035993,0.321344,-6.034549,1.0,0.974846,1.305492,3.911217,4.232561,0.321344,15360.0,2.217721,3.909848,4.758711,0.848864,1008.0,14973.632812,1024.0,1024.0,108.139549,117000,64.0,1999.3
0,117800,7050,2016.002,61.514,58.787052,45.488914,0.51064,0.020466,8.261681,8.261681,8.261681,8.261681,0.013744,0.000308,1.683643,5.753989,0.298871,-5.739688,1.0,0.975779,1.364123,3.960951,4.259822,0.298871,15360.0,2.104721,3.962666,4.731001,0.768335,1008.0,14987.962891,1024.0,1024.0,129.319733,117800,64.0,1999.3
0,118600,7100,2029.772,61.514,64.363312,50.056595,0.609003,0.020477,8.762463,8.762463,8.762463,8.762463,0.02403,0.000365,1.807668,5.803483,0.3171,-5.814743,1.0,0.974759,1.445928,4.00897,4.326066,0.3171,15360.0,2.616436,4.018877,5.032841,1.013964,1008.0,14972.294922,1024.0,1024.0,120.362122,118600,64.0,1999.3
0,119400,7150,2043.617,61.514,59.383739,45.887264,0.514474,0.020472,8.421955,8.421955,8.421955,8.421955,0.014281,0.000339,1.574097,5.806501,0.275278,-5.800729,1.0,0.975107,1.473242,4.066258,4.341535,0.275278,15360.0,2.166802,4.075764,4.799947,0.724182,1008.0,14977.644531,1024.0,1024.0,127.330353,119400,64.0,1999.3
0,120200,7200,2057.394,61.514,58.476852,44.866394,0.514854,0.020467,8.322273,8.322273,8.322273,8.322273,0.016057,0.000312,1.712664,5.800805,0.302348,-5.81373,1.0,0.975091,1.513521,4.126308,4.428642,0.302348,15360.0,2.314846,4.146387,4.923069,0.776683,1008.0,14977.399414,1024.0,1024.0,94.837234,120200,64.0,1999.3
0,121000,7250,2071.234,61.514,67.452118,52.17765,0.461253,0.020467,9.720179,9.720179,9.720179,9.720179,0.013214,0.000316,1.891654,5.85101,0.332183,-5.835358,1.0,0.974727,1.555402,4.183886,4.516047,0.332183,15360.0,2.178314,4.206511,4.915078,0.708566,1008.0,14971.8125,1024.0,1024.0,136.967377,121000,64.0,1999.3
0,121800,7300,2084.914,61.514,58.589783,44.970219,0.507929,0.02047,8.452211,8.452211,8.452211,8.452211,0.012685,0.000334,1.622806,5.909547,0.280917,-5.916974,1.0,0.974953,1.507649,4.254193,4.535091,0.280917,15360.0,2.210918,4.267697,4.962346,0.694649,1008.0,14975.277344,1024.0,1024.0,125.136734,121800,64.0,1999.3
0,122600,7350,2098.772,61.514,58.998165,45.961365,0.556248,0.020469,7.801189,7.801189,7.801088,7.801088,0.017783,0.000325,1.603636,5.856119,0.280803,-5.848439,1.0,0.975368,1.487674,4.305038,4.585759,0.280803,15360.0,2.624877,4.321066,5.178699,0.857632,1008.0,14981.654297,1024.0,1024.0,109.675774,122600,64.0,1999.3
0,123400,7400,2112.517,61.514,55.233398,42.105598,0.579234,0.020464,7.88438,7.88438,7.88438,7.88438,0.018562,0.000301,1.603783,5.863264,0.278404,-5.867336,1.0,0.975507,1.474579,4.372005,4.650326,0.278404,15360.0,2.58974,4.379435,5.239605,0.860171,1008.0,14983.787109,1024.0,1024.0,123.173126,123400,64.0,1999.3
0,124200,7450,2126.374,61.514,65.992508,50.525547,0.582466,0.020469,9.637164,9.637164,9.637164,9.637164,0.022934,0.000331,1.903879,5.832502,0.334234,-5.826145,1.0,0.975291,1.507119,4.429386,4.763606,0.334234,15360.0,2.8405,4.434889,5.435414,1.000525,1008.0,14980.472656,1024.0,1024.0,272.075165,124200,64.0,1999.3
0,125000,7500,2140.242,61.514,50.961082,38.586983,0.499733,0.020467,7.524444,7.524444,7.524013,7.524013,0.009915,0.000304,1.581778,5.74636,0.281728,-5.75581,1.0,0.975295,1.357573,4.488149,4.769852,0.281728,15360.0,2.125535,4.495128,5.180875,0.685746,1008.0,14980.532227,1024.0,1024.0,151.156693,125000,64.0,1999.3
0,125800,7550,2172.176,77.048,55.958023,42.618073,0.527984,0.020465,8.354588,8.354588,8.354355,8.354355,0.015263,0.000291,1.568956,5.673081,0.283198,-5.695415,1.0,0.975512,1.305649,4.537111,4.820151,0.283198,15360.0,2.422823,4.54876,5.385349,0.836588,1008.0,14983.870117,1024.0,1024.0,106.40583,125800,64.0,1999.3
0,126600,7600,2185.98,77.048,56.535938,43.108063,0.519617,0.020465,8.333177,8.333177,8.333177,8.333177,0.014315,0.000307,1.736739,5.741426,0.310649,-5.71525,1.0,0.97583,1.279616,4.595889,4.906527,0.310649,15360.0,2.349822,4.603794,5.467852,0.864059,1008.0,14988.749023,1024.0,1024.0,126.024689,126600,64.0,1999.3
0,127400,7650,2199.696,77.048,56.491104,42.850899,0.517833,0.020464,8.673815,8.673815,8.673567,8.673567,0.013778,0.000293,1.791567,5.893387,0.308522,-5.90272,1.0,0.97534,1.189137,4.647389,4.955904,0.308522,15360.0,1.93335,4.649437,5.400958,0.75152,1008.0,14981.219727,1024.0,1024.0,114.976814,127400,64.0,1999.3
0,128200,7700,2213.512,77.048,62.376816,47.819649,0.518522,0.020464,9.716482,9.716482,9.716482,9.716482,0.017113,0.000298,1.721161,5.812248,0.305797,-5.791596,1.0,0.975364,1.059414,4.675615,4.981411,0.305797,15360.0,1.831576,4.687336,5.458689,0.771353,1008.0,14981.589844,1024.0,1024.0,168.876312,128200,64.0,1999.3
0,129000,7750,2227.333,77.048,51.934902,38.895615,0.537572,0.020463,8.154458,8.154458,8.154458,8.154458,0.015643,0.000292,1.801939,5.950285,0.31122,-5.956638,1.0,0.97551,1.114069,4.718762,5.029982,0.31122,15360.0,1.984478,4.725249,5.556836,0.831587,1008.0,14983.833984,1024.0,1024.0,114.633286,129000,64.0,1999.3
0,129800,7800,2241.078,77.048,55.386761,42.149082,0.555292,0.020464,8.248985,8.248985,8.248701,8.248701,0.016155,0.000288,1.774006,6.013172,0.302069,-6.023416,1.0,0.975798,1.210381,4.774421,5.076475,0.302069,15360.0,2.012176,4.784482,5.619777,0.835294,1008.0,14988.256836,1024.0,1024.0,128.605927,129800,64.0,1999.3
0,130600,7850,2254.909,77.048,58.283543,45.013897,0.514087,0.020466,8.424557,8.424557,8.424557,8.424557,0.013699,0.000315,1.629901,6.02724,0.276722,-6.02839,1.0,0.975252,1.26569,4.824296,5.100994,0.276722,15360.0,1.908292,4.845715,5.574244,0.728529,1008.0,14979.869141,1024.0,1024.0,153.617828,130600,64.0,1999.3
0,131400,7900,2268.649,77.048,51.533886,38.948097,0.559557,0.020461,7.51731,7.51731,7.517253,7.517253,0.016311,0.000278,1.72784,6.270696,0.284162,-6.265603,1.0,0.975755,1.363741,4.892085,5.176216,0.284162,15360.0,2.150492,4.910562,5.739777,0.829214,1008.0,14987.594727,1024.0,1024.0,96.223618,131400,64.0,1999.3
0,132200,7950,2282.468,77.048,61.128693,47.061234,0.474455,0.020468,9.067773,9.067773,9.067773,9.067773,0.011967,0.000318,1.668091,6.181693,0.278408,-6.180348,1.0,0.975326,1.398182,4.9529,5.231038,0.278408,15360.0,1.772368,4.991113,5.601511,0.610398,1008.0,14981.008789,1024.0,1024.0,144.704117,132200,64.0,1999.3
0,133000,8000,2296.199,77.048,51.355392,38.734592,0.553527,0.02046,7.528436,7.528436,7.527545,7.527545,0.015748,0.000272,1.648011,6.199355,0.272695,-6.2203,1.0,0.97613,1.454369,5.031358,5.304043,0.272695,15360.0,2.210513,5.048484,5.817699,0.769214,1008.0,14993.356445,1024.0,1024.0,92.077042,133000,64.0,1999.3
0,133800,8050,2309.88,77.048,50.665272,37.703468,0.516997,0.020464,7.830607,7.830607,7.830585,7.830585,0.011785,0.000295,1.749981,6.492477,0.278793,-6.497247,1.0,0.975573,1.457053,5.106133,5.384481,0.278793,15360.0,2.012128,5.130558,5.809775,0.679217,1008.0,14984.793945,1024.0,1024.0,123.717323,133800,64.0,1999.3
0,134600,8100,2323.75,77.048,59.410351,45.30677,0.527704,0.020464,8.670595,8.670595,8.670595,8.670595,0.015419,0.000294,1.90367,6.663887,0.289703,-6.695821,1.0,0.975718,1.450261,5.184637,5.474127,0.289703,15360.0,2.212758,5.202495,5.956563,0.754068,1008.0,14987.03125,1024.0,1024.0,107.618347,134600,64.0,1999.3
0,135400,8150,2337.576,77.048,52.41581,39.436867,0.579662,0.02046,7.55009,7.55009,7.550062,7.550062,0.015462,0.000272,1.967637,6.81228,0.294208,-6.828765,1.0,0.976233,1.393871,5.269629,5.563817,0.294208,15360.0,2.374056,5.282388,6.092752,0.810365,1008.0,14994.9375,1024.0,1024.0,118.194878,135400,64.0,1999.3
0,136200,8200,2351.302,77.048,59.406807,45.565655,0.678788,0.020463,8.443155,8.443155,8.442842,8.442842,0.030423,0.000289,1.794452,6.345204,0.291659,-6.333972,1.0,0.975817,1.354631,5.328917,5.620497,0.291659,15360.0,2.351158,5.342773,6.266117,0.923512,1008.0,14988.546875,1024.0,1024.0,156.297501,136200,64.0,1999.3
0,137000,8250,2365.121,77.048,58.779797,44.317554,0.4928,0.020461,8.954384,8.954384,8.95358,8.95358,0.016522,0.000278,2.068122,6.352717,0.337327,-6.360003,1.0,0.975418,1.374206,5.398616,5.735746,0.337327,15360.0,2.189423,5.412447,6.187408,0.774961,1008.0,14982.426758,1024.0,1024.0,129.323685,137000,64.0,1999.3
0,137800,8300,2378.793,77.048,49.494823,36.816185,0.600955,0.020464,7.43541,7.43541,7.433911,7.433911,0.020724,0.00029,1.941176,6.725299,0.297823,-6.731828,1.0,0.975544,1.248252,5.46456,5.762072,0.297823,15360.0,2.296118,5.474644,6.338809,0.864166,1008.0,14984.361328,1024.0,1024.0,147.116821,137800,64.0,1999.3
0,138600,8350,2392.61,77.048,53.812412,40.529121,0.556173,0.02046,8.062466,8.062466,8.062039,8.062039,0.016598,0.000266,2.002591,6.70685,0.306656,-6.708076,1.0,0.975662,1.206441,5.530797,5.837396,0.306656,15360.0,2.096395,5.53734,6.350893,0.813553,1008.0,14986.173828,1024.0,1024.0,98.944496,138600,64.0,1999.3
0,139400,8400,2406.347,77.048,54.572018,41.256859,0.527319,0.020461,8.373114,8.373114,8.372663,8.372663,0.01451,0.000274,1.870528,6.342974,0.303855,-6.346774,1.0,0.975668,1.116814,5.595733,5.899533,0.303855,15360.0,1.898683,5.608704,6.392543,0.783839,1008.0,14986.258789,1024.0,1024.0,143.252258,139400,64.0,1999.3
0,140200,8450,2420.19,77.048,51.690929,38.520809,0.51369,0.020458,8.348347,8.348347,8.348293,8.348293,0.013958,0.000255,1.96364,6.297377,0.32091,-6.306259,1.0,0.976,1.002736,5.654572,5.975477,0.32091,15360.0,1.621368,5.66613,6.41469,0.748561,1008.0,14991.365234,1024.0,1024.0,122.832092,140200,64.0,1999.3
0,141000,8500,2433.983,77.048,61.853878,47.264145,0.5808,0.020466,9.781147,9.781147,9.781147,9.781147,0.023526,0.000302,1.685575,5.962618,0.292248,-5.941126,1.0,0.975277,0.998546,5.696927,5.989171,0.292248,15360.0,1.816959,5.711688,6.505672,0.793984,1008.0,14980.250977,1024.0,1024.0,177.13678,141000,64.0,1999.3
0,141800,8550,2447.767,77.048,60.236881,46.330566,0.502847,0.020458,9.18524,9.18524,9.184739,9.184739,0.013139,0.000259,1.723518,6.173845,0.286846,-6.1524,1.0,0.976104,1.104243,5.757778,6.044615,0.286846,15360.0,1.504964,5.767322,6.396168,0.628847,1008.0,14992.958984,1024.0,1024.0,188.064758,141800,64.0,1999.3
0,142600,8600,2461.535,77.048,48.898239,36.511139,0.531131,0.020459,7.526675,7.526675,7.525164,7.525164,0.011357,0.000262,1.838252,6.41841,0.298065,-6.40694,1.0,0.975895,1.234553,5.834948,6.132998,0.298065,15360.0,1.611217,5.854247,6.533385,0.679139,1008.0,14989.746094,1024.0,1024.0,157.971344,142600,64.0,1999.3
0,143400,8650,2475.402,77.048,60.424358,46.349087,0.529453,0.02046,9.10224,9.10224,9.100962,9.100962,0.015552,0.00027,1.688525,6.030482,0.289698,-6.011801,1.0,0.975859,1.308673,5.903597,6.193247,0.289698,15360.0,1.71897,5.93145,6.651524,0.720074,1008.0,14989.199219,1024.0,1024.0,160.408081,143400,64.0,1999.3
0,144200,8700,2489.284,77.048,52.84132,39.394157,0.492519,0.020456,8.469775,8.469775,8.469775,8.469775,0.012337,0.000245,1.737661,6.320333,0.284137,-6.331673,1.0,0.975971,1.368657,5.976304,6.260297,0.284137,15360.0,1.703732,6.005931,6.588016,0.582084,1008.0,14990.918945,1024.0,1024.0,107.840073,144200,64.0,1999.3
0,145000,8750,2503.081,77.048,55.036137,41.09153,0.508906,0.020458,8.768272,8.768272,8.768067,8.768067,0.014911,0.000257,1.787372,6.283376,0.292805,-6.270203,1.0,0.975643,1.412698,6.058553,6.351273,0.292805,15360.0,1.900246,6.080531,6.778828,0.698297,1008.0,14985.873047,1024.0,1024.0,125.58152,145000,64.0,1999.3
0,145800,8800,2516.827,77.048,60.162842,45.908081,0.548093,0.020461,9.164106,9.164106,9.163079,9.163079,0.019022,0.000274,1.597584,6.002575,0.2749,-6.013641,1.0,0.975676,1.400478,6.1253,6.399866,0.2749,15360.0,2.025427,6.174505,6.929979,0.755475,1008.0,14986.37793,1024.0,1024.0,126.152519,145800,64.0,1999.3
0,146600,8850,2530.577,77.048,55.040668,41.251648,0.571577,0.020456,8.546378,8.546378,8.546026,8.546026,0.018499,0.00024,1.737652,6.468138,0.276121,-6.472155,1.0,0.976356,1.403268,6.210865,6.486565,0.276121,15360.0,2.183517,6.250384,7.038333,0.78795,1008.0,14996.832031,1024.0,1024.0,148.22644,146600,64.0,1999.3
0,147400,8900,2544.439,77.048,47.889603,35.359177,0.561634,0.020456,7.446392,7.446392,7.445725,7.445725,0.01451,0.000243,1.797921,6.600055,0.277157,-6.630052,1.0,0.976092,1.335398,6.304812,6.58178,0.277157,15360.0,2.079949,6.338847,7.095948,0.757101,1008.0,14992.77832,1024.0,1024.0,110.888046,147400,64.0,1999.3
0,148200,8950,2558.29,77.048,52.353806,39.062164,0.553551,0.020456,7.853602,7.853602,7.853098,7.853098,0.016977,0.000241,2.063034,6.477039,0.33066,-6.457619,1.0,0.975877,1.349949,6.377711,6.7082,0.33066,15360.0,2.218969,6.401059,7.24898,0.847921,1008.0,14989.463867,1024.0,1024.0,127.989571,148200,64.0,1999.3
0,149000,9000,2572.044,77.048,49.356918,36.557793,0.542781,0.020458,7.758897,7.758897,7.756306,7.756306,0.015386,0.000258,1.830847,6.400533,0.29542,-6.405292,1.0,0.976058,1.256827,6.442597,6.737825,0.29542,15360.0,2.044756,6.462545,7.239335,0.77679,1008.0,14992.245117,1024.0,1024.0,109.051369,149000,64.0,1999.3
0,149800,9050,2585.773,77.048,55.562626,41.452766,0.550574,0.02046,9.004687,9.004687,9.004176,9.004176,0.021211,0.000267,1.825,6.102354,0.301442,-6.110841,1.0,0.97606,1.219788,6.513474,6.814761,0.301442,15360.0,1.962941,6.529355,7.291148,0.761794,1008.0,14992.282227,1024.0,1024.0,219.544815,149800,64.0,1999.3
0,150600,9100,2618.294,92.551,56.694118,42.977833,0.514467,0.020456,8.779989,8.779989,8.779989,8.779989,0.017259,0.000238,1.808661,6.034519,0.305291,-6.029791,1.0,0.975951,1.175136,6.583722,6.888913,0.305291,15360.0,1.798595,6.594326,7.291516,0.69719,1008.0,14990.602539,1024.0,1024.0,115.388374,150600,64.0,1999.3
0,151400,9150,2632.095,92.551,49.060734,36.339073,0.534178,0.020458,7.928523,7.928523,7.927176,7.927176,0.013826,0.000251,1.851036,6.610807,0.290225,-6.633955,1.0,0.976171,1.070732,6.653912,6.944024,0.290225,15360.0,1.746268,6.669911,7.381392,0.711481,1008.0,14993.980469,1024.0,1024.0,104.659943,151400,64.0,1999.3
0,152200,9200,2645.911,92.551,49.17012,36.488297,0.524974,0.020453,8.04149,8.04149,8.039597,8.039597,0.013537,0.000211,1.824404,6.491581,0.292717,-6.465785,1.0,0.976075,0.990033,6.730316,7.022938,0.292717,15360.0,1.587733,6.744694,7.431283,0.686589,1008.0,14992.513672,1024.0,1024.0,102.958382,152200,64.0,1999.3
0,153000,9250,2659.652,92.551,52.712154,39.569664,0.570006,0.020456,8.224401,8.224401,8.224222,8.224222,0.019629,0.000244,2.04105,6.357203,0.325851,-6.373251,1.0,0.975806,0.927692,6.791551,7.117386,0.325851,15360.0,1.788135,6.800139,7.683452,0.883312,1008.0,14988.381836,1024.0,1024.0,91.981705,153000,64.0,1999.3
0,153800,9300,2673.415,92.551,56.806274,42.414215,0.541449,0.020455,9.861552,9.861552,9.861383,9.861383,0.018721,0.000239,1.638855,5.723546,0.294951,-5.745315,1.0,0.975838,0.936755,6.848848,7.14335,0.294951,15360.0,1.356106,6.873682,7.469519,0.595838,1008.0,14988.865234,1024.0,1024.0,169.736008,153800,64.0,1999.3
0,154600,9350,2687.171,92.551,47.687809,35.10709,0.532229,0.020454,7.702026,7.702026,7.69966,7.69966,0.012998,0.000219,1.981863,6.383659,0.325744,-6.387214,1.0,0.976179,1.113673,6.935074,7.260778,0.325744,15360.0,1.534229,6.968411,7.66314,0.694728,1008.0,14994.106445,1024.0,1024.0,168.330124,154600,64.0,1999.3
0,155400,9400,2700.962,92.551,51.003559,38.471054,0.527996,0.020457,8.115002,8.115002,8.114489,8.114489,0.013688,0.000249,1.493226,5.958855,0.256622,-5.951827,1.0,0.975958,1.125797,6.991169,7.247591,0.256622,15360.0,1.461752,7.020375,7.634661,0.614286,1008.0,14990.71582,1024.0,1024.0,107.322235,155400,64.0,1999.3
0,156200,9450,2714.712,92.551,52.559692,39.905121,0.518747,0.020457,8.064804,8.064804,8.063519,8.063519,0.012817,0.000247,1.527161,5.988727,0.258772,-6.006736,1.0,0.976024,1.259828,7.095985,7.35404,0.258772,15360.0,1.523656,7.139243,7.650833,0.51159,1008.0,14991.723633,1024.0,1024.0,142.413773,156200,64.0,1999.3
0,157000,9500,2728.507,92.551,50.673717,37.616558,0.529135,0.020455,7.780721,7.780721,7.780137,7.780137,0.016162,0.000235,2.0519,6.046803,0.345417,-6.03538,1.0,0.976005,1.376122,7.246081,7.591247,0.345417,15360.0,1.735851,7.286913,8.004452,0.71754,1008.0,14991.44043,1024.0,1024.0,100.39518,157000,64.0,1999.3
0,157800,9550,2742.301,92.551,50.869972,37.845196,0.524576,0.020455,7.925513,7.925513,7.925146,7.925146,0.014484,0.00023,1.893368,6.045581,0.315651,-6.051592,1.0,0.976095,1.385299,7.354507,7.669577,0.315651,15360.0,1.610039,7.394316,7.990012,0.595697,1008.0,14992.826172,1024.0,1024.0,134.186447,157800,64.0,1999.3
0,158600,9600,2756.154,92.551,53.38982,38.817406,0.501623,0.020455,9.426132,9.426132,9.425431,9.425431,0.01284,0.00023,1.779967,5.828116,0.313251,-5.809774,1.0,0.975829,1.386083,7.409255,7.721223,0.313251,15360.0,1.718486,7.478529,8.09299,0.614468,1008.0,14988.728516,1024.0,1024.0,140.757309,158600,64.0,1999.3
0,159400,9650,2769.901,92.551,52.14209,37.924286,0.519756,0.020452,9.113962,9.113962,9.113868,9.113868,0.012924,0.000206,1.84505,5.77562,0.326938,-5.784966,1.0,0.975989,1.327593,7.564691,7.890467,0.326938,15360.0,1.59867,7.602005,8.187633,0.585627,1008.0,14991.194336,1024.0,1024.0,141.020447,159400,64.0,1999.3
0,160200,9700,2783.736,92.551,54.991642,40.961029,0.602484,0.020453,9.043651,9.043651,9.04316,9.04316,0.021365,0.000219,1.594548,5.952477,0.27132,-5.968803,1.0,0.976205,1.288894,7.6293,7.898401,0.27132,15360.0,1.920707,7.653415,8.383242,0.734362,1008.0,14994.503906,1024.0,1024.0,137.702957,160200,64.0,1999.3
0,161000,9750,2797.53,92.551,47.02166,34.727119,0.502139,0.020454,7.751918,7.751918,7.748319,7.748319,0.010835,0.000222,1.616033,5.996666,0.276164,-5.993199,1.0,0.975895,1.184918,7.714303,7.985177,0.276164,15360.0,1.479611,7.742864,8.255581,0.523626,1008.0,14989.753906,1024.0,1024.0,133.022507,161000,64.0,1999.3
0,161800,9800,2811.276,92.551,45.927044,32.963341,0.546203,0.020451,7.806037,7.806037,7.80341,7.80341,0.014143,0.000204,2.120429,6.269507,0.343206,-6.258203,1.0,0.976137,1.159328,7.835289,8.178294,0.343206,15360.0,1.768827,7.846571,8.595613,0.749043,1008.0,14993.461914,1024.0,1024.0,91.929893,161800,64.0,1999.3
0,162600,9850,2825.13,92.551,46.26936,33.337761,0.558754,0.020452,7.630821,7.630821,7.630454,7.630454,0.01548,0.000205,2.307073,6.428652,0.358016,-6.438551,1.0,0.976084,1.137836,7.919437,8.277145,0.358016,15360.0,1.711946,7.933039,8.722171,0.789132,1008.0,14992.651367,1024.0,1024.0,108.659271,162600,64.0,1999.3
0,163400,9900,2838.911,92.551,51.002342,38.177425,0.558383,0.020454,8.09594,8.09594,8.095247,8.095247,0.016988,0.000225,1.893082,6.025677,0.309124,-6.040508,1.0,0.976091,1.006425,7.995068,8.303461,0.309124,15360.0,1.470132,8.008545,8.664186,0.65564,1008.0,14992.759766,1024.0,1024.0,105.182327,163400,64.0,1999.3
0,164200,9950,2852.772,92.551,41.847343,31.180771,0.567774,0.020453,6.602715,6.602715,6.601321,6.601321,0.013592,0.000218,1.539563,5.936306,0.255813,-5.937326,1.0,0.976298,0.847715,8.066765,8.322103,0.255813,15360.0,1.426933,8.087393,8.801422,0.714029,1008.0,14995.943359,1024.0,1024.0,139.158234,164200,64.0,1999.3
0,165000,10000,2866.529,92.551,51.012711,38.314438,0.5214,0.020453,8.041354,8.041354,8.041168,8.041168,0.014579,0.000215,2.022107,5.841548,0.348549,-5.824018,1.0,0.976166,0.91358,8.160797,8.509212,0.348549,15360.0,1.250805,8.167777,8.794527,0.626749,1008.0,14993.912109,1024.0,1024.0,148.534012,165000,64.0,1999.3
0,165800,10050,2880.262,92.551,57.552269,43.003975,0.55242,0.020455,9.513208,9.513208,9.513208,9.513208,0.019263,0.000226,2.036505,5.626119,0.366346,-5.633375,1.0,0.975791,1.023649,8.259391,8.625109,0.366346,15360.0,1.502452,8.271235,9.043208,0.771973,1008.0,14988.151367,1024.0,1024.0,67.092567,165800,64.0,1999.3
0,166600,10100,2894.079,92.551,52.881229,39.297745,0.543285,0.020453,8.710438,8.710438,8.708901,8.708901,0.015153,0.000214,1.846071,5.72347,0.323695,-5.737119,1.0,0.976187,1.125296,8.353926,8.677075,0.323695,15360.0,1.556314,8.394781,9.076074,0.681293,1008.0,14994.232422,1024.0,1024.0,158.073212,166600,64.0,1999.3
0,167400,10150,2907.858,92.551,47.713158,35.043175,0.558771,0.020451,7.435968,7.435968,7.434479,7.434479,0.018101,0.000199,2.0893,6.147032,0.338819,-6.163708,1.0,0.976095,1.266271,8.497426,8.835698,0.338819,15360.0,1.852085,8.561862,9.393997,0.832349,1008.0,14992.821289,1024.0,1024.0,114.315521,167400,64.0,1999.3
0,168200,10200,2921.697,92.551,47.71291,34.64315,0.559751,0.020451,8.159113,8.159113,8.158861,8.158861,0.015481,0.000201,1.757017,5.611595,0.309761,-5.626842,1.0,0.976185,1.286986,8.610222,8.91869,0.309761,15360.0,1.568453,8.652699,9.274631,0.62195,1008.0,14994.207031,1024.0,1024.0,142.436615,168200,64.0,1999.3
0,169000,10250,2935.451,92.551,60.248856,46.015263,0.586448,0.020457,8.950066,8.950066,8.950066,8.950066,0.020904,0.000236,1.849936,5.49551,0.336303,-5.499021,1.0,0.97575,1.358704,8.745384,9.079873,0.336303,15360.0,1.909909,8.784201,9.605894,0.822158,1008.0,14987.520508,1024.0,1024.0,147.617188,169000,64.0,1999.3
0,169800,10300,2949.19,92.551,52.276001,38.580948,0.526045,0.020452,8.989614,8.989614,8.988338,8.988338,0.015236,0.000206,1.423289,5.119196,0.285687,-5.125838,1.017588,0.976078,1.357988,8.801707,9.090464,0.290712,15360.0,1.595694,8.849286,9.39633,0.547045,1008.0,14992.554688,1024.0,1024.0,131.256958,169800,64.0,1999.3
0,170600,10350,2962.961,92.551,43.018711,31.559727,0.554811,0.020451,6.81687,6.81687,6.813783,6.813783,0.012452,0.000199,1.618003,5.991516,0.274654,-5.985726,1.042209,0.976228,1.285394,9.030903,9.315253,0.286247,15360.0,1.605893,9.053297,9.645736,0.592494,1008.0,14994.865234,1024.0,1024.0,104.83046,170600,64.0,1999.3
0,171400,10400,2976.834,92.551,45.214828,32.35022,0.537791,0.020451,7.789924,7.789924,7.788228,7.788228,0.014696,0.000197,1.952812,5.953461,0.325096,-5.951421,1.043603,0.975956,1.251824,9.166342,9.503341,0.339272,15360.0,1.776049,9.180496,9.867583,0.688563,1008.0,14990.691406,1024.0,1024.0,116.099518,171400,64.0,1999.3
0,172200,10450,2990.698,92.551,53.7939,40.291306,0.519425,0.020451,9.002688,9.002688,9.001863,9.001863,0.014568,0.0002,1.408701,5.172121,0.27694,-5.177,1.028299,0.976073,1.204509,9.215654,9.498452,0.284778,15360.0,1.488503,9.233624,9.813963,0.580338,1008.0,14992.486328,1024.0,1024.0,118.766899,172200,64.0,1999.3
0,173000,10500,3004.454,92.551,46.41116,34.656616,0.568888,0.020452,6.682747,6.682747,6.679665,6.679665,0.017519,0.000204,2.196421,6.028419,0.367719,-6.015882,1.024737,0.976033,1.142564,9.397992,9.773442,0.376815,15360.0,1.583988,9.406619,10.139504,0.732887,1008.0,14991.859375,1024.0,1024.0,95.380936,173000,64.0,1999.3
0,173800,10550,3018.216,92.551,49.9496,37.713356,0.540998,0.020452,7.71994,7.71994,7.71895,7.71895,0.014862,0.000208,1.732608,5.502028,0.308591,-5.503707,1.0,0.976043,1.030515,9.466112,9.772814,0.308591,15360.0,1.399135,9.462775,10.085294,0.622653,1008.0,14992.015625,1024.0,1024.0,125.433395,173800,64.0,1999.3
0,174600,10600,3032.003,92.551,48.253014,35.790524,0.502398,0.020451,7.923504,7.923504,7.92317,7.92317,0.013789,0.000192,1.940866,5.438028,0.351763,-5.452355,1.0,0.975993,0.945147,9.580713,9.929292,0.351763,15360.0,1.125904,9.591284,10.116918,0.526945,1008.0,14991.244141,1024.0,1024.0,113.388329,174600,64.0,1999.3
0,175400,10650,3065.293,108.139,51.24831,37.758514,0.541273,0.02045,8.90482,8.90482,8.904659,8.904659,0.017902,0.000191,1.886756,5.27101,0.3621,-5.260748,1.0,0.976079,0.856015,9.6887,10.050443,0.3621,15360.0,1.29998,9.687769,10.465907,0.778138,1008.0,14992.572266,1024.0,1024.0,176.345718,175400,64.0,1999.3
0,176200,10700,3079.009,108.139,51.337814,38.324986,0.57706,0.020452,8.718838,8.718838,8.717671,8.717671,0.020501,0.000199,1.574778,5.28574,0.301343,-5.265147,1.0,0.975984,0.855566,9.759081,10.056539,0.301343,15360.0,1.314179,9.776354,10.475724,0.699391,1008.0,14991.114258,1024.0,1024.0,105.723061,176200,64.0,1999.3
0,177000,10750,3092.795,108.139,57.486366,43.073463,0.567151,0.02045,9.551779,9.551779,9.551779,9.551779,0.021011,0.000187,1.801728,5.155963,0.345117,-5.142813,1.0,0.976067,1.035954,9.903864,10.248365,0.345117,15360.0,1.602214,9.92183,10.81155,0.889981,1008.0,14992.392578,1024.0,1024.0,159.175201,177000,64.0,1999.3
0,177800,10800,3106.429,108.139,45.204624,32.914413,0.516361,0.020451,7.550877,7.550877,7.548293,7.548293,0.010833,0.000194,1.901435,5.514585,0.347596,-5.498342,1.0,0.976198,1.163163,10.033633,10.380409,0.347596,15360.0,1.276122,10.033454,10.513773,0.48166,1008.0,14994.394531,1024.0,1024.0,113.306946,177800,64.0,1999.3
0,178600,10850,3120.218,108.139,53.934402,39.778572,0.586233,0.02045,8.931201,8.931201,8.931201,8.931201,0.020512,0.000191,1.922407,5.487596,0.35677,-5.497777,1.023515,0.976183,1.299908,10.216755,10.580797,0.36516,15360.0,1.675029,10.222907,11.058419,0.841913,1008.0,14994.177734,1024.0,1024.0,160.648483,178600,64.0,1999.3
0,179400,10900,3133.999,108.139,53.981686,39.896271,0.540185,0.020448,9.285069,9.285069,9.28434,9.28434,0.014995,0.000172,1.526727,4.871186,0.323156,-4.865292,1.070229,0.976073,1.337977,10.356592,10.701645,0.345851,15360.0,1.488341,10.339045,10.906868,0.567934,1008.0,14992.476562,1024.0,1024.0,169.697021,179400,64.0,1999.3
0,180200,10950,3147.727,108.139,41.18478,29.021263,0.566961,0.020449,6.84097,6.84097,6.838696,6.838696,0.017205,0.000179,2.101029,5.561496,0.376845,-5.569866,1.096375,0.976091,1.348063,10.577694,10.990211,0.413163,15360.0,2.006493,10.571947,11.447647,0.875699,1008.0,14992.75,1024.0,1024.0,146.565338,180200,64.0,1999.3
0,181000,11000,3161.539,108.139,55.735119,41.693512,0.586111,0.02045,9.158094,9.158094,9.158064,9.158064,0.021412,0.000182,1.531218,4.868252,0.331103,-4.856016,1.105457,0.975971,1.29697,10.672598,11.03417,0.36602,15360.0,1.776507,10.658706,11.365215,0.71933,1008.0,14990.913086,1024.0,1024.0,157.164551,181000,64.0,1999.3
0,181800,11050,3175.27,108.139,46.892666,34.018948,0.605683,0.020449,7.765194,7.765194,7.763458,7.763458,0.021645,0.000174,1.866898,5.430027,0.357625,-5.451279,1.116553,0.976237,1.251419,10.887768,11.286271,0.399308,15360.0,1.95852,10.889682,11.814308,0.924836,1008.0,14994.993164,1024.0,1024.0,115.974701,181800,64.0,1999.3
0,182600,11100,3188.967,108.139,47.064354,35.058304,0.548056,0.020449,7.614144,7.614144,7.614144,7.614144,0.015437,0.000174,1.387583,4.915919,0.279694,-4.884096,1.125113,0.976233,1.19502,10.895639,11.206889,0.314688,15360.0,1.597938,10.880874,11.506904,0.627106,1008.0,14994.938477,1024.0,1024.0,103.433296,182600,64.0,1999.3
0,183400,11150,3202.748,108.139,54.328342,40.969955,0.549893,0.020449,8.577651,8.577651,8.57201,8.57201,0.017766,0.00017,1.73598,5.130621,0.362108,-5.176295,1.117969,0.976021,1.148533,11.068623,11.455902,0.404825,15360.0,1.560378,11.083614,11.777186,0.719796,1008.0,14991.6875,1024.0,1024.0,134.726761,183400,64.0,1999.3
0,184200,11200,3216.471,108.139,48.72596,35.907082,0.565912,0.020449,8.594119,8.594119,8.594119,8.594119,0.018752,0.00018,1.30643,4.49229,0.285628,-4.507211,1.095972,0.976003,1.051575,11.136325,11.445986,0.31304,15360.0,1.403267,11.114659,11.731114,0.61701,1008.0,14991.400391,1024.0,1024.0,205.675339,184200,64.0,1999.3
0,185000,11250,3230.281,108.139,52.100056,38.846706,0.494712,0.020448,9.169608,9.169608,9.169096,9.169096,0.011724,0.000167,1.390872,4.37116,0.320295,-4.353741,1.068643,0.975968,0.94174,11.291623,11.632815,0.342281,15360.0,1.063357,11.279383,11.73467,0.455519,1008.0,14990.866211,1024.0,1024.0,114.628952,185000,64.0,1999.3
0,185800,11300,3243.923,108.139,56.535275,43.180035,0.553802,0.020451,9.107033,9.107033,9.10602,9.10602,0.019007,0.000189,1.556514,4.666509,0.341148,-4.67425,1.053663,0.975887,0.842183,11.386551,11.742015,0.359455,15360.0,1.215191,11.361818,12.050906,0.695849,1008.0,14989.623047,1024.0,1024.0,168.437042,185800,64.0,1999.3
0,186600,11350,3257.712,108.139,56.382469,42.682697,0.528666,0.020449,9.431817,9.431817,9.431387,9.431387,0.016418,0.000173,1.726141,4.482988,0.391749,-4.470419,1.025195,0.976108,0.789272,11.506745,11.907192,0.40162,15360.0,0.86749,11.495995,11.987672,0.491753,1008.0,14993.019531,1024.0,1024.0,125.461143,186600,64.0,1999.3
0,187400,11400,3271.516,108.139,53.267429,39.931919,0.5534,0.020448,9.434372,9.434372,9.433941,9.433941,0.016781,0.000171,1.238751,4.377742,0.315452,-4.369251,1.035584,0.976053,0.80495,11.547305,11.850644,0.326677,15360.0,1.13386,11.541969,12.114347,0.601873,1008.0,14992.175781,1024.0,1024.0,133.51593,187400,64.0,1999.3
0,188200,11450,3285.214,108.139,54.758842,40.83223,0.53958,0.020448,9.467605,9.467605,9.467605,9.467605,0.016669,0.000164,1.617898,4.428523,0.374619,-4.430144,1.030276,0.975977,0.989008,11.697183,12.078268,0.385961,15360.0,1.151034,11.687243,12.29691,0.61225,1008.0,14991.000977,1024.0,1024.0,175.852493,188200,64.0,1999.3
0,189000,11500,3299.016,108.139,42.627815,30.60387,0.538145,0.020448,7.298138,7.298138,7.296033,7.296033,0.016791,0.000165,1.914923,4.903331,0.387355,-4.892847,1.058813,0.976061,1.136061,11.87044,12.2786,0.410137,15360.0,1.288061,11.846252,12.519664,0.690508,1008.0,14992.296875,1024.0,1024.0,107.199638,189000,64.0,1999.3
0,189800,11550,3312.635,108.139,48.335518,35.226524,0.533971,0.020447,8.711327,8.711327,8.709979,8.709979,0.014411,0.000156,1.392122,4.314338,0.326442,-4.313986,1.094244,0.976061,1.196528,11.964104,12.320436,0.357207,15360.0,1.278223,11.934759,12.437685,0.503616,1008.0,14992.292969,1024.0,1024.0,191.653214,189800,64.0,1999.3
0,190600,11600,3326.449,108.139,53.653881,39.851608,0.531778,0.020447,9.31839,9.31839,9.31839,9.31839,0.016247,0.000159,1.261549,3.973948,0.317411,-3.994828,1.131212,0.976018,1.303435,12.17454,12.532314,0.35906,15360.0,1.449455,12.117754,12.748307,0.630805,1008.0,14991.635742,1024.0,1024.0,135.300812,190600,64.0,1999.3
0,191400,11650,3340.236,108.139,50.607155,37.285011,0.592902,0.020448,8.776424,8.776424,8.774448,8.774448,0.023091,0.000164,1.214457,3.847341,0.315512,-3.84882,1.182628,0.976123,1.353473,12.28169,12.653223,0.373133,15360.0,1.622648,12.198743,12.828999,0.630255,1008.0,14993.24707,1024.0,1024.0,133.872421,191400,64.0,1999.3
0,192200,11700,3353.959,108.139,48.697514,35.309792,0.536041,0.020447,9.0145,9.0145,9.01389,9.01389,0.015601,0.00016,1.135099,4.166394,0.285301,-4.162882,1.19771,0.976021,1.324502,12.477729,12.808455,0.341708,15360.0,1.518934,12.442835,12.943247,0.512066,1008.0,14991.681641,1024.0,1024.0,122.744133,192200,64.0,1999.3
0,193000,11750,3367.771,108.139,48.924026,35.348522,0.54713,0.020446,9.059237,9.059237,9.059036,9.059036,0.017769,0.000151,1.227434,3.850433,0.320187,-3.83789,1.236776,0.976198,1.304735,12.685462,13.078795,0.396,15360.0,1.701995,12.647712,13.343794,0.701347,1008.0,14994.404297,1024.0,1024.0,122.235374,193000,64.0,1999.3
0,193800,11800,3381.502,108.139,44.805576,32.427986,0.605285,0.020446,7.868717,7.868717,7.866524,7.866524,0.020566,0.000147,1.421914,4.556272,0.323631,-4.553268,1.232962,0.97621,1.163655,12.920592,13.317198,0.399025,15360.0,1.702337,12.883328,13.665188,0.784684,1008.0,14994.589844,1024.0,1024.0,155.074036,193800,64.0,1999.3
0,194600,11850,3395.228,108.139,58.723831,44.868008,0.535279,0.020448,9.618729,9.618729,9.61862,9.61862,0.017995,0.000166,1.131996,3.642912,0.326127,-3.638927,1.224422,0.976086,1.1722,13.006489,13.397279,0.399317,15360.0,1.384337,12.970043,13.503776,0.582151,1008.0,14992.679688,1024.0,1024.0,162.404541,194600,64.0,1999.3
0,195400,11900,3409.024,108.139,54.563503,40.995049,0.521213,0.020447,9.34448,9.34448,9.34448,9.34448,0.016236,0.000159,1.215993,3.814631,0.335606,-3.80885,1.221977,0.976015,1.106417,13.110035,13.511597,0.410103,15360.0,1.418188,13.088747,13.706045,0.650386,1008.0,14991.594727,1024.0,1024.0,130.74823,195400,64.0,1999.3
0,196200,11950,3422.749,108.139,47.088566,34.686134,0.579831,0.020446,8.21235,8.21235,8.211833,8.211833,0.01903,0.000146,1.349823,4.132041,0.332938,-4.135935,1.209151,0.976282,0.996804,13.260217,13.660735,0.402573,15360.0,1.406476,13.236008,14.006717,0.771067,1008.0,14995.683594,1024.0,1024.0,227.695755,196200,64.0,1999.3
0,197000,12000,3436.559,108.139,43.391781,32.227524,0.558058,0.020446,7.520061,7.520061,7.513605,7.513605,0.013319,0.000141,1.116016,4.231411,0.281881,-4.22161,1.170395,0.976279,0.860912,13.336584,13.653731,0.329912,15360.0,1.12253,13.308289,13.828076,0.534722,1008.0,14995.648438,1024.0,1024.0,146.389725,197000,64.0,1999.3
0,197800,12050,3450.206,108.139,51.780804,38.767086,0.543673,0.020447,9.133727,9.133727,9.133727,9.133727,0.019075,0.00015,1.188049,3.427984,0.36561,-3.422468,1.158854,0.976031,0.845008,13.459353,13.881377,0.423688,15360.0,1.231461,13.435383,14.198841,0.766931,1008.0,14991.829102,1024.0,1024.0,138.622833,197800,64.0,1999.3
0,198600,12100,3464.017,108.139,41.412395,31.033037,0.574711,0.020446,6.893441,6.893441,6.891637,6.891637,0.014779,0.000143,1.144917,4.042422,0.304735,-4.060068,1.135642,0.976178,0.748825,13.491562,13.819115,0.34607,15360.0,1.025587,13.481367,14.069651,0.617273,1008.0,14994.085938,1024.0,1024.0,125.724762,198600,64.0,1999.3
0,199400,12150,3477.821,108.139,52.004353,39.918831,0.606815,0.020446,8.311558,8.311558,8.311117,8.311117,0.020738,0.000147,1.242078,3.460087,0.385514,-3.459249,1.100997,0.976185,0.726988,13.596685,14.019538,0.42445,15360.0,1.154941,13.595085,14.486422,0.891336,1008.0,14994.205078,1024.0,1024.0,142.183975,199400,64.0,1999.3
0,200200,12200,3511.324,123.619,44.03442,32.737602,0.534058,0.020447,7.934223,7.934223,7.932341,7.932341,0.014682,0.00015,1.054766,3.329036,0.316051,-3.324196,1.102374,0.976088,0.697471,13.653406,13.998076,0.348407,15360.0,0.874769,13.631461,14.152141,0.54569,1008.0,14992.714844,1024.0,1024.0,136.941803,200200,64.0,1999.3
0,201000,12250,3525.131,123.619,49.078323,37.25621,0.601541,0.020446,7.614953,7.614953,7.612136,7.612136,0.023496,0.000144,1.507401,3.550422,0.464495,-3.537617,1.125231,0.976182,0.956089,13.72376,14.224298,0.522664,15360.0,1.200641,13.710322,14.544008,0.876951,1008.0,14994.162109,1024.0,1024.0,139.650528,201000,64.0,1999.3
0,201800,12300,3538.785,123.619,46.425152,33.87104,0.559456,0.020446,8.414219,8.414219,8.408922,8.408922,0.018607,0.000138,1.339984,3.534347,0.395816,-3.536517,1.12421,0.976045,1.014352,13.894875,14.339141,0.44498,15360.0,1.214109,13.873773,14.648194,0.776925,1008.0,14992.042969,1024.0,1024.0,118.951027,201800,64.0,1999.3
0,202600,12350,3552.601,123.619,46.103317,33.969574,0.585352,0.020445,8.117172,8.117172,8.114902,8.114902,0.019758,0.000137,1.105382,3.366284,0.334543,-3.354005,1.176723,0.976228,1.106318,14.017214,14.410258,0.393664,15360.0,1.291178,13.988313,14.767886,0.7801,1008.0,14994.857422,1024.0,1024.0,145.406143,202600,64.0,1999.3
0,203400,12400,3566.298,123.619,44.973095,33.053074,0.596454,0.020445,7.636061,7.636061,7.630787,7.630787,0.021736,0.000139,1.246953,3.496194,0.373602,-3.52471,1.217903,0.976156,1.233895,14.175334,14.629038,0.455011,15360.0,1.408678,14.144831,14.882382,0.740756,1008.0,14993.759766,1024.0,1024.0,124.181198,203400,64.0,1999.3
0,204200,12450,3580.084,123.619,47.095055,34.565834,0.553172,0.020446,8.228428,8.228428,8.227795,8.227795,0.0189,0.000142,1.194015,3.404401,0.364625,-3.410906,1.253514,0.976185,1.285322,14.321958,14.774153,0.457063,15360.0,1.416645,14.279506,15.034286,0.791046,1008.0,14994.203125,1024.0,1024.0,180.925674,204200,64.0,1999.3
0,205000,12500,3593.789,123.619,46.093948,33.596321,0.545542,0.020446,7.708616,7.708616,7.707498,7.707498,0.017514,0.000146,1.517475,3.147507,0.48418,-3.141922,1.337451,0.976141,1.477082,14.530492,15.177052,0.647567,15360.0,1.525348,14.458658,15.291863,0.833648,1008.0,14993.527344,1024.0,1024.0,145.880585,205000,64.0,1999.3
0,205800,12550,3607.495,123.619,44.863453,33.068733,0.538406,0.020445,7.731974,7.731974,7.726965,7.726965,0.014414,0.000134,0.962333,3.216819,0.311614,-3.188559,1.310784,0.976245,1.337995,14.63156,15.035385,0.408459,15360.0,1.434559,14.560174,15.129225,0.611592,1008.0,14995.115234,1024.0,1024.0,115.810997,205800,64.0,1999.3
0,206600,12600,3621.205,123.619,44.39093,32.791225,0.550783,0.020445,7.433887,7.433887,7.430688,7.430688,0.014527,0.000125,1.091045,3.088936,0.369061,-3.067297,1.328259,0.976095,1.337066,14.873013,15.362371,0.490208,15360.0,1.410291,14.767031,15.311725,0.552379,1008.0,14992.822266,1024.0,1024.0,103.557655,206600,64.0,1999.3
0,207400,12650,3635.018,123.619,46.525108,33.950562,0.598918,0.020445,8.384575,8.384575,8.384209,8.384209,0.022761,0.000134,0.885745,3.010698,0.328015,-3.028288,1.356139,0.976179,1.314125,15.056137,15.5006,0.444834,15360.0,1.774253,14.960198,15.909911,0.950473,1008.0,14994.105469,1024.0,1024.0,130.890488,207400,64.0,1999.3
0,208200,12700,3648.813,123.619,42.025757,30.29319,0.572471,0.020445,7.767841,7.767841,7.76452,7.76452,0.018133,0.000126,0.93799,3.344427,0.29795,-3.375675,1.344756,0.976159,1.194456,15.207627,15.603303,0.40067,15360.0,1.54194,15.152317,15.795771,0.677703,1008.0,14993.803711,1024.0,1024.0,116.975235,208200,64.0,1999.3
0,209000,12750,3662.543,123.619,43.180447,31.225092,0.565746,0.020444,7.874357,7.874357,7.871273,7.871273,0.017309,0.000124,1.074964,3.10304,0.368058,-3.100125,1.32586,0.976211,1.150359,15.348137,15.834711,0.487993,15360.0,1.606825,15.280102,16.123522,0.856566,1008.0,14994.595703,1024.0,1024.0,98.055092,209000,64.0,1999.3
0,209800,12800,3676.271,123.619,48.590775,35.714874,0.546597,0.020445,9.060054,9.060054,9.057661,9.057661,0.016502,0.000129,0.899809,2.819837,0.33455,-2.81144,1.294239,0.976223,1.049497,15.489769,15.919934,0.432987,15360.0,1.311651,15.446578,15.936292,0.516256,1008.0,14994.78125,1024.0,1024.0,133.510834,209800,64.0,1999.3
0,210600,12850,3689.986,123.619,54.605217,41.282578,0.533183,0.020446,9.549168,9.549168,9.548751,9.548751,0.017951,0.000138,0.862443,2.546031,0.360276,-2.541564,1.256618,0.976092,1.020432,15.556515,15.999957,0.452729,15360.0,1.273484,15.512311,16.125017,0.625859,1008.0,14992.765625,1024.0,1024.0,125.120216,210600,64.0,1999.3
0,211400,12900,3703.766,123.619,52.224171,39.234177,0.550813,0.020446,9.311464,9.311464,9.311077,9.311077,0.017825,0.000141,0.852605,2.533088,0.36813,-2.540727,1.264132,0.976104,0.932048,15.649182,16.106365,0.465364,15360.0,1.304923,15.608386,16.349798,0.762137,1008.0,14992.960938,1024.0,1024.0,128.936203,211400,64.0,1999.3
0,212200,12950,3717.544,123.619,47.345852,35.636215,0.558124,0.020445,8.151989,8.151989,8.149754,8.149754,0.016378,0.000126,0.969699,2.900136,0.358982,-2.907704,1.252516,0.976118,0.894275,15.757534,16.200382,0.44963,15360.0,0.999695,15.764293,16.272518,0.517382,1008.0,14993.167969,1024.0,1024.0,180.025238,212200,64.0,1999.3
0,213000,13000,3731.27,123.619,52.025562,39.306896,0.647846,0.020446,8.65774,8.65774,8.657334,8.657334,0.028618,0.000141,1.053708,2.761631,0.4616,-2.764051,1.234728,0.976107,0.935334,15.807322,16.366766,0.56995,15360.0,1.79274,15.769222,17.293381,1.532246,1008.0,14992.995117,1024.0,1024.0,126.791237,213000,64.0,1999.3
0,213800,13050,3745.005,123.619,38.269535,27.894684,0.575988,0.020444,7.144701,7.144701,7.141423,7.141423,0.015812,0.000121,0.922503,3.325308,0.28636,-3.343868,1.247287,0.976262,0.711064,15.945861,16.287167,0.357173,15360.0,0.952261,15.923549,16.492065,0.598258,1008.0,14995.379883,1024.0,1024.0,150.696671,213800,64.0,1999.3
0,214600,13100,3758.818,123.619,42.330013,31.44693,0.59292,0.020445,7.236511,7.236511,7.234356,7.234356,0.020626,0.000127,1.161419,2.739309,0.413038,-2.743193,1.246107,0.976226,0.761984,15.987316,16.490124,0.51469,15360.0,1.287178,15.951581,17.021517,1.09531,1008.0,14994.834961,1024.0,1024.0,138.066483,214600,64.0,1999.3
0,215400,13150,3772.538,123.619,38.315422,27.61285,0.565703,0.020444,7.29355,7.29355,7.29181,7.29181,0.017246,0.000113,1.132815,3.257824,0.388898,-3.2339,1.242455,0.976198,0.71142,16.107445,16.586674,0.483188,15360.0,0.830957,16.078745,16.724913,0.650725,1008.0,14994.404297,1024.0,1024.0,130.69136,215400,64.0,1999.3
0,216200,13200,3786.341,123.619,46.847763,34.846992,0.581685,0.020445,8.237897,8.237897,8.237247,8.237247,0.020153,0.000125,1.06959,2.267435,0.484668,-2.288055,1.268758,0.976146,0.857963,16.177696,16.788351,0.614927,15360.0,1.364664,16.128059,17.356241,1.228978,1008.0,14993.594727,1024.0,1024.0,146.298248,216200,64.0,1999.3
0,217000,13250,3800.06,123.619,51.837082,38.586739,0.567403,0.020445,9.588192,9.588192,9.588179,9.588179,0.022106,0.000133,0.805226,2.541038,0.368762,-2.544439,1.364248,0.97618,0.906636,16.279943,16.760473,0.503083,15360.0,1.345409,16.242365,17.294769,1.137689,1008.0,14994.129883,1024.0,1024.0,132.905685,217000,64.0,1999.3
0,217800,13300,3813.69,123.619,42.509674,31.071495,0.577164,0.020444,7.907266,7.907266,7.906873,7.906873,0.017943,0.000115,0.836096,2.947713,0.31474,-2.982412,1.380608,0.976123,0.983789,16.426222,16.846924,0.434532,15360.0,1.075639,16.380825,17.068474,0.7242,1008.0,14993.25,1024.0,1024.0,170.226425,217800,64.0,1999.3
0,218600,13350,3827.496,123.619,40.985859,29.273609,0.622272,0.020444,7.91996,7.91996,7.91777,7.91777,0.023167,0.000112,0.815064,3.135019,0.31223,-3.109086,1.492043,0.976146,1.145893,16.629959,17.094872,0.465861,15360.0,1.322071,16.570578,17.480524,0.912741,1008.0,14993.595703,1024.0,1024.0,142.597626,218600,64.0,1999.3
0,219400,13400,3841.29,123.619,40.109325,29.038536,0.577072,0.020443,7.430952,7.430952,7.430238,7.430238,0.014757,0.000101,0.672157,2.800265,0.274895,-2.780405,1.564619,0.976179,1.242274,16.812599,17.242014,0.430106,15360.0,1.282648,16.723684,17.35013,0.628425,1008.0,14994.102539,1024.0,1024.0,190.471649,219400,64.0,1999.3
0,220200,13450,3855.093,123.619,42.967793,31.573626,0.558065,0.020444,7.728527,7.728527,7.724329,7.724329,0.015973,0.000117,0.603996,2.311642,0.294995,-2.320966,1.569168,0.97628,1.297194,16.950163,17.403456,0.462897,15360.0,1.376953,16.844704,17.448269,0.641031,1008.0,14995.663086,1024.0,1024.0,113.530251,220200,64.0,1999.3
0,221000,13500,3868.798,123.619,45.345306,32.469772,0.510451,0.020444,9.030337,9.030337,9.029388,9.029388,0.013775,0.000109,0.612332,1.921642,0.371164,-1.89652,1.626987,0.976127,1.379884,17.194136,17.796143,0.603879,15360.0,1.396823,17.040913,17.718271,0.680397,1008.0,14993.314453,1024.0,1024.0,113.264275,221000,64.0,1999.3
0,221800,13550,3882.514,123.619,47.827877,35.337116,0.612128,0.020444,8.442692,8.442692,8.438917,8.438917,0.02428,0.000116,0.654736,2.166331,0.354549,-2.178597,1.669353,0.9761,1.405461,17.432325,18.022598,0.591868,15360.0,1.703438,17.341082,18.437223,1.098249,1008.0,14992.893555,1024.0,1024.0,124.297897,221800,64.0,1999.3
0,222600,13600,3896.235,123.619,44.85078,32.962944,0.583426,0.020444,8.019034,8.019034,8.011893,8.011893,0.017838,0.000113,0.6221,2.184973,0.326601,-2.188318,1.671125,0.976219,1.371266,17.596727,18.139475,0.545792,15360.0,1.565535,17.48538,18.253616,0.774712,1008.0,14994.728516,1024.0,1024.0,144.494965,222600,64.0,1999.3
0,223400,13650,3910.037,123.619,48.207024,35.444904,0.519826,0.020444,9.163452,9.163452,9.163452,9.163452,0.015664,0.000116,0.395162,1.435189,0.29453,-1.433911,1.65275,0.97607,1.321731,17.750488,18.232557,0.486785,15360.0,1.417215,17.612724,18.125841,0.538967,1008.0,14992.433594,1024.0,1024.0,141.65741,223400,64.0,1999.3
0,224200,13700,3923.769,123.619,40.343513,29.183107,0.607989,0.020443,7.470333,7.470333,7.467665,7.467665,0.024157,0.000104,0.57053,2.596484,0.267709,-2.619422,1.653284,0.976305,1.25604,17.921738,18.357445,0.442599,15360.0,1.626801,17.836567,18.801222,0.981684,1008.0,14996.050781,1024.0,1024.0,163.331299,224200,64.0,1999.3
0,225000,13750,3937.589,123.619,46.977703,34.297142,0.569867,0.020444,9.025763,9.025763,9.025118,9.025118,0.019988,0.000113,0.42968,1.719944,0.328463,-1.728476,1.638384,0.97616,1.211308,18.042555,18.565294,0.538148,15360.0,1.736414,17.967583,18.918907,1.011752,1008.0,14993.817383,1024.0,1024.0,117.290657,225000,64.0,1999.3
0,225800,13800,3971.76,139.204,48.073643,35.852814,0.659987,0.020443,8.49973,8.49973,8.499658,8.499658,0.030102,0.000105,0.587915,1.986353,0.357306,-1.973953,1.578045,0.976268,1.105458,18.23522,18.793844,0.563844,15360.0,1.65775,18.188168,19.399794,1.222142,1008.0,14995.46875,1024.0,1024.0,133.455902,225800,64.0,1999.3
0,226600,13850,3985.494,139.204,42.219624,30.861889,0.59678,0.020443,7.956865,7.956865,7.955523,7.955523,0.019785,0.000106,0.563951,1.888996,0.3389,-1.887213,1.509571,0.97627,0.983008,18.370262,18.879795,0.511594,15360.0,1.470018,18.295532,19.108566,0.838048,1008.0,14995.506836,1024.0,1024.0,122.342033,226600,64.0,1999.3
0,227400,13900,3999.293,139.204,47.064629,34.661884,0.581096,0.020443,9.078753,9.078753,9.078753,9.078753,0.021045,0.000101,0.411085,1.373371,0.337516,-1.358853,1.463446,0.976179,0.966878,18.469284,18.952194,0.493937,15360.0,1.455372,18.423561,19.303867,0.920981,1008.0,14994.110352,1024.0,1024.0,144.180725,227400,64.0,1999.3
0,228200,13950,4013.015,139.204,46.003731,33.738594,0.570084,0.020443,9.069381,9.069381,9.069381,9.069381,0.018838,0.0001,0.472286,1.516936,0.364891,-1.520771,1.42774,0.97622,0.853773,18.593287,19.113108,0.52097,15360.0,1.240783,18.574759,19.329479,0.795025,1008.0,14994.746094,1024.0,1024.0,148.089737,228200,64.0,1999.3
0,229000,14000,4026.817,139.204,32.109074,23.176666,0.567609,0.020443,6.102939,6.102939,6.09038,6.09038,0.014245,9.7e-05,0.552776,1.822237,0.319022,-1.831889,1.402964,0.976294,0.790151,18.651283,19.093243,0.447576,15360.0,0.960655,18.615725,19.127106,0.545443,1008.0,14995.868164,1024.0,1024.0,133.632462,229000,64.0,1999.3
0,229800,14050,4040.474,139.204,43.275143,31.626825,0.54848,0.020443,8.756595,8.756595,8.748064,8.748064,0.01564,9.7e-05,0.396843,1.231653,0.360344,-1.244938,1.43264,0.976261,0.786947,18.749813,19.262131,0.516243,15360.0,0.877835,18.720064,19.161226,0.503957,1008.0,14995.374023,1024.0,1024.0,215.898407,229800,64.0,1999.3
0,230600,14100,4054.307,139.204,36.265934,26.810184,0.581064,0.020443,6.774995,6.774995,6.768561,6.768561,0.016094,9.5e-05,0.410333,1.57595,0.305259,-1.574082,1.498552,0.97631,0.72375,18.81278,19.256264,0.457447,15360.0,0.89222,18.769703,19.291973,0.584224,1008.0,14996.125977,1024.0,1024.0,144.831604,230600,64.0,1999.3
0,231400,14150,4068.12,139.204,48.746037,36.757561,0.581366,0.020443,9.225943,9.225943,9.224824,9.224824,0.020357,9.9e-05,0.249742,0.816646,0.315727,-0.837527,1.535095,0.97619,0.676623,18.898359,19.374464,0.484671,15360.0,1.039216,18.880108,19.709995,0.921977,1008.0,14994.273438,1024.0,1024.0,154.559662,231400,64.0,1999.3
0,232200,14200,4081.844,139.204,45.562042,34.151764,0.577415,0.020443,8.507168,8.507168,8.507168,8.507168,0.021054,0.000102,0.39656,0.891785,0.442754,-0.906056,1.592297,0.976127,0.76689,18.94956,19.644508,0.704995,15360.0,0.97029,18.917156,19.854567,0.963056,1008.0,14993.310547,1024.0,1024.0,112.350349,232200,64.0,1999.3
0,233000,14250,4095.691,139.204,45.026646,33.478546,0.571574,0.020443,8.799364,8.799364,8.7939,8.7939,0.020053,0.000101,0.269302,0.934667,0.334138,-0.933265,1.665073,0.976161,0.70752,19.033794,19.584505,0.556364,15360.0,0.999876,18.995859,19.934959,1.008957,1008.0,14993.839844,1024.0,1024.0,113.320625,233000,64.0,1999.3
0,233800,14300,4109.373,139.204,43.667812,32.610603,0.571028,0.020443,8.274199,8.274199,8.27288,8.27288,0.018082,9.4e-05,0.313358,0.970244,0.346505,-0.971891,1.663877,0.976248,0.790859,19.120668,19.694578,0.576542,15360.0,0.866338,19.079002,19.826925,0.788583,1008.0,14995.170898,1024.0,1024.0,168.462601,233800,64.0,1999.3
0,234600,14350,4123.194,139.204,45.788475,34.622566,0.606586,0.020443,8.393645,8.393645,8.392363,8.392363,0.023989,9.9e-05,0.175869,0.818095,0.270391,-0.832018,1.713127,0.976392,0.79594,19.197105,19.653976,0.463214,15360.0,1.113531,19.14381,20.078314,1.026622,1008.0,14997.378906,1024.0,1024.0,152.246994,234600,64.0,1999.3
0,235400,14400,4136.908,139.204,46.949799,35.217274,0.550803,0.020443,8.923487,8.923487,8.920889,8.920889,0.018213,0.0001,0.160311,0.615237,0.29854,-0.623088,1.795881,0.976165,0.932605,19.318871,19.851669,0.536143,15360.0,0.841764,19.220598,19.738821,0.545383,1008.0,14993.890625,1024.0,1024.0,119.029099,235400,64.0,1999.3
0,236200,14450,4150.72,139.204,44.123909,33.253242,0.615889,0.020443,7.677553,7.677553,7.672043,7.672043,0.025323,9.4e-05,0.227143,0.802217,0.350283,-0.798299,1.879734,0.976278,1.119313,19.523764,20.180422,0.658439,15360.0,1.475231,19.40691,20.683006,1.282143,1008.0,14995.633789,1024.0,1024.0,130.040054,236200,64.0,1999.3
0,237000,14500,4164.557,139.204,42.231968,30.968679,0.606499,0.020443,8.107648,8.107648,8.104216,8.104216,0.021919,9e-05,0.180169,0.847875,0.286244,-0.837604,1.962132,0.976234,1.160446,19.664913,20.224827,0.561647,15360.0,1.257734,19.553501,20.371166,0.847809,1008.0,14994.946289,1024.0,1024.0,127.302986,237000,64.0,1999.3
0,237800,14550,4178.209,139.204,45.476307,33.41967,0.577768,0.020443,8.85014,8.85014,8.85014,8.85014,0.020177,9.8e-05,0.063881,0.397029,0.253874,-0.370818,2.103781,0.97618,1.263864,19.897076,20.42601,0.534095,15360.0,1.318437,19.778841,20.571043,0.811998,1008.0,14994.120117,1024.0,1024.0,131.802444,237800,64.0,1999.3
0,238600,14600,4192.027,139.204,45.161495,33.361389,0.58397,0.020443,8.515377,8.515377,8.510982,8.510982,0.019954,9.7e-05,0.097173,0.548989,0.239781,-0.564201,2.130682,0.976226,1.289044,19.981234,20.488432,0.510898,15360.0,1.475211,19.836767,20.702517,0.922108,1008.0,14994.826172,1024.0,1024.0,232.079575,238600,64.0,1999.3
0,239400,14650,4205.767,139.204,46.50214,33.797386,0.546366,0.020442,9.235846,9.235846,9.235846,9.235846,0.019554,8.7e-05,0.149637,0.488636,0.362045,-0.50844,2.174633,0.976193,1.383245,20.346071,21.130913,0.787316,15360.0,1.485432,20.185802,20.922594,0.764989,1008.0,14994.327148,1024.0,1024.0,174.392899,239400,64.0,1999.3
0,240200,14700,4219.584,139.204,36.907894,26.697685,0.606613,0.020442,6.856901,6.856901,6.85617,6.85617,0.018119,8.7e-05,0.169019,0.842332,0.238023,-0.851352,2.172125,0.976254,1.395918,20.45051,20.964357,0.517017,15360.0,1.585419,20.296762,21.049671,0.77645,1008.0,14995.263672,1024.0,1024.0,111.995888,240200,64.0,1999.3
0,241000,14750,4233.341,139.204,43.779602,32.322994,0.555504,0.020443,8.094423,8.094423,8.091031,8.091031,0.018583,9e-05,0.095913,0.601907,0.222137,-0.624413,2.190527,0.976229,1.390916,20.65881,21.139425,0.486597,15360.0,1.63324,20.535646,21.357449,0.890886,1008.0,14994.878906,1024.0,1024.0,120.806831,241000,64.0,1999.3
0,241800,14800,4246.983,139.204,42.037811,30.197195,0.546057,0.020443,8.505491,8.505491,8.50398,8.50398,0.015777,8.6e-05,0.158307,0.916166,0.273696,-0.907833,2.192337,0.976143,1.343596,20.737612,21.334963,0.600035,15360.0,1.387237,20.563665,21.179327,0.644497,1008.0,14993.5625,1024.0,1024.0,108.634331,241800,64.0,1999.3
0,242600,14850,4260.812,139.204,50.460411,38.179817,0.577863,0.020443,8.840381,8.840381,8.8385,8.8385,0.023618,9.3e-05,0.078628,0.492236,0.288807,-0.480694,2.165667,0.976095,1.369356,21.00337,21.624012,0.625459,15360.0,1.69963,20.868792,22.060061,1.241565,1008.0,14992.814453,1024.0,1024.0,122.065643,242600,64.0,1999.3
0,243400,14900,4274.636,139.204,48.627491,35.363327,0.573413,0.020443,9.898204,9.898204,9.896895,9.896895,0.021449,9.2e-05,0.045105,0.408419,0.241921,-0.413074,2.06175,0.976254,1.275334,21.165508,21.659832,0.498781,15360.0,1.539488,21.062355,21.773272,0.802171,1008.0,14995.261719,1024.0,1024.0,176.906082,243400,64.0,1999.3
0,244200,14950,4288.379,139.204,42.499802,30.943165,0.618581,0.020443,8.302304,8.302304,8.302285,8.302285,0.022877,8.8e-05,0.183312,1.141098,0.213285,-1.118856,1.93998,0.976201,1.210834,21.196264,21.605108,0.413769,15360.0,1.3031,21.082455,21.677813,0.675041,1008.0,14994.445312,1024.0,1024.0,188.071533,244200,64.0,1999.3
0,245000,15000,4302.182,139.204,41.164104,30.034349,0.577053,0.020442,8.104515,8.104515,8.099899,8.099899,0.019189,8.8e-05,0.087769,0.532795,0.251767,-0.518778,1.846087,0.976219,1.10437,21.496342,21.955366,0.464784,15360.0,1.417187,21.367273,22.021254,0.699291,1008.0,14994.730469,1024.0,1024.0,117.370972,245000,64.0,1999.3
0,245800,15050,4315.802,139.204,46.611202,34.352432,0.583064,0.020443,9.127348,9.127348,9.123165,9.123165,0.022505,9.2e-05,0.038212,0.354657,0.368816,-0.351299,1.813055,0.976188,1.097458,21.590101,22.254465,0.668683,15360.0,1.598363,21.477381,22.500338,1.077404,1008.0,14994.246094,1024.0,1024.0,126.928299,245800,64.0,1999.3
0,246600,15100,4329.62,139.204,48.755703,36.336052,0.637787,0.020443,9.417856,9.417856,9.414589,9.414589,0.032979,9.7e-05,0.01831,0.217528,0.314329,-0.206745,1.755133,0.976153,0.957465,21.777323,22.320492,0.55169,15360.0,1.420018,21.679697,22.553127,0.983886,1008.0,14993.714844,1024.0,1024.0,155.540192,246600,64.0,1999.3
0,247400,15150,4343.431,139.204,41.107761,30.371372,0.568027,0.020442,8.149843,8.149843,8.149843,8.149843,0.018346,8.3e-05,0.043739,0.480385,0.280552,-0.483949,1.756559,0.976332,0.836402,21.910463,22.398838,0.492806,15360.0,1.009828,21.841335,22.391838,0.612313,1008.0,14996.451172,1024.0,1024.0,141.371521,247400,64.0,1999.3
0,248200,15200,4357.156,139.204,43.153355,31.965538,0.634854,0.020442,8.516381,8.516381,8.515781,8.515781,0.025923,8.2e-05,0.087378,0.722643,0.24098,-0.720537,1.736696,0.97624,0.733573,22.020432,22.430027,0.418508,15360.0,1.145178,21.965876,22.770195,0.879529,1008.0,14995.041016,1024.0,1024.0,143.460526,248200,64.0,1999.3
0,249000,15250,4370.94,139.204,49.787132,37.16288,0.63168,0.020443,9.705734,9.705734,9.705684,9.705684,0.028524,9e-05,-0.019374,0.076436,0.449643,-0.086365,1.743893,0.976151,0.885958,22.145647,22.92453,0.784129,15360.0,1.430789,22.096615,23.469751,1.431427,1008.0,14993.685547,1024.0,1024.0,167.427811,249000,64.0,1999.3
0,249800,15300,4384.572,139.204,49.860611,37.824356,0.579974,0.020443,9.243523,9.243523,9.242235,9.242235,0.021704,9.6e-05,0.11188,0.320654,0.405984,-0.330201,1.790653,0.976209,0.797191,22.21349,22.934799,0.726977,15360.0,1.196305,22.12854,23.102478,1.137538,1008.0,14994.5625,1024.0,1024.0,127.653931,249800,64.0,1999.3
0,250600,15350,4419.143,154.632,47.716927,35.795143,0.549498,0.020442,9.583067,9.583067,9.582415,9.582415,0.018911,8.1e-05,-0.045984,-0.079087,0.275188,0.096151,1.823299,0.976245,0.608297,22.325632,22.816837,0.50175,15360.0,0.827193,22.258808,22.747173,0.722774,1008.0,14995.123047,1024.0,1024.0,150.200211,250600,64.0,1999.3
0,251400,15400,4432.927,154.632,43.297256,32.598267,0.587068,0.020442,8.418739,8.418739,8.417084,8.417084,0.021045,8.2e-05,-0.064175,0.001404,0.275352,0.024098,1.911175,0.97624,0.613803,22.416248,22.933228,0.526246,15360.0,0.937465,22.361166,23.298016,1.019461,1008.0,14995.043945,1024.0,1024.0,131.89238,251400,64.0,1999.3
0,252200,15450,4446.651,154.632,45.761631,34.481663,0.585329,0.020442,8.879227,8.879227,8.878679,8.878679,0.023188,8.2e-05,-0.057285,-0.149639,0.309423,0.133963,1.988829,0.976204,0.683784,22.488539,23.08823,0.61539,15360.0,0.935153,22.413994,23.3748,1.058235,1008.0,14994.488281,1024.0,1024.0,145.331497,252200,64.0,1999.3
0,253000,15500,4460.482,154.632,40.828266,29.973625,0.565457,0.020442,8.416956,8.416956,8.416251,8.416251,0.019115,8.2e-05,-0.002366,0.154636,0.274601,-0.140112,2.16658,0.976217,0.757835,22.624319,23.210369,0.594945,15360.0,0.848743,22.548872,23.261963,0.829607,1008.0,14994.685547,1024.0,1024.0,134.812012,253000,64.0,1999.3
0,253800,15550,4474.215,154.632,35.097725,25.570503,0.620012,0.020442,7.225379,7.225379,7.217953,7.217953,0.021105,8.1e-05,0.002171,0.364922,0.184934,-0.368559,2.264093,0.976237,0.681605,22.609409,23.020706,0.418709,15360.0,0.850242,22.497242,23.148054,0.785239,1008.0,14994.996094,1024.0,1024.0,159.406494,253800,64.0,1999.3
0,254600,15600,4487.946,154.632,44.637341,33.830109,0.639111,0.020442,8.235652,8.235652,8.231909,8.231909,0.024149,7.9e-05,-0.033799,-0.07932,0.221387,0.09207,2.350496,0.976196,0.891093,22.850208,23.351784,0.52037,15360.0,0.770556,22.693018,23.110582,0.533293,1008.0,14994.371094,1024.0,1024.0,171.880417,254600,64.0,1999.3
0,255400,15650,4501.759,154.632,42.222958,31.375378,0.600117,0.020442,8.114607,8.114607,8.108929,8.108929,0.020298,8.2e-05,-0.05361,-0.076337,0.206079,0.091427,2.567907,0.976175,1.042988,23.119587,23.638687,0.529191,15360.0,1.038594,22.91234,23.677019,0.825277,1008.0,14994.044922,1024.0,1024.0,160.799561,255400,64.0,1999.3
0,256200,15700,4515.497,154.632,47.109997,34.496731,0.621819,0.020442,9.540264,9.540264,9.540264,9.540264,0.028345,7.7e-05,-0.090037,-0.054302,0.253134,0.085224,2.616936,0.976238,1.167402,23.386211,24.041452,0.662436,15360.0,1.331158,23.199856,24.221378,1.079912,1008.0,14995.021484,1024.0,1024.0,158.800385,256200,64.0,1999.3
0,257000,15750,4529.309,154.632,41.372593,29.882236,0.569046,0.020442,8.500213,8.500213,8.499884,8.499884,0.020068,7.9e-05,0.02442,0.424074,0.216557,-0.428412,2.792877,0.976174,1.166679,23.405224,24.007607,0.604817,15360.0,1.198444,23.191067,23.850163,0.737107,1008.0,14994.025391,1024.0,1024.0,101.164543,257000,64.0,1999.3
0,257800,15800,4543.036,154.632,45.072865,32.840599,0.590486,0.020442,9.167942,9.167942,9.167614,9.167614,0.022291,7.2e-05,0.010795,0.256289,0.16436,-0.25616,2.951916,0.976233,1.18539,23.416388,23.887159,0.485177,15360.0,1.134724,23.241537,23.789036,0.737194,1008.0,14994.933594,1024.0,1024.0,147.835602,257800,64.0,1999.3
0,258600,15850,4556.769,154.632,39.231979,28.114395,0.584965,0.020442,7.959476,7.959476,7.956816,7.956816,0.023529,7e-05,0.003809,0.294251,0.196586,-0.294364,3.042042,0.976241,1.300216,23.926834,24.515034,0.598024,15360.0,1.509099,23.695795,24.740541,1.096903,1008.0,14995.060547,1024.0,1024.0,157.964981,258600,64.0,1999.3
0,259400,15900,4570.571,154.632,50.696995,37.460793,0.525365,0.020442,10.047918,10.047918,10.047918,10.047918,0.016176,7.6e-05,-0.107128,-0.333232,0.240722,0.324813,3.103289,0.976232,1.327079,24.294573,25.033426,0.74703,15360.0,1.392442,23.995808,24.743023,0.883451,1008.0,14994.927734,1024.0,1024.0,142.234772,259400,64.0,1999.3
0,260200,15950,4584.276,154.632,41.513374,29.971207,0.556528,0.020442,8.393209,8.393209,8.391824,8.391824,0.018587,7.5e-05,-0.045146,-0.105766,0.205004,0.077386,3.173378,0.976169,1.299714,24.653452,25.283693,0.650554,15360.0,1.593663,24.407845,25.354391,1.115876,1008.0,14993.958984,1024.0,1024.0,140.230484,260200,64.0,1999.3
0,261000,16000,4598.105,154.632,39.370743,28.358664,0.563062,0.020442,7.896788,7.896788,7.893166,7.893166,0.015828,6.8e-05,0.02206,0.471946,0.177187,-0.482209,3.170273,0.976203,1.301926,24.376791,24.927317,0.561731,15360.0,1.393744,24.087051,24.664658,0.684287,1008.0,14994.480469,1024.0,1024.0,121.453629,261000,64.0,1999.3
0,261800,16050,4611.82,154.632,46.100578,33.931847,0.556272,0.020442,9.049643,9.049643,9.048587,9.048587,0.017555,7.4e-05,-0.031527,-0.078812,0.168446,0.07981,3.200077,0.976195,1.235794,24.852787,25.377874,0.539042,15360.0,1.443815,24.602318,25.224529,0.766479,1008.0,14994.34668,1024.0,1024.0,195.904694,261800,64.0,1999.3
0,262600,16100,4625.543,154.632,50.954849,37.605843,0.585014,0.020442,10.010266,10.010266,10.010266,10.010266,0.023014,8.2e-05,0.004747,0.328888,0.178569,-0.340333,3.173954,0.976165,1.27567,24.741213,25.298775,0.566771,15360.0,1.506135,24.530346,25.262468,0.895266,1008.0,14993.896484,1024.0,1024.0,143.725189,262600,64.0,1999.3
0,263400,16150,4639.342,154.632,46.541935,34.592846,0.582694,0.020442,8.775847,8.775847,8.771667,8.771667,0.026236,7.1e-05,-0.049512,-0.127988,0.244479,0.131196,3.146444,0.976115,1.164644,25.37735,26.136284,0.769239,15360.0,1.924612,25.159159,26.971096,1.891382,1008.0,14993.125,1024.0,1024.0,185.637115,263400,64.0,1999.3
0,264200,16200,4653.062,154.632,48.78521,36.621925,0.628038,0.020442,9.069921,9.069921,9.069921,9.069921,0.027831,7e-05,-0.030702,0.01719,0.188996,-0.023174,3.089146,0.976199,1.189897,25.222437,25.790924,0.583835,15360.0,1.262321,25.031971,25.5874,0.637112,1008.0,14994.415039,1024.0,1024.0,148.542755,264200,64.0,1999.3
0,265000,16250,4666.884,154.632,47.76305,35.478428,0.551171,0.020442,9.230875,9.230875,9.229183,9.229183,0.021912,7.4e-05,-0.015594,0.283825,0.195306,-0.269318,2.990065,0.976199,1.142821,25.274248,25.835875,0.583978,15360.0,1.439394,24.954613,25.809952,1.068855,1008.0,14994.421875,1024.0,1024.0,239.085831,265000,64.0,1999.3
0,265800,16300,4680.606,154.632,44.908989,33.431244,0.579847,0.020442,8.630152,8.630152,8.629904,8.629904,0.021588,6.9e-05,-0.039341,-0.012184,0.225774,-0.010204,2.924032,0.976222,1.049225,25.652536,26.301689,0.660171,15360.0,1.248031,25.454298,25.991674,0.676969,1008.0,14994.774414,1024.0,1024.0,149.219345,265800,64.0,1999.3
0,266600,16350,4694.318,154.632,44.501839,33.505264,0.555142,0.020442,8.321836,8.321836,8.319743,8.319743,0.017437,6.6e-05,-0.00362,-0.051502,0.158889,0.059685,2.904358,0.976219,0.889604,25.798704,26.218475,0.461469,15360.0,1.26995,25.618223,26.158051,0.870059,1008.0,14994.728516,1024.0,1024.0,162.18721,266600,64.0,1999.3
0,267400,16400,4708.121,154.632,39.887867,29.346178,0.584321,0.020441,8.041317,8.041317,8.039557,8.039557,0.018191,6.4e-05,-0.003735,0.092018,0.157982,-0.084249,2.872593,0.976242,0.765193,25.935368,26.379244,0.453818,15360.0,1.100071,25.752075,26.256632,0.748772,1008.0,14995.070312,1024.0,1024.0,135.375015,267400,64.0,1999.3
0,268200,16450,4721.849,154.632,41.464977,30.577805,0.571922,0.020442,8.497538,8.497538,8.497519,8.497519,0.020782,6.9e-05,-0.064971,-0.058516,0.19728,0.059691,2.834555,0.976269,0.739134,26.13096,26.669701,0.559202,15360.0,0.911179,25.966654,26.417896,0.654633,1008.0,14995.498047,1024.0,1024.0,127.414574,268200,64.0,1999.3
0,269000,16500,4735.668,154.632,39.0532,29.0445,0.574438,0.020441,7.757679,7.757679,7.75609,7.75609,0.019759,5.9e-05,-0.024511,0.198677,0.157204,-0.185031,2.792521,0.976217,0.620151,26.212299,26.642319,0.438995,15360.0,0.949105,26.040905,26.673571,0.771291,1008.0,14994.688477,1024.0,1024.0,173.189377,269000,64.0,1999.3
0,269800,16550,4749.392,154.632,43.362633,31.968258,0.614702,0.020442,8.974295,8.974295,8.974295,8.974295,0.029344,7e-05,-0.035233,0.037127,0.146901,-0.026314,2.805719,0.97621,0.604263,26.374006,26.777044,0.412164,15360.0,1.061576,26.234112,27.176046,1.097711,1008.0,14994.584961,1024.0,1024.0,121.70974,269800,64.0,1999.3
0,270600,16600,4763.122,154.632,43.571674,31.99852,0.556156,0.020441,9.168994,9.168994,9.168608,9.168608,0.020802,6e-05,-0.095526,-0.232466,0.226095,0.253593,2.850965,0.976166,0.75437,26.672089,27.299599,0.644588,15360.0,0.839388,26.425825,27.026686,0.733574,1008.0,14993.90332,1024.0,1024.0,129.663025,270600,64.0,1999.3
0,271400,16650,4776.942,154.632,43.532608,31.738083,0.565645,0.020442,9.204869,9.204869,9.204869,9.204869,0.018628,6.5e-05,-0.060746,0.030211,0.252721,-0.041026,3.006071,0.976196,0.844748,26.833426,27.590101,0.759697,15360.0,0.996942,26.528896,27.478628,1.048226,1008.0,14994.369141,1024.0,1024.0,130.747894,271400,64.0,1999.3
0,272200,16700,4790.656,154.632,40.696754,29.312431,0.580209,0.020441,8.846972,8.846972,8.846972,8.846972,0.025078,6.3e-05,-0.098506,-0.316991,0.179844,0.351017,3.141756,0.97621,0.890723,27.06089,27.607761,0.565027,15360.0,0.865943,26.844797,27.435841,0.706669,1008.0,14994.584961,1024.0,1024.0,131.840118,272200,64.0,1999.3
0,273000,16750,4804.488,154.632,35.501865,25.764336,0.585377,0.020442,7.105465,7.105465,7.103071,7.103071,0.021056,6.6e-05,0.02048,0.265468,0.25768,-0.25042,3.377363,0.976229,0.990751,27.260002,28.128531,0.87028,15360.0,1.014893,27.020096,28.074074,1.153379,1008.0,14994.87207,1024.0,1024.0,131.686279,273000,64.0,1999.3
0,273800,16800,4818.202,154.632,50.054863,37.437386,0.63146,0.020442,9.644451,9.644451,9.644451,9.644451,0.030964,6.8e-05,-0.073133,-0.369595,0.180247,0.34545,3.61055,0.976217,1.084881,27.541698,28.1626,0.650789,15360.0,1.149779,27.292353,27.928282,0.830571,1008.0,14994.696289,1024.0,1024.0,217.918243,273800,64.0,1999.3
0,274600,16850,4831.94,154.632,47.265621,35.157448,0.576926,0.020441,9.194199,9.194199,9.191725,9.191725,0.021335,5.9e-05,-0.115528,-0.364761,0.190981,0.384173,3.82242,0.976213,1.157843,27.80006,28.516123,0.730011,15360.0,1.182899,27.452177,28.264164,0.962941,1008.0,14994.637695,1024.0,1024.0,135.29628,274600,64.0,1999.3
0,275400,16900,4867.157,170.122,45.967308,33.778004,0.591053,0.020442,9.071172,9.071172,9.067623,9.067623,0.023366,6.9e-05,-0.101199,-0.270508,0.202264,0.263074,3.960066,0.976196,1.20437,28.32271,29.107059,0.800979,15360.0,1.654504,28.016829,29.638023,1.80933,1008.0,14994.376953,1024.0,1024.0,155.528046,275400,64.0,1999.3
0,276200,16950,4880.9,170.122,37.255108,26.546541,0.59633,0.020441,7.809796,7.809796,7.809102,7.809102,0.019563,6.1e-05,-0.049183,-0.031739,0.148516,0.02986,4.066833,0.976205,1.176529,28.296677,28.889952,0.603989,15360.0,1.24558,27.926468,28.472898,0.623092,1008.0,14994.506836,1024.0,1024.0,156.607773,276200,64.0,1999.3
0,277000,17000,4894.723,170.122,45.558643,33.315845,0.577565,0.020442,9.153904,9.153904,9.153904,9.153904,0.022679,6.6e-05,-0.105921,-0.338244,0.190349,0.329122,4.20208,0.976205,1.222459,28.702206,29.485184,0.799862,15360.0,1.529854,28.349096,29.500296,1.277387,1008.0,14994.504883,1024.0,1024.0,168.134171,277000,64.0,1999.3
0,277800,17050,4908.354,170.122,38.789772,27.339027,0.630396,0.020441,8.332703,8.332703,8.332232,8.332232,0.025192,5.7e-05,0.006077,0.493082,0.095366,-0.491912,4.25359,0.976242,1.230512,28.132151,28.528053,0.405647,15360.0,1.324491,27.897709,28.703762,0.888551,1008.0,14995.076172,1024.0,1024.0,147.89447,277800,64.0,1999.3
0,278600,17100,4922.161,170.122,42.757229,31.120438,0.643696,0.020441,8.384271,8.384271,8.381791,8.381791,0.031667,6.3e-05,-0.020545,-0.052781,0.142275,0.057558,4.274488,0.97624,1.241863,28.998287,29.577974,0.608151,15360.0,1.762126,28.703211,30.258686,1.825065,1008.0,14995.042969,1024.0,1024.0,147.333115,278600,64.0,1999.3
0,279400,17150,4935.978,170.122,46.511303,33.746204,0.558032,0.020441,9.625322,9.625322,9.625174,9.625174,0.021419,6.3e-05,-0.053964,-0.13508,0.162109,0.150149,4.240009,0.976207,1.212916,29.15851,29.821972,0.687343,15360.0,1.466045,28.841333,29.661127,1.032091,1008.0,14994.539062,1024.0,1024.0,130.241211,279400,64.0,1999.3
0,280200,17200,4949.714,170.122,40.410568,28.918217,0.603388,0.020441,8.379875,8.379875,8.379551,8.379551,0.021197,5.9e-05,-0.02479,0.000655,0.107296,-0.005804,4.199635,0.976228,1.238844,28.976561,29.391535,0.450606,15360.0,1.455355,28.677216,29.358381,0.883974,1008.0,14994.855469,1024.0,1024.0,210.382431,280200,64.0,1999.3
0,281000,17250,4963.55,170.122,42.372707,30.97501,0.618702,0.020441,8.36204,8.36204,8.36204,8.36204,0.025021,6.2e-05,-0.025603,-0.072988,0.1186,0.070204,4.10335,0.976174,1.18053,29.303375,29.746969,0.486656,15360.0,1.351275,29.067568,29.522264,0.753206,1008.0,14994.03125,1024.0,1024.0,155.062805,281000,64.0,1999.3
0,281800,17300,4977.217,170.122,43.574379,32.110935,0.581559,0.020441,8.501619,8.501619,8.498073,8.498073,0.019959,6e-05,-0.038256,-0.130001,0.149182,0.158218,4.100706,0.97619,1.149925,29.660397,30.238937,0.611751,15360.0,1.326645,29.27607,29.990248,0.946204,1008.0,14994.274414,1024.0,1024.0,118.490738,281800,64.0,1999.3
0,282600,17350,4991.073,170.122,43.386776,31.972755,0.583011,0.020441,8.538359,8.538359,8.538317,8.538317,0.021652,5.4e-05,-0.051912,-0.176001,0.149965,0.16658,4.008083,0.976232,1.08161,29.934975,30.520489,0.601074,15360.0,1.29557,29.659739,30.480003,0.92301,1008.0,14994.928711,1024.0,1024.0,133.628769,282600,64.0,1999.3
0,283400,17400,5004.922,170.122,36.513035,25.942583,0.593649,0.020441,7.87157,7.87157,7.870494,7.870494,0.020383,5.2e-05,-0.044535,-0.103437,0.147554,0.101573,3.985929,0.976237,1.012593,30.137636,30.712204,0.588142,15360.0,1.098593,29.859165,30.124922,0.478588,1008.0,14995.005859,1024.0,1024.0,156.007172,283400,64.0,1999.3
0,284200,17450,5018.775,170.122,47.186638,34.931396,0.552941,0.020441,9.643064,9.643064,9.643064,9.643064,0.019991,5.8e-05,-0.164131,-0.657163,0.270738,0.649057,3.948956,0.976229,0.947385,30.730579,31.782089,1.069132,15360.0,0.97079,30.499968,31.309673,0.984948,1008.0,14994.875,1024.0,1024.0,152.267563,284200,64.0,1999.3
0,285000,17500,5032.54,170.122,45.633953,32.973549,0.588164,0.020441,9.824044,9.824044,9.824044,9.824044,0.025882,6.1e-05,-0.117047,-0.424685,0.195303,0.406888,3.913815,0.976236,0.977746,30.552467,31.300049,0.76438,15360.0,1.282173,30.291315,31.519978,1.449215,1008.0,14994.978516,1024.0,1024.0,186.787445,285000,64.0,1999.3
0,285800,17550,5046.3,170.122,36.910202,27.201195,0.603346,0.020441,7.21975,7.21975,7.217799,7.217799,0.021823,5.3e-05,-0.078442,-0.234265,0.169478,0.23458,3.762758,0.9762,0.899712,30.714527,31.328587,0.637704,15360.0,1.074095,30.397312,30.944492,0.861973,1008.0,14994.4375,1024.0,1024.0,201.269379,285800,64.0,1999.3
0,286600,17600,5060.066,170.122,39.351505,28.40929,0.607549,0.020441,8.354891,8.354891,8.354618,8.354618,0.022273,5.4e-05,-0.062263,-0.256034,0.136709,0.245211,3.712948,0.97622,0.86424,30.652376,31.150185,0.507594,15360.0,1.072896,30.340395,31.105125,0.99124,1008.0,14994.735352,1024.0,1024.0,143.378494,286600,64.0,1999.3
0,287400,17650,5073.909,170.122,45.671879,33.550949,0.631681,0.020441,9.503868,9.503868,9.503761,9.503761,0.03177,5.8e-05,-0.111082,-0.405203,0.157635,0.432549,3.745623,0.976152,0.764821,31.002985,31.581059,0.590441,15360.0,1.202714,30.709831,31.730417,1.262381,1008.0,14993.699219,1024.0,1024.0,173.987579,287400,64.0,1999.3
0,288200,17700,5087.727,170.122,58.528839,44.778576,0.612968,0.020442,10.900025,10.900025,10.900025,10.900025,0.03342,6.5e-05,-0.247333,-0.834747,0.267869,0.830226,3.745132,0.976174,1.015427,31.607777,32.582062,1.003205,15360.0,1.195764,31.086948,32.317455,1.406395,1008.0,14994.02832,1024.0,1024.0,186.41301,288200,64.0,1999.3
0,289000,17750,5101.476,170.122,38.787045,28.260984,0.580273,0.020441,8.001816,8.001816,7.999469,7.999469,0.020858,5.5e-05,-0.155715,-0.414097,0.232455,0.383184,3.848413,0.976222,0.954337,31.795383,32.67992,0.894584,15360.0,1.082419,31.364424,32.284584,1.12214,1008.0,14994.767578,1024.0,1024.0,139.70752,289000,64.0,1999.3
0,289800,17800,5115.218,170.122,39.921238,28.557732,0.629908,0.020441,8.945381,8.945381,8.945381,8.945381,0.02556,5.5e-05,-0.080101,-0.475062,0.12998,0.48806,3.979521,0.976181,0.712589,31.661325,32.16283,0.517257,15360.0,0.802496,31.442556,32.08762,0.772161,1008.0,14994.140625,1024.0,1024.0,210.694946,289800,64.0,1999.3
0,290600,17850,5129.025,170.122,42.507805,31.100639,0.591169,0.020441,8.744398,8.744398,8.743982,8.743982,0.022853,5.4e-05,-0.140055,-0.694789,0.193256,0.657233,4.180344,0.97625,0.933704,32.187332,32.98262,0.807876,15360.0,1.276893,31.809559,33.179474,1.530248,1008.0,14995.201172,1024.0,1024.0,133.535263,290600,64.0,1999.3
0,291400,17900,5142.764,170.122,39.507187,29.136433,0.555624,0.020441,7.76906,7.76906,7.768009,7.768009,0.016145,5.2e-05,-0.144904,-0.65587,0.183341,0.666383,4.46405,0.976203,1.062685,32.57103,33.379463,0.818443,15360.0,1.103148,32.012657,32.592529,0.814387,1008.0,14994.483398,1024.0,1024.0,134.753036,291400,64.0,1999.3
0,292200,17950,5156.593,170.122,35.573353,25.773815,0.578472,0.020441,7.174077,7.174077,7.170988,7.170988,0.019078,5.4e-05,-0.089804,-0.199708,0.169576,0.211525,4.693747,0.976226,1.016065,32.636158,33.411789,0.795946,15360.0,1.276254,32.214996,33.390778,1.409254,1008.0,14994.830078,1024.0,1024.0,153.203232,292200,64.0,1999.3
0,293000,18000,5170.322,170.122,44.145939,32.251541,0.552698,0.020441,9.101324,9.101324,9.101324,9.101324,0.019805,5.2e-05,-0.159033,-0.727263,0.195725,0.74115,4.865911,0.976248,1.111412,33.320244,34.252548,0.952378,15360.0,1.191394,32.801003,33.439457,0.792398,1008.0,14995.162109,1024.0,1024.0,121.995728,293000,64.0,1999.3
0,293800,18050,5184.064,170.122,33.800327,23.855438,0.61289,0.020441,7.305714,7.305714,7.304452,7.304452,0.02214,4.8e-05,-0.032597,-0.101112,0.119219,0.099825,4.975262,0.976246,0.999827,32.626938,33.202236,0.593143,15360.0,1.026808,32.320538,33.148037,0.993016,1008.0,14995.130859,1024.0,1024.0,131.700684,293800,64.0,1999.3
0,294600,18100,5197.823,170.122,45.583572,33.425102,0.534884,0.020441,9.349822,9.349822,9.348299,9.348299,0.016526,5.1e-05,-0.065687,-0.745321,0.097834,0.719343,5.12565,0.976135,1.072648,33.153961,33.588863,0.501464,15360.0,1.037911,32.65358,32.685993,0.623983,1008.0,14993.438477,1024.0,1024.0,196.795258,294600,64.0,1999.3
0,295400,18150,5211.665,170.122,47.438084,35.153255,0.66499,0.020441,9.301432,9.301432,9.301233,9.301233,0.028042,5.5e-05,-0.056734,-0.542295,0.113072,0.54597,5.226181,0.976271,1.088382,33.348194,33.84808,0.590932,15360.0,1.120579,33.041489,33.753098,0.923309,1008.0,14995.521484,1024.0,1024.0,171.642776,295400,64.0,1999.3
0,296200,18200,5225.471,170.122,41.669788,29.702766,0.60838,0.020441,9.055984,9.055984,9.055834,9.055834,0.025624,4.9e-05,-0.055235,-0.247964,0.112254,0.216646,5.316545,0.976193,1.073599,33.320786,33.89323,0.596802,15360.0,1.194175,32.990173,33.841782,0.978508,1008.0,14994.327148,1024.0,1024.0,170.497772,296200,64.0,1999.3
0,297000,18250,5239.185,170.122,43.271542,31.33069,0.629051,0.020441,8.997936,8.997936,8.997936,8.997936,0.026577,4.8e-05,-0.097285,-0.578409,0.140518,0.559068,5.342091,0.976223,1.067251,34.358555,35.094597,0.750661,15360.0,1.412205,33.980663,35.009804,1.11913,1008.0,14994.777344,1024.0,1024.0,157.991837,297000,64.0,1999.3
0,297800,18300,5252.934,170.122,34.137405,24.136444,0.646507,0.020441,7.158411,7.158411,7.152342,7.152342,0.024192,4.6e-05,0.003454,0.035615,0.084907,-0.017696,5.310036,0.976266,1.123031,33.214821,33.631054,0.450862,15360.0,1.11093,32.749989,33.277889,0.6918,1008.0,14995.445312,1024.0,1024.0,188.524841,297800,64.0,1999.3
0,298600,18350,5266.761,170.122,39.832382,28.438824,0.606395,0.020441,8.448645,8.448645,8.448324,8.448324,0.02296,4.8e-05,-0.029384,-0.104716,0.101689,0.115701,5.302631,0.97623,1.126057,33.808193,34.298462,0.539222,15360.0,1.255135,33.45195,34.003819,0.831547,1008.0,14994.891602,1024.0,1024.0,175.282043,298600,64.0,1999.3
0,299400,18400,5280.503,170.122,44.461102,32.50724,0.594084,0.020441,9.11986,9.11986,9.116962,9.116962,0.023457,5.5e-05,-0.078669,-0.464871,0.137958,0.454327,5.279812,0.976186,0.995569,34.623219,35.322506,0.72839,15360.0,1.301972,34.188286,35.354275,1.378876,1008.0,14994.208984,1024.0,1024.0,136.988708,299400,64.0,1999.3
0,300200,18450,5316.124,185.542,45.865757,32.861542,0.542866,0.020441,10.064207,10.064207,10.064207,10.064207,0.018642,5e-05,-0.044758,-0.411651,0.111964,0.40681,5.294369,0.976157,1.052588,34.414959,34.967335,0.59278,15360.0,1.208173,34.01545,34.497543,0.896676,1008.0,14993.777344,1024.0,1024.0,173.605179,300200,64.0,1999.3
0,301000,18500,5329.894,185.542,46.277836,33.964268,0.572886,0.020441,9.463337,9.463337,9.463337,9.463337,0.022625,4.7e-05,-0.070073,-0.558028,0.148212,0.588902,5.264004,0.976262,0.971907,35.213673,35.959499,0.78019,15360.0,1.362457,34.821922,35.983871,1.383367,1008.0,14995.383789,1024.0,1024.0,166.362305,301000,64.0,1999.3
0,301800,18550,5343.566,185.542,45.761555,33.460014,0.596168,0.020441,9.31288,9.31288,9.311674,9.311674,0.023082,4.8e-05,-0.039111,-0.36271,0.134784,0.348793,5.301674,0.976169,1.080948,34.7099,35.376095,0.714581,15360.0,1.329755,34.398251,35.44912,1.29697,1008.0,14993.957031,1024.0,1024.0,130.210236,301800,64.0,1999.3
0,302600,18600,5357.387,185.542,41.990196,29.891308,0.563061,0.020441,9.27171,9.27171,9.27171,9.27171,0.020746,4.3e-05,-0.02374,-0.378642,0.116302,0.368677,5.26223,0.976196,0.991118,35.050499,35.62059,0.612008,15360.0,1.163768,34.687992,35.371418,0.993022,1008.0,14994.367188,1024.0,1024.0,172.273972,302600,64.0,1999.3
0,303400,18650,5371.124,185.542,46.707001,33.854225,0.63665,0.020441,9.982689,9.982689,9.981657,9.981657,0.029296,4.9e-05,-0.040888,-0.421531,0.142419,0.413195,5.117226,0.976188,0.936453,35.405201,36.100197,0.728791,15360.0,1.063883,35.010807,35.745182,0.987354,1008.0,14994.240234,1024.0,1024.0,138.485657,303400,64.0,1999.3
0,304200,18700,5384.939,185.542,42.233276,30.277081,0.593454,0.020441,9.068737,9.068737,9.068611,9.068611,0.024765,4.6e-05,0.001989,-0.27929,0.103925,0.277574,5.066254,0.976199,0.95714,35.36203,35.817364,0.526511,15360.0,1.358545,35.072632,35.979565,1.44773,1008.0,14994.411133,1024.0,1024.0,146.32077,304200,64.0,1999.3
0,305000,18750,5398.761,185.542,40.991116,29.373888,0.550349,0.020441,8.843544,8.843544,8.843385,8.843385,0.018593,4.4e-05,-0.029713,-0.299803,0.167639,0.280191,5.000698,0.976197,1.044129,35.654835,36.463356,0.838314,15360.0,1.013749,35.235817,35.713634,0.754715,1008.0,14994.391602,1024.0,1024.0,156.336823,305000,64.0,1999.3
0,305800,18800,5412.393,185.542,45.865536,32.894016,0.583992,0.020441,9.930855,9.930855,9.930855,9.930855,0.022512,4.8e-05,-0.019071,-0.380761,0.160416,0.393385,5.003578,0.976238,1.099326,35.565586,36.319824,0.802652,15360.0,1.209653,35.159763,36.069637,1.240087,1008.0,14995.010742,1024.0,1024.0,141.237473,305800,64.0,1999.3
0,306600,18850,5426.21,185.542,47.223125,34.782318,0.604961,0.020441,9.551249,9.551249,9.550486,9.550486,0.029004,4.7e-05,-0.05243,-0.476028,0.175974,0.474167,4.978878,0.97625,1.016777,36.240845,37.095264,0.876152,15360.0,1.148943,35.890587,37.230927,1.566541,1008.0,14995.196289,1024.0,1024.0,167.130051,306600,64.0,1999.3
0,307400,18900,5439.951,185.542,39.842129,28.58692,0.59102,0.020441,8.389914,8.389914,8.388101,8.388101,0.021495,4.2e-05,-0.028322,-0.318007,0.175036,0.330449,4.965378,0.976189,1.090026,36.260925,37.107586,0.869122,15360.0,1.177126,35.85223,37.067532,1.413391,1008.0,14994.267578,1024.0,1024.0,127.031601,307400,64.0,1999.3
0,308200,18950,5453.775,185.542,43.346565,31.544191,0.568829,0.020441,9.093419,9.093419,9.093419,9.093419,0.019034,4.2e-05,-0.077902,-0.489591,0.167513,0.495155,4.954453,0.976225,1.029846,36.685577,37.485149,0.829934,15360.0,0.861329,36.205444,36.601974,0.608228,1008.0,14994.816406,1024.0,1024.0,187.33551,308200,64.0,1999.3
0,309000,19000,5467.604,185.542,42.100899,30.491804,0.592907,0.020441,8.796902,8.796902,8.794994,8.794994,0.022909,4.4e-05,-0.033601,-0.437177,0.141953,0.433713,4.885902,0.976266,1.000938,36.494282,37.167675,0.693569,15360.0,1.172709,35.959614,36.936501,1.182271,1008.0,14995.449219,1024.0,1024.0,131.83371,309000,64.0,1999.3
0,309800,19050,5481.276,185.542,43.739407,31.956949,0.569819,0.020441,9.054348,9.054348,9.054102,9.054102,0.02094,4.4e-05,-0.060131,-0.6529,0.130601,0.651406,4.981606,0.976238,0.96158,36.925865,37.536434,0.650605,15360.0,1.103233,36.455322,36.979416,0.877039,1008.0,14995.011719,1024.0,1024.0,172.429306,309800,64.0,1999.3
0,310600,19100,5495.11,185.542,47.117413,34.405079,0.592366,0.020441,9.825842,9.825842,9.822443,9.822443,0.022576,4.3e-05,-0.074459,-0.562425,0.168085,0.548888,5.075615,0.976187,1.027236,37.311138,38.133625,0.853134,15360.0,1.127734,36.813595,37.71394,1.091527,1008.0,14994.224609,1024.0,1024.0,154.221436,310600,64.0,1999.3
0,311400,19150,5508.848,185.542,37.625389,26.988157,0.596525,0.020441,7.988758,7.988758,7.987279,7.987279,0.020765,4.2e-05,-0.068712,-0.545236,0.146325,0.549815,5.204105,0.976227,0.944404,37.477509,38.221268,0.76149,15360.0,1.18982,36.986649,38.116795,1.362838,1008.0,14994.848633,1024.0,1024.0,162.36293,311400,64.0,1999.3
0,312200,19200,5522.653,185.542,42.331455,30.82148,0.607541,0.020441,8.815481,8.815481,8.808948,8.808948,0.023989,4.3e-05,-0.067868,-0.474183,0.153387,0.480746,5.271133,0.97625,0.897463,37.635063,38.422836,0.808525,15360.0,1.184565,37.036686,37.801785,1.062712,1008.0,14995.203125,1024.0,1024.0,213.725189,312200,64.0,1999.3
0,313000,19250,5536.418,185.542,41.449928,30.323769,0.570048,0.020441,8.526894,8.526894,8.524914,8.524914,0.024199,4.3e-05,-0.074028,-0.658485,0.11836,0.660312,5.41618,0.976214,0.882601,37.782684,38.386093,0.641058,15360.0,1.158398,37.188877,38.050442,1.193326,1008.0,14994.650391,1024.0,1024.0,192.070038,313000,64.0,1999.3
0,313800,19300,5550.071,185.542,45.501633,33.269058,0.559615,0.020441,9.426716,9.426716,9.424577,9.424577,0.018103,4e-05,-0.097147,-0.721962,0.14427,0.74253,5.563065,0.976265,1.038221,38.689579,39.457317,0.802583,15360.0,1.140188,38.068817,38.722225,0.928387,1008.0,14995.435547,1024.0,1024.0,153.479324,313800,64.0,1999.3
0,314600,19350,5563.9,185.542,46.290985,34.015068,0.616745,0.020441,9.416192,9.416192,9.416192,9.416192,0.025522,4.2e-05,-0.107419,-0.709879,0.140956,0.716863,5.686314,0.976204,0.992887,38.686825,39.472458,0.801521,15360.0,1.318176,38.209812,39.515038,1.535632,1008.0,14994.489258,1024.0,1024.0,190.934631,314600,64.0,1999.3
0,315400,19400,5577.714,185.542,44.433659,32.849968,0.596734,0.020441,8.784645,8.784645,8.783244,8.783244,0.022879,4.1e-05,-0.090524,-0.637711,0.136029,0.649606,5.818275,0.97622,0.991153,38.792698,39.559841,0.791452,15360.0,1.34261,38.192829,39.141689,1.280081,1008.0,14994.733398,1024.0,1024.0,183.206985,315400,64.0,1999.3
0,316200,19450,5591.549,185.542,42.336697,30.668541,0.567881,0.020441,9.021231,9.021231,9.020542,9.020542,0.019307,4e-05,-0.051005,-0.625087,0.098796,0.603036,5.930317,0.97622,0.905305,38.409279,38.931019,0.585893,15360.0,1.007276,37.849655,38.442818,1.016213,1008.0,14994.738281,1024.0,1024.0,167.394669,316200,64.0,1999.3
0,317000,19500,5605.306,185.542,40.838898,29.701157,0.622496,0.020441,8.387978,8.387978,8.385212,8.385212,0.024835,3.9e-05,-0.072324,-0.554303,0.117393,0.577276,6.028751,0.976206,0.99054,39.216331,39.898148,0.707732,15360.0,1.166038,38.786888,39.576374,1.005308,1008.0,14994.523438,1024.0,1024.0,172.760284,317000,64.0,1999.3
0,317800,19550,5619.078,185.542,50.599159,37.532063,0.539163,0.020441,10.185038,10.185038,10.185038,10.185038,0.0198,3.9e-05,-0.107891,-0.863467,0.137275,0.867517,6.132256,0.976235,1.063526,39.546715,40.341141,0.841805,15360.0,1.161053,38.83094,39.343277,0.872901,1008.0,14994.963867,1024.0,1024.0,188.506485,317800,64.0,1999.3
0,318600,19600,5632.835,185.542,41.080853,29.551506,0.570341,0.020441,8.795025,8.795025,8.792549,8.792549,0.021163,3.9e-05,-0.037499,-0.485075,0.09757,0.455362,6.186512,0.976241,0.992089,38.932644,39.496075,0.603617,15360.0,1.03149,38.309666,38.826416,0.886867,1008.0,14995.061523,1024.0,1024.0,151.929214,318600,64.0,1999.3
0,319400,19650,5646.667,185.542,47.216515,35.085484,0.64404,0.020441,9.110013,9.110013,9.110013,9.110013,0.033357,4.1e-05,-0.103784,-0.812294,0.152736,0.827608,6.22884,0.976235,1.080822,40.363422,41.286728,0.951366,15360.0,1.561661,39.787056,41.339607,1.896941,1008.0,14994.972656,1024.0,1024.0,135.881393,319400,64.0,1999.3
0,320200,19700,5660.499,185.542,43.13253,31.369503,0.644668,0.020441,8.780479,8.780479,8.780479,8.780479,0.028291,4.1e-05,-0.060396,-0.717184,0.115146,0.70183,6.240932,0.976201,1.087799,39.706879,40.363041,0.718619,15360.0,1.373289,39.162796,40.400555,1.549113,1008.0,14994.453125,1024.0,1024.0,162.831497,320200,64.0,1999.3
0,321000,19750,5674.241,185.542,40.912575,29.489227,0.647453,0.020441,8.536223,8.536223,8.535952,8.535952,0.028339,3.9e-05,-0.044195,-0.789388,0.096955,0.785322,6.089397,0.97627,1.008596,40.311962,40.839207,0.590395,15360.0,1.337358,39.901215,41.014397,1.532061,1008.0,14995.501953,1024.0,1024.0,166.296494,321000,64.0,1999.3
0,321800,19800,5687.993,185.542,42.285542,30.290079,0.634029,0.020441,9.106819,9.106819,9.106819,9.106819,0.028974,3.8e-05,-0.054962,-0.714621,0.094299,0.741127,6.066936,0.97622,1.030878,39.867718,40.371754,0.572105,15360.0,1.158571,39.472752,39.950653,0.836325,1008.0,14994.744141,1024.0,1024.0,155.905151,321800,64.0,1999.3
0,322600,19850,5701.829,185.542,42.624466,30.567509,0.601109,0.020441,9.169016,9.169016,9.169016,9.169016,0.02535,3.8e-05,-0.052723,-0.756392,0.103599,0.739465,5.98531,0.976247,1.040357,40.423275,40.975906,0.620071,15360.0,1.206194,39.971039,40.350437,0.879315,1008.0,14995.152344,1024.0,1024.0,136.418625,322600,64.0,1999.3
0,323400,19900,5715.569,185.542,38.781261,26.870459,0.596989,0.020441,8.98973,8.98973,8.989655,8.989655,0.023435,3.8e-05,-0.041864,-0.716091,0.096891,0.714239,5.928024,0.976247,1.063355,40.199532,40.731407,0.574374,15360.0,1.277261,39.822292,40.636559,1.226029,1008.0,14995.154297,1024.0,1024.0,142.77533,323400,64.0,1999.3
0,324200,19950,5729.392,185.542,47.295662,35.159348,0.619563,0.020441,9.321306,9.321306,9.321306,9.321306,0.028273,4e-05,-0.069628,-0.70624,0.135834,0.701783,5.885551,0.976245,0.968139,41.017117,41.759281,0.799457,15360.0,1.147882,40.564053,41.069748,0.978004,1008.0,14995.119141,1024.0,1024.0,143.282364,324200,64.0,1999.3
0,325000,20000,5743.114,185.542,35.431004,25.243843,0.566605,0.020441,7.50389,7.50389,7.499201,7.499201,0.016759,3.5e-05,-0.02667,-0.569139,0.120018,0.552792,5.830009,0.976241,1.00197,40.888527,41.544315,0.699709,15360.0,1.235119,40.353985,41.0434,1.061243,1008.0,14995.053711,1024.0,1024.0,197.526031,325000,64.0,1999.3
0,325800,20050,5779.471,201.256,37.161282,26.041214,0.614863,0.020441,8.296793,8.296793,8.296705,8.296705,0.020285,3.4e-05,-0.042057,-0.743673,0.101706,0.735309,5.733097,0.976248,1.03173,40.846458,41.381138,0.58309,15360.0,1.22873,40.420551,40.757507,0.801269,1008.0,14995.164062,1024.0,1024.0,142.229797,325800,64.0,1999.3
0,326600,20100,5793.28,201.256,43.102139,30.958778,0.576897,0.020441,9.133614,9.133614,9.133614,9.133614,0.02342,3.8e-05,-0.02906,-0.735006,0.099207,0.722912,5.684971,0.976164,1.122292,40.601749,41.02467,0.563989,15360.0,1.352729,40.073509,40.736557,1.256931,1008.0,14993.875,1024.0,1024.0,191.973389,326600,64.0,1999.3
0,327400,20150,5807.028,201.256,40.857578,29.228027,0.58616,0.020441,8.709045,8.709045,8.70815,8.70815,0.022214,3.8e-05,-0.026455,-0.688771,0.122036,0.688402,5.619804,0.976185,1.047154,40.935295,41.562763,0.685817,15360.0,1.407678,40.391285,41.575886,1.567294,1008.0,14994.197266,1024.0,1024.0,208.408371,327400,64.0,1999.3
0,328200,20200,5820.859,201.256,46.76263,34.085297,0.585133,0.020441,9.900359,9.900359,9.899401,9.899401,0.022053,3.4e-05,-0.020438,-0.835656,0.111124,0.828829,5.53043,0.976272,0.878448,41.647934,42.171619,0.614563,15360.0,1.077859,41.263443,41.605099,1.025781,1008.0,14995.533203,1024.0,1024.0,158.546829,328200,64.0,1999.3
0,329000,20250,5834.605,201.256,40.260361,29.10812,0.668941,0.020441,8.318101,8.318101,8.317721,8.317721,0.033169,3.5e-05,-0.014005,-0.667027,0.127354,0.675528,5.388226,0.976269,0.949645,41.590439,42.23222,0.686214,15360.0,1.257687,41.192703,42.325878,1.425821,1008.0,14995.494141,1024.0,1024.0,183.832764,329000,64.0,1999.3
0,329800,20300,5848.35,201.256,41.332066,29.826866,0.578528,0.020441,8.674823,8.674823,8.671881,8.671881,0.020442,3.5e-05,0.017527,-0.512101,0.137703,0.507491,5.30117,0.976261,0.996283,41.683563,42.358173,0.729989,15360.0,1.167055,41.262131,42.021332,1.175795,1008.0,14995.364258,1024.0,1024.0,145.174896,329800,64.0,1999.3
0,330600,20350,5862.11,201.256,36.649002,25.914545,0.622157,0.020441,7.948964,7.948964,7.947852,7.947852,0.02352,3.3e-05,-0.014205,-0.808831,0.125677,0.79935,5.174637,0.976222,1.004455,41.71011,42.296387,0.650333,15360.0,1.192502,41.132805,41.938763,1.137178,1008.0,14994.761719,1024.0,1024.0,126.484993,330600,64.0,1999.3
0,331400,20400,5875.967,201.256,35.096935,25.177486,0.589814,0.020441,7.359674,7.359674,7.358776,7.358776,0.02025,3.4e-05,-0.017918,-0.612254,0.140311,0.592408,5.243195,0.976234,0.907604,42.263176,42.967102,0.735677,15360.0,1.079554,41.622414,42.117756,1.051617,1008.0,14994.959961,1024.0,1024.0,161.742691,331400,64.0,1999.3
0,332200,20450,5889.728,201.256,46.509007,34.053169,0.592192,0.020441,9.572839,9.572839,9.572571,9.572571,0.027586,3.4e-05,-0.049804,-0.720126,0.170234,0.73763,5.196404,0.976232,0.993005,42.369492,43.222202,0.884606,15360.0,1.232954,41.64072,42.824734,1.598536,1008.0,14994.915039,1024.0,1024.0,177.91684,332200,64.0,1999.3
0,333000,20500,5903.555,201.256,39.916443,28.664829,0.584579,0.020441,8.488342,8.488342,8.483523,8.483523,0.018231,3.2e-05,-0.021633,-0.782286,0.119651,0.793152,5.197937,0.976269,0.97211,42.504246,43.076977,0.621938,15360.0,1.196448,41.876289,42.566895,1.18952,1008.0,14995.496094,1024.0,1024.0,114.642624,333000,64.0,1999.3
0,333800,20550,5917.304,201.256,41.857018,29.352613,0.58404,0.020441,9.676204,9.676204,9.675288,9.675288,0.022081,3.3e-05,-0.065201,-0.938944,0.124122,0.94027,5.238102,0.976296,1.013576,42.641968,43.252075,0.650162,15360.0,1.025747,42.067459,42.394386,0.733278,1008.0,14995.900391,1024.0,1024.0,190.053741,333800,64.0,1999.3
0,334600,20600,5931.123,201.256,40.45768,29.723495,0.594855,0.020441,8.161098,8.161098,8.159492,8.159492,0.020495,3.3e-05,-0.059342,-0.914925,0.113359,0.919234,5.203278,0.976257,0.906078,43.013969,43.555096,0.589836,15360.0,0.983145,42.398754,42.90416,0.986737,1008.0,14995.3125,1024.0,1024.0,180.325851,334600,64.0,1999.3
0,335400,20650,5944.882,201.256,43.056648,30.542406,0.571079,0.020441,9.696569,9.696569,9.696569,9.696569,0.023088,3.3e-05,-0.026172,-0.953598,0.119226,0.962725,5.235622,0.976216,0.920569,43.192238,43.788422,0.624223,15360.0,1.206988,42.720306,43.84446,1.564402,1008.0,14994.68457,1024.0,1024.0,168.403564,335400,64.0,1999.3
0,336200,20700,5958.712,201.256,40.369854,28.816612,0.556341,0.020441,8.846417,8.846417,8.846417,8.846417,0.020343,3.1e-05,-0.085755,-0.953519,0.155824,0.966648,5.28286,0.976248,1.025039,43.92173,44.706409,0.823196,15360.0,1.020376,43.349102,44.271175,1.231757,1008.0,14995.168945,1024.0,1024.0,139.911057,336200,64.0,1999.3
0,337000,20750,5972.449,201.256,37.805847,27.033131,0.675304,0.020441,8.142557,8.142557,8.141739,8.141739,0.033226,3.4e-05,-0.039014,-0.987204,0.104498,1.00035,5.445004,0.976233,0.780855,43.222553,43.759727,0.568993,15360.0,1.261065,42.717693,43.967365,1.598468,1008.0,14994.935547,1024.0,1024.0,167.566498,337000,64.0,1999.3
0,337800,20800,5986.114,201.256,38.081165,27.445635,0.563096,0.020441,8.09831,8.09831,8.096773,8.096773,0.017471,3.2e-05,-0.085883,-0.896921,0.132755,0.897511,5.544704,0.976228,0.900488,43.910606,44.621258,0.73609,15360.0,1.097491,43.138931,43.796398,1.004061,1008.0,14994.863281,1024.0,1024.0,169.941269,337800,64.0,1999.3
0,338600,20850,5999.975,201.256,37.402016,26.554569,0.591837,0.020441,8.55258,8.55258,8.552423,8.552423,0.020075,3.2e-05,-0.067211,-1.173864,0.077068,1.188222,5.675522,0.976235,0.612943,43.315716,43.719898,0.437403,15360.0,0.938661,42.639805,42.695602,0.643018,1008.0,14994.964844,1024.0,1024.0,195.370667,338600,64.0,1999.3
0,339400,20900,6013.814,201.256,43.729328,31.644497,0.638881,0.020441,9.231689,9.231689,9.231357,9.231357,0.027003,3.2e-05,-0.107384,-1.05697,0.149678,1.086305,5.907497,0.976276,1.043499,45.177998,46.038643,0.884225,15360.0,1.115125,44.485836,45.333588,1.212385,1008.0,14995.598633,1024.0,1024.0,210.457794,339400,64.0,1999.3
0,340200,20950,6027.643,201.256,43.086582,30.819929,0.669147,0.020441,9.51586,9.51586,9.51586,9.51586,0.032293,3.2e-05,-0.080369,-1.08301,0.117143,1.095655,6.123043,0.976267,0.878754,44.918259,45.589058,0.71727,15360.0,1.037441,44.393108,45.042778,1.083247,1008.0,14995.462891,1024.0,1024.0,146.890884,340200,64.0,1999.3
0,341000,21000,6041.392,201.256,38.185539,26.919292,0.562745,0.020441,8.688189,8.688189,8.687667,8.687667,0.018883,3.1e-05,-0.096422,-1.08092,0.137714,1.061186,6.336189,0.976204,0.897257,45.197693,46.042362,0.87258,15360.0,1.084064,44.478058,45.138573,1.011288,1008.0,14994.492188,1024.0,1024.0,166.869507,341000,64.0,1999.3
0,341800,21050,6055.102,201.256,41.05492,29.528563,0.593624,0.020441,8.866638,8.866638,8.866446,8.866446,0.023737,2.9e-05,-0.063033,-1.236515,0.08744,1.238173,6.482925,0.976251,0.898667,45.093033,45.621464,0.566867,15360.0,1.077857,44.479721,45.112083,1.24048,1008.0,14995.214844,1024.0,1024.0,164.931503,341800,64.0,1999.3
0,342600,21100,6068.989,201.256,39.961037,28.587772,0.54769,0.020441,8.626495,8.626495,8.623608,8.623608,0.01657,2.8e-05,-0.116481,-0.882541,0.159946,0.857502,6.622326,0.976248,1.072942,46.3265,47.369144,1.059216,15360.0,1.198429,45.242973,45.851048,0.908394,1008.0,14995.171875,1024.0,1024.0,149.136932,342600,64.0,1999.3
0,343400,21150,6082.825,201.256,33.553734,23.622879,0.648116,0.020441,7.427347,7.427347,7.423798,7.423798,0.024718,2.9e-05,-0.02357,-1.035943,0.080881,1.02962,6.798691,0.976225,0.807673,44.793938,45.281437,0.549884,15360.0,1.027039,44.223148,45.227654,1.38315,1008.0,14994.818359,1024.0,1024.0,205.189987,343400,64.0,1999.3
0,344200,21200,6096.673,201.256,41.940212,29.854689,0.57914,0.020441,9.241249,9.241249,9.241249,9.241249,0.024255,2.9e-05,-0.043469,-1.051033,0.105288,1.05524,6.960835,0.976243,0.996058,46.178761,46.824863,0.732895,15360.0,1.226592,45.574089,46.31723,1.452056,1008.0,14995.097656,1024.0,1024.0,171.794449,344200,64.0,1999.3
0,345000,21250,6110.422,201.256,42.442116,30.67746,0.603114,0.020441,9.044419,9.044419,9.044419,9.044419,0.024834,2.9e-05,-0.044832,-1.04869,0.095108,1.061446,7.084156,0.976255,0.926801,45.712349,46.347095,0.67376,15360.0,1.034237,45.194378,45.808472,0.978316,1008.0,14995.27832,1024.0,1024.0,139.82785,345000,64.0,1999.3
0,345800,21300,6124.126,201.256,44.376896,31.699306,0.579127,0.020441,9.86496,9.86496,9.86496,9.86496,0.02401,3.1e-05,-0.071758,-1.131618,0.106777,1.157906,7.16737,0.976247,0.922807,45.860046,46.566391,0.765308,15360.0,1.251711,45.092583,46.062176,1.514314,1008.0,14995.146484,1024.0,1024.0,227.665726,345800,64.0,1999.3
0,346600,21350,6137.967,201.256,40.973133,29.870491,0.61637,0.020441,8.497355,8.497355,8.496958,8.496958,0.022956,3.1e-05,-0.047263,-1.103393,0.074704,1.098568,7.12978,0.976282,0.904,45.756092,46.201931,0.532624,15360.0,0.873352,45.043186,45.456818,0.816694,1008.0,14995.686523,1024.0,1024.0,157.073151,346600,64.0,1999.3
0,347400,21400,6151.778,201.256,37.267975,26.156494,0.585379,0.020441,8.411415,8.411415,8.407459,8.407459,0.020261,2.7e-05,-0.051042,-0.890756,0.113375,0.883162,7.187679,0.976264,0.97284,47.190311,47.963161,0.814901,15360.0,1.104351,46.51128,46.886032,1.005123,1008.0,14995.421875,1024.0,1024.0,145.345062,347400,64.0,1999.3
0,348200,21450,6165.605,201.256,45.259075,32.875137,0.600809,0.020441,9.537182,9.537182,9.537182,9.537182,0.023116,2.8e-05,-0.060859,-1.121656,0.10989,1.116072,7.201149,0.976284,0.9669,46.800343,47.530869,0.791338,15360.0,1.219154,46.284321,47.352242,1.449885,1008.0,14995.728516,1024.0,1024.0,151.653687,348200,64.0,1999.3
0,349000,21500,6179.353,201.256,40.49382,28.707497,0.601386,0.020441,8.957528,8.957528,8.957528,8.957528,0.026183,2.8e-05,-0.029732,-0.953815,0.106687,0.949016,7.196342,0.976277,1.003706,46.93639,47.638111,0.767758,15360.0,1.124147,46.409424,47.221466,1.272995,1008.0,14995.609375,1024.0,1024.0,144.856216,349000,64.0,1999.3
0,349800,21550,6193.011,201.256,49.92136,36.509239,0.577202,0.020441,10.515566,10.515566,10.515566,10.515566,0.022359,2.9e-05,-0.031932,-1.101139,0.112555,1.112119,7.223011,0.976235,0.965991,47.315369,48.024368,0.812986,15360.0,1.044333,46.578167,47.449623,1.329243,1008.0,14994.975586,1024.0,1024.0,140.224731,349800,64.0,1999.3
0,350600,21600,6229.831,216.73,39.815666,28.336514,0.559393,0.020441,8.735796,8.735796,8.735796,8.735796,0.01896,2.8e-05,-0.039557,-0.942719,0.129873,0.93003,7.148342,0.976256,0.908261,48.352345,49.236629,0.928376,15360.0,1.404128,47.690384,48.978649,1.885223,1008.0,14995.298828,1024.0,1024.0,131.937439,350600,64.0,1999.3
0,351400,21650,6243.658,216.73,40.386478,28.811237,0.565061,0.020441,8.881588,8.881588,8.881372,8.881372,0.019759,2.6e-05,-0.052326,-1.010121,0.104936,1.018125,7.164196,0.976255,0.958672,47.625549,48.317444,0.751785,15360.0,1.045486,46.948914,47.107059,0.741181,1008.0,14995.276367,1024.0,1024.0,139.361877,351400,64.0,1999.3
0,352200,21700,6257.379,216.73,39.791336,27.641872,0.588022,0.020441,9.269346,9.269346,9.269235,9.269235,0.019134,2.7e-05,-0.036976,-1.14473,0.081567,1.1611,7.135536,0.976305,1.064541,46.747231,47.2062,0.582024,15360.0,1.057183,46.025425,46.740345,1.163155,1008.0,14996.046875,1024.0,1024.0,152.315933,352200,64.0,1999.3
0,353000,21750,6271.115,216.73,42.914654,30.534494,0.584504,0.020441,9.560098,9.560098,9.558793,9.558793,0.024499,2.6e-05,-0.036549,-0.897737,0.123098,0.898674,7.017448,0.976267,0.924223,48.420803,49.215237,0.863832,15360.0,1.238111,47.727791,48.500774,1.519211,1008.0,14995.457031,1024.0,1024.0,174.698883,353000,64.0,1999.3
0,353800,21800,6284.868,216.73,40.000938,28.088287,0.616897,0.020441,8.933415,8.933415,8.93319,8.93319,0.025809,2.4e-05,-0.03472,-1.112894,0.108396,1.102108,6.960342,0.976235,1.093593,47.611069,48.291065,0.754472,15360.0,1.298944,46.92775,48.130447,1.544184,1008.0,14994.96582,1024.0,1024.0,146.401947,353800,64.0,1999.3
0,354600,21850,6298.653,216.73,38.27964,26.724516,0.615251,0.020441,8.7721,8.7721,8.769999,8.769999,0.023453,2.4e-05,-0.044258,-0.981113,0.096657,1.007404,6.896431,0.976284,0.963133,48.142353,48.752396,0.666588,15360.0,1.170816,47.502785,48.032413,1.038099,1008.0,14995.722656,1024.0,1024.0,173.770401,354600,64.0,1999.3
0,355400,21900,6312.523,216.73,39.956154,28.451838,0.584442,0.020441,8.712675,8.712675,8.71261,8.71261,0.023959,2.5e-05,-0.015443,-0.917503,0.120974,0.927442,6.835209,0.976231,0.970894,48.290691,49.028713,0.826882,15360.0,1.200132,47.741943,48.373253,1.432615,1008.0,14994.90625,1024.0,1024.0,168.968384,355400,64.0,1999.3
0,356200,21950,6326.263,216.73,42.992329,30.825947,0.598323,0.020441,9.397088,9.397088,9.396995,9.396995,0.02346,2.8e-05,-0.036945,-0.975658,0.098388,0.99712,6.8522,0.976266,0.932418,48.273724,48.844086,0.674176,15360.0,1.051169,47.451641,47.824886,0.970448,1008.0,14995.446289,1024.0,1024.0,169.459534,356200,64.0,1999.3
0,357000,22000,6340.098,216.73,37.802727,26.918018,0.681962,0.020441,7.934943,7.934943,7.934747,7.934747,0.041881,2.5e-05,-0.024012,-1.093782,0.094114,1.083589,6.763222,0.976236,1.077804,48.160744,48.72097,0.636514,15360.0,1.333586,47.563587,48.705879,1.396078,1008.0,14994.983398,1024.0,1024.0,153.236969,357000,64.0,1999.3
0,357800,22050,6353.762,216.73,40.126675,28.149277,0.625012,0.020441,8.993523,8.993523,8.993063,8.993063,0.026913,2.4e-05,-0.013625,-1.126497,0.108412,1.122102,6.721844,0.976303,1.091896,48.460518,49.063431,0.728729,15360.0,1.202666,47.745281,48.520042,1.201582,1008.0,14996.015625,1024.0,1024.0,142.589966,357800,64.0,1999.3
0,358600,22100,6367.58,216.73,40.981819,29.771606,0.589538,0.020441,8.446887,8.446887,8.446887,8.446887,0.023966,2.5e-05,-0.021381,-1.085827,0.111774,1.104513,6.628525,0.976228,0.992198,49.259693,49.872028,0.740896,15360.0,1.126136,48.811722,49.028324,1.12592,1008.0,14994.855469,1024.0,1024.0,112.94413,358600,64.0,1999.3
0,359400,22150,6381.309,216.73,34.994316,24.066704,0.598273,0.02044,8.125398,8.125398,8.124664,8.124664,0.019002,2.3e-05,-0.05546,-1.160001,0.084436,1.161651,6.575527,0.976275,1.08798,48.749496,49.214504,0.555208,15360.0,1.128148,47.970482,48.115356,0.730348,1008.0,14995.580078,1024.0,1024.0,237.181747,359400,64.0,1999.3
0,360200,22200,6395.138,216.73,37.148426,27.269363,0.668868,0.020441,7.198689,7.198689,7.183828,7.183828,0.028943,2.3e-05,-0.061168,-1.042672,0.118504,1.062956,6.671932,0.976284,0.9859,49.924686,50.651852,0.79065,15360.0,1.154869,48.980495,49.673008,1.334724,1008.0,14995.724609,1024.0,1024.0,161.981476,360200,64.0,1999.3
0,361000,22250,6408.967,216.73,39.076084,27.363241,0.593178,0.02044,8.779123,8.779123,8.777527,8.777527,0.022549,2.3e-05,-0.033591,-1.231891,0.094145,1.230546,6.725677,0.976275,1.10202,49.306789,49.814632,0.63319,15360.0,1.245882,48.396385,49.032967,1.258889,1008.0,14995.579102,1024.0,1024.0,179.300903,361000,64.0,1999.3
0,361800,22300,6422.665,216.73,40.721889,28.790504,0.628835,0.020441,9.030972,9.030972,9.028873,9.028873,0.025929,2.4e-05,-0.056891,-1.124915,0.10754,1.118511,6.851917,0.976233,1.058173,50.094582,50.734604,0.736854,15360.0,1.155867,49.295143,49.984024,1.261425,1008.0,14994.932617,1024.0,1024.0,128.939011,361800,64.0,1999.3
0,362600,22350,6436.52,216.73,42.008068,30.115513,0.582459,0.020441,8.916046,8.916046,8.916046,8.916046,0.023777,2.5e-05,-0.008881,-0.847083,0.131333,0.831141,6.959229,0.976241,1.127987,50.365494,51.217197,0.913975,15360.0,1.209651,49.606464,50.762054,1.49624,1008.0,14995.066406,1024.0,1024.0,157.102951,362600,64.0,1999.3
0,363400,22400,6450.256,216.73,38.203152,26.498028,0.606781,0.020441,8.758702,8.758702,8.758702,8.758702,0.023766,2.4e-05,-0.042038,-1.090693,0.102477,1.090496,7.147598,0.976277,1.114146,50.398926,51.067104,0.732464,15360.0,1.237401,49.773346,51.039516,1.55755,1008.0,14995.617188,1024.0,1024.0,133.412766,363400,64.0,1999.3
0,364200,22450,6464.088,216.73,42.566444,30.690233,0.579191,0.020441,9.046258,9.046258,9.044817,9.044817,0.018059,2.3e-05,-0.078823,-1.249399,0.10839,1.268305,7.261227,0.976263,1.057432,50.308002,50.966953,0.787041,15360.0,1.156949,49.1129,49.357643,0.849016,1008.0,14995.396484,1024.0,1024.0,158.879074,364200,64.0,1999.3
0,365000,22500,6477.928,216.73,41.896236,29.447071,0.559546,0.02044,9.561457,9.561457,9.561283,9.561283,0.019702,2.2e-05,-0.098,-1.354298,0.102187,1.363508,7.545631,0.976302,1.096542,50.81044,51.517223,0.771067,15360.0,1.176769,49.674953,50.208221,1.050625,1008.0,14995.996094,1024.0,1024.0,129.849823,365000,64.0,1999.3
0,365800,22550,6491.586,216.73,39.679939,27.702175,0.640363,0.02044,8.986027,8.986027,8.986027,8.986027,0.030218,2.2e-05,-0.083936,-1.085398,0.116695,1.071037,7.759296,0.976263,1.14124,52.294941,53.145493,0.905474,15360.0,1.250084,51.494385,52.503017,1.374495,1008.0,14995.391602,1024.0,1024.0,135.33226,365800,64.0,1999.3
0,366600,22600,6505.431,216.73,39.407963,27.983364,0.631195,0.02044,8.578785,8.578785,8.57567,8.57567,0.027631,2.3e-05,-0.044031,-1.089113,0.097624,1.120366,7.926586,0.976255,0.972707,51.726482,52.458385,0.773823,15360.0,1.358739,50.981098,52.557983,1.92486,1008.0,14995.279297,1024.0,1024.0,229.234314,366600,64.0,1999.3
0,367400,22650,6519.174,216.73,45.2244,33.166973,0.637975,0.020441,9.173447,9.173447,9.173294,9.173294,0.029865,2.4e-05,-0.085547,-1.243712,0.104636,1.242894,8.17194,0.976267,1.012312,52.287605,53.055801,0.855083,15360.0,1.271523,51.379173,52.381474,1.521074,1008.0,14995.460938,1024.0,1024.0,150.852234,367400,64.0,1999.3
0,368200,22700,6533.028,216.73,41.174553,29.425274,0.593286,0.02044,8.940626,8.940626,8.938008,8.938008,0.02289,2.3e-05,-0.06595,-1.276655,0.0833,1.277678,8.519096,0.976292,0.972337,52.402328,53.02615,0.709642,15360.0,1.314919,51.236057,51.919022,1.34581,1008.0,14995.84668,1024.0,1024.0,137.13295,368200,64.0,1999.3
0,369000,22750,6546.869,216.73,42.009701,30.774109,0.677516,0.020441,8.394295,8.394295,8.394032,8.394032,0.035276,2.4e-05,-0.066343,-1.048692,0.110578,1.061333,8.699039,0.976264,0.947682,53.256466,54.136005,0.961922,15360.0,1.408559,52.254066,53.622414,1.861565,1008.0,14995.414062,1024.0,1024.0,142.836136,369000,64.0,1999.3
0,369800,22800,6560.532,216.73,40.416969,28.964853,0.603444,0.02044,8.869821,8.869821,8.868389,8.868389,0.026094,2.2e-05,-0.048199,-1.092512,0.086995,1.097322,8.932137,0.976222,0.760912,52.630917,53.36887,0.77705,15360.0,1.19571,51.956779,53.052994,1.503152,1008.0,14994.767578,1024.0,1024.0,126.626289,369800,64.0,1999.3
0,370600,22850,6574.349,216.73,44.659187,32.693771,0.570238,0.02044,9.215412,9.215412,9.214576,9.214576,0.017617,2.2e-05,-0.06326,-1.067725,0.104336,1.066966,9.132828,0.976273,0.918796,54.431595,55.268578,0.952887,15360.0,1.274164,53.241936,53.896759,1.448698,1008.0,14995.552734,1024.0,1024.0,195.052521,370600,64.0,1999.3
0,371400,22900,6588.107,216.73,33.739075,23.813358,0.64277,0.02044,7.595054,7.595054,7.593552,7.593552,0.027583,2e-05,-0.041231,-1.182297,0.056982,1.159231,9.239532,0.976301,0.625278,52.540993,53.029137,0.526487,15360.0,1.079656,51.705227,52.260506,1.062582,1008.0,14995.978516,1024.0,1024.0,155.170609,371400,64.0,1999.3
0,372200,22950,6601.953,216.73,39.533894,28.931517,0.558418,0.02044,8.219088,8.219088,8.218957,8.218957,0.018369,2.3e-05,-0.01694,-0.815362,0.098068,0.816902,9.467991,0.976286,0.663664,53.75346,54.62608,0.928509,15360.0,1.119338,52.902283,53.374054,1.13593,1008.0,14995.750977,1024.0,1024.0,128.164581,372200,64.0,1999.3
0,373000,23000,6615.803,216.73,49.912605,36.826019,0.732602,0.02044,10.372114,10.372114,10.372114,10.372114,0.04491,2.2e-05,-0.020351,-1.310682,0.06261,1.314734,9.56284,0.976267,0.627073,53.465725,53.893208,0.598727,15360.0,1.058326,52.804287,52.997597,1.26239,1008.0,14995.464844,1024.0,1024.0,168.815445,373000,64.0,1999.3
0,373800,23050,6629.477,216.73,31.899195,22.095526,0.606147,0.02044,7.69272,7.69272,7.689616,7.689616,0.021036,1.9e-05,-0.038933,-1.041772,0.055293,1.038903,9.68454,0.976278,0.479876,52.483475,52.994549,0.535488,15360.0,0.913819,51.548691,51.827896,0.860454,1008.0,14995.632812,1024.0,1024.0,190.903183,373800,64.0,1999.3
0,374600,23100,6643.333,216.73,41.902409,30.67688,0.646412,0.02044,8.654815,8.654815,8.653965,8.653965,0.029728,2.2e-05,-0.024184,-0.759372,0.070778,0.773037,9.861137,0.976287,0.700291,55.355042,55.976826,0.69795,15360.0,1.207576,54.404812,55.429474,1.637007,1008.0,14995.773438,1024.0,1024.0,161.809982,374600,64.0,1999.3
0,375400,23150,6680.696,232.347,40.69833,29.546412,0.568803,0.02044,8.87925,8.87925,8.87925,8.87925,0.022303,2.2e-05,-0.046941,-1.140308,0.059877,1.136419,9.99622,0.976251,0.582161,54.023693,54.539101,0.598547,15360.0,0.867604,53.133419,53.14793,0.792379,1008.0,14995.212891,1024.0,1024.0,146.825439,375400,64.0,1999.3
0,376200,23200,6694.514,232.347,40.97654,29.411579,0.579335,0.02044,9.187685,9.187685,9.185804,9.185804,0.019918,2e-05,0.00763,-0.611511,0.073504,0.604745,10.162457,0.976268,0.572635,54.531403,55.203167,0.746982,15360.0,0.928201,53.814747,54.384457,1.212927,1008.0,14995.474609,1024.0,1024.0,161.309372,376200,64.0,1999.3
0,377000,23250,6708.247,232.347,42.5709,30.251125,0.57979,0.02044,9.842118,9.842118,9.842118,9.842118,0.023311,2.1e-05,-0.001185,-0.474997,0.080861,0.457359,10.24596,0.976277,0.613331,55.999245,56.739281,0.828499,15360.0,0.9369,55.195053,55.354378,1.041234,1008.0,14995.617188,1024.0,1024.0,143.305679,377000,64.0,1999.3
0,377800,23300,6722.013,232.347,34.617386,24.093361,0.601909,0.02044,8.317554,8.317554,8.316523,8.316523,0.022823,1.8e-05,-0.001361,-0.637086,0.056687,0.623928,10.312592,0.976249,0.519961,54.055927,54.572937,0.584588,15360.0,0.779212,53.291859,53.600662,0.947906,1008.0,14995.180664,1024.0,1024.0,133.710693,377800,64.0,1999.3
0,378600,23350,6735.795,232.347,43.011616,30.557419,0.646353,0.02044,9.946743,9.946743,9.946743,9.946743,0.032878,2.2e-05,0.007755,-0.667053,0.06776,0.667553,10.399216,0.976257,0.573194,53.943878,54.536598,0.704654,15360.0,0.883465,53.33532,54.141155,1.40089,1008.0,14995.302734,1024.0,1024.0,157.984573,378600,64.0,1999.3
0,379400,23400,6749.633,232.347,42.477196,30.160967,0.614221,0.02044,9.821916,9.821916,9.821916,9.821916,0.024638,2.1e-05,-0.005627,-0.645652,0.064661,0.651286,10.443867,0.976316,0.609519,55.026432,55.581612,0.675312,15360.0,0.911873,54.305969,54.736767,1.24156,1008.0,14996.212891,1024.0,1024.0,155.723663,379400,64.0,1999.3
0,380200,23450,6763.49,232.347,40.312778,28.327568,0.647326,0.02044,9.473778,9.473778,9.473511,9.473511,0.029469,1.9e-05,0.048645,-0.387868,0.078116,0.357375,10.515224,0.976258,0.59247,55.5755,56.303402,0.821404,15360.0,0.850592,55.006935,55.883629,1.58885,1008.0,14995.326172,1024.0,1024.0,185.943756,380200,64.0,1999.3
0,381000,23500,6777.281,232.347,38.270111,27.50532,0.583527,0.02044,8.36965,8.36965,8.367662,8.367662,0.021943,1.9e-05,0.042488,-0.311843,0.083093,0.3275,10.560204,0.97629,0.627629,56.021408,56.824726,0.877484,15360.0,0.94698,55.211025,56.291645,1.6829,1008.0,14995.810547,1024.0,1024.0,162.02739,381000,64.0,1999.3
0,381800,23550,6791.072,232.347,46.511562,33.862495,0.572419,0.02044,10.08148,10.08148,10.08126,10.08126,0.019749,2e-05,0.009683,-0.608461,0.068731,0.582526,10.67141,0.976279,0.692122,55.04686,55.611393,0.733461,15360.0,0.882575,54.340405,54.622181,1.314162,1008.0,14995.638672,1024.0,1024.0,172.965591,381800,64.0,1999.3
0,382600,23600,6804.831,232.347,39.523975,28.337549,0.6013,0.02044,8.769049,8.769049,8.769018,8.769018,0.021068,1.9e-05,-0.00078,-0.373476,0.067276,0.380917,10.668922,0.976301,0.669686,56.398312,57.033443,0.717765,15360.0,0.832754,55.587315,56.001976,1.128554,1008.0,14995.982422,1024.0,1024.0,203.746323,382600,64.0,1999.3
0,383400,23650,6818.683,232.347,34.921314,24.79937,0.580167,0.02044,7.68388,7.68388,7.681295,7.681295,0.019855,1.9e-05,0.044793,-0.204003,0.076276,0.1931,10.780296,0.976283,0.736948,56.533051,57.252491,0.822281,15360.0,0.957773,55.709671,56.631519,1.730465,1008.0,14995.703125,1024.0,1024.0,185.662338,383400,64.0,1999.3
0,384200,23700,6832.439,232.347,33.528969,23.498686,0.651209,0.02044,7.502879,7.502879,7.502879,7.502879,0.025429,1.8e-05,0.040213,-0.230323,0.071386,0.236538,10.862923,0.976307,0.810507,56.273384,56.979359,0.775456,15360.0,0.84917,55.795002,57.293079,1.830362,1008.0,14996.076172,1024.0,1024.0,168.46579,384200,64.0,1999.3
0,385000,23750,6846.277,232.347,44.418709,32.203316,0.605439,0.02044,9.556463,9.556463,9.556463,9.556463,0.022532,1.9e-05,-0.008719,-0.587004,0.075651,0.580304,10.961987,0.976286,0.822593,56.83585,57.562843,0.829282,15360.0,0.878433,56.001579,56.443554,1.296543,1008.0,14995.759766,1024.0,1024.0,154.916458,385000,64.0,1999.3
0,385800,23800,6860.027,232.347,45.052319,32.545456,0.584393,0.02044,9.754782,9.754782,9.753927,9.753927,0.01886,1.9e-05,0.01796,-0.538317,0.082954,0.540722,11.004848,0.976278,0.879768,56.795143,57.507233,0.912901,15360.0,0.913483,55.850189,56.540054,1.660988,1008.0,14995.630859,1024.0,1024.0,288.452972,385800,64.0,1999.3
0,386600,23850,6873.854,232.347,40.825546,29.422947,0.63572,0.02044,8.582484,8.582484,8.582079,8.582079,0.037123,1.7e-05,-0.033864,-1.068407,0.060116,1.069025,11.074764,0.976249,1.056713,54.283295,54.739353,0.665773,15360.0,0.942859,53.48085,53.423336,0.808935,1008.0,14995.177734,1024.0,1024.0,232.99231,386600,64.0,1999.3
0,387400,23900,6887.61,232.347,35.710037,24.028446,0.620939,0.02044,8.827694,8.827694,8.827694,8.827694,0.025686,1.8e-05,0.004846,-0.574386,0.06775,0.563303,11.252663,0.97627,1.047994,56.02734,56.708496,0.762367,15360.0,0.923022,55.289188,55.964916,1.390046,1008.0,14995.507812,1024.0,1024.0,170.73613,387400,64.0,1999.3
0,388200,23950,6901.369,232.347,37.316177,25.7486,0.586047,0.02044,8.643761,8.643761,8.643761,8.643761,0.02422,1.7e-05,-0.002614,-0.736886,0.071086,0.731039,11.370724,0.976269,1.130939,56.428982,57.117786,0.808296,15360.0,1.082093,55.798134,56.846691,1.364597,1008.0,14995.490234,1024.0,1024.0,144.806503,388200,64.0,1999.3
0,389000,24000,6915.203,232.347,36.927021,25.034428,0.593958,0.02044,8.973462,8.973462,8.973322,8.973322,0.025023,1.7e-05,-0.029979,-0.973458,0.054198,0.979091,11.438805,0.976262,1.130364,54.809116,55.294674,0.619963,15360.0,1.023341,53.976131,54.485958,1.048975,1008.0,14995.387695,1024.0,1024.0,181.2789,389000,64.0,1999.3
0,389800,24050,6928.93,232.347,37.914433,25.876339,0.611476,0.02044,9.033572,9.033572,9.033572,9.033572,0.026096,1.7e-05,-0.010288,-0.52518,0.070114,0.539798,11.608818,0.976274,1.167589,57.232643,57.941166,0.813946,15360.0,1.039808,56.474152,57.429306,1.302801,1008.0,14995.567383,1024.0,1024.0,167.667099,389800,64.0,1999.3
0,390600,24100,6942.676,232.347,38.30938,27.342869,0.657987,0.02044,7.94379,7.94379,7.942047,7.942047,0.029839,1.9e-05,0.035173,-0.134406,0.083003,0.134494,11.730412,0.976266,1.177846,59.06723,59.888584,0.973655,15360.0,1.122968,58.273052,60.064182,2.184564,1008.0,14995.447266,1024.0,1024.0,127.52018,390600,64.0,1999.3
0,391400,24150,6956.541,232.347,41.1306,28.687647,0.646628,0.02044,9.295333,9.295333,9.295208,9.295208,0.028395,1.7e-05,-0.02432,-0.875855,0.070055,0.871588,11.908508,0.976302,1.238947,57.859653,58.472015,0.834251,15360.0,1.121299,57.080383,57.947639,1.378482,1008.0,14995.998047,1024.0,1024.0,155.337387,391400,64.0,1999.3
0,392200,24200,6970.315,232.347,43.734734,30.369711,0.572779,0.02044,10.164591,10.164591,10.164591,10.164591,0.021865,1.7e-05,-0.021354,-0.776184,0.070182,0.75839,12.086193,0.976261,1.264317,57.708084,58.368225,0.848228,15360.0,1.159301,56.639046,57.218327,1.36922,1008.0,14995.365234,1024.0,1024.0,174.267624,392200,64.0,1999.3
0,393000,24250,6984.136,232.347,36.005444,24.716175,0.590691,0.02044,8.191573,8.191573,8.191477,8.191477,0.01949,1.6e-05,-0.002961,-0.496539,0.065128,0.499929,12.216564,0.976272,1.304963,58.031895,58.690784,0.795638,15360.0,1.218015,56.964981,57.960274,1.474429,1008.0,14995.541992,1024.0,1024.0,179.233093,393000,64.0,1999.3
0,393800,24300,6997.796,232.347,44.928936,31.897686,0.635625,0.02044,9.71245,9.71245,9.71245,9.71245,0.03048,1.6e-05,-0.014225,-0.389952,0.063124,0.365458,12.363605,0.976259,1.328543,60.554775,61.193306,0.780436,15360.0,1.257243,59.755589,60.782795,1.410264,1008.0,14995.339844,1024.0,1024.0,184.63739,393800,64.0,1999.3
0,394600,24350,7011.644,232.347,37.716614,26.340284,0.621947,0.02044,8.303574,8.303574,8.303574,8.303574,0.028795,1.6e-05,-0.029087,-0.924772,0.057335,0.916666,12.528336,0.976292,1.280363,58.390911,58.911167,0.718315,15360.0,1.162448,57.3437,57.653061,1.109729,1008.0,14995.841797,1024.0,1024.0,208.470947,394600,64.0,1999.3
0,395400,24400,7025.376,232.347,42.297115,30.15134,0.619529,0.02044,8.857788,8.857788,8.857737,8.857737,0.033143,1.8e-05,0.019026,-0.514668,0.064996,0.484601,12.677124,0.976295,1.308641,58.695854,59.330311,0.823964,15360.0,1.448551,57.737228,59.311085,2.047803,1008.0,14995.890625,1024.0,1024.0,175.928604,395400,64.0,1999.3
0,396200,24450,7039.196,232.347,37.063473,25.318621,0.592739,0.02044,8.587921,8.587921,8.586731,8.586731,0.019354,1.6e-05,-0.024793,-0.722258,0.066149,0.725442,12.721165,0.976292,1.312121,59.223503,59.936188,0.84149,15360.0,1.325447,57.951839,58.69091,1.213013,1008.0,14995.839844,1024.0,1024.0,142.721619,396200,64.0,1999.3
0,397000,24500,7053.011,232.347,36.488983,25.11409,0.661882,0.02044,8.165171,8.165171,8.161442,8.161442,0.028866,1.5e-05,0.001457,-0.482329,0.060527,0.455536,12.888542,0.9763,1.308277,59.343323,59.998867,0.780108,15360.0,1.33715,58.475914,59.372017,1.466569,1008.0,14995.972656,1024.0,1024.0,173.083115,397000,64.0,1999.3
0,397800,24550,7066.673,232.347,35.640564,24.084652,0.601107,0.02044,8.412756,8.412756,8.412004,8.412004,0.020565,1.5e-05,-0.023013,-0.973333,0.053779,0.967119,12.911552,0.976303,1.306229,59.474354,60.015804,0.694367,15360.0,1.323722,58.420979,58.925865,1.151541,1008.0,14996.008789,1024.0,1024.0,148.432739,397800,64.0,1999.3
0,398600,24600,7080.511,232.347,36.491909,25.135456,0.587172,0.02044,8.256817,8.256817,8.256802,8.256802,0.018112,1.5e-05,-0.021298,-0.857787,0.060652,0.830163,13.101974,0.976287,1.273315,60.286892,60.973705,0.794656,15360.0,1.381079,59.019764,59.823727,1.358347,1008.0,14995.767578,1024.0,1024.0,174.956787,398600,64.0,1999.3
0,399400,24650,7094.24,232.347,44.321907,30.812477,0.59923,0.02044,10.244895,10.244895,10.244895,10.244895,0.02464,1.6e-05,-0.010584,-0.576117,0.065203,0.57273,13.250164,0.976283,1.219382,61.361893,62.079971,0.863945,15360.0,1.37192,60.174778,60.82547,1.262159,1008.0,14995.701172,1024.0,1024.0,148.230103,399400,64.0,1999.3
0,400200,24700,7131.976,247.85,34.258667,23.540026,0.615471,0.02044,7.687762,7.687762,7.687762,7.687762,0.021206,1.6e-05,0.017479,-0.288188,0.052178,0.283809,13.346478,0.976264,1.210346,60.871319,61.428921,0.696396,15360.0,1.327886,59.909393,60.709301,1.305601,1008.0,14995.416992,1024.0,1024.0,140.820587,400200,64.0,1999.3
0,401000,24750,7145.756,247.85,42.77549,29.577747,0.572878,0.02044,10.014578,10.014578,10.014578,10.014578,0.020251,1.5e-05,-0.017107,-0.756053,0.053762,0.759945,13.330242,0.976291,1.190862,61.641239,62.161781,0.716664,15360.0,1.382097,60.343792,60.453693,1.295015,1008.0,14995.824219,1024.0,1024.0,141.05452,401000,64.0,1999.3
0,401800,24800,7159.481,247.85,45.72271,32.949409,0.649986,0.02044,9.551911,9.551911,9.551911,9.551911,0.031882,1.5e-05,-0.029262,-1.016821,0.047693,1.021802,13.328339,0.976262,1.224151,60.155701,60.630928,0.635671,15360.0,1.336278,59.014511,59.230549,1.074435,1008.0,14995.389648,1024.0,1024.0,198.439438,401800,64.0,1999.3
0,402600,24850,7173.211,247.85,44.254505,31.86517,0.596466,0.02044,9.309385,9.309385,9.309143,9.309143,0.024801,1.6e-05,0.006789,-0.500275,0.060572,0.493555,13.340443,0.976292,1.135465,62.220825,62.828217,0.808062,15360.0,1.299513,61.345093,62.321648,1.591987,1008.0,14995.845703,1024.0,1024.0,172.184387,402600,64.0,1999.3
0,403400,24900,7187.038,247.85,42.396568,29.849228,0.607748,0.02044,9.399574,9.399574,9.399574,9.399574,0.024918,1.5e-05,0.00706,-0.596723,0.060741,0.602789,13.375618,0.976262,1.136438,62.265282,62.913429,0.812448,15360.0,1.453742,61.49522,62.510723,1.783796,1008.0,14995.378906,1024.0,1024.0,167.661606,403400,64.0,1999.3
0,404200,24950,7200.799,247.85,42.984184,30.702271,0.644269,0.02044,9.181293,9.181293,9.181293,9.181293,0.030146,1.6e-05,-0.007852,-0.824588,0.053581,0.818663,13.425896,0.976294,1.125094,61.642273,62.156429,0.719371,15360.0,1.335127,60.723774,61.183079,1.410707,1008.0,14995.867188,1024.0,1024.0,180.175003,404200,64.0,1999.3
0,405000,25000,7214.641,247.85,36.11079,25.173292,0.572027,0.02044,8.027494,8.027494,8.024299,8.024299,0.019062,1.4e-05,-0.002639,-0.756813,0.053489,0.735901,13.484131,0.976286,1.083844,61.641613,62.203613,0.721252,15360.0,1.445269,60.356636,61.290554,1.646802,1008.0,14995.748047,1024.0,1024.0,172.591125,405000,64.0,1999.3
0,405800,25050,7228.374,247.85,42.16473,29.340349,0.590607,0.02044,9.795845,9.795845,9.795845,9.795845,0.023951,1.6e-05,-0.01396,-0.497827,0.050449,0.500771,13.480068,0.976241,1.061376,63.018959,63.560307,0.680055,15360.0,1.301622,61.658978,61.767548,1.192824,1008.0,14995.055664,1024.0,1024.0,160.207031,405800,64.0,1999.3
0,406600,25100,7242.125,247.85,39.110786,27.308132,0.573385,0.02044,8.846649,8.846649,8.845115,8.845115,0.019681,1.5e-05,0.005701,-0.48021,0.050996,0.492902,13.415493,0.9763,1.048563,63.066669,63.614937,0.684138,15360.0,1.410831,61.856918,62.722256,1.728106,1008.0,14995.972656,1024.0,1024.0,139.098358,406600,64.0,1999.3
0,407400,25150,7255.977,247.85,38.283031,26.853973,0.575926,0.02044,8.551092,8.551092,8.548771,8.548771,0.018244,1.4e-05,-0.008209,-1.042475,0.043505,1.046911,13.39436,0.976267,1.04412,60.618492,60.968815,0.582722,15360.0,1.301923,59.264179,59.12999,0.861331,1008.0,14995.466797,1024.0,1024.0,137.614426,407400,64.0,1999.3
0,408200,25200,7269.738,247.85,37.50293,25.694557,0.570737,0.02044,8.951273,8.951273,8.951273,8.951273,0.02492,1.4e-05,-0.017546,-1.072528,0.038345,1.085083,13.414227,0.97627,1.015026,60.722996,61.08992,0.514374,15360.0,1.244388,59.773903,59.59811,0.958066,1008.0,14995.509766,1024.0,1024.0,139.224731,408200,64.0,1999.3
0,409000,25250,7283.5,247.85,38.933773,27.496841,0.60322,0.02044,8.701252,8.701252,8.701252,8.701252,0.024422,1.4e-05,0.027961,-0.153174,0.04942,0.152191,13.388351,0.976281,0.857433,64.481705,65.055672,0.661654,15360.0,1.188328,63.959095,64.713188,1.610028,1008.0,14995.669922,1024.0,1024.0,156.184021,409000,64.0,1999.3
0,409800,25300,7297.241,247.85,40.322956,28.692648,0.652682,0.02044,8.823094,8.823094,8.821743,8.821743,0.029463,1.5e-05,0.008533,-0.358104,0.051626,0.381316,13.35828,0.976277,0.883543,62.739269,63.317524,0.689633,15360.0,1.199022,61.840939,62.41695,1.452714,1008.0,14995.621094,1024.0,1024.0,168.019196,409800,64.0,1999.3
0,410600,25350,7311.084,247.85,37.850121,26.533566,0.591724,0.02044,8.680943,8.680943,8.679672,8.679672,0.019125,1.4e-05,0.011221,-0.165781,0.04613,0.165878,13.405159,0.976305,0.798386,63.321503,63.883354,0.618374,15360.0,1.152488,62.291046,62.56321,1.13293,1008.0,14996.044922,1024.0,1024.0,212.220154,410600,64.0,1999.3
0,411400,25400,7324.855,247.85,43.803848,30.913464,0.584669,0.02044,10.029633,10.029633,10.029633,10.029633,0.02512,1.4e-05,-0.014501,-0.8678,0.045464,0.881784,13.449997,0.976282,0.920735,60.561703,61.004395,0.61149,15360.0,1.154807,59.389767,59.571693,0.952208,1008.0,14995.695312,1024.0,1024.0,178.352722,411400,64.0,1999.3
0,412200,25450,7338.709,247.85,36.435196,25.285408,0.628078,0.02044,8.452451,8.452451,8.450953,8.450953,0.024945,1.3e-05,0.021142,-0.139961,0.039761,0.151578,13.47897,0.976266,0.821999,61.73455,62.201077,0.535938,15360.0,1.201445,60.816265,60.994762,1.209419,1008.0,14995.438477,1024.0,1024.0,137.836945,412200,64.0,1999.3
0,413000,25500,7352.53,247.85,34.941174,24.112823,0.612077,0.02044,8.2323,8.2323,8.229346,8.229346,0.022401,1.3e-05,0.014087,-0.3174,0.034381,0.294658,13.397461,0.976259,0.792219,60.891792,61.278469,0.460614,15360.0,1.113319,60.106621,60.289494,0.969818,1008.0,14995.333984,1024.0,1024.0,186.248596,413000,64.0,1999.3
0,413800,25550,7366.194,247.85,39.660404,28.074997,0.632554,0.02044,8.898886,8.898886,8.898756,8.898756,0.027399,1.3e-05,0.016058,-0.223511,0.044787,0.217146,13.477436,0.976278,0.769115,62.902584,63.383614,0.603613,15360.0,1.19489,61.765396,61.704453,1.126263,1008.0,14995.635742,1024.0,1024.0,164.34726,413800,64.0,1999.3
0,414600,25600,7380.079,247.85,37.223251,25.828691,0.612271,0.02044,8.78721,8.78721,8.78721,8.78721,0.023653,1.4e-05,0.050173,0.183292,0.045344,-0.189683,13.537624,0.976281,0.720182,63.157959,63.659286,0.61385,15360.0,1.085216,62.419601,62.810108,1.396273,1008.0,14995.675781,1024.0,1024.0,167.810638,414600,64.0,1999.3
0,415400,25650,7393.843,247.85,44.928143,31.904186,0.540638,0.02044,10.360712,10.360712,10.360712,10.360712,0.018631,1.4e-05,0.011421,-0.12111,0.046989,0.122901,13.504944,0.976277,0.703739,64.309944,64.72728,0.634578,15360.0,1.169793,62.815342,62.77652,1.16991,1008.0,14995.615234,1024.0,1024.0,168.368149,415400,64.0,1999.3
0,416200,25700,7407.693,247.85,38.95536,27.723667,0.618592,0.02044,8.77286,8.77286,8.77286,8.77286,0.02612,1.3e-05,0.029349,-0.005245,0.044902,-0.000656,13.56163,0.976279,0.606006,65.307495,65.797951,0.608946,15360.0,1.023874,64.417694,64.557251,1.308225,1008.0,14995.647461,1024.0,1024.0,152.711304,416200,64.0,1999.3
0,417000,25750,7421.431,247.85,43.344639,30.795523,0.631258,0.02044,9.923502,9.923502,9.923502,9.923502,0.028383,1.4e-05,0.021598,0.002467,0.042148,-0.008786,13.57795,0.976302,0.676608,62.86937,63.267418,0.572289,15360.0,0.944519,62.095467,62.247772,1.14149,1008.0,14996.001953,1024.0,1024.0,187.468567,417000,64.0,1999.3
0,417800,25800,7435.162,247.85,40.587227,28.525368,0.587361,0.02044,9.501389,9.501389,9.501389,9.501389,0.022731,1.3e-05,0.038013,0.047323,0.038885,-0.031439,13.691296,0.976282,0.656948,61.537498,61.860378,0.532388,15360.0,1.025231,60.846565,61.023136,1.236182,1008.0,14995.688477,1024.0,1024.0,182.71524,417800,64.0,1999.3
0,418600,25850,7448.908,247.85,42.500027,29.601707,0.624479,0.02044,10.294365,10.294365,10.294365,10.294365,0.024867,1.3e-05,0.018728,0.221262,0.047969,-0.215988,13.771877,0.976303,0.587674,64.973808,65.501068,0.660617,15360.0,1.077326,63.644566,63.196503,1.108598,1008.0,14996.009766,1024.0,1024.0,159.69632,418600,64.0,1999.3
0,419400,25900,7462.748,247.85,42.713043,30.632992,0.59732,0.02044,9.493955,9.493955,9.492982,9.492982,0.02677,1.4e-05,0.062628,1.0099,0.046505,-1.002944,13.905285,0.976284,0.642646,64.504936,65.017563,0.646667,15360.0,1.045553,63.660557,64.556702,1.708859,1008.0,14995.72168,1024.0,1024.0,167.596039,419400,64.0,1999.3
0,420200,25950,7476.584,247.85,42.383408,30.018604,0.61754,0.02044,9.779091,9.779091,9.779091,9.779091,0.025063,1.3e-05,0.029392,0.246894,0.051756,-0.250831,14.104748,0.976303,0.644928,62.666588,63.280003,0.730001,15360.0,0.985008,61.709297,62.091988,1.315919,1008.0,14996.017578,1024.0,1024.0,185.070267,420200,64.0,1999.3
0,421000,26000,7490.32,247.85,31.723677,21.623238,0.619988,0.02044,7.838032,7.838032,7.837949,7.837949,0.024167,1.2e-05,0.007175,0.091122,0.027662,-0.067634,14.250988,0.976304,0.559395,61.733883,62.010281,0.39421,15360.0,0.905347,60.974499,61.211739,0.836836,1008.0,14996.021484,1024.0,1024.0,159.20372,421000,64.0,1999.3
0,421800,26050,7504.078,247.85,44.734596,31.764696,0.608549,0.02044,10.314743,10.314743,10.314743,10.314743,0.024018,1.2e-05,0.050979,0.744253,0.055739,-0.748247,14.516563,0.97628,0.66063,67.130798,67.80764,0.809142,15360.0,0.943616,66.122757,66.889496,1.671716,1008.0,14995.664062,1024.0,1024.0,175.184525,421800,64.0,1999.3
0,422600,26100,7517.821,247.85,38.810516,27.003462,0.610435,0.02044,9.28332,9.28332,9.28332,9.28332,0.022594,1.3e-05,0.044673,0.86187,0.041364,-0.86147,14.736984,0.976321,0.640129,65.757141,66.222343,0.609585,15360.0,0.932405,65.048813,65.430092,1.347305,1008.0,14996.282227,1024.0,1024.0,129.365524,422600,64.0,1999.3
0,423400,26150,7531.655,247.85,31.804941,21.734238,0.625706,0.02044,7.817163,7.817163,7.817163,7.817163,0.02534,1.1e-05,0.036347,0.621508,0.028875,-0.619624,15.05127,0.976269,0.538361,61.474655,61.876278,0.434602,15360.0,0.836562,60.979046,61.477467,1.052275,1008.0,14995.494141,1024.0,1024.0,180.066818,423400,64.0,1999.3
0,424200,26200,7545.403,247.85,37.073021,25.709185,0.598345,0.02044,8.898762,8.898762,8.898396,8.898396,0.023843,1.2e-05,0.024991,0.583562,0.037596,-0.567537,15.368809,0.976274,0.641596,63.201088,63.540104,0.577808,15360.0,0.966086,62.483898,62.473553,1.191215,1008.0,14995.560547,1024.0,1024.0,144.716125,424200,64.0,1999.3
0,425000,26250,7559.238,247.85,36.503304,25.348043,0.601375,0.02044,8.810883,8.810883,8.810883,8.810883,0.022832,1.1e-05,0.00381,0.344417,0.03626,-0.328828,15.711967,0.976298,0.585907,63.122196,63.576679,0.569722,15360.0,0.839185,62.314075,62.448795,1.102854,1008.0,14995.931641,1024.0,1024.0,156.018158,425000,64.0,1999.3
0,425800,26300,7597.625,263.486,39.055634,27.754402,0.605809,0.02044,8.75061,8.75061,8.750443,8.750443,0.024657,1.2e-05,0.012945,0.47137,0.048136,-0.485066,16.125996,0.976295,0.753402,65.332573,65.914162,0.776247,15360.0,0.943211,64.327751,64.858429,1.353023,1008.0,14995.884766,1024.0,1024.0,182.334015,425800,64.0,1999.3
0,426600,26350,7611.342,263.486,37.700115,27.078823,0.611466,0.02044,8.133625,8.133625,8.132276,8.132276,0.021581,1.1e-05,0.019524,0.735755,0.042323,-0.734717,16.482834,0.976294,0.749146,65.211525,65.808792,0.697611,15360.0,0.912439,64.197433,64.610794,1.204473,1008.0,14995.869141,1024.0,1024.0,156.814224,426600,64.0,1999.3
0,427400,26400,7625.181,263.486,38.887257,27.345993,0.70672,0.02044,8.996302,8.996302,8.996302,8.996302,0.038354,1.1e-05,0.008765,0.373696,0.034483,-0.386856,16.820351,0.976295,0.65579,63.477512,63.705002,0.580011,15360.0,0.845369,62.837593,63.001377,1.034603,1008.0,14995.888672,1024.0,1024.0,196.047684,427400,64.0,1999.3
0,428200,26450,7639.011,263.486,34.957932,24.356159,0.625239,0.02044,7.989246,7.989246,7.987926,7.987926,0.022839,1.1e-05,0.007329,0.755632,0.049287,-0.773889,17.219273,0.976286,0.847152,66.020309,66.763718,0.848683,15360.0,1.044805,64.951866,65.934158,1.603695,1008.0,14995.746094,1024.0,1024.0,182.347382,428200,64.0,1999.3
0,429000,26500,7652.757,263.486,40.874695,28.599724,0.587016,0.02044,9.561111,9.561111,9.561111,9.561111,0.023592,1.2e-05,-0.005635,0.270418,0.041022,-0.288254,17.660995,0.976273,0.878767,67.851128,68.427559,0.724496,15360.0,0.923858,66.778053,67.305313,1.247468,1008.0,14995.558594,1024.0,1024.0,238.314255,429000,64.0,1999.3
0,429800,26550,7666.499,263.486,33.533722,22.632782,0.631816,0.02044,8.264135,8.264135,8.263901,8.263901,0.025406,1.1e-05,0.011235,0.871479,0.036379,-0.883397,18.102585,0.976292,0.838575,67.246078,67.80204,0.658557,15360.0,1.027745,66.477745,66.972046,1.222132,1008.0,14995.841797,1024.0,1024.0,175.393295,429800,64.0,1999.3
0,430600,26600,7680.238,263.486,39.090618,27.044205,0.614652,0.02044,9.368231,9.368231,9.367804,9.367804,0.027291,1.1e-05,0.001028,0.826867,0.035092,-0.836888,18.623043,0.976285,0.802371,66.049049,66.507736,0.653511,15360.0,1.009542,65.319473,65.743347,1.24509,1008.0,14995.744141,1024.0,1024.0,180.894043,430600,64.0,1999.3
0,431400,26650,7694.07,263.486,41.907391,29.36891,0.602866,0.02044,9.742813,9.742813,9.742813,9.742813,0.02355,1.1e-05,6.6e-05,0.546351,0.032471,-0.556304,19.134293,0.976273,0.88908,67.791527,68.206261,0.621308,15360.0,1.029778,67.021469,67.372192,1.162099,1008.0,14995.546875,1024.0,1024.0,214.405029,431400,64.0,1999.3
0,432200,26700,7707.83,263.486,36.721729,24.995337,0.593192,0.02044,9.125179,9.125179,9.125179,9.125179,0.021469,1.1e-05,-0.009367,0.789976,0.033538,-0.77878,19.508167,0.976306,0.781584,65.931625,66.411469,0.654266,15360.0,1.009479,64.728897,65.069801,1.216928,1008.0,14996.054688,1024.0,1024.0,145.000458,432200,64.0,1999.3
0,433000,26750,7721.681,263.486,42.018845,30.092558,0.611666,0.02044,9.241322,9.241322,9.240876,9.240876,0.022318,1.1e-05,-0.018661,0.353491,0.043853,-0.358102,19.891949,0.976315,0.848569,66.956116,67.585403,0.872322,15360.0,0.99605,65.521362,65.447571,1.078309,1008.0,14996.202148,1024.0,1024.0,161.229279,433000,64.0,1999.3
0,433800,26800,7735.351,263.486,40.706467,28.788349,0.621546,0.02044,9.281299,9.281299,9.280098,9.280098,0.027742,1.1e-05,-0.000561,1.18938,0.034099,-1.174674,20.347446,0.976297,0.768427,66.601166,67.105576,0.693821,15360.0,0.996118,65.47197,65.776001,1.2042,1008.0,14995.917969,1024.0,1024.0,180.799561,433800,64.0,1999.3
0,434600,26850,7749.2,263.486,37.196636,25.58429,0.6807,0.02044,9.145257,9.145257,9.145257,9.145257,0.041788,1.1e-05,0.001515,1.660139,0.024716,-1.667741,20.750122,0.976291,0.614487,65.2491,65.594185,0.512864,15360.0,0.78475,64.693024,65.070671,0.958212,1008.0,14995.833984,1024.0,1024.0,258.642853,434600,64.0,1999.3
0,435400,26900,7762.953,263.486,38.157398,26.661186,0.679605,0.02044,8.92128,8.92128,8.92128,8.92128,0.033145,1e-05,0.007194,1.534474,0.032725,-1.543029,21.143154,0.976303,0.65828,65.119766,65.554749,0.691905,15360.0,1.057606,64.276955,64.06794,1.484213,1008.0,14996.008789,1024.0,1024.0,195.021332,435400,64.0,1999.3
0,436200,26950,7776.776,263.486,38.769207,27.503605,0.553501,0.02044,8.677584,8.677584,8.677584,8.677584,0.017594,1.1e-05,0.0071,1.127415,0.030954,-1.114057,21.543549,0.976283,0.810837,67.997177,68.375351,0.666862,15360.0,1.094599,66.891151,67.049408,1.263722,1008.0,14995.712891,1024.0,1024.0,168.715698,436200,64.0,1999.3
0,437000,27000,7790.525,263.486,35.678345,25.179794,0.599481,0.02044,8.106384,8.106384,8.105129,8.105129,0.021583,1e-05,0.001552,1.368247,0.028461,-1.390381,21.87722,0.976288,0.663471,66.979561,67.486664,0.622654,15360.0,0.988616,65.743118,65.844543,1.017865,1008.0,14995.779297,1024.0,1024.0,168.957932,437000,64.0,1999.3
0,437800,27050,7804.278,263.486,39.991409,28.253803,0.642595,0.02044,9.045719,9.045719,9.045414,9.045414,0.029197,1.1e-05,0.011907,1.433666,0.030561,-1.427715,22.187164,0.976281,0.76894,70.858543,71.385941,0.678066,15360.0,1.144779,69.88105,70.450798,1.536825,1008.0,14995.669922,1024.0,1024.0,188.129852,437800,64.0,1999.3
0,438600,27100,7818.033,263.486,33.117607,22.755991,0.620967,0.02044,8.050599,8.050599,8.050599,8.050599,0.024675,1e-05,0.016166,2.15255,0.023072,-2.145324,22.433918,0.976277,0.604362,67.247032,67.65715,0.517597,15360.0,0.813393,66.615845,66.92363,0.968919,1008.0,14995.612305,1024.0,1024.0,204.30545,438600,64.0,1999.3
0,439400,27150,7831.858,263.486,41.297924,28.686394,0.735818,0.02044,9.814154,9.814154,9.813702,9.813702,0.037135,1.1e-05,0.019556,1.867781,0.02644,-1.874585,22.560711,0.976289,0.699711,68.99881,69.262192,0.5965,15360.0,1.134787,68.093063,67.766121,1.724502,1008.0,14995.802734,1024.0,1024.0,438.58493,439400,64.0,1999.3
0,440200,27200,7845.611,263.486,39.475853,27.354534,0.58363,0.02044,9.737099,9.737099,9.73697,9.73697,0.019287,1e-05,0.005966,2.077375,0.021574,-2.080709,22.731579,0.976302,0.525871,63.647392,63.91745,0.490416,15360.0,0.915344,62.651531,62.37574,0.987542,1008.0,14995.992188,1024.0,1024.0,195.653687,440200,64.0,1999.3
0,441000,27250,7859.463,263.486,38.515057,26.864033,0.57807,0.02044,9.153664,9.153664,9.153664,9.153664,0.021085,1e-05,0.018189,1.811548,0.028425,-1.830304,22.869392,0.976282,0.680224,68.793518,69.190742,0.650074,15360.0,0.950232,67.812088,68.141251,1.230662,1008.0,14995.6875,1024.0,1024.0,173.280502,441000,64.0,1999.3
0,441800,27300,7873.118,263.486,38.61544,27.019381,0.596868,0.02044,9.076777,9.076777,9.07661,9.07661,0.022395,1e-05,0.04273,2.45286,0.028074,-2.452118,23.05217,0.976293,0.64159,70.163025,70.699318,0.647168,15360.0,1.03326,69.273956,70.297501,1.626362,1008.0,14995.863281,1024.0,1024.0,246.706482,441800,64.0,1999.3
0,442600,27350,7886.956,263.486,35.67321,24.80917,0.592015,0.02044,8.410265,8.410265,8.410265,8.410265,0.024547,1e-05,0.022821,1.904866,0.027544,-1.880866,23.165943,0.976285,0.672606,70.237518,70.642372,0.638085,15360.0,1.01622,69.163849,69.342758,1.269129,1008.0,14995.730469,1024.0,1024.0,180.311234,442600,64.0,1999.3
0,443400,27400,7900.731,263.486,34.881676,24.099813,0.60866,0.02044,8.349642,8.349642,8.349283,8.349283,0.02137,1e-05,0.032632,2.159341,0.022224,-2.152168,23.255733,0.976305,0.627998,71.732132,72.069069,0.516837,15360.0,1.02509,71.058052,71.460228,1.535124,1008.0,14996.050781,1024.0,1024.0,221.934341,443400,64.0,1999.3
0,444200,27450,7914.576,263.486,39.63118,27.776525,0.5839,0.02044,9.373688,9.373688,9.373688,9.373688,0.019273,9e-06,0.002526,1.619494,0.03205,-1.596128,23.435989,0.976299,0.623047,69.431702,70.051193,0.751135,15360.0,1.045606,67.962029,67.637497,1.120262,1008.0,14995.951172,1024.0,1024.0,166.058212,444200,64.0,1999.3
0,445000,27500,7928.426,263.486,41.184071,28.808422,0.569548,0.02044,9.883537,9.883537,9.883537,9.883537,0.019971,1e-05,0.009417,2.026296,0.021663,-2.01402,23.552292,0.976299,0.567007,63.65007,63.892052,0.510222,15360.0,1.124486,62.528133,62.135612,1.358573,1008.0,14995.945312,1024.0,1024.0,220.236053,445000,64.0,1999.3
0,445800,27550,7942.089,263.486,39.487537,27.176413,0.601869,0.02044,9.728262,9.728262,9.728262,9.728262,0.025866,1e-05,0.022478,2.038993,0.02615,-2.033431,23.691708,0.976294,0.64228,73.044098,73.428146,0.619549,15360.0,1.076556,72.050385,72.083557,1.549131,1008.0,14995.874023,1024.0,1024.0,248.349823,445800,64.0,1999.3
0,446600,27600,7955.933,263.486,33.652229,23.089832,0.611615,0.02044,8.401306,8.401306,8.400879,8.400879,0.024862,1e-05,0.027301,3.086885,0.01479,-3.086874,23.85762,0.976294,0.430807,62.65807,62.866493,0.352858,15360.0,0.769336,62.157906,62.269657,0.979828,1008.0,14995.869141,1024.0,1024.0,197.370712,446600,64.0,1999.3
0,447400,27650,7969.7,263.486,33.186241,22.352951,0.574652,0.02044,8.568694,8.568694,8.564991,8.564991,0.020142,9e-06,0.015688,2.928767,0.018489,-2.915882,23.953419,0.976286,0.510662,65.03273,65.359093,0.44288,15360.0,0.95429,63.874214,63.897366,0.966103,1008.0,14995.753906,1024.0,1024.0,198.07695,447400,64.0,1999.3
0,448200,27700,7983.515,263.486,38.632507,27.58688,0.618198,0.02044,8.688769,8.688769,8.688283,8.688283,0.024981,9e-06,0.032298,2.516054,0.024843,-2.530163,24.115448,0.976291,0.536964,73.451889,73.791077,0.599112,15360.0,0.933601,72.664307,73.113503,1.469273,1008.0,14995.833008,1024.0,1024.0,162.996216,448200,64.0,1999.3
0,449000,27750,7997.25,263.486,35.443806,24.739244,0.604876,0.02044,8.438846,8.438846,8.438736,8.438736,0.02236,1e-05,0.054963,2.652467,0.025915,-2.658073,24.34222,0.976319,0.467251,69.631775,70.10775,0.630833,15360.0,0.914345,68.959831,69.871117,1.642627,1008.0,14996.260742,1024.0,1024.0,205.818741,449000,64.0,1999.3
0,449800,27800,8010.98,263.486,38.346191,27.019728,0.56769,0.02044,9.009316,9.009316,9.009115,9.009115,0.016241,1e-05,0.011532,2.530766,0.020072,-2.539909,24.553265,0.976316,0.505969,64.04409,64.280853,0.492835,15360.0,1.035277,62.847286,62.476379,1.04561,1008.0,14996.214844,1024.0,1024.0,170.085602,449800,64.0,1999.3
0,450600,27850,8049.701,279.014,36.553101,25.213549,0.644767,0.02044,9.05893,9.05893,9.05893,9.05893,0.028384,9e-06,0.021499,2.759382,0.019097,-2.768714,24.737202,0.976304,0.441605,69.631241,69.935333,0.472412,15360.0,0.82139,68.913429,68.714043,1.118556,1008.0,14996.026367,1024.0,1024.0,113.437035,450600,64.0,1999.3
0,451400,27900,8063.561,279.014,42.041561,29.785158,0.542388,0.02044,9.853729,9.853729,9.852284,9.852284,0.015536,1e-05,0.017543,1.894663,0.028121,-1.914094,24.970982,0.976289,0.536739,69.739014,70.156189,0.702199,15360.0,1.000625,68.345551,67.894577,1.093663,1008.0,14995.793945,1024.0,1024.0,172.92691,451400,64.0,1999.3
0,452200,27950,8077.389,279.014,29.141233,19.557938,0.629086,0.02044,7.53679,7.53679,7.53679,7.53679,0.022241,8e-06,0.016491,3.14176,0.009192,-3.137972,25.133907,0.976312,0.370217,60.004601,60.151428,0.23102,15360.0,0.855308,59.182571,59.088428,0.743796,1008.0,14996.154297,1024.0,1024.0,170.086685,452200,64.0,1999.3
0,453000,28000,8091.131,279.014,39.591816,27.505602,0.552737,0.02044,9.773454,9.773454,9.773454,9.773454,0.017377,9e-06,0.010291,2.483075,0.016918,-2.473336,25.351101,0.97629,0.485296,68.318802,68.399452,0.428887,15360.0,0.888838,67.519989,67.084251,1.133912,1008.0,14995.817383,1024.0,1024.0,220.688187,453000,64.0,1999.3
0,453800,28050,8104.875,279.014,33.126499,22.753551,0.568276,0.02044,8.151239,8.151239,8.150939,8.150939,0.01783,8e-06,0.044537,2.994373,0.024314,-3.014312,25.637695,0.976312,0.485203,69.908562,70.408379,0.623359,15360.0,0.960421,68.776253,69.196793,1.364727,1008.0,14996.151367,1024.0,1024.0,192.981628,453800,64.0,1999.3
0,454600,28100,8118.616,279.014,37.62516,26.605175,0.573076,0.02044,8.718872,8.718872,8.717305,8.717305,0.018329,9e-06,0.024726,2.281414,0.026275,-2.257685,25.811893,0.976304,0.505219,72.831322,73.308014,0.678203,15360.0,1.019213,71.290146,71.285645,1.282536,1008.0,14996.025391,1024.0,1024.0,180.699692,454600,64.0,1999.3
0,455400,28150,8132.457,279.014,37.507072,26.355505,0.612539,0.02044,8.846968,8.846968,8.844488,8.844488,0.024361,9e-06,0.026466,2.947787,0.020479,-2.958842,25.991379,0.976292,0.487318,67.39682,67.760468,0.532268,15360.0,0.910468,66.402489,66.697083,1.090082,1008.0,14995.841797,1024.0,1024.0,124.85997,455400,64.0,1999.3
0,456200,28200,8146.284,279.014,32.717743,22.759712,0.602349,0.02044,7.871112,7.871112,7.869287,7.869287,0.024985,8e-06,0.008774,3.186165,0.016178,-3.184346,26.271812,0.976309,0.444296,68.873184,69.12075,0.425033,15360.0,0.746512,68.241676,68.555901,1.029207,1008.0,14996.110352,1024.0,1024.0,179.627197,456200,64.0,1999.3
0,457000,28250,8160.048,279.014,42.899864,30.402266,0.564956,0.02044,10.033731,10.033731,10.032982,10.032982,0.019397,9e-06,0.018591,2.373881,0.02926,-2.349463,26.582211,0.976315,0.572393,70.959442,71.454033,0.777802,15360.0,0.947052,69.541084,69.889961,1.52998,1008.0,14996.196289,1024.0,1024.0,171.737289,457000,64.0,1999.3
0,457800,28300,8173.788,279.014,41.056686,28.880787,0.618625,0.02044,9.674201,9.674201,9.674201,9.674201,0.030226,9e-06,0.022047,2.603031,0.025553,-2.614377,26.9618,0.976305,0.599693,73.42205,73.784996,0.688953,15360.0,0.911584,72.658272,72.908302,1.781493,1008.0,14996.040039,1024.0,1024.0,143.622299,457800,64.0,1999.3
0,458600,28350,8187.534,279.014,39.529102,27.813137,0.600361,0.02044,9.33374,9.33374,9.332958,9.332958,0.020297,9e-06,0.007184,2.436974,0.017905,-2.43101,27.2174,0.976303,0.541527,64.4534,64.648712,0.48732,15360.0,0.93114,63.439396,62.857582,0.905306,1008.0,14996.013672,1024.0,1024.0,218.180984,458600,64.0,1999.3
0,459400,28400,8201.363,279.014,31.426142,21.318905,0.593539,0.02044,7.856809,7.856809,7.852674,7.852674,0.019935,8e-06,0.011042,3.078328,0.019896,-3.083117,27.56353,0.976306,0.566878,67.740562,68.153702,0.548397,15360.0,0.9095,66.744392,66.883766,0.924483,1008.0,14996.056641,1024.0,1024.0,132.820511,459400,64.0,1999.3
0,460200,28450,8215.189,279.014,37.13916,25.423273,0.593411,0.02044,9.193822,9.193822,9.193822,9.193822,0.023784,8e-06,0.023916,2.803823,0.027371,-2.806918,27.941353,0.976295,0.706682,72.595299,73.213226,0.764776,15360.0,0.86077,71.648941,72.032448,1.296492,1008.0,14995.889648,1024.0,1024.0,163.038925,460200,64.0,1999.3
0,461000,28500,8228.948,279.014,44.707039,32.378834,0.638519,0.02044,9.58343,9.58343,9.58343,9.58343,0.025378,9e-06,-0.000129,1.968371,0.032017,-1.94561,28.309589,0.976309,0.807017,73.160149,73.678276,0.906402,15360.0,1.068606,72.024895,72.404625,1.875105,1008.0,14996.101562,1024.0,1024.0,200.980453,461000,64.0,1999.3
0,461800,28550,8242.703,279.014,39.133648,28.792747,0.702019,0.02044,7.724082,7.724082,7.723189,7.723189,0.039398,9e-06,0.009778,2.10125,0.028803,-2.094817,28.939846,0.9763,0.775623,73.196617,73.779152,0.833556,15360.0,1.121842,72.227852,73.356613,1.850837,1008.0,14995.967773,1024.0,1024.0,175.389053,461800,64.0,1999.3
0,462600,28600,8256.428,279.014,45.399044,32.96933,0.73158,0.02044,9.663977,9.663977,9.663977,9.663977,0.047194,9e-06,0.004129,2.738821,0.027083,-2.747019,29.407742,0.976309,0.75377,66.46022,66.976364,0.796437,15360.0,0.96475,65.471703,65.862724,1.307716,1008.0,14996.103516,1024.0,1024.0,165.809479,462600,64.0,1999.3
0,463400,28650,8270.245,279.014,41.612255,29.740164,0.626573,0.02044,9.122229,9.122229,9.121731,9.121731,0.027361,8e-06,0.007114,1.933879,0.025413,-1.925024,29.874031,0.976282,0.864612,74.892319,75.267509,0.759187,15360.0,1.062993,73.94017,74.383873,1.428966,1008.0,14995.683594,1024.0,1024.0,180.016846,463400,64.0,1999.3
0,464200,28700,8284.084,279.014,36.661991,25.364494,0.598901,0.02044,8.554311,8.554311,8.554311,8.554311,0.021262,9e-06,0.009992,2.363855,0.024428,-2.37421,30.249828,0.976302,0.926908,74.055946,74.449135,0.738954,15360.0,1.105042,73.284904,73.82325,1.513914,1008.0,14995.995117,1024.0,1024.0,172.292572,464200,64.0,1999.3
0,465000,28750,8297.857,279.014,37.555794,25.960117,0.592026,0.02044,9.018313,9.018313,9.018114,9.018114,0.021411,8e-06,-0.005731,2.151931,0.029271,-2.139142,30.725239,0.97629,0.809174,70.260803,70.923439,0.899354,15360.0,0.865397,68.708496,68.550087,0.950585,1008.0,14995.81543,1024.0,1024.0,147.088501,465000,64.0,1999.3
0,465800,28800,8311.599,279.014,36.59457,25.49036,0.587272,0.02044,8.489386,8.489386,8.487668,8.487668,0.0208,9e-06,0.003691,2.016275,0.025159,-2.008698,31.286812,0.976312,0.873014,72.6614,73.164406,0.78716,15360.0,0.938219,71.484596,71.606232,1.163033,1008.0,14996.147461,1024.0,1024.0,208.62207,465800,64.0,1999.3
0,466600,28850,8325.338,279.014,40.93298,28.731552,0.645273,0.02044,9.297997,9.297997,9.297977,9.297977,0.027672,9e-06,-0.003656,1.869655,0.027798,-1.871401,31.78685,0.976316,0.963824,72.987343,73.535469,0.883605,15360.0,1.159171,72.012947,72.57991,1.740361,1008.0,14996.213867,1024.0,1024.0,210.931763,466600,64.0,1999.3
0,467400,28900,8339.177,279.014,41.318386,28.896276,0.589305,0.02044,9.575984,9.575984,9.575984,9.575984,0.023474,8e-06,0.007772,2.222142,0.028349,-2.203995,32.248432,0.976286,0.943983,71.598167,72.049103,0.914223,15360.0,1.090071,70.435005,70.716942,1.494267,1008.0,14995.759766,1024.0,1024.0,220.676758,467400,64.0,1999.3
0,468200,28950,8353.02,279.014,46.128201,32.773605,0.554659,0.02044,10.512468,10.512468,10.512468,10.512468,0.018618,8e-06,-0.003719,1.657909,0.025635,-1.654875,32.642246,0.976312,0.903145,71.555809,71.964882,0.836784,15360.0,1.054513,70.327606,70.375443,1.259872,1008.0,14996.149414,1024.0,1024.0,149.377975,468200,64.0,1999.3
0,469000,29000,8366.757,279.014,41.877369,29.249659,0.64858,0.02044,9.760065,9.760065,9.760065,9.760065,0.037594,8e-06,-0.00197,2.415745,0.023936,-2.414915,33.194519,0.976299,0.865037,69.888428,70.343468,0.794534,15360.0,1.198508,68.621628,69.748672,1.766598,1008.0,14995.945312,1024.0,1024.0,205.663757,469000,64.0,1999.3
0,469800,29050,8380.49,279.014,35.449947,24.62627,0.582859,0.02044,8.146614,8.146614,8.143366,8.143366,0.019637,8e-06,0.011585,2.41076,0.021011,-2.409839,33.545952,0.976307,0.902948,74.155228,74.699371,0.704848,15360.0,1.148551,73.230469,73.980492,1.322989,1008.0,14996.075195,1024.0,1024.0,160.79924,469800,64.0,1999.3
0,470600,29100,8394.219,279.014,35.508987,24.388157,0.58975,0.02044,8.402391,8.402391,8.401986,8.401986,0.018642,7e-06,0.002312,2.192925,0.01876,-2.208601,34.0555,0.976309,0.929165,73.51458,73.848557,0.638882,15360.0,1.121762,72.140938,72.087105,0.955967,1008.0,14996.111328,1024.0,1024.0,182.980621,470600,64.0,1999.3
0,471400,29150,8408.059,279.014,41.04884,28.945179,0.562751,0.02044,9.271048,9.271048,9.269162,9.269162,0.019551,8e-06,-0.000303,1.781009,0.024246,-1.802257,34.469494,0.976291,0.97643,76.090813,76.410355,0.835753,15360.0,1.153953,74.390915,74.320427,1.374251,1008.0,14995.833008,1024.0,1024.0,208.944534,471400,64.0,1999.3
0,472200,29200,8421.877,279.014,41.194405,28.557419,0.620618,0.02044,9.732019,9.732019,9.732019,9.732019,0.028375,8e-06,0.000873,1.943488,0.02,-1.962555,34.962345,0.976286,0.948098,78.479782,78.944679,0.699233,15360.0,1.139113,77.271927,77.278969,1.25904,1008.0,14995.746094,1024.0,1024.0,183.191559,472200,64.0,1999.3
0,473000,29250,8435.617,279.014,33.858467,23.344963,0.614058,0.02044,7.929921,7.929921,7.927606,7.927606,0.022397,7e-06,0.006553,2.666932,0.01848,-2.670956,35.320984,0.976309,0.829943,73.010979,73.364845,0.652725,15360.0,1.065328,71.723656,72.262466,1.19019,1008.0,14996.103516,1024.0,1024.0,146.260437,473000,64.0,1999.3
0,473800,29300,8449.369,279.014,39.898438,27.740414,0.600386,0.02044,9.348109,9.348109,9.348109,9.348109,0.022184,8e-06,0.00358,2.134558,0.023516,-2.137109,35.711823,0.976318,0.91156,76.341164,76.771873,0.839785,15360.0,1.13046,74.82222,74.966309,1.370932,1008.0,14996.24707,1024.0,1024.0,217.898743,473800,64.0,1999.3
0,474600,29350,8463.126,279.014,38.401459,26.050303,0.56914,0.02044,9.655454,9.655454,9.655454,9.655454,0.018971,7e-06,0.008651,2.955832,0.020743,-2.957734,36.048923,0.976307,0.800808,71.017662,71.378288,0.747763,15360.0,1.103724,69.781128,70.05381,1.325525,1008.0,14996.075195,1024.0,1024.0,164.797867,474600,64.0,1999.3
0,475400,29400,8502.519,294.555,35.653866,24.231054,0.551563,0.02044,8.811067,8.811067,8.809796,8.809796,0.016125,7e-06,0.007054,2.761943,0.015676,-2.761889,36.462883,0.976313,0.794166,72.677162,72.882103,0.57161,15360.0,1.191382,71.370316,71.001694,1.388801,1008.0,14996.164062,1024.0,1024.0,186.525253,475400,64.0,1999.3
0,476200,29450,8516.308,294.555,36.720699,25.398582,0.613564,0.02044,8.697834,8.697834,8.69767,8.69767,0.021905,7e-06,0.006396,3.171098,0.014613,-3.172295,36.720856,0.976306,0.795949,75.382278,75.583923,0.536616,15360.0,1.060496,74.703117,74.531021,1.110924,1008.0,14996.06543,1024.0,1024.0,133.256256,476200,64.0,1999.3
0,477000,29500,8530.16,294.555,30.975603,21.005125,0.598601,0.02044,7.519716,7.519716,7.518773,7.518773,0.021322,7e-06,0.009066,3.955678,0.011059,-3.981376,36.875088,0.97632,0.758725,70.991768,71.087631,0.407819,15360.0,1.039854,70.396774,70.311867,0.816496,1008.0,14996.275391,1024.0,1024.0,166.583939,477000,64.0,1999.3
0,477800,29550,8543.837,294.555,31.297403,21.021654,0.622325,0.02044,7.750158,7.750158,7.750096,7.750096,0.02383,7e-06,0.015646,3.820562,0.012456,-3.819278,37.028805,0.976303,0.749627,73.154106,73.441467,0.461231,15360.0,1.141791,72.117432,71.863762,1.260647,1008.0,14996.005859,1024.0,1024.0,187.90567,477800,64.0,1999.3
0,478600,29600,8557.676,294.555,37.318905,25.628199,0.590431,0.02044,9.094402,9.094402,9.093974,9.093974,0.019916,7e-06,0.015697,3.595142,0.020907,-3.605576,37.16074,0.976308,0.736181,69.197998,69.773582,0.776906,15360.0,1.080387,67.668816,67.372749,1.05344,1008.0,14996.091797,1024.0,1024.0,204.912521,478600,64.0,1999.3
0,479400,29650,8571.523,294.555,39.738548,27.739742,0.572829,0.02044,9.169154,9.169154,9.168617,9.168617,0.01964,7e-06,0.023136,2.687598,0.023427,-2.711351,37.220966,0.976307,0.934281,78.923439,79.313538,0.871972,15360.0,1.206832,77.555687,77.345261,1.702719,1008.0,14996.071289,1024.0,1024.0,230.025864,479400,64.0,1999.3
0,480200,29700,8585.247,294.555,35.880737,25.041245,0.576027,0.02044,8.249409,8.249409,8.249185,8.249185,0.020756,8e-06,0.031832,3.60585,0.01859,-3.634397,37.357018,0.97632,0.789781,77.662132,78.098953,0.694465,15360.0,1.156876,76.810677,77.521492,1.660345,1008.0,14996.279297,1024.0,1024.0,158.644196,480200,64.0,1999.3
0,481000,29750,8599.061,294.555,39.925636,28.067598,0.573586,0.02044,9.15909,9.15909,9.15909,9.15909,0.016971,7e-06,0.011953,2.982034,0.021538,-2.990053,37.493843,0.976299,0.830803,78.346825,78.820412,0.807526,15360.0,1.154194,76.80204,76.613426,1.553184,1008.0,14995.958984,1024.0,1024.0,135.803513,481000,64.0,1999.3
0,481800,29800,8612.725,294.555,36.700947,25.977589,0.577479,0.02044,8.182746,8.182746,8.182746,8.182746,0.020858,8e-06,0.030496,2.882857,0.019103,-2.875162,37.597065,0.976276,0.801346,90.777313,91.278999,0.718201,15360.0,0.975255,90.148849,91.146332,1.605386,1008.0,14995.599609,1024.0,1024.0,158.07373,481800,64.0,1999.3
0,482600,29850,8626.559,294.555,39.842567,28.019257,0.657806,0.02044,9.115245,9.115245,9.114982,9.114982,0.028265,7e-06,0.010478,2.820884,0.015527,-2.814584,37.74012,0.976307,0.811737,84.169327,84.402397,0.586005,15360.0,0.98693,83.547714,83.801659,1.203745,1008.0,14996.075195,1024.0,1024.0,157.458313,482600,64.0,1999.3
0,483400,29900,8640.305,294.555,41.016701,28.913406,0.641072,0.02044,9.383862,9.383862,9.383862,9.383862,0.02603,7e-06,0.020553,2.98476,0.019813,-2.996676,37.892799,0.976286,0.787196,79.483734,79.859978,0.750758,15360.0,1.039306,78.368828,78.831291,1.593677,1008.0,14995.748047,1024.0,1024.0,186.579758,483400,64.0,1999.3
0,484200,29950,8654.144,294.555,38.158577,26.621105,0.603739,0.02044,8.90884,8.90884,8.90884,8.90884,0.021793,7e-06,0.015963,3.041266,0.020522,-3.041382,37.95969,0.976278,0.793906,77.679451,77.924309,0.779004,15360.0,1.012332,76.734505,76.944664,1.459697,1008.0,14995.634766,1024.0,1024.0,191.015472,484200,64.0,1999.3
0,485000,30000,8667.917,294.555,44.942875,31.896284,0.599593,0.02044,10.250589,10.250589,10.250589,10.250589,0.022154,7e-06,0.009384,2.856282,0.025042,-2.857409,38.203663,0.976291,0.758412,79.089668,79.696793,0.956701,15360.0,1.277049,77.606049,76.800201,1.94051,1008.0,14995.828125,1024.0,1024.0,254.66568,485000,64.0,1999.3
0,485800,30050,8681.597,294.555,40.676064,28.382763,0.592849,0.02044,9.56709,9.56709,9.56709,9.56709,0.023051,7e-06,0.01728,2.968818,0.02409,-2.979636,38.305508,0.976297,0.826704,78.217384,78.726524,0.922798,15360.0,1.040758,77.01358,76.690964,1.303412,1008.0,14995.914062,1024.0,1024.0,140.491364,485800,64.0,1999.3
0,486600,30100,8695.447,294.555,36.295052,24.505487,0.618008,0.02044,9.168817,9.168817,9.168432,9.168432,0.023365,7e-06,0.009148,3.98477,0.012578,-3.981281,38.387089,0.976309,0.753249,73.536171,73.632965,0.482818,15360.0,1.010073,72.748802,72.495934,1.009818,1008.0,14996.101562,1024.0,1024.0,216.489319,486600,64.0,1999.3
0,487400,30150,8709.284,294.555,41.001625,29.084337,0.586797,0.02044,9.295036,9.295036,9.295036,9.295036,0.024282,7e-06,0.028952,3.032957,0.022048,-3.029096,38.554787,0.976311,0.726501,82.81781,83.263985,0.850048,15360.0,1.100196,81.566528,81.540909,1.68243,1008.0,14996.139648,1024.0,1024.0,151.931595,487400,64.0,1999.3
0,488200,30200,8723.124,294.555,30.781775,20.875572,0.581818,0.02044,7.509477,7.509477,7.507754,7.507754,0.016296,6e-06,0.022625,4.177137,0.013313,-4.178428,38.749352,0.976287,0.696008,73.489334,73.83506,0.515874,15360.0,1.082948,72.276817,72.314491,1.019904,1008.0,14995.773438,1024.0,1024.0,178.93132,488200,64.0,1999.3
0,489000,30250,8736.879,294.555,38.831532,26.873825,0.540421,0.02044,9.423313,9.423313,9.423313,9.423313,0.01843,7e-06,0.025406,3.69486,0.016099,-3.689108,38.984261,0.976295,0.686349,80.338318,80.723122,0.627606,15360.0,1.064827,79.179253,78.868492,1.468505,1008.0,14995.882812,1024.0,1024.0,219.159042,489000,64.0,1999.3
0,489800,30300,8750.547,294.555,34.845955,24.085472,0.594259,0.02044,8.322113,8.322113,8.322094,8.322094,0.021348,7e-06,0.018009,3.897099,0.015759,-3.900749,39.123386,0.976281,0.691978,76.170319,76.494896,0.616542,15360.0,0.938238,75.383247,75.8041,1.178279,1008.0,14995.680664,1024.0,1024.0,169.855667,489800,64.0,1999.3
0,490600,30350,8764.401,294.555,35.0219,24.038374,0.611377,0.02044,8.540709,8.540709,8.539077,8.539077,0.024626,6e-06,0.027768,3.957724,0.0152,-3.955786,39.253803,0.976288,0.642794,78.249825,78.578842,0.59665,15360.0,0.954553,77.475822,77.538696,1.475936,1008.0,14995.790039,1024.0,1024.0,168.788406,490600,64.0,1999.3
0,491400,30400,8778.237,294.555,38.209709,27.194897,0.558879,0.02044,8.554508,8.554508,8.553342,8.553342,0.017214,6e-06,0.020282,3.195002,0.019087,-3.204586,39.372253,0.976301,0.703917,78.661072,79.008064,0.751483,15360.0,1.004439,77.266815,77.185516,1.33302,1008.0,14995.981445,1024.0,1024.0,153.878418,491400,64.0,1999.3
0,492200,30450,8792.052,294.555,41.916897,29.220276,0.612928,0.02044,10.041931,10.041931,10.040912,10.040912,0.023518,7e-06,0.008792,3.733826,0.015406,-3.749769,39.549877,0.976276,0.703196,75.940125,76.178406,0.609311,15360.0,1.017136,74.706261,74.307434,1.212627,1008.0,14995.605469,1024.0,1024.0,157.307541,492200,64.0,1999.3
0,493000,30500,8805.838,294.555,39.043598,27.672562,0.615446,0.02044,8.911092,8.911092,8.909603,8.909603,0.025593,7e-06,0.017265,3.242714,0.018424,-3.244304,39.821808,0.976305,0.636595,87.62896,88.083374,0.733668,15360.0,0.930291,86.556717,86.799698,1.518363,1008.0,14996.041016,1024.0,1024.0,177.249176,493000,64.0,1999.3
0,493800,30550,8819.514,294.555,43.854748,31.902988,0.607602,0.02044,9.234941,9.234941,9.23493,9.23493,0.02313,7e-06,0.015106,3.161554,0.027236,-3.192147,40.172913,0.976299,0.803158,75.18045,75.554916,1.094147,15360.0,1.156737,73.948143,73.057739,1.801394,1008.0,14995.949219,1024.0,1024.0,177.557434,493800,64.0,1999.3
0,494600,30600,8833.356,294.555,34.578579,23.520561,0.66796,0.02044,8.50711,8.50711,8.50711,8.50711,0.028829,7e-06,0.011149,4.024556,0.013782,-4.034265,40.577652,0.976301,0.723482,73.879738,74.190369,0.559225,15360.0,0.923879,73.184006,73.378151,1.093288,1008.0,14995.984375,1024.0,1024.0,204.316772,494600,64.0,1999.3
0,495400,30650,8847.19,294.555,37.307858,25.745399,0.595142,0.02044,9.004937,9.004937,9.004937,9.004937,0.023561,6e-06,0.032946,3.498662,0.024513,-3.50374,40.927288,0.976305,0.715695,83.897339,84.640709,1.003268,15360.0,0.976,82.660599,83.116501,1.555752,1008.0,14996.048828,1024.0,1024.0,180.330505,495400,64.0,1999.3
0,496200,30700,8861.027,294.555,37.135841,26.00732,0.656796,0.02044,8.600695,8.600695,8.597916,8.597916,0.033887,6e-06,0.023185,4.028251,0.017472,-4.031065,41.366837,0.976299,0.678837,81.293076,81.76812,0.72277,15360.0,0.961664,80.331619,81.032806,1.500038,1008.0,14995.955078,1024.0,1024.0,198.999405,496200,64.0,1999.3
0,497000,30750,8874.814,294.555,40.871758,28.171722,0.601622,0.02044,10.034092,10.034092,10.034092,10.034092,0.025018,7e-06,0.008167,3.839444,0.020769,-3.823635,41.823833,0.976328,0.746061,79.524612,79.854347,0.868622,15360.0,0.95413,78.281784,78.307175,1.390118,1008.0,14996.390625,1024.0,1024.0,193.082291,497000,64.0,1999.3
0,497800,30800,8888.486,294.555,39.201542,26.987101,0.61152,0.02044,9.611708,9.611708,9.611708,9.611708,0.024588,7e-06,0.018673,3.56942,0.0179,-3.563375,42.111362,0.976317,0.692346,83.948753,84.438316,0.753786,15360.0,0.995277,82.56385,82.054169,1.521415,1008.0,14996.231445,1024.0,1024.0,170.746964,497800,64.0,1999.3
0,498600,30850,8902.333,294.555,30.783215,20.9814,0.620576,0.02044,7.4728,7.4728,7.4728,7.4728,0.02426,6e-06,0.028703,4.799824,0.013113,-4.783029,42.456242,0.976293,0.675499,82.157845,82.49691,0.55673,15360.0,0.788386,81.86087,82.329277,1.206756,1008.0,14995.857422,1024.0,1024.0,176.273392,498600,64.0,1999.3
0,499400,30900,8916.175,294.555,37.496487,25.723682,0.599082,0.02044,9.091751,9.091751,9.091751,9.091751,0.021786,6e-06,0.022355,3.921387,0.018476,-3.910411,43.122925,0.976317,0.839647,77.469719,77.960045,0.796755,15360.0,0.967836,76.432777,76.485481,1.14284,1008.0,14996.224609,1024.0,1024.0,164.246201,499400,64.0,1999.3
0,500200,30950,8955.992,310.034,34.870285,23.642996,0.592722,0.02044,8.504639,8.504639,8.504639,8.504639,0.019283,6e-06,0.003383,4.520509,0.01715,-4.519987,43.508884,0.976296,0.91092,65.379272,65.701149,0.74617,15360.0,1.149071,64.075615,63.899857,1.06038,1008.0,14995.902344,1024.0,1024.0,179.273849,499200,64.0,1999.3
0,501000,31000,8969.81,310.034,43.131245,29.953575,0.562058,0.02044,10.29643,10.29643,10.29643,10.29643,0.022191,7e-06,0.018421,3.160728,0.025055,-3.147638,43.87582,0.9763,0.937755,82.772842,83.464684,1.099322,15360.0,1.043067,81.14212,81.418579,1.750672,1008.0,14995.970703,1024.0,1024.0,164.291702,500000,64.0,1999.3
0,501800,31050,8983.568,310.034,42.78952,29.617966,0.637552,0.02044,10.232981,10.232981,10.232981,10.232981,0.029614,7e-06,0.024505,3.328729,0.022046,-3.327459,44.359825,0.976288,0.907686,82.995148,83.546684,0.977946,15360.0,1.083636,81.845024,81.949501,1.800434,1008.0,14995.789062,1024.0,1024.0,131.581848,499800,64.0,1999.3
0,502600,31100,8997.431,310.034,37.198189,25.505379,0.603516,0.02044,8.929184,8.929184,8.92794,8.92794,0.02277,6e-06,0.006725,3.814505,0.015394,-3.790169,44.773548,0.976313,0.912826,71.538399,71.881027,0.689257,15360.0,1.090667,70.28714,69.797028,1.345743,1008.0,14996.164062,1024.0,1024.0,179.873978,499600,64.0,1999.3
0,503400,31150,9011.199,310.034,44.886803,31.745964,0.566487,0.02044,10.253048,10.253048,10.253048,10.253048,0.022486,6e-06,0.011786,3.684438,0.018235,-3.67801,45.251774,0.976293,0.952,75.469261,75.904037,0.825173,15360.0,1.039239,74.474106,74.24173,1.562838,1008.0,14995.855469,1024.0,1024.0,164.422028,499400,64.0,1999.3
0,504200,31200,9025.028,310.034,38.146198,26.49527,0.601354,0.02044,8.729648,8.729648,8.729162,8.729162,0.021387,6e-06,0.024487,3.167754,0.022787,-3.177253,45.568924,0.976314,1.082423,88.848206,89.553322,1.038367,15360.0,1.065366,87.373901,87.423058,1.562955,1008.0,14996.185547,1024.0,1024.0,197.749756,499200,64.0,1999.3
0,505000,31250,9038.782,310.034,36.845646,24.834927,0.585873,0.02044,9.111458,9.111458,9.11115,9.11115,0.020715,7e-06,0.011442,4.119342,0.017893,-4.128788,46.158829,0.97632,1.008433,65.536385,65.994911,0.825936,15360.0,1.206442,64.203484,63.970325,1.324577,1008.0,14996.277344,1024.0,1024.0,182.484467,500000,64.0,1999.3
0,505800,31300,9052.558,310.034,40.102005,27.834114,0.675093,0.02044,9.290875,9.290875,9.2901,9.2901,0.036253,6e-06,0.015638,3.85542,0.017932,-3.846872,46.651314,0.976305,1.009571,72.375282,72.722725,0.836537,15360.0,1.090623,71.710976,71.963425,1.209829,1008.0,14996.041992,1024.0,1024.0,179.179291,499800,64.0,1999.3
0,506600,31350,9066.337,310.034,41.931812,28.660927,0.601113,0.02044,10.16123,10.16123,10.16123,10.16123,0.023997,7e-06,0.019512,3.115396,0.021874,-3.114384,47.269341,0.976286,1.123792,84.602676,85.232574,1.033962,15360.0,1.095579,83.084007,83.561325,1.805836,1008.0,14995.74707,1024.0,1024.0,140.11705,499600,64.0,1999.3
0,507400,31400,9080.174,310.034,38.758015,26.818031,0.599317,0.02044,8.970677,8.970677,8.970677,8.970677,0.023692,5e-06,0.006195,3.374919,0.016862,-3.352853,47.758842,0.976308,1.13227,85.387024,85.945885,0.805287,15360.0,1.046718,83.863083,83.968239,0.888113,1008.0,14996.087891,1024.0,1024.0,186.099609,499400,64.0,1999.3
0,508200,31450,9093.933,310.034,40.359875,28.140196,0.571157,0.02044,9.264936,9.264936,9.264519,9.264519,0.021564,6e-06,0.002991,2.808753,0.023581,-2.829293,48.293655,0.976315,1.134939,84.768265,85.289284,1.138833,15360.0,0.995736,82.704056,82.067001,1.289339,1008.0,14996.192383,1024.0,1024.0,179.031342,499200,64.0,1999.3
0,509000,31500,9107.773,310.034,33.06995,22.3545,0.569891,0.02044,7.934984,7.934984,7.93466,7.93466,0.020585,5e-06,-0.001337,4.213265,0.010943,-4.223526,48.745575,0.976315,1.030075,71.27375,71.445053,0.533421,15360.0,1.226327,70.164902,69.271179,1.284208,1008.0,14996.195312,1024.0,1024.0,181.029678,500000,64.0,1999.3
0,509800,31550,9121.424,310.034,37.493233,25.491819,0.584173,0.02044,8.944162,8.944162,8.944117,8.944117,0.019284,6e-06,0.005272,3.71851,0.017165,-3.745965,49.183876,0.976311,1.14307,78.275673,78.594246,0.844221,15360.0,1.366266,76.907776,77.005356,1.807707,1008.0,14996.136719,1024.0,1024.0,155.73114,499800,64.0,1999.3
0,510600,31600,9135.268,310.034,32.962093,22.74486,0.589016,0.02044,7.423897,7.423897,7.422862,7.422862,0.01899,5e-06,0.003342,3.284845,0.016476,-3.275893,49.595955,0.976309,1.128417,79.687325,80.211105,0.817162,15360.0,1.032432,77.751579,77.300446,0.997572,1008.0,14996.111328,1024.0,1024.0,124.841217,499600,64.0,1999.3
0,511400,31650,9149.021,310.034,40.633118,28.456123,0.633131,0.02044,9.010052,9.010052,9.010052,9.010052,0.025605,6e-06,0.014286,2.721931,0.019553,-2.715296,50.08601,0.976282,1.233998,94.665062,95.326485,0.979318,15360.0,1.213613,93.005257,93.16423,1.474847,1008.0,14995.685547,1024.0,1024.0,189.110916,499400,64.0,1999.3
0,512200,31700,9162.878,310.034,35.672581,24.342447,0.611273,0.02044,8.287632,8.287632,8.287632,8.287632,0.023934,6e-06,0.02477,3.7875,0.016909,-3.791371,50.527084,0.976311,1.175991,89.793869,90.472267,0.854353,15360.0,1.270882,88.492973,88.522919,1.378546,1008.0,14996.140625,1024.0,1024.0,180.827011,499200,64.0,1999.3
0,513000,31750,9176.669,310.034,39.588593,27.527498,0.58949,0.02044,8.933961,8.933961,8.933264,8.933264,0.022021,6e-06,0.016155,2.917379,0.021632,-2.901588,51.010212,0.976318,1.198907,88.277901,88.890709,1.103449,15360.0,1.362486,86.624199,85.990639,1.972605,1008.0,14996.245117,1024.0,1024.0,162.065948,500000,64.0,1999.3
0,513800,31800,9190.463,310.034,45.02837,32.003777,0.594659,0.02044,9.842319,9.842319,9.842319,9.842319,0.023333,6e-06,0.01642,3.279607,0.023712,-3.268084,51.420254,0.97629,1.137787,85.549255,86.027328,1.219285,15360.0,1.429124,84.022606,84.620415,2.768988,1008.0,14995.820312,1024.0,1024.0,153.355347,499800,64.0,1999.3
0,514600,31850,9204.363,310.034,35.032341,23.547977,0.598068,0.02044,8.477165,8.477165,8.477165,8.477165,0.020369,6e-06,0.009832,4.15547,0.011706,-4.162385,51.748608,0.976306,1.149623,87.582214,87.90284,0.605774,15360.0,1.271721,86.502556,86.272888,1.119269,1008.0,14996.05957,1024.0,1024.0,178.960785,499600,64.0,1999.3
0,515400,31900,9218.142,310.034,37.237511,25.787359,0.595795,0.02044,8.436633,8.436633,8.436058,8.436058,0.02414,7e-06,0.017975,4.155459,0.016337,-4.126552,52.182182,0.976323,1.158017,85.258438,85.599983,0.852523,15360.0,1.258767,84.62043,85.370453,1.514578,1008.0,14996.322266,1024.0,1024.0,166.89621,499400,64.0,1999.3
0,516200,31950,9232.006,310.034,34.23201,23.181126,0.603268,0.02044,8.103472,8.103472,8.102556,8.102556,0.021622,5e-06,0.010194,3.837585,0.012794,-3.838936,52.518963,0.976304,1.118276,87.79789,88.211678,0.671933,15360.0,1.282953,86.387924,85.985077,1.392939,1008.0,14996.029297,1024.0,1024.0,146.016586,499200,64.0,1999.3
0,517000,32000,9245.796,310.034,41.025505,28.958981,0.693613,0.02044,8.882959,8.882959,8.882038,8.882038,0.031432,6e-06,0.002881,4.202915,0.017526,-4.202176,52.86105,0.976296,1.160642,76.692772,76.911385,0.926437,15360.0,1.392318,75.541878,74.707993,1.691465,1008.0,14995.912109,1024.0,1024.0,157.207321,500000,64.0,1999.3
0,517800,32050,9259.542,310.034,34.901726,23.702177,0.580405,0.02044,8.258614,8.258614,8.25671,8.25671,0.019987,5e-06,0.017207,4.182662,0.015413,-4.149845,53.157364,0.976305,1.114182,85.726753,86.112877,0.819294,15360.0,1.276118,84.658859,84.462502,1.284676,1008.0,14996.050781,1024.0,1024.0,230.709961,499800,64.0,1999.3
0,518600,32100,9273.294,310.034,37.891323,26.161182,0.606811,0.02044,8.739445,8.739445,8.739445,8.739445,0.022296,5e-06,0.00116,3.866852,0.014008,-3.893977,53.428066,0.976305,1.113733,82.272331,82.5047,0.748426,15360.0,1.248686,80.940002,80.50489,1.126191,1008.0,14996.045898,1024.0,1024.0,149.416,499600,64.0,1999.3
0,519400,32150,9287.149,310.034,36.492695,25.24646,0.584438,0.02044,8.341605,8.341605,8.337963,8.337963,0.021574,6e-06,0.026399,3.784637,0.015975,-3.771163,53.719612,0.976332,1.057224,94.804726,95.298866,0.858171,15360.0,1.273226,93.554878,93.667114,1.811834,1008.0,14996.453125,1024.0,1024.0,157.782379,499400,64.0,1999.3
0,520200,32200,9300.931,310.034,32.435093,22.239746,0.562697,0.02044,7.428659,7.428659,7.425809,7.425809,0.01818,6e-06,0.008504,4.361832,0.010847,-4.37231,53.958084,0.976316,1.067272,81.807259,82.087189,0.585279,15360.0,1.216354,80.554649,79.986122,1.105344,1008.0,14996.211914,1024.0,1024.0,175.992661,499200,64.0,1999.3
0,521000,32250,9314.798,310.034,41.883698,29.234011,0.578111,0.02044,9.646581,9.646581,9.646581,9.646581,0.018659,6e-06,0.010684,3.313528,0.01574,-3.331738,54.271404,0.976311,1.046046,88.756912,89.146263,0.854232,15360.0,1.277234,87.048309,86.138191,1.528915,1008.0,14996.130859,1024.0,1024.0,172.004654,500000,64.0,1999.3
0,521800,32300,9328.564,310.034,34.083267,22.677462,0.611024,0.02044,8.493086,8.493086,8.49269,8.49269,0.022777,5e-06,0.003522,4.927866,0.010024,-4.927354,54.381302,0.976303,1.058563,72.770477,72.973618,0.545128,15360.0,1.232874,71.492592,71.101105,0.925398,1008.0,14996.017578,1024.0,1024.0,163.74942,499800,64.0,1999.3
0,522600,32350,9342.338,310.034,34.00523,22.526493,0.602575,0.02044,8.584504,8.584504,8.584504,8.584504,0.022116,5e-06,0.009079,5.10531,0.008936,-5.088398,54.619057,0.976301,1.024467,76.040886,76.297272,0.488073,15360.0,1.264068,74.805061,74.459496,0.860418,1008.0,14995.980469,1024.0,1024.0,144.643158,499600,64.0,1999.3
0,523400,32400,9356.216,310.034,39.341072,27.318148,0.625291,0.02044,9.093849,9.093849,9.093849,9.093849,0.027056,5e-06,0.012073,4.324875,0.015893,-4.352663,54.816196,0.976307,0.998869,86.640564,87.08062,0.871189,15360.0,1.210031,85.496536,85.555809,1.423448,1008.0,14996.068359,1024.0,1024.0,147.194168,499400,64.0,1999.3
0,524200,32450,9369.984,310.034,39.430141,27.373959,0.547734,0.02044,9.157406,9.157406,9.156493,9.156493,0.020995,6e-06,0.010194,3.993809,0.016164,-3.98953,55.07486,0.976312,1.029955,88.963539,89.330978,0.890232,15360.0,1.249029,87.201698,86.915504,1.827175,1008.0,14996.143555,1024.0,1024.0,108.898582,499200,64.0,1999.3
0,525000,32500,9383.831,310.034,37.66814,25.894165,0.619442,0.02044,8.916277,8.916277,8.915679,8.915679,0.027765,6e-06,0.018684,4.842977,0.013108,-4.836674,55.272923,0.976323,0.968846,91.987061,92.332344,0.724526,15360.0,1.128852,91.133759,91.223854,1.31573,1008.0,14996.326172,1024.0,1024.0,194.003021,500000,64.0,1999.3
0,525800,32550,9423.756,325.647,34.52211,23.271412,0.59253,0.02044,8.450034,8.450034,8.450034,8.450034,0.02164,5e-06,0.005975,4.894222,0.009763,-4.920421,55.392609,0.976298,0.985523,85.864815,86.061325,0.540796,15360.0,1.170646,84.937042,84.428223,1.138941,1008.0,14995.933594,1024.0,1024.0,201.873566,499800,64.0,1999.3
0,526600,32600,9437.596,325.647,36.668297,25.591675,0.628157,0.02044,8.302158,8.302158,8.302033,8.302033,0.028074,5e-06,0.015621,4.289514,0.012369,-4.277815,55.478573,0.976307,0.937973,92.411667,92.784119,0.686228,15360.0,1.140192,91.267235,91.672699,1.461856,1008.0,14996.072266,1024.0,1024.0,206.444443,499600,64.0,1999.3
0,527400,32650,9451.337,325.647,37.102055,25.73624,0.608144,0.02044,8.561779,8.561779,8.561779,8.561779,0.026128,6e-06,0.013889,4.550527,0.012022,-4.542089,55.65255,0.97632,0.948829,89.01207,89.417427,0.66905,15360.0,1.188502,87.76236,87.8041,1.504767,1008.0,14996.27832,1024.0,1024.0,142.612671,499400,64.0,1999.3
0,528200,32700,9465.178,325.647,36.086494,24.435251,0.602963,0.02044,8.774506,8.774506,8.774506,8.774506,0.02315,5e-06,0.010865,4.881615,0.009736,-4.886935,55.82019,0.976314,0.998091,82.937996,83.135605,0.543445,15360.0,1.223099,81.78524,81.170113,1.293905,1008.0,14996.186523,1024.0,1024.0,145.113876,499200,64.0,1999.3
0,529000,32750,9478.934,325.647,36.348091,24.680069,0.594101,0.02044,8.862276,8.862276,8.862276,8.862276,0.023461,5e-06,0.020774,4.491352,0.013382,-4.495329,55.977966,0.976299,0.932469,92.625801,93.024323,0.749079,15360.0,1.172451,91.295113,90.967361,1.413694,1008.0,14995.957031,1024.0,1024.0,206.136688,500000,64.0,1999.3
0,529800,32800,9492.677,325.647,36.167908,24.775225,0.603622,0.02044,8.530726,8.530726,8.530726,8.530726,0.02233,5e-06,0.015362,4.635603,0.016178,-4.622732,56.132767,0.9763,0.992931,86.811478,87.251678,0.908138,15360.0,1.255081,85.256317,84.728317,1.596186,1008.0,14995.974609,1024.0,1024.0,131.532257,499800,64.0,1999.3
0,530600,32850,9506.43,325.647,46.299545,32.140537,0.615066,0.02044,10.951834,10.951834,10.951834,10.951834,0.026607,5e-06,0.019665,4.241285,0.019031,-4.257396,56.212234,0.976304,1.057591,83.361595,83.772224,1.06975,15360.0,1.330764,82.00383,80.854538,1.78872,1008.0,14996.027344,1024.0,1024.0,180.7966,499600,64.0,1999.3
0,531400,32900,9520.3,325.647,30.757069,20.709145,0.591972,0.02044,7.364233,7.364233,7.363959,7.363959,0.019921,5e-06,0.00859,5.637993,0.008133,-5.647907,56.31691,0.976308,0.976125,76.560173,76.713066,0.458052,15360.0,1.167135,75.779991,75.602638,1.144936,1008.0,14996.094727,1024.0,1024.0,193.932983,499400,64.0,1999.3
0,532200,32950,9534.171,325.647,38.679302,26.685453,0.622458,0.02044,8.96596,8.96596,8.963871,8.963871,0.023538,5e-06,0.01144,4.747434,0.013978,-4.746703,56.532455,0.976301,1.098425,70.085732,70.198326,0.790223,15360.0,1.261775,68.894173,68.562523,1.250065,1008.0,14995.976562,1024.0,1024.0,128.624039,499200,64.0,1999.3
0,533000,33000,9547.936,325.647,33.478333,22.200718,0.650137,0.02044,8.5137,8.5137,8.5137,8.5137,0.029817,5e-06,0.009383,6.049444,0.007327,-6.048693,56.703651,0.976302,0.923776,79.971581,80.101418,0.415456,15360.0,1.029363,79.732193,79.889977,0.994963,1008.0,14995.991211,1024.0,1024.0,214.790878,500000,64.0,1999.3
0,533800,33050,9561.678,325.647,36.601662,25.212021,0.616908,0.02044,8.602137,8.602137,8.602137,8.602137,0.028542,5e-06,0.026411,5.283029,0.013123,-5.278313,56.875305,0.976298,0.936383,86.095222,86.439606,0.746362,15360.0,1.09048,85.310616,85.785591,1.545162,1008.0,14995.9375,1024.0,1024.0,172.408157,499800,64.0,1999.3
0,534600,33100,9575.424,325.647,35.649738,24.135654,0.611629,0.02044,8.633057,8.633057,8.632982,8.632982,0.02333,5e-06,0.008623,5.422043,0.010939,-5.417371,57.090218,0.976314,1.012232,76.605751,76.904167,0.624503,15360.0,1.215995,75.510361,75.406723,1.128585,1008.0,14996.188477,1024.0,1024.0,147.917526,499600,64.0,1999.3
0,535400,33150,9589.295,325.647,33.110008,22.86536,0.63569,0.02044,7.617111,7.617111,7.616878,7.616878,0.026596,5e-06,0.012351,5.71512,0.008,-5.720312,57.226891,0.976304,0.891413,83.196747,83.371231,0.45782,15360.0,1.019773,82.628601,83.00621,1.095344,1008.0,14996.033203,1024.0,1024.0,207.119736,499400,64.0,1999.3
0,536200,33200,9603.162,325.647,35.309185,24.337448,0.589205,0.02044,8.365443,8.365443,8.363306,8.363306,0.019882,5e-06,0.009127,4.744188,0.011657,-4.731978,57.427616,0.976306,0.826535,93.258568,93.450539,0.669414,15360.0,1.081462,92.032684,91.316307,1.54018,1008.0,14996.063477,1024.0,1024.0,153.911667,499200,64.0,1999.3
0,537000,33250,9616.915,325.647,34.077724,22.983936,0.679423,0.02044,8.14003,8.14003,8.14003,8.14003,0.031418,5e-06,0.017459,5.747843,0.013798,-5.738545,57.5966,0.976292,1.054964,74.510551,74.485664,0.794714,15360.0,1.224903,74.206062,73.439781,1.710719,1008.0,14995.837891,1024.0,1024.0,183.951248,500000,64.0,1999.3
0,537800,33300,9630.679,325.647,34.428036,22.92186,0.629893,0.02044,8.721018,8.721018,8.721018,8.721018,0.027502,5e-06,0.011645,5.873796,0.009105,-5.859548,57.873539,0.976289,0.935898,83.13311,83.310303,0.526962,15360.0,1.050597,82.722137,82.656189,1.142354,1008.0,14995.800781,1024.0,1024.0,177.118225,499800,64.0,1999.3
0,538600,33350,9644.437,325.647,33.973484,22.944229,0.631662,0.02044,8.388887,8.388887,8.388887,8.388887,0.027993,5e-06,0.022671,5.653467,0.010439,-5.657051,58.172695,0.976313,0.827152,90.395844,90.68145,0.607271,15360.0,0.998506,89.845604,89.788696,1.326144,1008.0,14996.169922,1024.0,1024.0,159.493027,499600,64.0,1999.3
0,539400,33400,9658.322,325.647,35.27132,23.803398,0.598737,0.02044,8.727665,8.727665,8.727665,8.727665,0.023989,5e-06,0.020019,5.764516,0.010469,-5.762784,58.53231,0.976319,0.899118,83.82206,84.114395,0.612789,15360.0,1.097274,82.804451,82.988533,1.432042,1008.0,14996.251953,1024.0,1024.0,211.603622,499400,64.0,1999.3
0,540200,33450,9672.189,325.647,39.492882,27.793015,0.61203,0.02044,8.964937,8.964937,8.964937,8.964937,0.025279,5e-06,0.015407,4.282279,0.015574,-4.265503,58.835106,0.976299,0.86453,93.018921,93.531937,0.916303,15360.0,1.086768,90.972336,90.771446,1.539628,1008.0,14995.958984,1024.0,1024.0,128.795166,499200,64.0,1999.3
0,541000,33500,9685.966,325.647,34.793858,23.859997,0.619678,0.02044,8.371675,8.371675,8.371675,8.371675,0.026777,5e-06,0.023726,5.451497,0.011234,-5.437115,59.163162,0.97631,0.785459,93.961334,94.334137,0.664617,15360.0,0.919053,93.201408,92.951843,1.36797,1008.0,14996.126953,1024.0,1024.0,156.644379,500000,64.0,1999.3
0,541800,33550,9699.738,325.647,41.516842,28.645819,0.646152,0.02044,9.826334,9.826334,9.826334,9.826334,0.027912,5e-06,0.014075,5.698667,0.013068,-5.686067,59.517853,0.976304,1.022905,77.515419,77.704872,0.777805,15360.0,1.194935,76.916519,76.208084,1.59652,1008.0,14996.033203,1024.0,1024.0,171.835648,499800,64.0,1999.3
0,542600,33600,9713.588,325.647,31.474075,21.891613,0.599268,0.02044,7.13339,7.13339,7.131298,7.131298,0.021434,5e-06,0.005748,5.169212,0.009387,-5.174206,59.963863,0.976304,0.823441,90.889496,90.990776,0.562865,15360.0,0.956114,89.860634,89.495865,1.189005,1008.0,14996.023438,1024.0,1024.0,149.987396,499600,64.0,1999.3
0,543400,33650,9727.354,325.647,32.282417,21.36754,0.6736,0.02044,8.090069,8.090069,8.089914,8.089914,0.030252,5e-06,0.007595,5.653605,0.009353,-5.653006,60.223072,0.976306,0.977318,80.133781,80.294441,0.563269,15360.0,1.122829,79.247246,79.064827,1.168906,1008.0,14996.0625,1024.0,1024.0,143.11731,499400,64.0,1999.3
0,544200,33700,9741.197,325.647,33.271572,22.690601,0.622237,0.02044,7.889068,7.889068,7.889068,7.889068,0.027001,5e-06,0.022015,5.692602,0.012362,-5.689959,60.599148,0.976292,0.924889,87.485001,87.896034,0.749113,15360.0,1.044714,86.658287,87.168442,1.429622,1008.0,14995.841797,1024.0,1024.0,175.51918,499200,64.0,1999.3
0,545000,33750,9754.959,325.647,39.973869,27.288158,0.622384,0.02044,9.804359,9.804359,9.804359,9.804359,0.02939,5e-06,0.014165,5.118944,0.013362,-5.125643,60.974682,0.976308,0.938145,88.381012,88.647316,0.81475,15360.0,1.019278,87.641273,87.418892,1.433489,1008.0,14996.086914,1024.0,1024.0,172.120071,500000,64.0,1999.3
0,545800,33800,9768.712,325.647,34.828106,23.986067,0.633579,0.02044,8.108713,8.108713,8.108713,8.108713,0.025491,5e-06,0.012499,4.778563,0.011449,-4.796881,61.228127,0.976302,0.93254,90.664314,90.949387,0.700985,15360.0,1.077978,89.497185,89.427025,1.229272,1008.0,14995.998047,1024.0,1024.0,163.337097,499800,64.0,1999.3
0,546600,33850,9782.489,325.647,39.059002,26.691345,0.609034,0.02044,9.475636,9.475636,9.475431,9.475431,0.028489,5e-06,0.018544,5.183987,0.011526,-5.191934,61.514328,0.976306,0.971447,88.243431,88.694756,0.709014,15360.0,1.083308,86.937111,87.307648,1.32081,1008.0,14996.067383,1024.0,1024.0,197.239059,499600,64.0,1999.3
0,547400,33900,9796.343,325.647,34.05957,23.225986,0.632193,0.02044,8.0783,8.0783,8.0783,8.0783,0.026143,5e-06,0.029597,5.708321,0.010833,-5.682673,61.918377,0.976312,0.948731,95.86055,96.316315,0.670737,15360.0,1.054961,95.382172,96.165634,1.35038,1008.0,14996.150391,1024.0,1024.0,226.896759,499400,64.0,1999.3
0,548200,33950,9810.202,325.647,41.516151,29.717587,0.665347,0.02044,8.73114,8.73114,8.73114,8.73114,0.040643,5e-06,0.022101,5.316397,0.016822,-5.300089,62.292053,0.976313,1.102483,79.784317,80.447372,1.047888,15360.0,1.279792,78.162102,78.64241,1.8811,1008.0,14996.166016,1024.0,1024.0,181.296997,499200,64.0,1999.3
0,549000,34000,9823.977,325.647,36.339626,24.367966,0.619598,0.02044,9.013411,9.013411,9.013411,9.013411,0.027027,5e-06,0.020064,5.500459,0.012473,-5.495848,62.608562,0.976311,1.066809,88.379829,88.785095,0.780915,15360.0,1.099994,87.475098,87.39959,1.553662,1008.0,14996.130859,1024.0,1024.0,162.549866,500000,64.0,1999.3
0,549800,34050,9837.749,325.647,42.407845,28.6742,0.630698,0.02044,10.506344,10.506344,10.506344,10.506344,0.026277,5e-06,0.007509,5.282275,0.015915,-5.276173,62.960228,0.976328,1.154427,81.589752,82.076309,1.00201,15360.0,1.211964,80.098068,79.483803,1.789412,1008.0,14996.398438,1024.0,1024.0,171.255569,499800,64.0,1999.3
0,550600,34100,9877.772,341.199,39.280788,26.824936,0.569354,0.02044,9.460279,9.460279,9.458991,9.458991,0.022436,5e-06,0.012806,5.582899,0.011394,-5.582047,63.347057,0.976312,1.098993,85.091347,85.316788,0.721804,15360.0,1.15984,84.26107,83.855675,1.557191,1008.0,14996.147461,1024.0,1024.0,167.916092,499600,64.0,1999.3
0,551400,34150,9891.543,341.199,36.532425,23.968012,0.604814,0.02044,9.423892,9.423892,9.423892,9.423892,0.024209,5e-06,0.002221,6.171534,0.007447,-6.190492,63.846539,0.976315,1.202403,74.074715,74.147324,0.475496,15360.0,1.227506,73.558197,72.996552,1.105763,1008.0,14996.197266,1024.0,1024.0,190.568665,499400,64.0,1999.3
0,552200,34200,9905.395,341.199,36.160042,25.127594,0.648529,0.02044,8.014284,8.014284,8.012338,8.012338,0.030918,5e-06,0.018455,5.085718,0.017669,-5.08113,64.207695,0.976304,1.15944,91.832153,92.002258,1.134488,15360.0,1.232892,90.960022,90.733353,2.170899,1008.0,14996.035156,1024.0,1024.0,159.580322,499200,64.0,1999.3
0,553000,34250,9919.168,341.199,41.593704,28.470791,0.697602,0.02044,9.71378,9.71378,9.713465,9.713465,0.036047,5e-06,0.007506,5.869777,0.011854,-5.89874,64.64624,0.976307,1.295372,73.320839,73.494484,0.766313,15360.0,1.38944,72.620369,71.626625,1.85538,1008.0,14996.072266,1024.0,1024.0,196.427185,500000,64.0,1999.3
0,553800,34300,9932.854,341.199,31.000431,20.743578,0.589799,0.02044,7.380951,7.380951,7.378432,7.378432,0.018004,4e-06,0.017972,5.093061,0.011425,-5.102456,65.084755,0.976299,1.155673,89.35553,89.788185,0.743614,15360.0,1.179745,87.787971,87.523163,1.116995,1008.0,14995.946289,1024.0,1024.0,197.578369,499800,64.0,1999.3
0,554600,34350,9946.705,341.199,33.804111,22.315722,0.594085,0.02044,8.480441,8.480441,8.480441,8.480441,0.021324,5e-06,0.024301,5.662937,0.010876,-5.647844,65.524269,0.976294,1.184927,97.667389,98.049049,0.712658,15360.0,1.120495,96.653976,96.223442,1.147042,1008.0,14995.878906,1024.0,1024.0,207.971497,499600,64.0,1999.3
0,555400,34400,9960.564,341.199,37.858662,26.002995,0.641509,0.02044,8.69458,8.69458,8.69458,8.69458,0.036055,5e-06,0.023918,5.490917,0.011577,-5.504257,65.920212,0.97629,1.242522,98.06501,98.414162,0.763129,15360.0,1.210781,97.106514,97.788933,1.675727,1008.0,14995.820312,1024.0,1024.0,190.118546,499400,64.0,1999.3
0,556200,34450,9974.332,341.199,34.48904,22.82369,0.684744,0.02044,8.408989,8.408989,8.408989,8.408989,0.035708,5e-06,0.016668,6.026301,0.010457,-6.013598,66.328308,0.976307,1.301752,90.568413,90.797226,0.693579,15360.0,1.306185,90.008316,90.850609,1.592266,1008.0,14996.072266,1024.0,1024.0,165.068207,499200,64.0,1999.3
0,557000,34500,9988.203,341.199,33.032036,22.14827,0.645925,0.02044,7.811262,7.811262,7.811262,7.811262,0.028988,4e-06,0.01498,5.502887,0.010294,-5.514557,66.734695,0.97631,1.239022,94.383224,94.735359,0.686984,15360.0,1.236698,93.471344,93.465904,1.185825,1008.0,14996.126953,1024.0,1024.0,126.360924,500000,64.0,1999.3
0,557800,34550,10001.854,341.199,36.672222,25.142456,0.672294,0.02044,8.368036,8.368036,8.368036,8.368036,0.036696,5e-06,0.024763,5.340168,0.012121,-5.332463,67.222321,0.976319,1.24346,102.495201,102.956108,0.814808,15360.0,1.213227,101.578285,101.685181,1.439239,1008.0,14996.263672,1024.0,1024.0,132.82576,499800,64.0,1999.3
0,558600,34600,10015.695,341.199,34.397301,22.993612,0.608355,0.02044,8.27211,8.27211,8.27211,8.27211,0.020661,5e-06,0.014499,5.357043,0.014002,-5.354002,67.543625,0.976292,1.286596,82.615273,83.064049,0.94572,15360.0,1.24826,81.167801,81.152847,1.48402,1008.0,14995.845703,1024.0,1024.0,162.63797,499600,64.0,1999.3
0,559400,34650,10029.557,341.199,34.300495,23.414869,0.619498,0.02044,7.840752,7.840752,7.837893,7.837893,0.023043,5e-06,0.01843,5.436293,0.010207,-5.452256,67.853973,0.976314,1.262739,86.380035,86.713165,0.692599,15360.0,1.132308,84.957283,84.1035,1.262658,1008.0,14996.185547,1024.0,1024.0,213.456802,499400,64.0,1999.3
0,560200,34700,10043.355,341.199,39.608864,27.204685,0.668228,0.02044,9.146929,9.146929,9.146479,9.146479,0.038058,5e-06,0.014365,5.019431,0.013886,-5.041037,68.102783,0.976304,1.283709,98.765663,99.269341,0.945663,15360.0,1.186049,97.093422,97.043503,1.549032,1008.0,14996.023438,1024.0,1024.0,186.77504,499200,64.0,1999.3
0,561000,34750,10057.104,341.199,32.861568,21.609423,0.609345,0.02044,8.103597,8.103597,8.103597,8.103597,0.019854,4e-06,0.004997,6.249059,0.007361,-6.26821,68.455185,0.976311,1.314883,78.95977,79.036583,0.503865,15360.0,1.295075,78.266693,77.846062,0.835938,1008.0,14996.130859,1024.0,1024.0,184.177399,500000,64.0,1999.3
0,561800,34800,10070.854,341.199,39.980618,27.64772,0.599231,0.02044,9.039073,9.039073,9.038819,9.038819,0.022966,5e-06,0.018937,5.075201,0.016553,-5.074027,68.84993,0.97631,1.354558,97.120186,97.676193,1.139661,15360.0,1.32249,95.530441,95.345398,2.014292,1008.0,14996.125,1024.0,1024.0,163.548447,499800,64.0,1999.3
0,562600,34850,10084.715,341.199,36.57407,24.806732,0.616355,0.02044,8.537114,8.537114,8.537114,8.537114,0.023681,5e-06,0.001118,6.012508,0.00888,-6.034451,69.062752,0.976314,1.332833,79.805984,79.849159,0.613287,15360.0,1.35255,79.215897,78.457237,1.448396,1008.0,14996.179688,1024.0,1024.0,147.337677,499600,64.0,1999.3
0,563400,34900,10098.484,341.199,35.984062,24.552376,0.613699,0.02044,8.306922,8.306922,8.306922,8.306922,0.025864,4e-06,0.013647,5.109395,0.010783,-5.104035,69.395554,0.976302,1.286126,99.239128,99.508957,0.748281,15360.0,1.20054,98.037331,97.569664,1.559088,1008.0,14995.996094,1024.0,1024.0,171.519501,499400,64.0,1999.3
0,564200,34950,10112.239,341.199,37.662632,25.22765,0.778567,0.02044,8.97258,8.97258,8.97258,8.97258,0.051181,5e-06,0.009003,5.965088,0.010686,-5.969748,69.588318,0.976322,1.343885,83.149399,83.300331,0.743598,15360.0,1.377481,82.429062,82.047813,2.091423,1008.0,14996.304688,1024.0,1024.0,251.583755,499200,64.0,1999.3
0,565000,35000,10126.074,341.199,36.874748,24.999866,0.629335,0.02044,8.616463,8.616463,8.616463,8.616463,0.030227,4e-06,0.014407,5.352421,0.009389,-5.33723,69.878494,0.97631,1.331721,108.674828,108.896866,0.656092,15360.0,1.336241,107.786064,107.283844,1.529448,1008.0,14996.123047,1024.0,1024.0,179.244949,500000,64.0,1999.3
0,565800,35050,10139.733,341.199,36.599686,24.856293,0.619428,0.02044,8.523434,8.523434,8.523434,8.523434,0.025722,4e-06,0.013402,5.801059,0.009695,-5.818452,70.22126,0.976296,1.329111,92.182602,92.40535,0.680813,15360.0,1.284107,91.262276,91.024033,1.275631,1008.0,14995.902344,1024.0,1024.0,151.718948,499800,64.0,1999.3
0,566600,35100,10153.589,341.199,31.881689,21.852909,0.612245,0.02044,7.049764,7.049764,7.049358,7.049358,0.021304,5e-06,0.01764,5.349503,0.010899,-5.33931,70.539764,0.976302,1.262497,95.60273,96.062958,0.768794,15360.0,1.204054,94.008583,93.789612,1.163801,1008.0,14996.0,1024.0,1024.0,114.729866,499600,64.0,1999.3
0,567400,35150,10167.442,341.199,37.786404,26.24144,0.59313,0.02044,8.377237,8.377237,8.377237,8.377237,0.021311,5e-06,0.01154,5.060074,0.012115,-5.037777,70.917244,0.97631,1.314779,95.934105,96.290207,0.859164,15360.0,1.300384,94.386368,93.373512,1.935484,1008.0,14996.126953,1024.0,1024.0,149.067917,499400,64.0,1999.3
0,568200,35200,10181.21,341.199,35.814114,24.040501,0.633991,0.02044,8.578954,8.578954,8.578954,8.578954,0.031782,4e-06,0.017076,5.542918,0.010977,-5.532236,71.166649,0.976301,1.278973,108.665222,108.931976,0.781187,15360.0,1.287616,107.990997,107.989723,1.61517,1008.0,14995.981445,1024.0,1024.0,189.223984,499200,64.0,1999.3
0,569000,35250,10195.046,341.199,35.345482,23.933075,0.693002,0.02044,8.140981,8.140981,8.139593,8.139593,0.032726,4e-06,0.006587,5.402387,0.012604,-5.392539,71.461334,0.976302,1.335858,88.892044,89.237801,0.900713,15360.0,1.338126,86.952232,86.376274,1.8623,1008.0,14996.001953,1024.0,1024.0,181.692352,500000,64.0,1999.3
0,569800,35300,10208.695,341.199,38.216785,25.91585,0.651865,0.02044,8.973623,8.973623,8.973623,8.973623,0.032294,5e-06,0.006569,5.401006,0.013758,-5.419955,71.662086,0.976324,1.335415,85.284233,85.649323,0.985951,15360.0,1.38554,84.146919,83.103188,1.862655,1008.0,14996.332031,1024.0,1024.0,207.455963,499800,64.0,1999.3
0,570600,35350,10222.53,341.199,39.132919,26.25853,0.75105,0.02044,9.458715,9.458715,9.458715,9.458715,0.037683,4e-06,0.013639,5.717452,0.01082,-5.720961,71.974686,0.976295,1.306823,92.386559,92.805313,0.7788,15360.0,1.259501,91.145744,90.586098,1.315119,1008.0,14995.893555,1024.0,1024.0,200.034897,499600,64.0,1999.3
0,571400,35400,10236.318,341.199,38.954388,26.3288,0.635395,0.02044,9.341482,9.341482,9.341482,9.341482,0.031446,5e-06,0.009342,5.463312,0.010541,-5.459707,72.272095,0.976293,1.298789,91.931908,92.319992,0.761843,15360.0,1.286636,90.366455,89.492867,1.477941,1008.0,14995.855469,1024.0,1024.0,219.961823,499400,64.0,1999.3
0,572200,35450,10250.165,341.199,37.39286,25.503218,0.601949,0.02044,8.685051,8.685051,8.684725,8.684725,0.022684,5e-06,0.017927,5.414435,0.012075,-5.389007,72.557365,0.976317,1.303461,100.606163,100.904984,0.876121,15360.0,1.307704,99.166924,99.156876,2.035089,1008.0,14996.230469,1024.0,1024.0,149.857224,499200,64.0,1999.3
0,573000,35500,10263.948,341.199,36.749073,25.066925,0.762521,0.02044,8.403973,8.403973,8.401471,8.401471,0.047526,4e-06,0.023541,5.382072,0.010716,-5.399975,72.905594,0.976309,1.263522,105.920578,106.274284,0.78127,15360.0,1.225843,104.710136,104.54541,1.580267,1008.0,14996.111328,1024.0,1024.0,183.131958,500000,64.0,1999.3
0,573800,35550,10277.645,341.199,33.932655,22.579418,0.642389,0.02044,8.199919,8.199919,8.199919,8.199919,0.026704,5e-06,0.015965,5.814615,0.009009,-5.806601,73.185028,0.976328,1.289169,88.908104,89.262825,0.659327,15360.0,1.217886,87.694679,87.411858,1.101376,1008.0,14996.405273,1024.0,1024.0,133.638626,499800,64.0,1999.3
0,574600,35600,10291.505,341.199,31.290146,20.687628,0.627257,0.02044,7.57106,7.57106,7.570525,7.570525,0.023642,5e-06,0.011432,6.160273,0.006702,-6.155941,73.464844,0.976292,1.232408,92.583649,92.792992,0.492374,15360.0,1.276051,91.710258,90.788139,1.213821,1008.0,14995.844727,1024.0,1024.0,197.047974,499600,64.0,1999.3
0,575400,35650,10331.595,356.807,38.481575,26.835949,0.664362,0.02044,8.45731,8.45731,8.455366,8.455366,0.031246,5e-06,0.012933,5.54356,0.011742,-5.533165,73.59761,0.976291,1.266152,102.564812,102.754974,0.864173,15360.0,1.262339,101.436417,100.788193,1.86954,1008.0,14995.828125,1024.0,1024.0,176.965836,499400,64.0,1999.3
0,576200,35700,10345.422,356.807,31.412321,20.749372,0.641797,0.02044,7.625365,7.625365,7.624998,7.624998,0.0319,4e-06,0.01149,6.417147,0.0065,-6.421089,73.910843,0.976317,1.231469,93.743172,93.931335,0.48044,15360.0,1.232834,93.092422,93.09285,1.001969,1008.0,14996.230469,1024.0,1024.0,154.943832,499200,64.0,1999.3
0,577000,35750,10359.256,356.807,37.682415,25.859472,0.602407,0.02044,8.697165,8.697165,8.69591,8.69591,0.025378,4e-06,0.01139,5.732186,0.00897,-5.718452,74.14946,0.976298,1.242233,102.353302,102.488029,0.665112,15360.0,1.265291,101.325279,100.911659,1.368696,1008.0,14995.9375,1024.0,1024.0,156.868454,500000,64.0,1999.3
0,577800,35800,10372.915,356.807,40.590641,27.662231,0.675086,0.02044,9.562475,9.562475,9.562475,9.562475,0.0311,4e-06,0.001411,5.961238,0.009769,-5.959655,74.340118,0.976314,1.26019,81.457115,81.579857,0.726197,15360.0,1.508524,80.209167,78.585693,2.206493,1008.0,14996.177734,1024.0,1024.0,234.698807,499800,64.0,1999.3
0,578600,35850,10386.834,356.807,33.706802,21.757244,0.599127,0.02044,8.819258,8.819258,8.819258,8.819258,0.021799,4e-06,0.001585,6.533998,0.006222,-6.539631,74.547104,0.976308,1.246149,84.634689,84.747086,0.463858,15360.0,1.270243,83.799561,83.214241,0.982795,1008.0,14996.083984,1024.0,1024.0,159.313553,499600,64.0,1999.3
0,579400,35900,10400.63,356.807,34.432873,23.160744,0.618715,0.02044,8.228985,8.228985,8.224226,8.224226,0.023254,4e-06,0.00794,5.66878,0.009207,-5.673161,74.811264,0.976301,1.208249,93.649925,93.850456,0.68879,15360.0,1.216335,92.315704,91.743416,1.361515,1008.0,14995.986328,1024.0,1024.0,134.470474,499400,64.0,1999.3
0,580200,35950,10414.487,356.807,31.716288,21.276659,0.595856,0.02044,7.539394,7.539394,7.535588,7.535588,0.020599,4e-06,0.014361,5.875576,0.008292,-5.889929,75.109009,0.976296,1.172569,98.06842,98.372612,0.622803,15360.0,1.143566,96.548439,95.689758,1.35565,1008.0,14995.899414,1024.0,1024.0,155.660828,499200,64.0,1999.3
0,581000,36000,10428.233,356.807,42.251373,29.604736,0.593882,0.02044,9.437231,9.437231,9.436632,9.436632,0.022985,4e-06,0.016181,4.945372,0.013192,-4.942158,75.301682,0.9763,1.240659,98.422775,98.926483,0.99341,15360.0,1.315084,96.480415,94.685974,2.554454,1008.0,14995.973633,1024.0,1024.0,173.379501,500000,64.0,1999.3
0,581800,36050,10441.983,356.807,35.90958,24.443106,0.712315,0.02044,8.354898,8.354898,8.352931,8.352931,0.039829,4e-06,0.007867,5.668633,0.008304,-5.66421,75.539413,0.976291,1.174956,93.990486,94.206192,0.627298,15360.0,1.201685,92.775597,92.371651,1.322671,1008.0,14995.830078,1024.0,1024.0,200.545959,499800,64.0,1999.3
0,582600,36100,10455.787,356.807,36.459431,24.688833,0.651038,0.02044,8.691435,8.691435,8.691435,8.691435,0.031044,4e-06,0.014507,6.372677,0.007929,-6.377173,75.782532,0.976292,1.162931,98.520042,98.758339,0.600858,15360.0,1.20367,97.911865,97.881081,1.097162,1008.0,14995.845703,1024.0,1024.0,190.738968,499600,64.0,1999.3
0,583400,36150,10469.631,356.807,37.611805,25.984043,0.615886,0.02044,8.587388,8.587388,8.586591,8.586591,0.021104,4e-06,0.012443,6.062644,0.009244,-6.08401,75.963943,0.976298,1.158123,99.231361,99.414261,0.702246,15360.0,1.24915,98.138161,96.472679,2.134723,1008.0,14995.939453,1024.0,1024.0,182.492188,499400,64.0,1999.3
0,584200,36200,10483.389,356.807,38.200645,26.070053,0.637117,0.02044,9.036151,9.036151,9.036151,9.036151,0.028062,4e-06,0.007944,6.250742,0.009287,-6.24558,76.17337,0.97631,1.146798,94.844734,94.960403,0.707411,15360.0,1.261743,93.978195,93.298019,1.601995,1008.0,14996.115234,1024.0,1024.0,144.425995,499200,64.0,1999.3
0,585000,36250,10497.22,356.807,36.404629,25.427582,0.682314,0.02044,7.977528,7.977528,7.977528,7.977528,0.041707,4e-06,0.013029,6.530045,0.009675,-6.531296,76.422462,0.976312,1.122796,100.344765,100.555656,0.739382,15360.0,1.210619,100.023941,99.599312,1.630293,1008.0,14996.148438,1024.0,1024.0,159.545425,500000,64.0,1999.3
0,585800,36300,10510.896,356.807,30.446852,20.35722,0.653163,0.02044,7.284086,7.284086,7.279261,7.279261,0.031215,4e-06,0.015976,6.60458,0.006324,-6.589307,76.658554,0.976298,1.05908,99.072647,99.312706,0.484801,15360.0,1.094921,98.225838,97.993195,1.148732,1008.0,14995.935547,1024.0,1024.0,181.433426,499800,64.0,1999.3
0,586600,36350,10524.761,356.807,37.566216,26.497444,0.584725,0.02044,8.182253,8.182253,8.182253,8.182253,0.023424,5e-06,0.01243,5.734761,0.012558,-5.737272,76.813942,0.976316,1.103094,105.070312,105.288811,0.964643,15360.0,1.158675,103.869888,103.932137,1.818312,1008.0,14996.214844,1024.0,1024.0,157.328918,499600,64.0,1999.3
0,587400,36400,10538.523,356.807,34.796318,23.661377,0.656506,0.02044,8.230539,8.230539,8.230539,8.230539,0.03445,4e-06,0.019942,6.176089,0.008802,-6.168505,76.982498,0.976306,1.071162,93.543167,93.952629,0.677563,15360.0,1.044322,92.523674,92.664024,1.37526,1008.0,14996.058594,1024.0,1024.0,158.729813,499400,64.0,1999.3
0,588200,36450,10552.398,356.807,31.993608,21.186863,0.630919,0.02044,7.998256,7.998256,7.998256,7.998256,0.026172,4e-06,0.003358,6.973653,0.006221,-6.992679,77.179535,0.976315,1.056078,89.92543,89.994835,0.480156,15360.0,0.99289,89.436325,89.047455,1.193926,1008.0,14996.195312,1024.0,1024.0,173.120911,499200,64.0,1999.3
0,589000,36500,10566.164,356.807,30.499855,20.195356,0.637864,0.02044,7.534962,7.534962,7.534561,7.534561,0.027293,4e-06,0.014955,6.870802,0.007474,-6.882522,77.23172,0.976308,1.047462,94.826897,95.089058,0.577195,15360.0,0.984392,94.121948,94.019623,0.895192,1008.0,14996.087891,1024.0,1024.0,199.212402,500000,64.0,1999.3
0,589800,36550,10579.914,356.807,32.328621,21.494345,0.601085,0.02044,7.97239,7.97239,7.9722,7.9722,0.021935,4e-06,-0.00261,6.512313,0.007188,-6.505573,77.27063,0.976324,1.10579,94.232513,94.26059,0.555428,15360.0,1.133138,93.173889,92.198822,1.477788,1008.0,14996.337891,1024.0,1024.0,193.633881,499800,64.0,1999.3
0,590600,36600,10593.763,356.807,32.678581,21.911028,0.652737,0.02044,7.810773,7.810773,7.809164,7.809164,0.02724,4e-06,0.015099,6.784677,0.010026,-6.795864,77.287582,0.976304,1.150802,85.600479,85.801811,0.774852,15360.0,1.122075,84.575836,84.358002,1.378569,1008.0,14996.033203,1024.0,1024.0,190.367752,499600,64.0,1999.3
0,591400,36650,10607.543,356.807,35.589424,23.874535,0.653691,0.02044,8.636435,8.636435,8.636435,8.636435,0.03494,4e-06,0.041055,6.481914,0.01356,-6.500307,77.281128,0.976322,1.143204,99.796181,100.336525,1.047937,15360.0,1.18808,98.706604,98.871437,1.2025,1008.0,14996.303711,1024.0,1024.0,222.532104,499400,64.0,1999.3
0,592200,36700,10621.407,356.807,37.135967,24.638147,0.633412,0.02044,9.232628,9.232628,9.232628,9.232628,0.025774,4e-06,0.036111,6.504166,0.016432,-6.491804,76.999283,0.9763,1.250121,86.342117,86.801712,1.265288,15360.0,1.33948,84.827003,84.488205,1.680104,1008.0,14995.960938,1024.0,1024.0,149.2491,499200,64.0,1999.3
0,593000,36750,10635.18,356.807,31.470367,21.214952,0.612079,0.02044,7.387501,7.387501,7.387501,7.387501,0.026533,4e-06,0.061659,6.52798,0.015419,-6.514742,76.600174,0.976302,1.080645,109.601227,110.368011,1.181078,15360.0,1.181135,108.38604,108.827728,1.589765,1008.0,14995.993164,1024.0,1024.0,169.512238,500000,64.0,1999.3
0,593800,36800,10648.942,356.807,39.017277,26.822065,0.653826,0.02044,8.955802,8.955802,8.955774,8.955774,0.029226,4e-06,0.045601,5.619194,0.0224,-5.611437,75.825096,0.976298,1.214515,89.01973,89.721291,1.698474,15360.0,1.364819,87.430878,87.44915,2.370297,1008.0,14995.931641,1024.0,1024.0,215.473923,499800,64.0,1999.3
0,594600,36850,10662.7,356.807,30.772322,19.526234,0.585622,0.02044,7.231865,7.231865,7.231187,7.231187,0.017536,3e-06,0.317114,5.020576,0.062197,-5.005147,74.404541,0.976316,1.800246,84.418839,88.209785,4.627714,15360.0,1.892038,80.282356,84.115021,4.82926,1008.0,14996.21875,1024.0,1024.0,168.47908,499600,64.0,1999.3
0,595400,36900,10676.536,356.807,32.114372,20.109509,0.636774,0.02044,8.020363,8.020363,8.019841,8.019841,0.024814,3e-06,0.268197,3.621254,0.079893,-3.619886,68.770851,0.976321,1.731423,89.99897,94.449532,5.494304,15360.0,1.752092,85.851273,89.747032,4.32417,1008.0,14996.294922,1024.0,1024.0,198.454208,499400,64.0,1999.3
0,596200,36950,10690.315,356.807,35.411186,23.499977,0.676849,0.02044,8.536075,8.536075,8.536075,8.536075,0.03466,4e-06,0.098831,3.617912,0.057116,-3.614183,64.074806,0.976314,1.28153,114.332771,117.114983,3.659702,15360.0,1.479595,111.093231,113.021133,4.012379,1008.0,14996.185547,1024.0,1024.0,142.00592,499200,64.0,1999.3
0,597000,37000,10704.164,356.807,38.499176,25.805157,0.649262,0.02044,9.227244,9.227244,9.227244,9.227244,0.030421,4e-06,0.042748,2.724728,0.064174,-2.742485,59.021996,0.976321,1.343709,110.945625,113.521812,3.787663,15360.0,1.62631,107.823418,110.6269,4.76586,1008.0,14996.289062,1024.0,1024.0,195.037582,500000,64.0,1999.3
0,597800,37050,10717.918,356.807,36.168861,24.204262,0.657735,0.02044,8.536808,8.536808,8.536808,8.536808,0.033919,4e-06,-0.020184,2.590543,0.082056,-2.577207,52.736191,0.97631,1.433551,117.224045,120.813988,4.327308,15360.0,1.60857,113.87471,117.632095,5.618943,1008.0,14996.121094,1024.0,1024.0,138.376205,499800,64.0,1999.3
0,598600,37100,10731.701,356.807,34.168079,23.222208,0.634492,0.02044,7.895556,7.895556,7.895556,7.895556,0.026855,4e-06,-0.013259,2.252856,0.061362,-2.254593,45.840843,0.976299,1.195385,114.512878,115.973312,2.812901,15360.0,1.412337,112.727669,111.959862,3.298653,1008.0,14995.953125,1024.0,1024.0,158.082748,499600,64.0,1999.3
0,599400,37150,10745.588,356.807,35.718422,23.483143,0.649347,0.02044,9.04775,9.04775,9.04775,9.04775,0.032074,4e-06,-0.000239,1.841266,0.071273,-1.83409,39.008835,0.976304,1.209138,120.472549,122.296997,2.78029,15360.0,1.346881,117.301842,118.621475,3.821982,1008.0,14996.029297,1024.0,1024.0,175.06842,499400,64.0,1999.3
0,600200,37200,10785.446,372.33,33.284122,22.5016,0.683919,0.02044,7.891343,7.891343,7.890049,7.890049,0.034082,4e-06,-0.028197,1.910662,0.067638,-1.893599,30.250237,0.976296,1.100126,121.165123,122.464722,2.046073,15360.0,1.085849,118.326508,119.00827,1.743496,1008.0,14995.905273,1024.0,1024.0,149.239273,499200,64.0,1999.3
0,601000,37250,10799.351,372.33,36.47427,24.909904,0.649242,0.02044,8.72285,8.72285,8.72285,8.72285,0.03458,5e-06,0.023764,3.797543,0.048163,-3.809292,24.657951,0.976285,0.954628,125.462914,126.175087,1.187608,15360.0,1.070529,123.879234,124.51033,2.149434,1008.0,14995.730469,1024.0,1024.0,159.930191,500000,64.0,1999.3
0,601800,37300,10813.02,372.33,36.046009,24.701416,0.637824,0.02044,8.456675,8.456675,8.456675,8.456675,0.031717,4e-06,0.055983,3.430823,0.054649,-3.404426,20.354073,0.97631,1.002665,124.980034,125.668526,1.112338,15360.0,1.084466,123.12114,122.904846,2.026272,1008.0,14996.115234,1024.0,1024.0,184.272858,499800,64.0,1999.3
0,602600,37350,10826.863,372.33,33.794201,22.634506,0.643276,0.02044,8.21258,8.21258,8.212286,8.212286,0.028882,4e-06,-0.020514,1.495021,0.079715,-1.508539,17.623955,0.976302,1.13132,123.408112,123.824532,1.40489,15360.0,1.171115,120.759964,119.791824,2.290949,1008.0,14995.996094,1024.0,1024.0,207.42717,499600,64.0,1999.3
0,603400,37400,10840.702,372.33,32.949356,22.005682,0.649701,0.02044,8.126163,8.126163,8.126163,8.126163,0.03237,4e-06,0.030224,2.573085,0.057263,-2.563005,16.730507,0.9763,0.996348,125.27195,125.778931,0.958031,15360.0,1.027274,123.300819,123.368347,1.535435,1008.0,14995.964844,1024.0,1024.0,194.826721,499400,64.0,1999.3
0,604200,37450,10854.477,372.33,28.936935,19.531679,0.622774,0.02044,6.706619,6.706619,6.704949,6.704949,0.025954,4e-06,0.020847,2.282213,0.056029,-2.257737,18.312691,0.976298,1.026891,125.263557,125.945892,1.026044,15360.0,1.123411,122.885735,122.30381,1.752985,1008.0,14995.941406,1024.0,1024.0,213.662369,499200,64.0,1999.3
0,605000,37500,10868.246,372.33,35.219944,23.997555,0.700442,0.02044,8.368834,8.368834,8.368834,8.368834,0.037693,4e-06,-0.00202,2.361609,0.064064,-2.370963,17.099861,0.976302,0.994685,125.071945,125.606827,1.09548,15360.0,1.010415,123.413017,123.500183,1.684928,1008.0,14995.992188,1024.0,1024.0,157.97052,500000,64.0,1999.3
0,605800,37550,10882.052,372.33,33.603508,22.366095,0.62185,0.02044,8.412858,8.412858,8.412277,8.412277,0.028296,4e-06,0.014624,1.995986,0.071608,-1.995492,15.748238,0.976292,1.006038,124.670876,125.170258,1.127696,15360.0,1.067703,122.693848,122.516754,1.697141,1008.0,14995.841797,1024.0,1024.0,174.843842,499800,64.0,1999.3
0,606600,37600,10895.91,372.33,36.614357,24.971859,0.655389,0.02044,8.758063,8.758063,8.758063,8.758063,0.031485,4e-06,0.046064,2.082573,0.061709,-2.070804,16.778725,0.976311,0.958865,125.624115,126.090286,1.035396,15360.0,1.092898,123.670174,122.823494,1.791038,1008.0,14996.131836,1024.0,1024.0,176.373199,499600,64.0,1999.3
0,607400,37650,10909.665,372.33,33.393372,22.466719,0.676626,0.02044,8.043754,8.043754,8.043754,8.043754,0.033111,4e-06,0.053991,1.089655,0.07809,-1.097117,17.265686,0.976294,1.002444,124.717209,124.683136,1.348275,15360.0,1.083409,122.590599,121.33503,2.0985,1008.0,14995.878906,1024.0,1024.0,209.161591,499400,64.0,1999.3
0,608200,37700,10923.508,372.33,31.919079,21.118362,0.655316,0.02044,7.934442,7.934442,7.93435,7.93435,0.030529,4e-06,0.039457,0.764601,0.061404,-0.759287,17.72316,0.97629,1.0323,124.947617,125.05629,1.088277,15360.0,1.084391,122.840057,121.952385,1.819386,1008.0,14995.818359,1024.0,1024.0,228.461777,499200,64.0,1999.3
0,609000,37750,10937.293,372.33,40.135078,27.739214,0.699598,0.02044,9.39596,9.39596,9.39596,9.39596,0.035208,4e-06,-0.024111,0.846826,0.073089,-0.85189,18.796989,0.976299,1.033078,123.967506,124.594215,1.373858,15360.0,1.10434,121.589874,121.133034,1.975985,1008.0,14995.951172,1024.0,1024.0,198.130051,500000,64.0,1999.3
0,609800,37800,10951.053,372.33,33.53511,22.406582,0.638295,0.02044,8.235315,8.235315,8.235315,8.235315,0.029412,4e-06,0.138076,1.301198,0.093734,-1.295646,18.626625,0.97631,0.974647,124.716873,124.407532,1.74594,15360.0,0.994072,123.430908,122.192757,2.568597,1008.0,14996.126953,1024.0,1024.0,133.686615,499800,64.0,1999.3
0,610600,37850,10964.831,372.33,36.766937,25.170807,0.658274,0.02044,8.767332,8.767332,8.767332,8.767332,0.032278,4e-06,0.063095,1.478372,0.079393,-1.463948,19.289085,0.976307,0.911219,124.251534,124.206123,1.531422,15360.0,0.99679,122.884445,121.610855,2.370701,1008.0,14996.079102,1024.0,1024.0,159.762833,499600,64.0,1999.3
0,611400,37900,10978.685,372.33,35.623947,24.177658,0.637997,0.02044,8.674965,8.674965,8.674965,8.674965,0.030981,4e-06,0.017398,1.417702,0.069386,-1.44009,18.247688,0.976295,0.918587,125.68792,126.192162,1.266137,15360.0,1.031339,123.565422,123.321815,1.571354,1008.0,14995.894531,1024.0,1024.0,164.721786,499400,64.0,1999.3
0,612200,37950,10992.453,372.33,34.788261,24.423267,0.641046,0.02044,7.828225,7.828225,7.828225,7.828225,0.031895,4e-06,-0.020132,2.483059,0.043436,-2.493254,20.363312,0.976288,0.813609,122.298965,122.591095,0.884496,15360.0,0.99661,121.190094,120.540977,1.803216,1008.0,14995.780273,1024.0,1024.0,282.096161,499200,64.0,1999.3
0,613000,38000,11006.298,372.33,35.464573,24.440495,0.645504,0.02044,8.171307,8.171307,8.171307,8.171307,0.027545,4e-06,0.026139,0.077506,0.06113,-0.048648,20.848061,0.976304,1.019179,123.466965,123.700058,1.274447,15360.0,1.08125,120.637184,120.251434,2.137986,1008.0,14996.033203,1024.0,1024.0,203.232269,500000,64.0,1999.3
0,613800,38050,11020.005,372.33,34.876724,23.673489,0.60771,0.02044,8.350056,8.350056,8.350056,8.350056,0.02466,4e-06,-0.014563,-0.477835,0.074857,0.455776,21.596077,0.976312,1.068395,119.376961,119.950966,1.616621,15360.0,1.120627,116.463371,115.54425,2.13375,1008.0,14996.144531,1024.0,1024.0,168.743607,499800,64.0,1999.3
0,614600,38100,11033.853,372.33,37.372967,25.762821,0.619727,0.02044,8.795403,8.795403,8.795403,8.795403,0.02762,4e-06,-0.007648,1.033032,0.068499,-1.027918,21.402199,0.976297,0.941977,120.679283,121.330574,1.466027,15360.0,1.202352,118.507324,118.302643,2.547571,1008.0,14995.925781,1024.0,1024.0,197.792877,499600,64.0,1999.3
0,615400,38150,11047.628,372.33,39.717335,27.682697,0.613981,0.02044,9.249458,9.249458,9.249458,9.249458,0.031796,5e-06,-0.001187,1.2249,0.063677,-1.258775,21.600739,0.976327,0.896486,125.421898,126.004463,1.375474,15360.0,1.101716,122.88575,122.488815,2.202245,1008.0,14996.375977,1024.0,1024.0,155.638184,499400,64.0,1999.3
0,616200,38200,11061.496,372.33,35.496185,24.865993,0.603161,0.02044,8.121172,8.121172,8.121172,8.121172,0.024322,4e-06,0.012174,2.463672,0.039735,-2.460949,21.834351,0.976306,0.760163,127.968414,128.342941,0.867594,15360.0,1.0032,126.110542,125.590271,1.91347,1008.0,14996.054688,1024.0,1024.0,176.816895,499200,64.0,1999.3
0,617000,38250,11075.263,372.33,33.23082,22.422295,0.637258,0.02044,8.005716,8.005716,8.005716,8.005716,0.029997,4e-06,0.103241,0.561862,0.072641,-0.562317,21.065323,0.976307,0.95019,122.479691,121.953133,1.530212,15360.0,0.970356,120.846901,119.16851,2.75091,1008.0,14996.082031,1024.0,1024.0,139.323257,500000,64.0,1999.3
0,617800,38300,11089.036,372.33,28.969442,19.480743,0.611272,0.02044,6.972889,6.972889,6.97137,6.97137,0.021722,4e-06,-0.039368,0.64467,0.046205,-0.658738,21.803131,0.976286,0.936169,125.03775,125.403374,1.007422,15360.0,0.966689,122.468727,122.192039,1.73271,1008.0,14995.746094,1024.0,1024.0,177.858429,499800,64.0,1999.3
0,618600,38350,11102.908,372.33,37.012417,25.332067,0.733254,0.02044,8.87558,8.87558,8.87558,8.87558,0.046406,4e-06,-0.008577,0.631916,0.05989,-0.630737,23.410706,0.97631,0.8952,124.068672,124.56028,1.402067,15360.0,0.922977,121.692238,121.75106,2.003481,1008.0,14996.115234,1024.0,1024.0,220.997879,499600,64.0,1999.3
0,619400,38400,11116.656,372.33,34.527546,22.903542,0.617561,0.02044,8.930422,8.930422,8.930422,8.930422,0.028428,4e-06,0.06546,0.5768,0.051925,-0.579929,25.325989,0.976306,0.843891,122.854828,122.932251,1.31505,15360.0,0.843946,120.754852,120.575081,1.933826,1008.0,14996.052734,1024.0,1024.0,186.63147,499400,64.0,1999.3
0,620200,38450,11130.501,372.33,29.537659,20.057123,0.655797,0.02044,7.197361,7.197361,7.197361,7.197361,0.034892,4e-06,-0.016731,2.695956,0.043005,-2.684808,26.308578,0.976306,0.687696,126.637733,127.074226,1.131413,15360.0,0.720778,125.314468,124.949585,1.376022,1008.0,14996.054688,1024.0,1024.0,153.240677,499200,64.0,1999.3
0,621000,38500,11144.262,372.33,37.363243,26.108578,0.636815,0.02044,8.607059,8.607059,8.607059,8.607059,0.030892,4e-06,0.029794,0.985914,0.068621,-0.97545,25.934402,0.976298,0.814928,122.876328,122.970451,1.779633,15360.0,0.949731,121.039536,119.452652,2.669335,1008.0,14995.936523,1024.0,1024.0,179.392014,500000,64.0,1999.3
0,621800,38550,11158.032,372.33,34.664654,23.528152,0.629373,0.02044,8.551805,8.551805,8.551479,8.551479,0.03008,4e-06,0.044865,2.210049,0.051753,-2.234398,26.983971,0.9763,0.754811,124.837997,125.115829,1.396496,15360.0,0.933421,123.061646,122.379578,2.457725,1008.0,14995.964844,1024.0,1024.0,146.806046,499800,64.0,1999.3
0,622600,38600,11171.878,372.33,34.731773,23.364826,0.638701,0.02044,8.680374,8.680374,8.680374,8.680374,0.025689,3e-06,0.024515,0.606191,0.051613,-0.602219,29.009689,0.976302,0.859848,122.334587,122.522453,1.49727,15360.0,0.916764,119.815826,118.724876,2.066798,1008.0,14995.992188,1024.0,1024.0,185.280319,499600,64.0,1999.3
0,623400,38650,11185.634,372.33,33.327263,22.658379,0.615676,0.02044,8.195885,8.195885,8.195885,8.195885,0.025732,4e-06,-0.01568,1.698495,0.053622,-1.698743,27.084282,0.97631,0.785218,125.574455,126.327545,1.452316,15360.0,0.82586,123.092918,123.462822,1.907651,1008.0,14996.113281,1024.0,1024.0,155.666199,499400,64.0,1999.3
0,624200,38700,11199.485,372.33,32.5457,21.248257,0.64506,0.02044,8.192755,8.192755,8.192673,8.192673,0.030823,3e-06,0.167434,1.145855,0.090039,-1.168882,29.231422,0.976305,1.059627,118.278763,116.411079,2.631956,15360.0,1.309514,118.204979,113.75354,5.057659,1008.0,14996.046875,1024.0,1024.0,198.048798,499200,64.0,1999.3
0,625000,38750,11213.27,372.33,37.884861,26.012844,0.699569,0.02044,9.093502,9.093502,9.093502,9.093502,0.034011,4e-06,0.040102,0.835146,0.047871,-0.826378,31.578384,0.976301,0.817561,118.647789,118.509018,1.511697,15360.0,0.971647,117.015778,115.748398,2.684378,1008.0,14995.988281,1024.0,1024.0,183.627274,500000,64.0,1999.3
0,625800,38800,11253.219,387.968,35.644249,24.512875,0.679262,0.02044,8.648342,8.648342,8.648342,8.648342,0.041671,4e-06,0.043761,3.112198,0.029617,-3.107201,34.047035,0.976306,0.61569,126.842751,127.027237,1.008372,15360.0,0.863481,125.761093,125.55687,2.473106,1008.0,14996.060547,1024.0,1024.0,167.79567,499800,64.0,1999.3
0,626600,38850,11267.075,387.968,33.813072,22.489967,0.656474,0.02044,8.644784,8.644784,8.644784,8.644784,0.034933,4e-06,0.037029,1.557091,0.039204,-1.554048,36.351257,0.97631,0.786072,121.083641,121.05294,1.425111,15360.0,1.046083,119.413895,117.761383,2.746509,1008.0,14996.12207,1024.0,1024.0,168.696365,499600,64.0,1999.3
0,627400,38900,11280.936,387.968,31.347704,20.614283,0.618178,0.02044,8.06011,8.06011,8.06011,8.06011,0.026748,4e-06,0.051042,0.973318,0.039083,-0.982629,37.694466,0.976318,0.859941,116.193062,115.717522,1.473207,15360.0,1.058998,114.897453,113.188789,2.908966,1008.0,14996.248047,1024.0,1024.0,211.385254,499400,64.0,1999.3
0,628200,38950,11294.69,387.968,28.569645,19.168716,0.621397,0.02044,7.140958,7.140958,7.140958,7.140958,0.025987,4e-06,0.022104,3.02706,0.023438,-3.01014,38.337791,0.976322,0.633696,121.560936,121.623108,0.898558,15360.0,0.827459,120.596863,119.342628,2.043938,1008.0,14996.303711,1024.0,1024.0,173.948334,499200,64.0,1999.3
0,629000,39000,11308.55,387.968,38.188976,26.422024,0.682006,0.02044,9.077932,9.077932,9.077932,9.077932,0.042595,4e-06,0.014195,2.017083,0.030008,-2.022766,40.665062,0.976306,0.73901,118.948601,118.970039,1.220281,15360.0,1.085245,117.398674,116.285126,2.984721,1008.0,14996.058594,1024.0,1024.0,185.157181,500000,64.0,1999.3
0,629800,39050,11322.269,387.968,34.336834,23.627518,0.611801,0.02044,8.282807,8.282807,8.282807,8.282807,0.025072,4e-06,0.024623,2.568336,0.026268,-2.551863,42.106865,0.976316,0.675212,118.991943,119.043755,1.106063,15360.0,0.887153,117.938919,116.226334,2.67998,1008.0,14996.208984,1024.0,1024.0,231.654297,499800,64.0,1999.3
0,630600,39100,11336.128,387.968,37.409519,25.534065,0.700114,0.02044,9.271405,9.271405,9.271405,9.271405,0.04314,4e-06,0.015021,2.56682,0.02435,-2.572297,42.85228,0.976304,0.662727,121.222771,121.378357,1.043459,15360.0,0.928692,120.012672,118.43203,2.821966,1008.0,14996.027344,1024.0,1024.0,182.648315,499600,64.0,1999.3
0,631400,39150,11349.905,387.968,37.851086,26.258316,0.726206,0.02044,8.865254,8.865254,8.865254,8.865254,0.040188,4e-06,0.008307,2.491432,0.033234,-2.488992,43.218529,0.976296,0.798773,116.743568,116.557236,1.436332,15360.0,0.957548,115.71595,114.084534,2.860753,1008.0,14995.908203,1024.0,1024.0,249.540146,499400,64.0,1999.3
0,632200,39200,11363.783,387.968,31.712906,21.172314,0.642668,0.02044,8.03822,8.03822,8.03822,8.03822,0.028196,3e-06,0.011525,1.862682,0.027239,-1.867547,43.866287,0.97631,0.706562,114.211006,114.074387,1.194865,15360.0,1.05785,112.661728,111.585106,2.728576,1008.0,14996.123047,1024.0,1024.0,141.28688,499200,64.0,1999.3
0,633000,39250,11377.553,387.968,32.730091,21.843964,0.634421,0.02044,8.390182,8.390182,8.390182,8.390182,0.026273,4e-06,0.014782,2.507165,0.028821,-2.509555,44.601334,0.97631,0.742976,114.532913,114.847549,1.285463,15360.0,0.814361,112.892258,112.030571,2.27148,1008.0,14996.121094,1024.0,1024.0,203.321411,500000,64.0,1999.3
0,633800,39300,11391.324,387.968,36.283375,24.605824,0.691831,0.02044,9.058839,9.058839,9.058839,9.058839,0.041392,4e-06,0.016951,3.421182,0.025305,-3.418194,45.25666,0.976305,0.69546,115.311638,115.729897,1.145214,15360.0,0.960495,113.941452,113.306976,2.588614,1008.0,14996.039062,1024.0,1024.0,165.463821,499800,64.0,1999.3
0,634600,39350,11405.095,387.968,32.878544,21.830418,0.651981,0.02044,8.370139,8.370139,8.370139,8.370139,0.028765,3e-06,-0.033876,3.300877,0.026198,-3.312954,45.579933,0.976307,0.827138,106.683128,106.153709,1.194121,15360.0,1.250968,105.937164,103.547333,3.44727,1008.0,14996.078125,1024.0,1024.0,191.447586,499600,64.0,1999.3
0,635400,39400,11418.944,387.968,37.845078,26.661045,0.597879,0.02044,8.564723,8.564723,8.564723,8.564723,0.022017,4e-06,0.012883,4.023317,0.02331,-4.005423,46.295952,0.976315,0.841494,113.573685,113.728401,1.079154,15360.0,0.967123,112.71244,111.775459,2.218114,1008.0,14996.199219,1024.0,1024.0,172.969345,499400,64.0,1999.3
0,636200,39450,11432.708,387.968,37.679276,25.797516,0.631454,0.02044,9.162261,9.162261,9.162261,9.162261,0.029519,4e-06,-0.005373,3.794297,0.021404,-3.806311,47.168785,0.976306,0.828381,115.924568,115.959724,1.009596,15360.0,1.094564,114.710297,112.761208,2.560992,1008.0,14996.056641,1024.0,1024.0,164.40535,499200,64.0,1999.3
0,637000,39500,11446.568,387.968,35.266651,24.466753,0.652913,0.02044,8.28194,8.28194,8.28194,8.28194,0.032308,4e-06,-0.002219,4.429643,0.018822,-4.445755,47.813354,0.976315,0.751166,119.288284,119.238243,0.89995,15360.0,0.891543,118.709038,117.455536,2.267616,1008.0,14996.202148,1024.0,1024.0,155.55127,500000,64.0,1999.3
0,637800,39550,11460.258,387.968,45.662838,32.529831,0.673548,0.02044,10.117969,10.117969,10.117969,10.117969,0.039597,4e-06,-0.005021,4.133533,0.031202,-4.107069,48.544617,0.976301,0.920271,111.837143,111.895042,1.514707,15360.0,1.313357,110.722717,108.634216,3.667935,1008.0,14995.986328,1024.0,1024.0,199.670959,499800,64.0,1999.3
0,638600,39600,11474.151,387.968,33.056381,22.299267,0.634285,0.02044,8.143601,8.143601,8.143601,8.143601,0.03226,4e-06,0.011423,5.175267,0.016784,-5.183732,49.611519,0.976308,0.854819,119.239494,119.450745,0.832691,15360.0,0.927276,118.557747,117.892128,1.961081,1008.0,14996.09375,1024.0,1024.0,190.32756,499600,64.0,1999.3
0,639400,39650,11487.965,387.968,33.313614,22.447617,0.689154,0.02044,8.169509,8.169509,8.169509,8.169509,0.04156,3e-06,0.005063,5.372404,0.015467,-5.377379,50.663963,0.976302,0.885655,115.910484,116.007278,0.783595,15360.0,0.930741,115.298378,114.837044,1.689693,1008.0,14995.999023,1024.0,1024.0,295.029541,499400,64.0,1999.3
0,640200,39700,11501.848,387.968,39.652435,27.691837,0.68347,0.02044,9.079595,9.079595,9.079595,9.079595,0.038669,4e-06,-0.013222,4.669548,0.0261,-4.690232,51.430565,0.976319,0.930925,112.435455,112.413902,1.342343,15360.0,1.171444,111.259201,110.604942,3.762086,1008.0,14996.253906,1024.0,1024.0,277.527954,499200,64.0,1999.3
0,641000,39750,11515.605,387.968,36.932446,25.768978,0.648955,0.02044,8.66337,8.66337,8.66337,8.66337,0.033554,4e-06,0.003547,5.385081,0.015067,-5.376662,51.897911,0.976317,0.746343,121.149658,121.271065,0.781927,15360.0,0.714915,120.362587,119.276955,1.548095,1008.0,14996.222656,1024.0,1024.0,182.679916,500000,64.0,1999.3
0,641800,39800,11529.364,387.968,33.932503,22.941116,0.640891,0.02044,8.408944,8.408944,8.408944,8.408944,0.033441,4e-06,0.011696,5.123296,0.014937,-5.125138,52.740074,0.976287,0.817466,121.465813,121.698181,0.787801,15360.0,0.836849,120.374619,119.511574,1.726501,1008.0,14995.761719,1024.0,1024.0,189.961914,499800,64.0,1999.3
0,642600,39850,11543.149,387.968,32.827778,22.140429,0.60903,0.02044,8.244361,8.244361,8.244361,8.244361,0.026543,3e-06,0.001012,5.519446,0.012828,-5.523898,53.677711,0.976305,0.74673,117.682671,117.698181,0.688552,15360.0,0.804475,117.037766,115.820557,2.027806,1008.0,14996.047852,1024.0,1024.0,171.626694,499600,64.0,1999.3
0,643400,39900,11557.028,387.968,35.50222,24.967033,0.646831,0.02044,7.988545,7.988545,7.988545,7.988545,0.034792,4e-06,0.005212,5.409167,0.015546,-5.414964,54.360657,0.976313,0.805843,114.629013,114.77803,0.845117,15360.0,0.898198,113.593758,113.207413,2.01381,1008.0,14996.169922,1024.0,1024.0,159.846878,499400,64.0,1999.3
0,644200,39950,11570.794,387.968,36.10323,24.787619,0.695453,0.02044,8.728794,8.728794,8.728794,8.728794,0.039945,3e-06,-0.000867,5.413226,0.014421,-5.390639,55.013519,0.976306,0.745877,111.207657,111.2995,0.793374,15360.0,0.843441,110.210915,109.225609,2.02513,1008.0,14996.058594,1024.0,1024.0,202.839401,499200,64.0,1999.3
0,645000,40000,11584.631,387.968,39.226364,27.071056,0.628418,0.02044,9.597593,9.597593,9.597593,9.597593,0.027856,3e-06,-0.001269,5.345953,0.016425,-5.337345,55.677193,0.976308,0.686271,104.846718,104.843941,0.9145,15360.0,0.880312,103.864128,102.067863,2.208219,1008.0,14996.087891,1024.0,1024.0,185.184677,500000,64.0,1999.3
0,645800,40050,11598.301,387.968,37.41991,26.366922,0.69654,0.02044,8.474426,8.474426,8.474426,8.474426,0.042314,3e-06,-0.002201,5.62797,0.016303,-5.631021,56.479424,0.976313,0.719444,110.679642,110.74276,0.920792,15360.0,0.989661,110.010345,108.702225,2.419572,1008.0,14996.173828,1024.0,1024.0,189.151917,499800,64.0,1999.3
0,646600,40100,11612.173,387.968,34.009319,23.064503,0.652262,0.02044,8.531221,8.531221,8.531221,8.531221,0.028563,4e-06,-0.006873,5.639203,0.012385,-5.633365,57.126663,0.976325,0.640872,113.930428,113.897781,0.707504,15360.0,0.845915,112.956573,111.741623,1.871251,1008.0,14996.345703,1024.0,1024.0,179.154999,499600,64.0,1999.3
0,647400,40150,11625.945,387.968,35.57502,23.783581,0.690303,0.02044,9.215194,9.215194,9.215194,9.215194,0.029297,4e-06,-0.011852,6.120526,0.014133,-6.121627,57.90184,0.976309,0.689832,104.229736,104.269455,0.818333,15360.0,0.886676,103.253273,101.643257,1.943176,1008.0,14996.099609,1024.0,1024.0,213.7108,499400,64.0,1999.3
0,648200,40200,11639.814,387.968,32.862572,21.332821,0.677932,0.02044,8.90649,8.90649,8.90649,8.90649,0.032875,3e-06,-0.025774,6.777896,0.00952,-6.780316,58.584427,0.976299,0.749084,93.866913,93.66703,0.557747,15360.0,1.036433,93.334991,92.515442,1.62966,1008.0,14995.944336,1024.0,1024.0,224.820862,499200,64.0,1999.3
0,649000,40250,11653.693,387.968,37.247585,25.433598,0.644109,0.02044,9.05445,9.05445,9.05445,9.05445,0.030252,3e-06,0.002239,5.488375,0.013382,-5.467645,59.474358,0.976306,0.895514,117.382347,117.470154,0.795882,15360.0,0.972637,116.553406,115.974106,1.705318,1008.0,14996.064453,1024.0,1024.0,202.563843,500000,64.0,1999.3
0,649800,40300,11667.366,387.968,33.843472,22.704966,0.652686,0.02044,8.38582,8.38582,8.38582,8.38582,0.027924,3e-06,0.002317,6.105515,0.013215,-6.124069,60.050194,0.976307,0.9343,110.283249,110.4487,0.79359,15360.0,1.014518,109.030762,108.251305,1.767295,1008.0,14996.070312,1024.0,1024.0,236.63707,499800,64.0,1999.3
0,650600,40350,11707.448,403.543,33.192371,22.011297,0.612971,0.02044,8.42366,8.42366,8.41565,8.41565,0.022743,3e-06,-0.003086,6.246759,0.01111,-6.264456,60.730057,0.976317,0.95678,102.724808,102.706352,0.674702,15360.0,1.093145,101.700752,100.910362,1.530039,1008.0,14996.228516,1024.0,1024.0,190.234009,499600,64.0,1999.3
0,651400,40400,11721.215,403.543,32.994339,21.806278,0.663957,0.02044,8.232387,8.232387,8.232387,8.232387,0.034386,3e-06,-0.004646,6.228701,0.014522,-6.246882,61.455437,0.976315,1.075251,105.13031,105.130737,0.89248,15360.0,1.258105,104.402885,103.113335,2.438099,1008.0,14996.205078,1024.0,1024.0,186.77478,499400,64.0,1999.3
0,652200,40450,11735.054,403.543,34.882637,23.647533,0.627429,0.02044,8.323569,8.323569,8.323569,8.323569,0.028382,3e-06,-0.003212,5.800507,0.015624,-5.781356,62.021957,0.976293,1.086137,103.306061,103.431267,0.969006,15360.0,1.161279,102.389107,101.114761,1.703069,1008.0,14995.865234,1024.0,1024.0,227.0056,499200,64.0,1999.3
0,653000,40500,11748.813,403.543,36.298359,24.617949,0.716379,0.02044,8.692099,8.692099,8.692099,8.692099,0.044719,3e-06,0.010229,5.616117,0.01486,-5.588263,62.577988,0.976304,1.044099,117.20388,117.455956,0.929917,15360.0,1.093175,115.949966,115.001091,2.110391,1008.0,14996.026367,1024.0,1024.0,207.268463,500000,64.0,1999.3
0,653800,40550,11762.595,403.543,33.648853,22.477997,0.619513,0.02044,8.360506,8.360506,8.360506,8.360506,0.029436,4e-06,0.015595,5.793277,0.013131,-5.780422,63.435455,0.976318,1.015956,124.306717,124.43885,0.832979,15360.0,1.009312,123.283524,122.730049,1.690703,1008.0,14996.243164,1024.0,1024.0,158.996368,499800,64.0,1999.3
0,654600,40600,11776.366,403.543,33.122978,21.773148,0.612426,0.02044,8.376002,8.376002,8.376002,8.376002,0.027874,3e-06,6.4e-05,6.296991,0.011307,-6.279618,64.08213,0.976294,1.162634,109.772034,109.871933,0.724597,15360.0,1.135528,108.810585,108.167885,1.448711,1008.0,14995.87793,1024.0,1024.0,159.652695,499600,64.0,1999.3
0,655400,40650,11790.22,403.543,37.807564,25.755043,0.651572,0.02044,8.964734,8.964734,8.964734,8.964734,0.034545,4e-06,-0.009566,5.975429,0.01757,-5.97692,64.80378,0.976321,1.181606,104.029076,103.996796,1.1386,15360.0,1.157547,102.902817,102.166313,1.979667,1008.0,14996.289062,1024.0,1024.0,188.596359,499400,64.0,1999.3
0,656200,40700,11804.068,403.543,31.71398,21.042845,0.625568,0.02044,7.711033,7.711033,7.711033,7.711033,0.027043,3e-06,-0.004343,6.618054,0.01055,-6.606568,65.459328,0.976309,1.197251,101.490906,101.555832,0.690578,15360.0,1.166942,100.461784,100.141945,1.550523,1008.0,14996.105469,1024.0,1024.0,277.269287,499200,64.0,1999.3
0,657000,40750,11817.841,403.543,34.753773,22.963463,0.679611,0.02044,8.743527,8.743527,8.743527,8.743527,0.040861,3e-06,0.005636,6.411763,0.011083,-6.412278,66.0298,0.97631,1.145679,112.923233,113.023819,0.731814,15360.0,1.070208,112.01384,112.032921,1.433007,1008.0,14996.117188,1024.0,1024.0,231.777054,500000,64.0,1999.3
0,657800,40800,11831.622,403.543,34.859619,23.644581,0.614812,0.02044,8.367158,8.367158,8.367158,8.367158,0.028293,3e-06,0.01099,5.754656,0.012275,-5.745306,66.408218,0.976314,1.059075,115.728279,116.007133,0.815162,15360.0,1.019489,114.237671,113.239044,1.752261,1008.0,14996.189453,1024.0,1024.0,171.906845,499800,64.0,1999.3
0,658600,40850,11845.416,403.543,31.495567,20.679678,0.658996,0.02044,7.984781,7.984781,7.984781,7.984781,0.033212,3e-06,-0.002588,6.212585,0.01074,-6.221948,67.183846,0.97631,1.061035,112.11805,112.189117,0.721565,15360.0,0.982493,111.069611,110.193405,1.669747,1008.0,14996.125,1024.0,1024.0,175.571426,499600,64.0,1999.3
0,659400,40900,11859.272,403.543,36.457844,24.200527,0.624276,0.02044,9.371729,9.371729,9.371729,9.371729,0.028849,3e-06,-0.023744,6.384979,0.010854,-6.382555,67.879181,0.976307,1.057236,96.302849,96.14135,0.736776,15360.0,0.900692,95.421898,93.806618,1.806033,1008.0,14996.072266,1024.0,1024.0,174.544296,499400,64.0,1999.3
0,660200,40950,11873.024,403.543,34.067101,22.871952,0.700847,0.02044,8.365322,8.365322,8.365322,8.365322,0.040325,3e-06,-0.009874,6.681455,0.009217,-6.693078,68.556129,0.976312,1.005901,103.942757,103.873848,0.631907,15360.0,0.919944,103.229828,102.421837,1.49342,1008.0,14996.152344,1024.0,1024.0,156.464157,499200,64.0,1999.3
0,661000,41000,11886.881,403.543,40.521656,27.671368,0.7002,0.02044,9.789752,9.789752,9.789752,9.789752,0.042296,4e-06,0.002522,6.421127,0.01305,-6.392452,69.209732,0.976319,1.031056,112.424484,112.49839,0.9032,15360.0,1.091152,111.716125,110.31601,2.293206,1008.0,14996.25293,1024.0,1024.0,249.88588,500000,64.0,1999.3
0,661800,41050,11900.573,403.543,36.951881,25.337765,0.640035,0.02044,8.76898,8.76898,8.76898,8.76898,0.027433,3e-06,0.004642,6.259133,0.012408,-6.240395,69.909874,0.976301,0.993352,119.374954,119.49929,0.867475,15360.0,1.032563,118.469978,117.805412,1.685133,1008.0,14995.984375,1024.0,1024.0,185.100418,499800,64.0,1999.3
0,662600,41100,11914.433,403.543,35.357807,24.218212,0.636887,0.02044,8.407673,8.407673,8.407673,8.407673,0.031118,3e-06,3.6e-05,6.13257,0.011425,-6.140049,70.43911,0.976308,0.924544,115.709167,115.801926,0.804732,15360.0,1.030834,114.88575,113.902641,1.768744,1008.0,14996.095703,1024.0,1024.0,200.899399,499600,64.0,1999.3
0,663400,41150,11928.217,403.543,36.25975,24.311893,0.649202,0.02044,9.209663,9.209663,9.209663,9.209663,0.03088,4e-06,0.002386,6.131287,0.011817,-6.147401,70.948509,0.976293,0.872227,114.651115,114.763382,0.838383,15360.0,0.909899,113.280693,112.368156,1.576407,1008.0,14995.859375,1024.0,1024.0,200.066101,499400,64.0,1999.3
0,664200,41200,11942.087,403.543,32.579975,21.820799,0.656333,0.02044,8.134523,8.134523,8.134425,8.134425,0.035978,3e-06,-0.011168,6.691873,0.009883,-6.714155,71.687782,0.976299,0.833495,103.092705,103.086975,0.708465,15360.0,1.040331,102.301048,101.606575,1.376359,1008.0,14995.955078,1024.0,1024.0,189.366486,499200,64.0,1999.3
0,665000,41250,11955.863,403.543,33.538029,22.514095,0.625811,0.02044,8.346148,8.346148,8.346148,8.346148,0.024937,3e-06,3.2e-05,6.725646,0.009188,-6.730568,72.316444,0.976304,0.883448,106.65657,106.761612,0.664465,15360.0,1.044797,105.405869,104.698044,1.297522,1008.0,14996.029297,1024.0,1024.0,194.492004,500000,64.0,1999.3
0,665800,41300,11969.626,403.543,33.962818,22.474043,0.665571,0.02044,8.762149,8.762149,8.762149,8.762149,0.035626,3e-06,-0.012801,6.926458,0.008383,-6.91997,72.869133,0.976317,0.864857,98.406296,98.338303,0.610838,15360.0,1.041162,97.583412,96.727898,1.31746,1008.0,14996.220703,1024.0,1024.0,177.635086,499800,64.0,1999.3
0,666600,41350,11983.405,403.543,32.911846,21.734741,0.637984,0.02044,8.351253,8.351253,8.351253,8.351253,0.033914,3e-06,0.005834,6.453351,0.009628,-6.465154,73.316307,0.976313,0.996681,110.750229,110.910606,0.70592,15360.0,1.099297,109.337387,108.561569,1.625793,1008.0,14996.171875,1024.0,1024.0,198.557281,499600,64.0,1999.3
0,667400,41400,11997.276,403.543,36.049168,24.459194,0.671781,0.02044,8.549194,8.549194,8.549194,8.549194,0.041152,3e-06,0.01207,6.53108,0.0112,-6.532205,73.907486,0.976312,1.111894,120.100822,120.402267,0.827738,15360.0,1.232262,119.130798,119.909958,1.795386,1008.0,14996.158203,1024.0,1024.0,227.66774,499400,64.0,1999.3
0,668200,41450,12011.161,403.543,36.507782,24.614853,0.711723,0.02044,8.862801,8.862801,8.862801,8.862801,0.047722,4e-06,-0.000173,6.777451,0.00939,-6.764423,74.245377,0.976327,1.072366,115.233589,115.295891,0.697195,15360.0,1.131646,114.291016,114.193871,1.555658,1008.0,14996.385742,1024.0,1024.0,254.027496,499200,64.0,1999.3
0,669000,41500,12024.949,403.543,34.299026,22.80896,0.655002,0.02044,8.514561,8.514561,8.514561,8.514561,0.037427,3e-06,-0.005815,6.506354,0.009857,-6.493652,74.152351,0.976299,1.119876,115.186989,115.163567,0.7309,15360.0,1.115153,114.070023,112.888039,1.706944,1008.0,14995.958984,1024.0,1024.0,237.095657,500000,64.0,1999.3
0,669800,41550,12038.724,403.543,36.227661,24.554096,0.68127,0.02044,8.608421,8.608421,8.608421,8.608421,0.037694,3e-06,0.005565,6.431825,0.010381,-6.424223,74.894173,0.976306,1.164331,128.528641,128.706253,0.777478,15360.0,1.108989,127.459312,126.75502,1.434214,1008.0,14996.067383,1024.0,1024.0,220.704575,499800,64.0,1999.3
0,670600,41600,12052.606,403.543,39.553551,26.837395,0.647374,0.02044,9.598505,9.598505,9.598505,9.598505,0.031586,4e-06,-0.007003,6.662449,0.010578,-6.680685,75.499344,0.976312,1.151592,114.63945,114.676552,0.798636,15360.0,1.15132,113.723114,112.570236,1.659746,1008.0,14996.144531,1024.0,1024.0,179.380432,499600,64.0,1999.3
0,671400,41650,12066.418,403.543,34.213825,22.944679,0.678807,0.02044,8.166613,8.166613,8.166613,8.166613,0.037173,3e-06,-0.003082,6.696335,0.011529,-6.686041,76.005524,0.976308,1.212828,115.48111,115.587082,0.876289,15360.0,1.256262,114.704865,113.979279,1.603907,1008.0,14996.09375,1024.0,1024.0,234.50412,499400,64.0,1999.3
0,672200,41700,12080.215,403.543,33.176075,21.817612,0.651956,0.02044,8.232872,8.232872,8.232872,8.232872,0.031732,3e-06,-0.019204,7.204345,0.008977,-7.19845,76.703728,0.976296,1.26439,101.558533,101.427734,0.688531,15360.0,1.282403,100.829056,100.377296,1.05418,1008.0,14995.910156,1024.0,1024.0,152.770142,499200,64.0,1999.3
0,673000,41750,12094.1,403.543,39.266022,26.380741,0.660243,0.02044,9.634796,9.634796,9.634796,9.634796,0.029334,3e-06,-0.014424,7.244184,0.012385,-7.259875,77.263763,0.976306,1.248534,91.794861,91.752853,0.956934,15360.0,1.240712,90.777351,90.015182,1.646532,1008.0,14996.060547,1024.0,1024.0,192.151733,500000,64.0,1999.3
0,673800,41800,12107.787,403.543,36.068668,24.235167,0.720711,0.02044,8.636438,8.636438,8.636438,8.636438,0.043691,3e-06,-0.006897,6.787031,0.012655,-6.789771,77.809341,0.976311,1.233982,105.789413,105.783943,0.984658,15360.0,1.217282,104.686409,104.149811,1.815411,1008.0,14996.142578,1024.0,1024.0,149.000168,499800,64.0,1999.3
0,674600,41850,12121.666,403.543,36.835953,24.83543,0.70086,0.02044,8.87838,8.87838,8.87838,8.87838,0.037779,4e-06,-0.009552,6.658643,0.01022,-6.65836,78.318047,0.976289,1.191647,109.532997,109.530472,0.800427,15360.0,1.103034,108.522697,107.370605,1.778814,1008.0,14995.804688,1024.0,1024.0,147.613113,499600,64.0,1999.3
0,675400,41900,12161.855,419.185,37.419075,25.349869,0.626294,0.02044,8.986239,8.986239,8.986239,8.986239,0.026302,4e-06,-0.005121,6.823971,0.011671,-6.826261,78.921165,0.976289,1.193879,105.282166,105.263847,0.921116,15360.0,1.162837,104.282898,102.947067,1.964139,1008.0,14995.800781,1024.0,1024.0,205.086639,499400,64.0,1999.3
0,676200,41950,12175.627,419.185,32.487297,21.935001,0.659457,0.02044,7.562461,7.562461,7.562461,7.562461,0.038085,3e-06,0.006401,6.710181,0.008558,-6.703744,79.421616,0.976318,1.192256,123.737701,123.901665,0.679675,15360.0,1.183451,123.093864,123.152504,1.357254,1008.0,14996.240234,1024.0,1024.0,176.0466,499200,64.0,1999.3
0,677000,42000,12189.467,419.185,32.30019,21.4035,0.619591,0.02044,8.022316,8.022316,8.022316,8.022316,0.028134,4e-06,-0.012155,7.242511,0.008119,-7.222023,79.843506,0.976294,1.11814,109.04776,108.973503,0.648249,15360.0,1.08709,108.460541,107.943489,1.197145,1008.0,14995.871094,1024.0,1024.0,251.715317,500000,64.0,1999.3
0,677800,42050,12203.151,419.185,33.602383,22.118793,0.673514,0.02044,8.502995,8.502995,8.502995,8.502995,0.032633,3e-06,-0.004937,7.21629,0.00877,-7.215168,80.386299,0.976294,1.118075,109.139816,109.143936,0.705005,15360.0,1.077334,108.409546,108.184074,1.320639,1008.0,14995.880859,1024.0,1024.0,228.096695,499800,64.0,1999.3
0,678600,42100,12217.013,419.185,35.30286,23.98748,0.602874,0.02044,8.529816,8.529816,8.529816,8.529816,0.022329,3e-06,-0.021468,7.284217,0.008437,-7.277617,80.916168,0.976308,1.009162,94.726601,94.512688,0.682662,15360.0,1.071912,94.221237,93.545486,1.249698,1008.0,14996.094727,1024.0,1024.0,137.700302,499600,64.0,1999.3
0,679400,42150,12230.858,419.185,30.963776,20.613331,0.707848,0.02044,7.619486,7.619486,7.619486,7.619486,0.03769,3e-06,-0.007897,7.421477,0.00843,-7.430376,81.452469,0.976306,0.961574,99.212944,99.176514,0.686685,15360.0,0.956821,98.453094,98.066353,1.255679,1008.0,14996.064453,1024.0,1024.0,202.470932,499400,64.0,1999.3
0,680200,42200,12244.774,419.185,33.477451,22.294338,0.731792,0.02044,8.25625,8.25625,8.25625,8.25625,0.049038,3e-06,-0.013205,7.015182,0.010568,-7.013464,81.971283,0.976305,1.051637,113.587959,113.444984,0.866275,15360.0,1.035235,113.064339,112.414131,1.407406,1008.0,14996.044922,1024.0,1024.0,177.537094,499200,64.0,1999.3
0,681000,42250,12258.564,419.185,37.999409,25.320793,0.627336,0.02044,9.973394,9.973394,9.973394,9.973394,0.029808,3e-06,-0.017385,7.272563,0.00983,-7.273899,82.580093,0.976303,0.820944,93.061745,92.962715,0.811793,15360.0,0.855149,91.993042,91.359734,1.666299,1008.0,14996.015625,1024.0,1024.0,212.386993,500000,64.0,1999.3
0,681800,42300,12272.383,419.185,32.655346,21.701633,0.631716,0.02044,8.166197,8.166197,8.166197,8.166197,0.032254,3e-06,-0.006617,7.060702,0.008637,-7.063222,83.090378,0.976308,0.996023,113.073982,113.057785,0.717622,15360.0,1.097763,112.37793,111.781479,1.536456,1008.0,14996.089844,1024.0,1024.0,156.913696,499800,64.0,1999.3
0,682600,42350,12286.281,419.185,43.603172,30.627176,0.767879,0.02044,9.735275,9.735275,9.735275,9.735275,0.054627,4e-06,-0.016358,6.553269,0.017211,-6.547735,83.602921,0.976302,1.120307,112.040794,111.864334,1.438863,15360.0,1.24976,111.349602,110.787392,3.345473,1008.0,14995.994141,1024.0,1024.0,212.692078,499600,64.0,1999.3
0,683400,42400,12300.073,419.185,41.051331,28.299707,0.830774,0.02044,9.430256,9.430256,9.430256,9.430256,0.069398,3e-06,-0.025514,6.965511,0.017167,-6.983595,84.047653,0.97631,1.101668,99.260979,98.977707,1.442839,15360.0,1.503262,98.906242,99.286278,4.382584,1008.0,14996.123047,1024.0,1024.0,146.074463,499400,64.0,1999.3
0,684200,42450,12313.861,419.185,32.584206,21.777145,0.637331,0.02044,7.900965,7.900965,7.900965,7.900965,0.030798,3e-06,-0.00142,6.984028,0.007798,-6.993623,84.576881,0.976308,1.124381,118.269188,118.303978,0.659549,15360.0,1.117558,117.358711,117.038757,1.163961,1008.0,14996.083984,1024.0,1024.0,124.59301,499200,64.0,1999.3
0,685000,42500,12327.723,419.185,39.603722,27.154881,0.671884,0.02044,9.271173,9.271173,9.271173,9.271173,0.035288,3e-06,-0.013554,7.347211,0.009612,-7.330224,85.053146,0.976302,1.171231,93.949677,93.89431,0.817499,15360.0,1.33517,93.397949,91.978027,1.699248,1008.0,14995.994141,1024.0,1024.0,260.478119,500000,64.0,1999.3
0,685800,42550,12341.431,419.185,33.688213,22.053701,0.637087,0.02044,8.579553,8.579553,8.579553,8.579553,0.028626,3e-06,0.002756,6.970388,0.00887,-6.962844,85.61528,0.976322,1.186381,107.724167,107.920158,0.759416,15360.0,1.167792,106.598869,105.502701,1.603347,1008.0,14996.3125,1024.0,1024.0,234.883377,499800,64.0,1999.3
0,686600,42600,12355.291,419.185,32.543205,20.990879,0.667273,0.02044,8.447517,8.447517,8.447517,8.447517,0.034379,4e-06,-0.011861,7.30314,0.007423,-7.289121,86.054382,0.976319,1.213451,97.586121,97.521881,0.638765,15360.0,1.23585,96.791664,96.36721,1.074091,1008.0,14996.258789,1024.0,1024.0,233.222107,499600,64.0,1999.3
0,687400,42650,12369.074,419.185,37.704941,25.315613,0.651606,0.02044,9.164218,9.164218,9.164218,9.164218,0.03253,3e-06,-0.013782,7.386704,0.008018,-7.38272,86.512558,0.976316,1.257443,92.278061,92.193253,0.693658,15360.0,1.309936,91.534447,91.171867,1.293726,1008.0,14996.208984,1024.0,1024.0,160.661972,499400,64.0,1999.3
0,688200,42700,12382.919,419.185,30.631605,19.60371,0.635609,0.02044,7.933671,7.933671,7.933671,7.933671,0.028235,3e-06,-0.009373,7.574231,0.007727,-7.602602,86.986588,0.976306,1.273644,91.75386,91.714249,0.672145,15360.0,1.268449,90.868584,90.482681,1.089947,1008.0,14996.052734,1024.0,1024.0,158.463287,499200,64.0,1999.3
0,689000,42750,12396.77,419.185,40.837105,27.731659,0.622956,0.02044,9.761787,9.761787,9.761787,9.761787,0.02819,3e-06,0.009219,7.021742,0.01334,-7.014902,87.334862,0.976315,1.301982,103.144127,103.449226,1.165051,15360.0,1.37629,101.886154,101.325874,1.70883,1008.0,14996.193359,1024.0,1024.0,179.752655,500000,64.0,1999.3
0,689800,42800,12410.447,419.185,31.642744,21.093906,0.672923,0.02044,7.516773,7.516773,7.516773,7.516773,0.032611,3e-06,0.00134,7.243613,0.007296,-7.247634,87.809479,0.976295,1.238237,111.982628,112.061714,0.640619,15360.0,1.158163,110.98439,109.996674,1.629281,1008.0,14995.882812,1024.0,1024.0,186.026184,499800,64.0,1999.3
0,690600,42850,12424.306,419.185,32.826984,21.852261,0.702432,0.02044,7.801068,7.801068,7.801068,7.801068,0.040056,3e-06,-6.7e-05,7.522217,0.008143,-7.52544,88.277344,0.976313,1.292771,101.78215,101.853333,0.718844,15360.0,1.259908,101.181877,100.844475,1.276007,1008.0,14996.161133,1024.0,1024.0,177.527496,499600,64.0,1999.3
0,691400,42900,12438.08,419.185,35.247627,23.450703,0.690751,0.02044,8.543767,8.543767,8.543767,8.543767,0.037363,3e-06,0.002353,7.415689,0.009278,-7.405427,88.625275,0.976306,1.300728,101.798309,101.92392,0.822221,15360.0,1.281685,101.266266,101.383995,1.1356,1008.0,14996.052734,1024.0,1024.0,202.223679,499400,64.0,1999.3
0,692200,42950,12451.931,419.185,33.823147,22.147247,0.724235,0.02044,8.408792,8.408792,8.408792,8.408792,0.044486,3e-06,0.012371,7.220345,0.009187,-7.221642,89.037529,0.976312,1.292861,112.471245,112.687897,0.817992,15360.0,1.254401,111.804802,111.811661,1.335406,1008.0,14996.154297,1024.0,1024.0,185.646973,499200,64.0,1999.3
0,693000,43000,12465.709,419.185,33.810905,22.579433,0.691674,0.02044,7.965505,7.965505,7.965505,7.965505,0.042194,4e-06,0.006787,7.190292,0.017377,-7.196987,89.387772,0.97632,1.331998,99.217735,99.40406,1.553323,15360.0,1.395054,98.32869,97.384201,2.213658,1008.0,14996.28125,1024.0,1024.0,240.88942,500000,64.0,1999.3
0,693800,43050,12479.513,419.185,36.61438,24.306522,0.700662,0.02044,9.044485,9.044485,9.044485,9.044485,0.039748,4e-06,0.001732,7.364928,0.009668,-7.384841,89.61084,0.976286,1.271491,96.491951,96.59259,0.866344,15360.0,1.215312,95.764328,95.119926,1.34541,1008.0,14995.750977,1024.0,1024.0,176.328568,499800,64.0,1999.3
0,694600,43100,12493.308,419.185,34.896172,22.991196,0.643194,0.02044,8.784013,8.784013,8.784013,8.784013,0.030183,3e-06,-0.018799,7.473506,0.011174,-7.471797,89.864685,0.976296,1.243061,90.431664,90.240486,1.004142,15360.0,1.182212,89.860992,89.188965,1.543437,1008.0,14995.908203,1024.0,1024.0,160.957993,499600,64.0,1999.3
0,695400,43150,12507.179,419.185,34.144402,22.959929,0.638141,0.02044,8.104113,8.104113,8.101373,8.101373,0.028848,3e-06,0.013314,6.977414,0.009296,-6.991915,90.157608,0.97631,1.248924,112.338432,112.604614,0.838141,15360.0,1.163763,111.350349,111.09417,1.246849,1008.0,14996.119141,1024.0,1024.0,183.944992,499400,64.0,1999.3
0,696200,43200,12521.046,419.185,33.37347,21.303917,0.641459,0.02044,8.97899,8.97899,8.97899,8.97899,0.030721,3e-06,-0.006587,7.490226,0.011509,-7.481758,90.352539,0.976305,1.195348,79.827286,79.803925,1.039854,15360.0,1.140003,79.08213,78.743851,1.099341,1008.0,14996.044922,1024.0,1024.0,225.858475,499200,64.0,1999.3
0,697000,43250,12534.82,419.185,44.756588,30.488461,0.735794,0.02044,10.643813,10.643813,10.643813,10.643813,0.049999,3e-06,0.05293,6.631398,0.01908,-6.641037,90.410904,0.976301,1.355267,107.575348,108.31292,1.725061,15360.0,1.31835,106.346741,106.853027,2.45543,1008.0,14995.983398,1024.0,1024.0,234.700287,500000,64.0,1999.3
0,697800,43300,12548.58,419.185,32.520535,21.078403,0.622827,0.02044,7.486759,7.486759,7.486759,7.486759,0.028582,3e-06,0.191141,5.393168,0.052229,-5.396412,87.853348,0.97631,1.807295,124.524483,127.689766,4.588474,15360.0,1.883306,121.032745,124.936546,5.715394,1008.0,14996.126953,1024.0,1024.0,190.93222,499800,64.0,1999.3
0,698600,43350,12562.364,419.185,37.638062,25.491173,0.651251,0.02044,8.384533,8.384533,8.384533,8.384533,0.034869,3e-06,0.115263,4.713966,0.047783,-4.719474,80.578613,0.976303,1.610835,127.274422,130.355103,3.850261,15360.0,1.753715,124.621071,128.338272,4.86828,1008.0,14996.005859,1024.0,1024.0,178.271683,499600,64.0,1999.3
0,699400,43400,12576.234,419.185,38.544849,24.949743,0.619187,0.02044,9.529186,9.529186,9.529186,9.529186,0.023511,3e-06,0.114142,2.897622,0.077491,-2.915186,71.750458,0.976312,1.794025,106.593246,110.866249,5.560015,15360.0,1.88401,103.196541,106.679382,4.867072,1008.0,14996.152344,1024.0,1024.0,141.057281,499400,64.0,1999.3
0,700200,43450,12616.168,434.717,35.505524,23.244293,0.677786,0.02044,8.779423,8.779423,8.779423,8.779423,0.039895,3e-06,-0.011027,3.544363,0.050899,-3.544118,65.539993,0.976307,1.478198,116.329185,116.059387,3.335948,15360.0,1.461567,115.744034,113.584206,3.084399,1008.0,14996.081055,1024.0,1024.0,254.75177,499200,64.0,1999.3
0,701000,43500,12629.965,434.717,39.819572,27.189165,0.616179,0.02044,9.146787,9.146787,9.146787,9.146787,0.028255,3e-06,0.081326,3.60991,0.057692,-3.625529,60.262741,0.976313,1.438128,125.42009,127.616066,3.476688,15360.0,1.376211,122.758629,124.050583,3.300998,1008.0,14996.167969,1024.0,1024.0,206.507706,500000,64.0,1999.3
0,701800,43550,12643.73,434.717,32.070473,20.704521,0.620055,0.02044,8.013825,8.013825,8.013825,8.013825,0.025789,3e-06,0.056685,3.243506,0.068109,-3.247719,56.032928,0.976324,1.437641,122.845512,124.083633,3.816335,15360.0,1.386401,120.358719,120.136055,2.841849,1008.0,14996.337891,1024.0,1024.0,215.310501,499800,64.0,1999.3
0,702600,43600,12657.513,434.717,37.961796,25.603622,0.662454,0.02044,8.910143,8.910143,8.910143,8.910143,0.034157,3e-06,0.00071,2.491362,0.075483,-2.47748,52.311653,0.976319,1.454339,120.555458,122.404922,3.948655,15360.0,1.396907,119.056061,119.205322,3.203586,1008.0,14996.255859,1024.0,1024.0,197.485931,499600,64.0,1999.3
0,703400,43650,12671.376,434.717,36.220791,23.530712,0.798525,0.02044,9.151232,9.151232,9.151232,9.151232,0.052483,4e-06,0.105483,2.462142,0.07214,-2.464412,49.054214,0.976293,1.312062,129.114456,131.403503,3.538764,15360.0,1.290711,124.65007,126.560867,3.296541,1008.0,14995.861328,1024.0,1024.0,189.657364,499400,64.0,1999.3
0,704200,43700,12685.159,434.717,39.049854,26.89061,0.63531,0.02044,8.947906,8.947906,8.947906,8.947906,0.031811,3e-06,0.03128,3.259328,0.049182,-3.247383,45.972885,0.976302,1.250329,128.293015,128.412369,2.261041,15360.0,1.263963,127.369598,125.89875,2.701486,1008.0,14996.000977,1024.0,1024.0,172.453552,499200,64.0,1999.3
0,705000,43750,12699.029,434.717,43.890896,30.834209,0.749578,0.02044,9.637758,9.637758,9.637758,9.637758,0.058139,4e-06,0.015652,3.084498,0.057752,-3.089485,43.808685,0.97633,1.275447,128.554413,128.634552,2.530051,15360.0,1.313435,127.638351,126.869072,3.245765,1008.0,14996.423828,1024.0,1024.0,243.669464,500000,64.0,1999.3
0,705800,43800,12712.804,434.717,36.620735,24.709846,0.613198,0.02044,8.721774,8.721774,8.721774,8.721774,0.024736,3e-06,0.035602,1.99254,0.068201,-1.975255,43.022858,0.97631,1.272423,124.556808,124.609322,2.934209,15360.0,1.250913,122.338272,121.331436,3.288283,1008.0,14996.115234,1024.0,1024.0,189.525162,499800,64.0,1999.3
0,706600,43850,12726.659,434.717,42.251717,29.112942,0.687484,0.02044,9.756783,9.756783,9.756783,9.756783,0.047149,3e-06,0.003454,2.195442,0.061599,-2.198027,42.001732,0.9763,1.285592,127.44471,128.033524,2.587262,15360.0,1.364473,126.240791,126.551567,3.30308,1008.0,14995.970703,1024.0,1024.0,151.808716,499600,64.0,1999.3
0,707400,43900,12740.42,434.717,36.686417,24.47011,0.695945,0.02044,8.959785,8.959785,8.959785,8.959785,0.041431,3e-06,0.010242,1.26954,0.07537,-1.272536,40.935959,0.976305,1.244903,126.499985,127.14418,3.08535,15360.0,1.296707,124.487854,124.371811,3.210085,1008.0,14996.042969,1024.0,1024.0,151.121643,499400,64.0,1999.3
0,708200,43950,12754.181,434.717,36.954525,24.407104,0.652614,0.02044,9.126551,9.126551,9.126551,9.126551,0.031405,3e-06,0.096594,1.017791,0.099676,-1.022413,39.376694,0.976323,1.333941,124.383881,122.708443,3.924902,15360.0,1.348748,122.926735,120.086243,4.495585,1008.0,14996.314453,1024.0,1024.0,156.70224,499200,64.0,1999.3
0,709000,44000,12768.049,434.717,33.167671,21.480717,0.719606,0.02044,8.364966,8.364966,8.364966,8.364966,0.044993,4e-06,0.016406,3.309527,0.05169,-3.293988,41.455986,0.976328,1.30575,130.36116,130.15979,2.142867,15360.0,1.410951,129.983154,127.895729,3.531844,1008.0,14996.392578,1024.0,1024.0,192.646103,500000,64.0,1999.3
0,709800,44050,12781.823,434.717,33.99649,22.356153,0.705556,0.02044,8.36511,8.36511,8.36511,8.36511,0.044098,3e-06,0.042496,2.247925,0.065405,-2.241715,41.819496,0.976299,1.277981,129.268875,129.876938,2.735195,15360.0,1.307473,127.36158,127.27301,2.99172,1008.0,14995.949219,1024.0,1024.0,144.138657,499800,64.0,1999.3
0,710600,44100,12795.699,434.717,38.995815,26.714924,0.645918,0.02044,9.070013,9.070013,9.070013,9.070013,0.035614,3e-06,0.022107,1.048717,0.068066,-1.049387,41.552521,0.976322,1.223983,127.077515,127.498962,2.828312,15360.0,1.304772,125.317009,123.629646,3.670856,1008.0,14996.3125,1024.0,1024.0,238.279587,499600,64.0,1999.3
0,711400,44150,12809.514,434.717,33.209007,21.983566,0.664461,0.02044,8.070625,8.070625,8.070625,8.070625,0.039712,3e-06,0.00149,3.895489,0.039256,-3.915201,41.849228,0.976306,1.279391,135.453751,136.076736,1.642813,15360.0,1.273233,134.145279,134.056595,2.22151,1008.0,14996.0625,1024.0,1024.0,233.565643,499400,64.0,1999.3
0,712200,44200,12823.41,434.717,32.344849,21.044823,0.641301,0.02044,8.117983,8.117983,8.117983,8.117983,0.027224,3e-06,0.019655,1.708741,0.062962,-1.703989,43.339417,0.976308,1.295249,127.256401,128.381577,2.728739,15360.0,1.311993,124.298462,124.261971,2.525469,1008.0,14996.085938,1024.0,1024.0,198.950806,499200,64.0,1999.3
0,713000,44250,12837.224,434.717,37.155262,24.764233,0.69952,0.02044,9.056971,9.056971,9.056971,9.056971,0.047939,3e-06,0.033197,4.626084,0.032354,-4.620202,43.359932,0.976315,1.289317,135.612671,135.979721,1.402861,15360.0,1.286285,134.710251,134.093781,2.097289,1008.0,14996.195312,1024.0,1024.0,194.485062,500000,64.0,1999.3
0,713800,44300,12851.028,434.717,34.126152,22.794422,0.686767,0.02044,8.114613,8.114613,8.114613,8.114613,0.038175,3e-06,0.02379,3.206273,0.041376,-3.212298,44.947731,0.976308,1.278993,132.734238,132.982056,1.85974,15360.0,1.318886,131.492188,130.795212,2.340718,1008.0,14996.089844,1024.0,1024.0,125.417717,499800,64.0,1999.3
0,714600,44350,12864.804,434.717,34.611923,22.702566,0.763501,0.02044,8.541589,8.541589,8.541589,8.541589,0.047647,3e-06,0.05262,2.582341,0.051828,-2.606317,44.659508,0.976318,1.281732,130.364471,129.825302,2.314614,15360.0,1.317727,129.354263,127.804344,3.192133,1008.0,14996.236328,1024.0,1024.0,165.513931,499600,64.0,1999.3
0,715400,44400,12878.67,434.717,35.126842,23.674376,0.638986,0.02044,8.308902,8.308902,8.308902,8.308902,0.025384,3e-06,-0.000606,2.135434,0.059293,-2.123887,44.412392,0.976321,1.262963,128.335999,128.978561,2.633361,15360.0,1.302975,126.72702,126.036713,3.482637,1008.0,14996.283203,1024.0,1024.0,219.803055,499400,64.0,1999.3
0,716200,44450,12892.459,434.717,38.407433,25.665318,0.634946,0.02044,9.432417,9.432417,9.432417,9.432417,0.033914,3e-06,0.049282,2.112651,0.052632,-2.112657,43.92881,0.976308,1.248167,126.578911,126.276176,2.312063,15360.0,1.37875,125.322929,124.500275,3.283619,1008.0,14996.083984,1024.0,1024.0,248.153885,499200,64.0,1999.3
0,717000,44500,12906.337,434.717,36.611237,24.184298,0.704411,0.02044,9.179668,9.179668,9.179668,9.179668,0.043539,3e-06,-0.04346,0.286966,0.087563,-0.282794,43.369499,0.976319,1.245938,124.060928,125.700943,3.797578,15360.0,1.33992,121.612236,122.240486,3.706539,1008.0,14996.25293,1024.0,1024.0,205.15184,500000,64.0,1999.3
0,717800,44550,12920.132,434.717,36.409962,23.927811,0.637483,0.02044,9.237391,9.237391,9.237391,9.237391,0.032375,3e-06,0.003013,0.450902,0.077714,-0.455338,43.249092,0.976308,1.244902,124.680077,125.642639,3.361074,15360.0,1.383924,121.888115,121.757118,4.287607,1008.0,14996.083984,1024.0,1024.0,196.978958,499800,64.0,1999.3
0,718600,44600,12933.904,434.717,34.847397,23.095461,0.680532,0.02044,8.486343,8.486343,8.486343,8.486343,0.037919,3e-06,0.031053,2.700332,0.052041,-2.707559,44.715889,0.976319,1.289382,128.905716,128.980515,2.327077,15360.0,1.318513,127.879967,127.457893,2.738308,1008.0,14996.266602,1024.0,1024.0,244.92244,499600,64.0,1999.3
0,719400,44650,12947.764,434.717,32.088726,20.658298,0.663386,0.02044,8.271496,8.271496,8.271496,8.271496,0.039998,3e-06,0.012175,3.090718,0.041757,-3.089442,43.558418,0.976318,1.238545,136.793457,138.032639,1.81885,15360.0,1.32411,134.202911,134.824356,2.328835,1008.0,14996.237305,1024.0,1024.0,224.876389,499400,64.0,1999.3
0,720200,44700,12961.578,434.717,35.53471,23.287474,0.720551,0.02044,8.886356,8.886356,8.886356,8.886356,0.039932,3e-06,0.015256,2.084029,0.066404,-2.093808,43.398972,0.976296,1.310063,127.9048,127.781731,2.881877,15360.0,1.353117,126.908936,125.731819,3.458069,1008.0,14995.898438,1024.0,1024.0,156.289505,499200,64.0,1999.3
0,721000,44750,12975.465,434.717,37.551537,24.646326,0.718731,0.02044,9.33971,9.33971,9.33971,9.33971,0.039774,4e-06,0.114198,0.986953,0.079427,-0.96264,43.800301,0.976286,1.30696,126.132057,124.080185,3.478911,15360.0,1.570664,125.90229,120.145004,6.227464,1008.0,14995.75,1024.0,1024.0,190.430145,500000,64.0,1999.3
0,721800,44800,12989.154,434.717,34.532284,22.566311,0.656444,0.02044,8.598212,8.598212,8.598212,8.598212,0.036405,3e-06,0.096147,2.194686,0.058883,-2.192428,43.751251,0.976304,1.285711,132.010696,130.789352,2.576207,15360.0,1.497321,131.179077,128.308334,4.149129,1008.0,14996.023438,1024.0,1024.0,157.861847,499800,64.0,1999.3
0,722600,44850,13003.014,434.717,45.581276,31.732132,0.730067,0.02044,10.362257,10.362257,10.362257,10.362257,0.055164,3e-06,-0.015848,1.770772,0.068169,-1.772955,44.933861,0.976311,1.3075,126.340942,127.881905,3.063115,15360.0,1.361678,124.08461,124.621445,3.477926,1008.0,14996.128906,1024.0,1024.0,193.171265,499600,64.0,1999.3
0,723400,44900,13016.878,434.717,35.539429,24.050556,0.698794,0.02044,8.204458,8.204458,8.204458,8.204458,0.041821,3e-06,0.03817,3.474135,0.04151,-3.469755,45.342453,0.976316,1.294747,134.393814,134.67865,1.882164,15360.0,1.372725,133.044342,133.115585,2.294849,1008.0,14996.207031,1024.0,1024.0,143.20105,499400,64.0,1999.3
0,724200,44950,13030.685,434.717,39.174561,26.32888,0.7324,0.02044,9.46073,9.46073,9.46073,9.46073,0.045936,3e-06,-0.000576,2.545301,0.052794,-2.551487,45.405769,0.976301,1.278129,130.839005,131.438278,2.397143,15360.0,1.361615,129.317657,129.393661,3.122737,1008.0,14995.982422,1024.0,1024.0,231.858093,499200,64.0,1999.3
0,725000,45000,13044.541,434.717,37.262287,24.973104,0.687693,0.02044,8.895348,8.895348,8.895348,8.895348,0.041013,3e-06,0.073484,2.293699,0.058524,-2.283643,46.490707,0.976307,1.288812,128.96106,128.201569,2.720821,15360.0,1.446246,128.042786,126.233582,3.782155,1008.0,14996.071289,1024.0,1024.0,174.119446,500000,64.0,1999.3
0,725800,45050,13084.62,450.366,34.693661,23.195295,0.633277,0.02044,8.301192,8.301192,8.301192,8.301192,0.028872,3e-06,-0.001571,2.912444,0.049664,-2.910619,47.247101,0.976315,1.299143,129.932434,130.6035,2.346462,15360.0,1.385882,129.059174,127.470169,2.940169,1008.0,14996.197266,1024.0,1024.0,227.903076,499800,64.0,1999.3
0,726600,45100,13098.405,450.366,32.125473,20.846493,0.65782,0.02044,8.045352,8.045352,8.045352,8.045352,0.035454,3e-06,0.025331,2.570502,0.047668,-2.561721,48.329735,0.976324,1.305112,130.03743,129.844788,2.303779,15360.0,1.401301,128.959641,127.630089,3.456066,1008.0,14996.337891,1024.0,1024.0,164.966461,499600,64.0,1999.3
0,727400,45150,13112.271,450.366,34.29496,22.674368,0.678926,0.02044,8.319805,8.319805,8.319805,8.319805,0.043207,3e-06,-0.034281,1.980879,0.075826,-1.990617,48.003227,0.976313,1.395339,128.633881,130.391632,3.639899,15360.0,1.361269,125.995949,125.796501,3.236944,1008.0,14996.171875,1024.0,1024.0,201.448486,499400,64.0,1999.3
0,728200,45200,13126.148,450.366,30.791494,20.057514,0.710256,0.02044,7.51473,7.51473,7.51473,7.51473,0.043898,3e-06,-0.015591,3.446974,0.04885,-3.435705,47.680695,0.9763,1.330727,134.581741,135.533401,2.329185,15360.0,1.406481,133.019989,132.300232,3.012234,1008.0,14995.970703,1024.0,1024.0,171.341446,499200,64.0,1999.3
0,729000,45250,13139.919,450.366,37.926998,25.665539,0.70755,0.02044,8.927753,8.927753,8.927753,8.927753,0.0476,3e-06,-0.009914,3.927884,0.038248,-3.938198,47.174484,0.976306,1.304705,134.308167,134.786163,1.804342,15360.0,1.393823,133.085419,133.405487,3.015383,1008.0,14996.06543,1024.0,1024.0,195.289795,500000,64.0,1999.3
0,729800,45300,13153.707,450.366,37.537777,24.545116,0.793575,0.02044,9.398037,9.398037,9.398037,9.398037,0.053204,3e-06,0.066122,2.988847,0.057751,-2.971381,46.799561,0.976308,1.349651,132.756577,131.559937,2.702721,15360.0,1.416753,131.902908,130.804733,3.689238,1008.0,14996.091797,1024.0,1024.0,219.332413,499800,64.0,1999.3
0,730600,45350,13167.576,450.366,37.710789,25.285702,0.619289,0.02044,9.1777,9.1777,9.1777,9.1777,0.0245,3e-06,-0.03074,2.360841,0.056712,-2.362809,46.642662,0.976319,1.291076,130.812042,131.480072,2.645209,15360.0,1.431822,129.033264,128.166992,3.936516,1008.0,14996.259766,1024.0,1024.0,262.028625,499600,64.0,1999.3
0,731400,45400,13181.446,450.366,37.856792,25.421558,0.594789,0.02044,9.209767,9.209767,9.209767,9.209767,0.023307,3e-06,0.00747,1.623546,0.064644,-1.607881,46.4403,0.976299,1.279248,129.571106,129.559799,3.002075,15360.0,1.341799,127.673622,125.738258,3.939778,1008.0,14995.957031,1024.0,1024.0,184.055679,499400,64.0,1999.3
0,732200,45450,13195.215,450.366,45.534843,32.338398,0.755809,0.02044,9.696165,9.696165,9.696165,9.696165,0.057782,3e-06,0.026312,3.862359,0.038201,-3.862235,45.897057,0.976307,1.309469,134.690216,134.962601,1.753331,15360.0,1.395446,133.683167,132.800446,2.923625,1008.0,14996.070312,1024.0,1024.0,219.340515,499200,64.0,1999.3
0,733000,45500,13208.978,450.366,34.368027,22.39715,0.690793,0.02044,8.588636,8.588636,8.588636,8.588636,0.048966,3e-06,0.066942,3.253771,0.052659,-3.25549,46.053391,0.976297,1.332534,135.662903,135.028854,2.425142,15360.0,1.375548,134.229996,133.500412,2.982522,1008.0,14995.927734,1024.0,1024.0,174.96756,500000,64.0,1999.3
0,733800,45550,13222.761,450.366,31.435627,20.616539,0.642747,0.02044,7.716477,7.716477,7.716477,7.716477,0.034963,3e-06,-0.017002,2.425936,0.05584,-2.409917,46.420464,0.976312,1.29214,133.792648,134.603806,2.592139,15360.0,1.3088,131.331314,131.02742,2.854785,1008.0,14996.154297,1024.0,1024.0,248.485718,499800,64.0,1999.3
0,734600,45600,13236.542,450.366,39.309177,26.047462,0.694443,0.02044,9.692576,9.692576,9.69245,9.69245,0.040003,3e-06,0.134909,1.817078,0.066756,-1.796315,45.721733,0.976315,1.328657,129.900314,127.904221,3.052189,15360.0,1.404777,129.359314,125.736053,4.244232,1008.0,14996.197266,1024.0,1024.0,197.492096,499600,64.0,1999.3
0,735400,45650,13250.416,450.366,36.233013,24.43763,0.584281,0.02044,8.653452,8.653452,8.653452,8.653452,0.023644,3e-06,-0.030259,2.361708,0.054093,-2.365365,46.583412,0.976292,1.296505,128.627762,129.807968,2.519831,15360.0,1.352062,126.174187,126.21389,2.744783,1008.0,14995.839844,1024.0,1024.0,174.624054,499400,64.0,1999.3
0,736200,45700,13264.198,450.366,36.009361,23.849972,0.802396,0.02044,8.54407,8.54407,8.54407,8.54407,0.060304,3e-06,0.099856,3.020415,0.058629,-3.027653,47.43087,0.976308,1.369971,129.636551,127.862091,2.780816,15360.0,1.560815,129.876724,127.58033,4.503173,1008.0,14996.089844,1024.0,1024.0,139.502747,499200,64.0,1999.3
0,737000,45750,13278.077,450.366,34.820335,23.404726,0.673047,0.02044,8.223779,8.223779,8.223779,8.223779,0.043472,3e-06,-0.080217,2.120726,0.076667,-2.122313,46.956573,0.976297,1.345578,131.240219,133.632095,3.600028,15360.0,1.368676,128.233063,129.376846,3.425512,1008.0,14995.925781,1024.0,1024.0,220.367233,500000,64.0,1999.3
0,737800,45800,13291.887,450.366,34.77264,23.558289,0.614471,0.02044,8.054491,8.054491,8.054491,8.054491,0.025151,3e-06,0.0013,2.458335,0.052529,-2.454876,47.394623,0.976318,1.309921,129.217422,129.562607,2.489587,15360.0,1.360917,128.099319,126.710205,2.827138,1008.0,14996.246094,1024.0,1024.0,215.606903,499800,64.0,1999.3
0,738600,45850,13305.757,450.366,35.496315,23.71792,0.697257,0.02044,8.512195,8.512195,8.512195,8.512195,0.043222,3e-06,-0.049362,3.501905,0.051018,-3.491663,47.281136,0.976312,1.328281,134.517746,135.857864,2.412193,15360.0,1.394538,132.014511,132.529694,3.3548,1008.0,14996.154297,1024.0,1024.0,210.76091,499600,64.0,1999.3
0,739400,45900,13319.55,450.366,33.865036,22.123154,0.591103,0.02044,8.563738,8.563738,8.563738,8.563738,0.026907,3e-06,0.019258,3.480333,0.0412,-3.486945,47.189743,0.976314,1.295307,135.007599,135.122757,1.944199,15360.0,1.318868,133.229202,131.957336,2.279737,1008.0,14996.181641,1024.0,1024.0,182.631302,499400,64.0,1999.3
0,740200,45950,13333.413,450.366,35.338135,23.526772,0.639458,0.02044,8.57181,8.57181,8.57181,8.57181,0.030022,3e-06,-0.009523,2.234331,0.064139,-2.200579,45.977142,0.976314,1.322183,130.24202,131.130066,2.948932,15360.0,1.366047,128.116211,128.622574,3.399655,1008.0,14996.1875,1024.0,1024.0,203.113098,499200,64.0,1999.3
0,741000,46000,13347.205,450.366,38.395725,26.349812,0.714891,0.02044,8.687916,8.687916,8.687766,8.687766,0.043664,3e-06,0.03244,3.351485,0.044259,-3.348335,47.214249,0.976311,1.294441,131.948868,131.884369,2.089678,15360.0,1.423304,131.123474,131.018143,3.077219,1008.0,14996.134766,1024.0,1024.0,189.51033,500000,64.0,1999.3
0,741800,46050,13360.978,450.366,33.453434,21.559956,0.640756,0.02044,8.642578,8.642578,8.642578,8.642578,0.02949,3e-06,0.008439,2.347638,0.056158,-2.34107,47.343452,0.976308,1.304047,130.617538,130.945801,2.658715,15360.0,1.376538,129.127121,129.272064,2.936136,1008.0,14996.091797,1024.0,1024.0,192.738556,499800,64.0,1999.3
0,742600,46100,13374.834,450.366,33.470009,22.710518,0.643538,0.02044,7.606192,7.606192,7.606192,7.606192,0.038414,3e-06,0.046127,3.431838,0.036138,-3.422104,46.926895,0.976287,1.273946,130.29451,130.104156,1.695855,15360.0,1.362096,129.363342,128.163544,2.323995,1008.0,14995.768555,1024.0,1024.0,179.946777,499600,64.0,1999.3
0,743400,46150,13388.607,450.366,38.684372,26.362949,0.747385,0.02044,8.976742,8.976742,8.976742,8.976742,0.058715,3e-06,-0.027542,3.06046,0.048548,-3.045903,47.853966,0.9763,1.29227,131.940231,133.158661,2.323193,15360.0,1.381502,130.372482,131.310532,3.226852,1008.0,14995.972656,1024.0,1024.0,157.783005,499400,64.0,1999.3
0,744200,46200,13402.487,450.366,32.882637,21.759766,0.670012,0.02044,7.954516,7.954516,7.954516,7.954516,0.039763,3e-06,0.028377,2.343615,0.04354,-2.360487,48.400032,0.976309,1.242632,131.249252,131.16214,2.107324,15360.0,1.371467,129.468292,128.205688,2.961626,1008.0,14996.107422,1024.0,1024.0,174.29071,499200,64.0,1999.3
0,745000,46250,13416.362,450.366,40.658535,27.584129,0.692272,0.02044,9.703984,9.703984,9.703984,9.703984,0.038853,3e-06,0.016128,1.746855,0.048372,-1.746212,49.190514,0.976308,1.254186,124.615219,124.419556,2.379466,15360.0,1.389981,123.742043,121.403038,3.424672,1008.0,14996.091797,1024.0,1024.0,161.477203,500000,64.0,1999.3
0,745800,46300,13430.061,450.366,37.100857,24.234013,0.713495,0.02044,9.539587,9.539587,9.539587,9.539587,0.042105,3e-06,-0.033039,1.823626,0.055879,-1.815667,49.372765,0.976304,1.268063,129.698563,130.928421,2.758915,15360.0,1.34778,126.598175,126.817108,3.514724,1008.0,14996.033203,1024.0,1024.0,198.512985,499800,64.0,1999.3
0,746600,46350,13443.945,450.366,37.336292,24.659225,0.676567,0.02044,9.365553,9.365553,9.365553,9.365553,0.037748,3e-06,0.00426,1.133103,0.053991,-1.144553,50.19323,0.976329,1.244792,120.963707,120.867149,2.709963,15360.0,1.429672,119.90374,117.24128,4.216224,1008.0,14996.40625,1024.0,1024.0,201.883881,499600,64.0,1999.3
0,747400,46400,13457.725,450.366,33.920692,22.278004,0.623073,0.02044,8.423712,8.423712,8.423712,8.423712,0.027679,3e-06,0.006865,2.893777,0.046479,-2.891011,50.674217,0.976307,1.332446,129.098602,129.611374,2.355307,15360.0,1.3126,127.783691,127.136345,2.715019,1008.0,14996.076172,1024.0,1024.0,291.769073,499400,64.0,1999.3
0,748200,46450,13471.599,450.366,35.662582,23.884892,0.666379,0.02044,8.496359,8.496359,8.496359,8.496359,0.037426,3e-06,-0.047842,2.682817,0.0723,-2.678603,50.18895,0.976304,1.392646,129.495239,131.706757,3.628671,15360.0,1.333573,126.16098,127.188454,3.438753,1008.0,14996.027344,1024.0,1024.0,156.966599,499200,64.0,1999.3
0,749000,46500,13485.469,450.366,31.601477,20.308151,0.719018,0.02044,8.00605,8.00605,8.00605,8.00605,0.050416,3e-06,0.014654,4.280497,0.037602,-4.28528,50.414703,0.976317,1.329638,133.896469,133.697632,1.895677,15360.0,1.343067,133.467361,131.601669,2.704739,1008.0,14996.222656,1024.0,1024.0,148.219238,500000,64.0,1999.3
0,749800,46550,13499.172,450.366,40.046864,27.254423,0.679926,0.02044,9.338037,9.338037,9.338037,9.338037,0.048163,3e-06,0.04552,4.183291,0.036487,-4.198709,49.417557,0.9763,1.316578,133.928833,134.22464,1.803091,15360.0,1.52711,132.983047,133.615799,3.274603,1008.0,14995.962891,1024.0,1024.0,188.997742,499800,64.0,1999.3
0,750600,46600,13539.173,465.913,37.606895,25.837879,0.652371,0.02044,8.554537,8.554537,8.554537,8.554537,0.039807,3e-06,0.007855,2.775075,0.036288,-2.791039,50.11969,0.976315,1.236502,128.946457,129.186829,1.818748,15360.0,1.472859,127.475311,125.912521,3.621995,1008.0,14996.193359,1024.0,1024.0,151.051025,499600,64.0,1999.3
0,751400,46650,13553.045,465.913,39.592278,26.804787,0.67217,0.02044,9.495633,9.495633,9.495633,9.495633,0.038725,3e-06,0.010051,2.493035,0.038316,-2.513183,50.366402,0.976313,1.237172,126.907722,126.831093,1.929819,15360.0,1.341545,125.717377,124.384567,2.60611,1008.0,14996.173828,1024.0,1024.0,207.098526,499400,64.0,1999.3
0,752200,46700,13566.836,465.913,42.504429,29.504883,0.645395,0.02044,9.673178,9.673178,9.673178,9.673178,0.033982,3e-06,0.016405,2.545784,0.039697,-2.553858,50.171394,0.976311,1.256387,126.934738,126.872635,1.991653,15360.0,1.401404,125.983124,124.414238,3.186226,1008.0,14996.129883,1024.0,1024.0,193.632263,499200,64.0,1999.3
0,753000,46750,13580.729,465.913,40.08017,27.444065,0.692705,0.02044,9.293331,9.293331,9.293331,9.293331,0.049571,3e-06,0.0197,3.313847,0.038293,-3.317467,50.09227,0.976299,1.277775,128.781494,128.688919,1.91816,15360.0,1.342729,127.820038,127.248459,2.570223,1008.0,14995.950195,1024.0,1024.0,294.767944,500000,64.0,1999.3
0,753800,46800,13594.511,465.913,33.606869,22.426977,0.730582,0.02044,7.967793,7.967793,7.967701,7.967701,0.04592,3e-06,-0.02015,3.487923,0.042969,-3.482467,49.692596,0.976302,1.276261,133.43811,134.410721,2.13522,15360.0,1.360609,130.83461,131.547943,2.971545,1008.0,14996.003906,1024.0,1024.0,217.584061,499800,64.0,1999.3
0,754600,46850,13608.311,465.913,33.450863,21.638805,0.639547,0.02044,8.576321,8.576321,8.576321,8.576321,0.031829,4e-06,-0.109809,1.166113,0.089606,-1.184392,49.566505,0.976328,1.389,124.996574,127.89798,4.441461,15360.0,1.463089,120.956947,124.456139,4.69249,1008.0,14996.397461,1024.0,1024.0,214.369125,499600,64.0,1999.3
0,755400,46900,13622.199,465.913,39.791122,26.744968,0.711535,0.02044,9.644049,9.644049,9.644049,9.644049,0.040915,3e-06,0.021273,4.027393,0.031591,-4.021159,49.966858,0.976312,1.284219,133.030334,133.422867,1.57848,15360.0,1.334103,131.500671,131.507263,2.337116,1008.0,14996.15625,1024.0,1024.0,161.11499,499400,64.0,1999.3
0,756200,46950,13635.983,465.913,36.281269,24.167913,0.731183,0.02044,8.686396,8.686396,8.686396,8.686396,0.047902,3e-06,0.073462,2.338909,0.052183,-2.312031,48.83461,0.976302,1.308714,130.354095,129.388321,2.548352,15360.0,1.415068,129.558258,127.320343,3.445195,1008.0,14995.998047,1024.0,1024.0,142.522522,499200,64.0,1999.3
0,757000,47000,13649.847,465.913,37.674862,25.461208,0.576227,0.02044,8.810627,8.810627,8.810627,8.810627,0.027264,3e-06,0.058887,2.842293,0.051402,-2.837761,49.993027,0.976314,1.363524,128.049438,126.969902,2.569736,15360.0,1.676274,127.936844,123.795349,4.912828,1008.0,14996.182617,1024.0,1024.0,167.557327,500000,64.0,1999.3
0,757800,47050,13663.527,465.913,34.022205,22.439041,0.756367,0.02044,8.225559,8.225559,8.225559,8.225559,0.057242,3e-06,0.008966,4.218482,0.035123,-4.211471,50.575859,0.97631,1.328097,135.606049,135.556717,1.77637,15360.0,1.403923,135.324463,134.086594,2.728677,1008.0,14996.121094,1024.0,1024.0,167.414383,499800,64.0,1999.3
0,758600,47100,13677.401,465.913,35.07486,22.991192,0.625137,0.02044,8.520479,8.520479,8.520479,8.520479,0.030534,3e-06,0.136751,1.253842,0.080674,-1.264549,51.394661,0.976319,1.445223,124.479301,122.009163,4.146189,15360.0,1.61196,124.57412,120.378067,5.19433,1008.0,14996.263672,1024.0,1024.0,181.054184,499600,64.0,1999.3
0,759400,47150,13691.196,465.913,38.519886,25.750393,0.698722,0.02044,9.174292,9.174292,9.174292,9.174292,0.041085,3e-06,0.086811,2.917302,0.058074,-2.924571,52.552505,0.976315,1.424908,130.535751,129.118683,3.051957,15360.0,1.489634,130.328262,127.339684,4.156137,1008.0,14996.197266,1024.0,1024.0,192.230392,499400,64.0,1999.3
0,760200,47200,13705.055,465.913,34.636948,22.931103,0.615434,0.02044,8.447786,8.447786,8.447786,8.447786,0.035732,3e-06,0.039587,2.742652,0.04295,-2.727462,54.168022,0.976311,1.297148,127.867416,127.622795,2.326517,15360.0,1.468897,127.089973,124.750252,3.936224,1008.0,14996.138672,1024.0,1024.0,212.305313,499200,64.0,1999.3
0,761000,47250,13718.849,465.913,38.897663,25.540588,0.641649,0.02044,9.73065,9.73065,9.73065,9.73065,0.03082,3e-06,0.075046,0.499031,0.081745,-0.490611,54.838028,0.976299,1.469866,119.491478,118.000969,4.482716,15360.0,1.487877,119.332123,116.462296,4.901862,1008.0,14995.949219,1024.0,1024.0,191.386002,500000,64.0,1999.3
0,761800,47300,13732.655,465.913,35.991341,23.98522,0.700176,0.02044,8.664257,8.664257,8.664257,8.664257,0.043269,3e-06,-0.091268,1.985071,0.067179,-1.975834,56.764793,0.976307,1.376403,128.778091,130.349045,3.813405,15360.0,1.565628,126.253227,127.226494,4.920298,1008.0,14996.082031,1024.0,1024.0,204.553406,499800,64.0,1999.3
0,762600,47350,13746.447,465.913,33.93351,22.37698,0.720176,0.02044,8.205625,8.205625,8.205625,8.205625,0.058748,3e-06,0.038035,4.08769,0.030943,-4.067807,56.722366,0.976304,1.333787,133.364685,132.666382,1.755183,15360.0,1.393002,133.146927,132.334763,2.72084,1008.0,14996.02832,1024.0,1024.0,179.900589,499600,64.0,1999.3
0,763400,47400,13760.324,465.913,34.74464,22.909142,0.643495,0.02044,8.519897,8.519897,8.519897,8.519897,0.03401,3e-06,0.01655,3.378747,0.040838,-3.352956,57.206383,0.976294,1.363341,131.960754,131.771805,2.336195,15360.0,1.399282,130.854172,130.379486,2.845543,1008.0,14995.874023,1024.0,1024.0,197.988022,499400,64.0,1999.3
0,764200,47450,13774.103,465.913,34.327129,22.594454,0.64894,0.02044,8.491458,8.491458,8.491458,8.491458,0.031534,3e-06,-0.003528,3.633884,0.043197,-3.645477,57.479393,0.976309,1.327843,134.926468,135.663635,2.482927,15360.0,1.327928,132.720764,132.498978,2.50421,1008.0,14996.109375,1024.0,1024.0,189.328659,499200,64.0,1999.3
0,765000,47500,13787.976,465.913,32.663193,21.377508,0.677511,0.02044,8.049541,8.049541,8.049541,8.049541,0.044005,3e-06,-0.022433,3.308282,0.041476,-3.293169,57.829559,0.976299,1.325409,134.210831,135.555664,2.398559,15360.0,1.434211,131.509293,133.264099,2.928689,1008.0,14995.952148,1024.0,1024.0,165.175491,500000,64.0,1999.3
0,765800,47550,13801.682,465.913,33.494221,21.843048,0.674933,0.02044,8.347019,8.347019,8.347019,8.347019,0.04284,3e-06,0.02364,3.196108,0.042189,-3.173612,57.669716,0.976311,1.314608,129.162018,128.853729,2.433002,15360.0,1.452763,128.111038,127.843933,3.398407,1008.0,14996.142578,1024.0,1024.0,260.307739,499800,64.0,1999.3
0,766600,47600,13815.565,465.913,32.015018,20.836391,0.61753,0.02044,7.931438,7.931438,7.931438,7.931438,0.026656,2e-06,0.042675,1.74631,0.055634,-1.753905,56.881699,0.97631,1.337686,127.062263,126.78437,3.164571,15360.0,1.452366,125.093689,123.76339,3.35947,1008.0,14996.115234,1024.0,1024.0,174.595535,499600,64.0,1999.3
0,767400,47650,13829.367,465.913,36.782955,24.717249,0.666286,0.02044,8.669189,8.669189,8.669189,8.669189,0.040308,3e-06,0.022073,2.257646,0.062304,-2.253551,58.124847,0.976312,1.399014,128.544144,128.530228,3.6214,15360.0,1.405949,126.602745,126.391998,3.533206,1008.0,14996.155273,1024.0,1024.0,187.580643,499400,64.0,1999.3
0,768200,47700,13843.25,465.913,29.331476,18.715054,0.666136,0.02044,7.337914,7.337914,7.337914,7.337914,0.034211,3e-06,-0.040779,3.048135,0.053551,-3.021456,59.497917,0.976315,1.443541,129.60141,131.112259,3.186147,15360.0,1.517934,127.446129,127.922249,3.362281,1008.0,14996.193359,1024.0,1024.0,267.850433,499200,64.0,1999.3
0,769000,47750,13857.061,465.913,35.976017,23.683926,0.626536,0.02044,8.930075,8.930075,8.930075,8.930075,0.028658,3e-06,-0.044982,0.995373,0.077486,-1.033115,60.377495,0.976308,1.407072,119.716965,121.110794,4.678421,15360.0,1.533127,116.96978,118.039436,4.862942,1008.0,14996.089844,1024.0,1024.0,194.700012,500000,64.0,1999.3
0,769800,47800,13870.844,465.913,36.456921,24.565489,0.644874,0.02044,8.57893,8.57893,8.57893,8.57893,0.039304,3e-06,0.002869,2.885135,0.041309,-2.896227,61.224266,0.976294,1.3012,123.498276,123.334137,2.529112,15360.0,1.617424,123.379257,120.281723,4.456211,1008.0,14995.869141,1024.0,1024.0,236.289124,499800,64.0,1999.3
0,770600,47850,13884.728,465.913,32.331554,21.434746,0.626084,0.02044,7.571712,7.571712,7.571635,7.571635,0.033122,3e-06,0.014979,3.550745,0.052934,-3.559675,61.136284,0.976319,1.409752,130.066925,129.609161,3.236207,15360.0,1.655567,129.439484,125.83934,5.315847,1008.0,14996.265625,1024.0,1024.0,161.232559,499600,64.0,1999.3
0,771400,47900,13898.523,465.913,34.761818,23.179287,0.664096,0.02044,8.291066,8.291066,8.290667,8.290667,0.034203,3e-06,0.004874,4.004013,0.036602,-3.982095,61.444016,0.976305,1.341055,131.613266,132.272614,2.248965,15360.0,1.43964,129.553574,130.201523,3.235673,1008.0,14996.046875,1024.0,1024.0,230.562363,499400,64.0,1999.3
0,772200,47950,13912.43,465.913,35.847248,24.106438,0.634058,0.02044,8.408217,8.408217,8.408217,8.408217,0.034552,3e-06,0.025262,4.907403,0.035251,-4.902643,61.697426,0.97631,1.384798,131.870941,132.208069,2.174922,15360.0,1.424042,131.151398,130.222565,2.728915,1008.0,14996.121094,1024.0,1024.0,171.030365,499200,64.0,1999.3
0,773000,48000,13926.235,465.913,38.000874,25.152987,0.643534,0.02044,9.322676,9.322676,9.322676,9.322676,0.036178,3e-06,0.019211,2.324565,0.06476,-2.329781,62.716263,0.976311,1.443945,117.627174,118.909897,4.061477,15360.0,1.552714,115.86554,116.571259,4.83428,1008.0,14996.142578,1024.0,1024.0,172.636612,500000,64.0,1999.3
0,773800,48050,13940.024,465.913,27.473967,17.906324,0.628152,0.02044,6.59991,6.59991,6.599492,6.599492,0.026291,3e-06,-0.064883,3.162325,0.043642,-3.147685,63.098511,0.976322,1.317314,135.641953,137.739166,2.753764,15360.0,1.355721,132.045853,132.818008,2.78283,1008.0,14996.297852,1024.0,1024.0,176.407837,499800,64.0,1999.3
0,774600,48100,13953.822,465.913,33.170528,21.372604,0.66193,0.02044,8.366632,8.366632,8.366632,8.366632,0.033796,2e-06,0.050142,2.620855,0.05631,-2.638781,62.828255,0.976314,1.428876,132.218887,131.868286,3.537882,15360.0,1.444131,129.773727,130.229218,3.101749,1008.0,14996.177734,1024.0,1024.0,275.680664,499600,64.0,1999.3
0,775400,48150,13993.967,481.596,33.344074,22.162888,0.667778,0.02044,7.940599,7.940599,7.940599,7.940599,0.036517,3e-06,-0.006849,5.76236,0.0254,-5.753842,63.401062,0.976294,1.341264,139.325394,140.197342,1.610417,15360.0,1.412978,137.993912,138.432877,2.424005,1008.0,14995.870117,1024.0,1024.0,315.762238,499400,64.0,1999.3
0,776200,48200,14007.777,481.596,33.471165,22.438553,0.62001,0.02044,7.873929,7.873929,7.873902,7.873902,0.030042,3e-06,-0.002649,1.068242,0.051823,-1.04462,62.943604,0.976304,1.331004,121.701248,122.414841,3.261956,15360.0,1.341601,118.929153,118.058334,3.261534,1008.0,14996.036133,1024.0,1024.0,160.199051,499200,64.0,1999.3
0,777000,48250,14021.649,481.596,31.720209,20.457748,0.639358,0.02044,8.033405,8.033405,8.033405,8.033405,0.032832,3e-06,-0.023535,2.906943,0.050901,-2.932014,61.048149,0.976305,1.369932,131.625458,132.619827,3.107392,15360.0,1.398391,129.462875,129.904205,3.334734,1008.0,14996.037109,1024.0,1024.0,246.429962,500000,64.0,1999.3
0,777800,48300,14035.435,481.596,31.4102,20.262745,0.664623,0.02044,7.888139,7.888139,7.888139,7.888139,0.038337,3e-06,-0.017261,3.793505,0.037612,-3.796749,60.633415,0.976311,1.378746,130.53978,130.971786,2.280527,15360.0,1.413176,129.67337,128.321075,2.763628,1008.0,14996.130859,1024.0,1024.0,255.518265,499800,64.0,1999.3
0,778600,48350,14049.205,481.596,31.141449,20.290859,0.634627,0.02044,7.680978,7.680978,7.680978,7.680978,0.03404,5e-06,-0.001516,4.394429,0.033008,-4.391095,58.184219,0.976279,1.332566,137.726151,138.141357,1.920562,15360.0,1.384647,135.971085,136.330017,2.201499,1008.0,14995.640625,1024.0,1024.0,188.587936,499600,64.0,1999.3
0,779400,48400,14063.074,481.596,36.59877,24.399601,0.704453,0.02044,8.71139,8.71139,8.71139,8.71139,0.041103,4e-06,0.032291,3.468629,0.054481,-3.497386,58.167191,0.976306,1.420584,130.304642,129.949417,3.169012,15360.0,1.462903,129.419998,127.488647,3.527212,1008.0,14996.054688,1024.0,1024.0,215.664703,499400,64.0,1999.3
0,780200,48450,14076.866,481.596,35.294483,24.199152,0.706445,0.02044,7.685917,7.685917,7.685917,7.685917,0.045748,3e-06,0.041407,3.249049,0.050095,-3.274549,57.940773,0.976299,1.398589,128.908173,128.048401,2.902549,15360.0,1.579808,128.900253,124.743607,4.986498,1008.0,14995.947266,1024.0,1024.0,254.024124,499200,64.0,1999.3
0,781000,48500,14090.754,481.596,40.195171,26.766182,0.623307,0.02044,9.927365,9.927365,9.927365,9.927365,0.037023,3e-06,0.022899,3.38578,0.055448,-3.370264,57.795952,0.976312,1.408855,127.376617,128.078491,3.204685,15360.0,1.444614,125.892792,124.476204,4.177182,1008.0,14996.149414,1024.0,1024.0,171.317032,500000,64.0,1999.3
0,781800,48550,14104.537,481.596,36.6926,24.936956,0.701451,0.02044,8.320098,8.320098,8.320098,8.320098,0.049082,3e-06,0.058992,2.502778,0.055218,-2.510779,56.904488,0.976309,1.387193,121.289513,120.741249,3.142146,15360.0,1.451535,121.473145,119.65448,4.123575,1008.0,14996.099609,1024.0,1024.0,202.46701,499800,64.0,1999.3
0,782600,48600,14118.431,481.596,40.082817,26.720711,0.710717,0.02044,9.846393,9.846393,9.846393,9.846393,0.04622,3e-06,0.003561,1.567101,0.065343,-1.56491,57.62056,0.976307,1.355618,124.537186,125.259468,3.765084,15360.0,1.469125,122.217323,122.614868,4.560652,1008.0,14996.074219,1024.0,1024.0,189.182083,499600,64.0,1999.3
0,783400,48650,14132.228,481.596,32.278324,21.642467,0.616542,0.02044,7.486182,7.486182,7.486182,7.486182,0.028589,2e-06,-0.00297,4.470022,0.029601,-4.476068,57.929123,0.976307,1.350436,132.636627,132.971085,1.714759,15360.0,1.388684,131.776199,131.63382,2.079109,1008.0,14996.070312,1024.0,1024.0,198.330399,499400,64.0,1999.3
0,784200,48700,14146.117,481.596,41.444504,28.617054,0.641383,0.02044,9.470459,9.470459,9.470374,9.470374,0.031971,3e-06,0.003491,3.214613,0.044618,-3.21819,57.362846,0.976298,1.335707,131.285767,131.746552,2.55942,15360.0,1.363084,129.513992,128.947723,2.915462,1008.0,14995.933594,1024.0,1024.0,247.740616,499200,64.0,1999.3
0,785000,48750,14159.985,481.596,31.423521,20.474569,0.625873,0.02044,7.665712,7.665712,7.665712,7.665712,0.034021,3e-06,0.026756,4.440432,0.046405,-4.442869,57.688354,0.976306,1.409547,131.059479,131.328857,2.677007,15360.0,1.446845,129.895126,128.877365,3.102663,1008.0,14996.063477,1024.0,1024.0,180.598022,500000,64.0,1999.3
0,785800,48800,14173.694,481.596,35.46352,23.421537,0.630324,0.02044,8.691838,8.691838,8.691838,8.691838,0.032525,3e-06,0.030826,2.939425,0.058916,-2.933998,56.935432,0.976309,1.385745,125.932251,127.026161,3.354409,15360.0,1.378747,123.04657,123.3125,3.401469,1008.0,14996.103516,1024.0,1024.0,175.911255,499800,64.0,1999.3
0,786600,48850,14187.562,481.596,32.698349,21.531334,0.66784,0.02044,7.961884,7.961884,7.961884,7.961884,0.040604,3e-06,-0.011719,4.045198,0.044258,-4.036928,54.600754,0.976317,1.332125,131.324539,132.377579,2.416544,15360.0,1.334193,129.001434,129.990524,2.363602,1008.0,14996.22168,1024.0,1024.0,209.693542,499600,64.0,1999.3
0,787400,48900,14201.328,481.596,39.657097,26.376877,0.786347,0.02044,9.845819,9.845819,9.845819,9.845819,0.052896,3e-06,-0.035042,3.443061,0.056157,-3.428741,51.759224,0.976312,1.292589,131.613113,132.211319,2.906631,15360.0,1.284953,129.764069,129.628876,3.053475,1008.0,14996.152344,1024.0,1024.0,196.100586,499400,64.0,1999.3
0,788200,48950,14215.194,481.596,35.694767,23.446167,0.746687,0.02044,8.906548,8.906548,8.906548,8.906548,0.051191,3e-06,-0.018373,3.765146,0.046157,-3.765195,48.553749,0.976302,1.291715,135.016937,136.038406,2.241081,15360.0,1.369761,133.026825,133.910995,3.112186,1008.0,14995.992188,1024.0,1024.0,227.830826,499200,64.0,1999.3
0,789000,49000,14228.965,481.596,31.582615,20.674046,0.726719,0.02044,7.634557,7.634557,7.634557,7.634557,0.050107,3e-06,0.032444,4.068892,0.048969,-4.054908,46.284821,0.976302,1.332567,135.332077,135.219406,2.266543,15360.0,1.327945,134.5905,134.056091,2.412844,1008.0,14995.998047,1024.0,1024.0,164.26474,500000,64.0,1999.3
0,789800,49050,14242.751,481.596,33.91885,22.37915,0.653804,0.02044,8.379349,8.379349,8.379349,8.379349,0.034006,3e-06,-0.001717,3.598392,0.043534,-3.594677,43.784958,0.976306,1.256219,135.297577,135.895554,1.906122,15360.0,1.312225,133.476135,133.707687,1.881705,1008.0,14996.058594,1024.0,1024.0,184.382095,499800,64.0,1999.3
0,790600,49100,14256.612,481.596,39.915462,26.793449,0.805732,0.02044,9.637306,9.637306,9.637306,9.637306,0.051241,2e-06,0.023535,3.750501,0.048648,-3.73399,41.634651,0.976307,1.259757,133.713852,134.263016,2.02543,15360.0,1.371717,131.701218,132.32637,2.858096,1008.0,14996.074219,1024.0,1024.0,215.54834,499600,64.0,1999.3
0,791400,49150,14270.373,481.596,33.471958,22.719048,0.615338,0.02044,7.653936,7.653936,7.653936,7.653936,0.03356,3e-06,0.001222,4.612924,0.04269,-4.610039,40.201317,0.976311,1.288509,133.710358,134.480545,1.716197,15360.0,1.36023,132.093643,131.579285,2.118101,1008.0,14996.136719,1024.0,1024.0,232.221359,499400,64.0,1999.3
0,792200,49200,14284.215,481.596,46.844006,33.504044,0.716841,0.02044,9.945457,9.945457,9.945457,9.945457,0.052758,3e-06,0.014105,5.016519,0.035961,-5.014199,38.583374,0.97631,1.24905,137.959152,138.540466,1.38751,15360.0,1.331737,136.501465,136.473526,2.399708,1008.0,14996.115234,1024.0,1024.0,192.503891,499200,64.0,1999.3
0,793000,49250,14297.985,481.596,41.837997,28.196274,0.62779,0.02044,10.317805,10.317805,10.317805,10.317805,0.032092,3e-06,0.006142,2.891039,0.066809,-2.885435,37.376389,0.976297,1.25676,128.357178,129.50853,2.497066,15360.0,1.270016,125.712372,126.280014,2.852411,1008.0,14995.927734,1024.0,1024.0,204.051407,500000,64.0,1999.3
0,793800,49300,14311.755,481.596,36.436554,24.330219,0.699615,0.02044,8.81688,8.81688,8.81688,8.81688,0.04476,3e-06,0.038895,4.729754,0.037067,-4.717386,36.90712,0.976305,1.260664,136.733292,137.176437,1.368049,15360.0,1.293832,135.523071,135.147797,2.30855,1008.0,14996.050781,1024.0,1024.0,215.694611,499800,64.0,1999.3
0,794600,49350,14325.538,481.596,34.093456,22.274467,0.648852,0.02044,8.593924,8.593924,8.593924,8.593924,0.030717,3e-06,0.023344,5.111915,0.030243,-5.120225,36.619492,0.976307,1.282212,139.370758,139.442123,1.107484,15360.0,1.302732,138.287338,138.099335,1.498003,1008.0,14996.074219,1024.0,1024.0,189.835892,499600,64.0,1999.3
0,795400,49400,14339.41,481.596,35.761932,24.191263,0.679193,0.02044,8.444184,8.444184,8.444184,8.444184,0.044979,3e-06,0.007601,3.49755,0.052208,-3.498605,36.321655,0.976298,1.195763,132.455322,133.454666,1.89628,15360.0,1.263564,130.769531,129.988113,2.380324,1008.0,14995.931641,1024.0,1024.0,191.088333,499400,64.0,1999.3
0,796200,49450,14353.187,481.596,35.983829,23.938852,0.690756,0.02044,8.861233,8.861233,8.861233,8.861233,0.042306,3e-06,0.004082,3.997941,0.043555,-4.005164,35.638512,0.976314,1.212818,134.829315,135.50206,1.552224,15360.0,1.231735,133.423279,132.777512,1.881606,1008.0,14996.177734,1024.0,1024.0,179.7659,499200,64.0,1999.3
0,797000,49500,14367.061,481.596,39.944477,27.367903,0.626764,0.02044,9.357543,9.357543,9.357543,9.357543,0.033279,4e-06,0.046064,4.015316,0.048128,-4.005927,35.328865,0.976288,1.220241,133.085327,133.46907,1.700299,15360.0,1.232561,131.299149,129.481476,2.394038,1008.0,14995.779297,1024.0,1024.0,189.966522,500000,64.0,1999.3
0,797800,49550,14380.835,481.596,37.09552,24.858322,0.621148,0.02044,9.010405,9.010405,9.010405,9.010405,0.027355,3e-06,0.035895,4.686508,0.037208,-4.667825,34.750465,0.97631,1.258553,136.064484,136.370499,1.29299,15360.0,1.299054,134.792892,133.888031,1.90122,1008.0,14996.125,1024.0,1024.0,266.222443,499800,64.0,1999.3
0,798600,49600,14394.618,481.596,33.15163,21.571541,0.739104,0.02044,8.31148,8.31148,8.31148,8.31148,0.051532,2e-06,0.011861,4.482878,0.037298,-4.491678,34.90033,0.976307,1.268204,139.131256,139.549057,1.301695,15360.0,1.326172,138.128174,138.035812,1.773653,1008.0,14996.081055,1024.0,1024.0,212.697815,499600,64.0,1999.3
0,799400,49650,14408.473,481.596,38.228165,25.217402,0.6982,0.02044,9.742392,9.742392,9.742392,9.742392,0.047189,3e-06,-0.021142,3.579347,0.041648,-3.54957,35.445297,0.976308,1.213215,135.697098,136.239426,1.476216,15360.0,1.278054,134.453629,134.299362,2.200551,1008.0,14996.09375,1024.0,1024.0,168.354126,499400,64.0,1999.3
0,800200,49700,14448.47,497.233,38.790779,26.582001,0.67156,0.02044,8.983069,8.983069,8.983069,8.983069,0.040255,3e-06,0.027402,3.68549,0.056891,-3.71087,35.367378,0.97631,1.228951,130.651657,131.145386,2.012073,15360.0,1.263497,128.881195,128.110794,2.67477,1008.0,14996.119141,1024.0,1024.0,208.632507,499200,64.0,1999.3
0,801000,49750,14462.381,497.233,34.197926,22.39035,0.656808,0.02044,8.63962,8.63962,8.63962,8.63962,0.035407,2e-06,-0.001384,3.140221,0.051077,-3.136635,35.112816,0.976308,1.250537,133.83493,134.529739,1.793449,15360.0,1.25864,132.115112,132.56604,2.25591,1008.0,14996.095703,1024.0,1024.0,346.752075,500000,64.0,1999.3
0,801800,49800,14476.081,497.233,33.003132,22.609409,0.629819,0.02044,7.377568,7.377568,7.376999,7.376999,0.034767,3e-06,0.011756,4.199842,0.037286,-4.191382,34.919044,0.976321,1.243762,136.906784,137.195251,1.301989,15360.0,1.242063,135.420639,135.080826,2.094659,1008.0,14996.287109,1024.0,1024.0,157.623596,499800,64.0,1999.3
0,802600,49850,14489.939,497.233,40.768272,28.036415,0.628914,0.02044,9.453324,9.453324,9.453324,9.453324,0.033967,3e-06,0.072688,4.855594,0.045475,-4.869924,34.369156,0.976319,1.229653,135.113632,135.258942,1.562939,15360.0,1.271683,134.041229,132.332443,2.825259,1008.0,14996.262695,1024.0,1024.0,223.614243,499600,64.0,1999.3
0,803400,49900,14503.804,497.233,33.684422,22.603519,0.664935,0.02044,7.98381,7.98381,7.98381,7.98381,0.047031,3e-06,0.021978,4.121337,0.046877,-4.118956,35.640167,0.976316,1.202767,134.223694,134.583878,1.670703,15360.0,1.295292,132.818466,131.176971,2.471894,1008.0,14996.207031,1024.0,1024.0,202.818314,499400,64.0,1999.3
0,804200,49950,14517.587,497.233,37.531078,25.188551,0.683936,0.02044,9.230261,9.230261,9.230261,9.230261,0.050136,3e-06,0.027925,3.178487,0.03888,-3.174293,36.054008,0.976319,1.10422,130.270844,130.116028,1.401793,15360.0,1.17573,129.223129,127.720924,2.590628,1008.0,14996.255859,1024.0,1024.0,224.825363,499200,64.0,1999.3
0,805000,50000,14531.379,497.233,36.992981,25.4939,0.639021,0.02044,8.430846,8.430846,8.430846,8.430846,0.037646,3e-06,0.04521,4.174843,0.042244,-4.149436,37.07338,0.976318,1.154268,132.581223,132.461578,1.566112,15360.0,1.220697,131.617035,129.968765,2.494675,1008.0,14996.25,1024.0,1024.0,192.288635,500000,64.0,1999.3
0,805800,50050,14545.153,497.233,33.737961,22.268353,0.661541,0.02044,8.397902,8.397902,8.397902,8.397902,0.035286,3e-06,0.022027,3.493784,0.047523,-3.47835,37.300491,0.976307,1.183912,132.658173,132.939331,1.772646,15360.0,1.146649,131.163177,130.145706,1.980321,1008.0,14996.075195,1024.0,1024.0,274.495819,499800,64.0,1999.3
0,806600,50100,14559.037,497.233,37.638878,25.105682,0.599011,0.02044,9.388275,9.388275,9.388275,9.388275,0.026207,3e-06,0.046754,4.189017,0.031532,-4.181163,38.271545,0.9763,1.168811,132.955811,132.76767,1.206763,15360.0,1.236915,131.755508,129.984665,2.467186,1008.0,14995.962891,1024.0,1024.0,249.157486,499600,64.0,1999.3
0,807400,50150,14572.831,497.233,34.616261,22.810452,0.681876,0.02044,8.726919,8.726919,8.726919,8.726919,0.040012,2e-06,0.011794,4.507302,0.028633,-4.511364,38.604065,0.97631,1.151464,135.469681,135.703537,1.105337,15360.0,1.135419,134.552292,133.779617,1.627216,1008.0,14996.113281,1024.0,1024.0,160.871994,499400,64.0,1999.3
0,808200,50200,14586.73,497.233,40.796806,27.778688,0.65836,0.02044,9.994578,9.994578,9.994578,9.994578,0.032562,3e-06,0.010398,3.272515,0.034758,-3.288572,38.899948,0.9763,0.972539,126.544037,126.419128,1.352074,15360.0,1.207812,125.555267,123.241844,2.79719,1008.0,14995.972656,1024.0,1024.0,202.613937,499200,64.0,1999.3
0,809000,50250,14600.521,497.233,33.7607,22.563278,0.636335,0.02044,8.090243,8.090243,8.090243,8.090243,0.034477,4e-06,0.053343,5.155953,0.026848,-5.138941,39.750771,0.976333,1.211144,138.661484,138.883865,1.067212,15360.0,1.256295,137.666794,137.902054,1.963402,1008.0,14996.478516,1024.0,1024.0,160.197403,500000,64.0,1999.3
0,809800,50300,14614.338,497.233,38.020657,25.904991,0.650964,0.02044,8.971075,8.971075,8.971075,8.971075,0.036169,3e-06,0.018736,3.61208,0.044552,-3.618983,40.51133,0.976307,1.166862,130.425385,129.966248,1.804847,15360.0,1.301613,129.328705,127.1399,3.507465,1008.0,14996.082031,1024.0,1024.0,173.861877,499800,64.0,1999.3
0,810600,50350,14628.126,497.233,35.447872,23.8862,0.712897,0.02044,8.352264,8.352264,8.352264,8.352264,0.047041,3e-06,0.044914,5.21755,0.030542,-5.209368,41.48185,0.97631,1.190656,137.330185,137.519516,1.266934,15360.0,1.350911,136.582169,136.812378,2.650039,1008.0,14996.123047,1024.0,1024.0,140.705688,499600,64.0,1999.3
0,811400,50400,14641.985,497.233,33.609871,21.982195,0.696006,0.02044,8.561895,8.561895,8.561895,8.561895,0.039589,3e-06,0.01257,3.907335,0.02839,-3.894873,42.359177,0.976321,1.114664,130.798264,130.721375,1.202563,15360.0,1.219699,129.924576,128.563339,2.050437,1008.0,14996.287109,1024.0,1024.0,202.435333,499400,64.0,1999.3
0,812200,50450,14655.756,497.233,33.836594,22.442673,0.677187,0.02044,8.25267,8.25267,8.25267,8.25267,0.040451,3e-06,0.045596,3.944333,0.033086,-3.960074,43.658813,0.976313,1.187066,131.957657,131.845871,1.444498,15360.0,1.28564,130.808075,129.833572,2.396429,1008.0,14996.160156,1024.0,1024.0,172.391098,499200,64.0,1999.3
0,813000,50500,14669.605,497.233,35.221802,23.507193,0.653882,0.02044,8.540142,8.540142,8.540142,8.540142,0.036046,2e-06,0.026697,5.611148,0.020483,-5.621266,44.223587,0.976307,1.22017,140.243271,140.365997,0.90581,15360.0,1.330872,139.452759,138.680069,1.980834,1008.0,14996.074219,1024.0,1024.0,181.984177,500000,64.0,1999.3
0,813800,50550,14683.287,497.233,40.851692,28.045923,0.663477,0.02044,9.592544,9.592544,9.592544,9.592544,0.038314,3e-06,0.013396,4.891137,0.024724,-4.870341,44.918953,0.976302,1.166894,133.080124,133.245941,1.11056,15360.0,1.299205,132.015717,131.459564,2.178702,1008.0,14996.001953,1024.0,1024.0,196.457382,499800,64.0,1999.3
0,814600,50600,14697.147,497.233,40.486423,27.672121,0.749931,0.02044,9.411798,9.411798,9.411798,9.411798,0.05444,3e-06,0.036128,5.741818,0.022237,-5.742022,45.263603,0.976313,1.232432,135.921341,136.276215,1.00651,15360.0,1.407952,134.979843,135.560532,2.564182,1008.0,14996.166016,1024.0,1024.0,202.68576,499600,64.0,1999.3
0,815400,50650,14710.924,497.233,34.720741,22.628609,0.692821,0.02044,8.908434,8.908434,8.908434,8.908434,0.040728,2e-06,0.013713,3.041649,0.034228,-3.054965,46.477097,0.976304,1.183528,128.829102,128.838928,1.590833,15360.0,1.274517,127.686081,127.078148,2.182672,1008.0,14996.025391,1024.0,1024.0,145.815826,499400,64.0,1999.3
0,816200,50700,14724.8,497.233,32.71492,21.551006,0.667371,0.02044,8.056601,8.056601,8.056601,8.056601,0.043364,3e-06,0.02966,3.615352,0.034001,-3.623175,46.752983,0.976312,1.182972,126.104424,125.687897,1.589652,15360.0,1.337374,124.877083,123.618462,2.358505,1008.0,14996.15625,1024.0,1024.0,162.062408,499200,64.0,1999.3
0,817000,50750,14738.65,497.233,34.571117,23.108105,0.668095,0.02044,8.359539,8.359539,8.359539,8.359539,0.039921,3e-06,0.004293,5.826272,0.016153,-5.79639,48.276314,0.97631,1.190171,140.379608,140.310684,0.779829,15360.0,1.281728,139.939285,139.56221,1.415582,1008.0,14996.12207,1024.0,1024.0,186.083664,500000,64.0,1999.3
0,817800,50800,14752.358,497.233,39.032696,26.027147,0.624454,0.02044,9.800755,9.800755,9.800676,9.800676,0.027663,3e-06,0.027392,3.474722,0.031964,-3.470811,48.56237,0.976307,1.159405,125.869118,125.743805,1.552261,15360.0,1.310086,124.911453,123.46907,2.622291,1008.0,14996.070312,1024.0,1024.0,193.108871,499800,64.0,1999.3
0,818600,50850,14766.224,497.233,32.574905,22.099829,0.628161,0.02044,7.43281,7.43281,7.43281,7.43281,0.039095,4e-06,-0.04114,4.024249,0.050999,-4.018053,48.987663,0.976335,1.254493,126.245583,126.218163,2.4983,15360.0,1.456765,125.068726,124.195244,3.892531,1008.0,14996.506836,1024.0,1024.0,205.076981,499600,64.0,1999.3
0,819400,50900,14779.996,497.233,34.462959,22.914398,0.687909,0.02044,8.358912,8.358912,8.358912,8.358912,0.047373,3e-06,0.026455,5.646108,0.021038,-5.633939,49.160408,0.976303,1.211318,138.975784,138.99646,1.034233,15360.0,1.358783,138.265305,137.575439,2.179,1008.0,14996.011719,1024.0,1024.0,237.468933,499400,64.0,1999.3
0,820200,50950,14793.865,497.233,41.204227,28.397915,0.621349,0.02044,9.555466,9.555466,9.555466,9.555466,0.033908,3e-06,0.008773,5.313905,0.022262,-5.313271,49.964035,0.976305,1.257193,132.357452,132.464157,1.112317,15360.0,1.291826,131.408737,130.430603,2.157513,1008.0,14996.041992,1024.0,1024.0,180.517929,499200,64.0,1999.3
0,821000,51000,14807.659,497.233,30.803961,20.087534,0.632918,0.02044,7.659123,7.659123,7.659123,7.659123,0.027584,2e-06,0.02163,4.170819,0.02506,-4.172149,50.749916,0.976311,1.248807,129.635605,129.895447,1.271784,15360.0,1.225312,128.36792,127.796249,1.581139,1008.0,14996.140625,1024.0,1024.0,205.640137,500000,64.0,1999.3
0,821800,51050,14821.441,497.233,35.046089,23.046314,0.657381,0.02044,8.776632,8.776632,8.776632,8.776632,0.037503,2e-06,0.022708,5.664219,0.01618,-5.680975,51.51754,0.976314,1.24769,139.663696,139.72525,0.833553,15360.0,1.324199,138.762024,138.305145,1.720317,1008.0,14996.182617,1024.0,1024.0,261.092987,499800,64.0,1999.3
0,822600,51100,14835.307,497.233,30.192419,19.432137,0.638994,0.02044,7.711596,7.711596,7.711596,7.711596,0.031472,2e-06,0.020792,4.798856,0.020173,-4.795309,52.470604,0.976307,1.193131,132.391678,132.344086,1.058487,15360.0,1.347231,131.642242,131.637405,2.343529,1008.0,14996.078125,1024.0,1024.0,205.397644,499600,64.0,1999.3
0,823400,51150,14849.087,497.233,38.21603,25.64217,0.808117,0.02044,9.210303,9.210303,9.210303,9.210303,0.063718,3e-06,0.025344,5.276593,0.0194,-5.245047,52.928314,0.976303,1.192029,133.597076,133.571579,1.026833,15360.0,1.321986,132.644058,131.740646,2.728364,1008.0,14996.009766,1024.0,1024.0,193.784958,499400,64.0,1999.3
0,824200,51200,14862.865,497.233,34.071556,22.152847,0.663458,0.02044,8.761683,8.761683,8.761683,8.761683,0.036674,3e-06,-0.000297,5.513992,0.017917,-5.509355,53.731201,0.976298,1.211112,136.302643,136.433167,0.962717,15360.0,1.28714,135.512054,134.201859,2.049491,1008.0,14995.932617,1024.0,1024.0,160.724365,499200,64.0,1999.3
0,825000,51250,14876.728,497.233,35.004753,23.609936,0.697271,0.02044,8.32838,8.32838,8.32838,8.32838,0.039796,2e-06,0.016779,4.30583,0.020837,-4.284101,54.376701,0.976316,1.156867,122.413612,122.338776,1.133068,15360.0,1.140806,121.428314,120.464684,1.911642,1008.0,14996.208984,1024.0,1024.0,194.52272,500000,64.0,1999.3
0,825800,51300,14916.662,512.902,38.001945,25.560177,0.697927,0.02044,9.267076,9.267076,9.267076,9.267076,0.046492,3e-06,-0.014778,5.6206,0.017471,-5.636078,55.973557,0.976316,1.13586,131.074066,130.969711,0.977937,15360.0,1.361764,130.663513,128.915848,2.584256,1008.0,14996.214844,1024.0,1024.0,204.32103,499800,64.0,1999.3
0,826600,51350,14930.527,512.902,37.979858,25.959812,0.686138,0.02044,9.008739,9.008739,9.008739,9.008739,0.043898,3e-06,-0.025177,4.529311,0.024005,-4.50954,56.758026,0.976301,1.03395,122.286316,121.824982,1.362495,15360.0,1.316927,121.79718,120.109161,3.514603,1008.0,14995.980469,1024.0,1024.0,190.957428,499600,64.0,1999.3
0,827400,51400,14944.384,512.902,34.330723,22.636612,0.683525,0.02044,8.651184,8.651184,8.651184,8.651184,0.037788,3e-06,0.008497,5.194062,0.016539,-5.195913,57.449341,0.976319,1.116037,132.786133,132.76976,0.95013,15360.0,1.164363,132.180801,131.479263,1.755551,1008.0,14996.257812,1024.0,1024.0,238.025848,499400,64.0,1999.3
0,828200,51450,14958.16,512.902,43.15633,29.001743,0.762765,0.02044,10.837729,10.837729,10.837729,10.837729,0.055465,3e-06,0.006845,4.796694,0.021402,-4.798925,58.556183,0.976312,1.069743,124.540581,124.524628,1.253202,15360.0,1.244291,123.512589,123.619606,2.998968,1008.0,14996.154297,1024.0,1024.0,186.299927,499200,64.0,1999.3
0,829000,51500,14972.011,512.902,32.811325,21.537075,0.681856,0.02044,8.181818,8.181818,8.181818,8.181818,0.043391,3e-06,0.026969,5.063955,0.029006,-5.069376,58.743454,0.976301,1.195633,131.705139,132.460007,1.7039,15360.0,1.164498,131.103195,130.618729,1.498069,1008.0,14995.980469,1024.0,1024.0,165.078995,500000,64.0,1999.3
0,829800,51550,14985.784,512.902,37.093842,24.53447,0.689161,0.02044,9.365824,9.365824,9.365824,9.365824,0.0388,3e-06,0.012434,4.492181,0.026735,-4.499387,59.353943,0.976302,1.137985,124.725708,125.080811,1.586802,15360.0,1.323169,123.854111,124.05619,2.576899,1008.0,14995.993164,1024.0,1024.0,244.764511,499800,64.0,1999.3
0,830600,51600,14999.579,512.902,37.700607,25.891872,0.626519,0.02044,8.802527,8.802527,8.802527,8.802527,0.03461,3e-06,-0.062291,4.50487,0.032278,-4.507117,59.868294,0.976295,1.153242,117.1502,116.270523,1.932459,15360.0,1.293482,116.734657,114.64048,3.032762,1008.0,14995.884766,1024.0,1024.0,171.38443,499600,64.0,1999.3
0,831400,51650,15013.428,512.902,35.738941,24.15234,0.67976,0.02044,8.461121,8.461121,8.461121,8.461121,0.042537,3e-06,0.025972,5.41495,0.017023,-5.397191,60.988075,0.976305,1.164733,128.704651,128.917923,1.038211,15360.0,1.294881,127.541275,127.354713,1.901323,1008.0,14996.044922,1024.0,1024.0,244.048111,499400,64.0,1999.3
0,832200,51700,15027.201,512.902,37.845295,25.646847,0.600755,0.02044,9.126456,9.126456,9.126456,9.126456,0.030634,3e-06,0.015143,5.012179,0.022658,-5.010722,60.877747,0.976313,1.132448,122.628197,122.699692,1.379384,15360.0,1.301852,121.726173,120.211975,2.205177,1008.0,14996.160156,1024.0,1024.0,211.223419,499200,64.0,1999.3
0,833000,51750,15041.077,512.902,34.320446,22.691988,0.664935,0.02044,8.444964,8.444964,8.444964,8.444964,0.042791,2e-06,-0.007305,5.38001,0.024985,-5.358195,61.239014,0.976305,1.212112,128.56572,128.528992,1.530057,15360.0,1.49604,127.913155,125.91658,3.362996,1008.0,14996.044922,1024.0,1024.0,216.022568,500000,64.0,1999.3
0,833800,51800,15054.858,512.902,34.249199,22.527191,0.601835,0.02044,8.326267,8.326267,8.326267,8.326267,0.030035,2e-06,0.13283,4.338182,0.052656,-4.355251,61.668564,0.976313,1.400772,111.366386,113.745415,3.247235,15360.0,1.357458,108.637733,109.639954,3.122213,1008.0,14996.160156,1024.0,1024.0,218.627899,499800,64.0,1999.3
0,834600,51850,15068.647,512.902,35.78196,23.946522,0.612956,0.02044,8.594864,8.594864,8.594729,8.594729,0.031292,3e-06,0.044769,5.829458,0.032052,-5.80594,61.937508,0.976316,1.28822,134.039062,134.574417,1.985193,15360.0,1.382342,132.735565,132.409515,2.477698,1008.0,14996.207031,1024.0,1024.0,228.295486,499600,64.0,1999.3
0,835400,51900,15082.508,512.902,33.802143,22.368282,0.616948,0.02044,8.223289,8.223289,8.223289,8.223289,0.032404,3e-06,0.03714,4.731143,0.033657,-4.707678,62.285133,0.976315,1.303582,119.190613,119.865471,2.096346,15360.0,1.367111,118.120605,118.02951,2.57794,1008.0,14996.205078,1024.0,1024.0,192.478119,499400,64.0,1999.3
0,836200,51950,15096.287,512.902,30.286367,20.376043,0.628253,0.02044,6.920333,6.920333,6.920333,6.920333,0.034217,2e-06,-0.004108,5.41253,0.022031,-5.411834,62.307358,0.976311,1.259199,136.044128,136.145157,1.372715,15360.0,1.313904,134.554642,134.126434,1.958688,1008.0,14996.140625,1024.0,1024.0,196.412979,499200,64.0,1999.3
0,837000,52000,15110.172,512.902,40.30505,27.368717,0.631398,0.02044,9.572721,9.572721,9.572721,9.572721,0.034781,3e-06,0.013848,4.67181,0.034845,-4.702344,61.852295,0.976311,1.314986,120.943871,121.891251,2.155236,15360.0,1.418887,119.49942,120.086357,2.794541,1008.0,14996.136719,1024.0,1024.0,226.926025,500000,64.0,1999.3
0,837800,52050,15123.877,512.902,32.989437,22.534447,0.575008,0.02044,7.505074,7.505074,7.504901,7.504901,0.031019,3e-06,-0.041375,4.4153,0.037515,-4.421935,62.438393,0.976311,1.246247,116.529808,115.949852,2.342403,15360.0,1.330286,115.819481,113.864792,2.963587,1008.0,14996.132812,1024.0,1024.0,189.155014,499800,64.0,1999.3
0,838600,52100,15137.739,512.902,39.05722,26.240879,0.725506,0.02044,9.411701,9.411701,9.411701,9.411701,0.0477,3e-06,-0.000177,5.840842,0.023769,-5.861201,62.83815,0.976306,1.284139,134.489212,134.734253,1.493626,15360.0,1.445202,133.625305,133.176117,3.267301,1008.0,14996.0625,1024.0,1024.0,211.372482,499600,64.0,1999.3
0,839400,52150,15151.603,512.902,41.654179,27.852921,0.639695,0.02044,10.468888,10.468888,10.468888,10.468888,0.034184,3e-06,-0.006737,4.688953,0.020632,-4.684386,63.504051,0.976304,1.207553,118.66909,118.539169,1.310246,15360.0,1.415089,117.87368,117.709251,2.526173,1008.0,14996.027344,1024.0,1024.0,185.776535,499400,64.0,1999.3
0,840200,52200,15165.381,512.902,38.514683,25.864084,0.618915,0.02044,9.484764,9.484764,9.483604,9.483604,0.028263,3e-06,0.026593,4.371197,0.019771,-4.371745,63.359367,0.976316,1.153566,114.717613,114.40284,1.252682,15360.0,1.326153,113.579895,112.237953,2.242423,1008.0,14996.206055,1024.0,1024.0,179.687195,499200,64.0,1999.3
0,841000,52250,15179.244,512.902,32.335091,21.162441,0.687085,0.02044,8.014427,8.014427,8.014427,8.014427,0.040612,3e-06,-0.002483,5.96841,0.016075,-5.979145,64.096558,0.97632,1.253583,135.209396,135.421463,1.030332,15360.0,1.327184,134.698914,134.415833,1.920808,1008.0,14996.275391,1024.0,1024.0,172.677383,500000,64.0,1999.3
0,841800,52300,15192.996,512.902,40.190418,27.892551,0.712323,0.02044,9.010946,9.010946,9.010946,9.010946,0.045568,3e-06,-0.011167,5.381123,0.026693,-5.383305,64.233269,0.976297,1.24831,125.969017,126.276306,1.714555,15360.0,1.386389,125.394966,124.967735,3.193467,1008.0,14995.915039,1024.0,1024.0,201.132248,499800,64.0,1999.3
0,842600,52350,15206.727,512.902,37.592453,25.484871,0.686117,0.02044,8.94516,8.94516,8.94516,8.94516,0.043901,3e-06,-0.009447,5.209731,0.02007,-5.221826,64.218544,0.976302,1.193371,124.104439,124.346924,1.288883,15360.0,1.25808,123.000847,122.278091,2.130369,1008.0,14995.994141,1024.0,1024.0,221.957199,499600,64.0,1999.3
0,843400,52400,15220.557,512.902,35.687401,24.156929,0.657609,0.02044,8.468822,8.468822,8.468822,8.468822,0.039334,3e-06,0.007603,4.881532,0.019671,-4.876565,64.217606,0.976314,1.1491,122.347244,122.340469,1.263227,15360.0,1.266724,121.094849,120.449234,1.840581,1008.0,14996.180664,1024.0,1024.0,167.777512,499400,64.0,1999.3
0,844200,52450,15234.351,512.902,38.723042,26.743238,0.599578,0.02044,8.8265,8.8265,8.826482,8.826482,0.026297,3e-06,0.02589,4.660502,0.026526,-4.676848,65.146133,0.976315,1.250299,116.115341,116.115784,1.728088,15360.0,1.248158,114.73999,113.423882,1.96305,1008.0,14996.203125,1024.0,1024.0,202.681137,499200,64.0,1999.3
0,845000,52500,15248.236,512.902,35.408291,23.376492,0.792101,0.02044,8.650185,8.650185,8.650185,8.650185,0.063576,2e-06,0.010818,5.515677,0.024466,-5.495213,65.561134,0.976305,1.295691,123.81163,124.135735,1.604038,15360.0,1.32515,122.784737,123.037102,2.201946,1008.0,14996.041016,1024.0,1024.0,243.411774,500000,64.0,1999.3
0,845800,52550,15262.014,512.902,32.718727,22.039137,0.657133,0.02044,7.579742,7.579742,7.577938,7.577938,0.040121,3e-06,0.013057,5.065412,0.023021,-5.026765,66.061897,0.976297,1.264446,120.444572,120.544785,1.520779,15360.0,1.289317,118.904694,118.420563,1.897145,1008.0,14995.927734,1024.0,1024.0,212.438309,499800,64.0,1999.3
0,846600,52600,15275.805,512.902,33.950344,22.340771,0.714851,0.02044,8.324762,8.324762,8.324762,8.324762,0.044365,2e-06,0.024771,5.759802,0.017179,-5.75175,66.203209,0.976304,1.254528,128.815475,129.128479,1.13728,15360.0,1.459137,128.091064,127.479713,2.503583,1008.0,14996.033203,1024.0,1024.0,248.889511,499600,64.0,1999.3
0,847400,52650,15289.668,512.902,35.304821,23.340971,0.691098,0.02044,8.776571,8.776571,8.776571,8.776571,0.045644,2e-06,-0.021192,5.590058,0.021636,-5.611012,66.704544,0.976304,1.237381,124.264526,123.924004,1.44325,15360.0,1.272975,123.445938,122.207169,2.328852,1008.0,14996.025391,1024.0,1024.0,148.017517,499400,64.0,1999.3
0,848200,52700,15303.456,512.902,37.822708,26.142899,0.66127,0.02044,8.531317,8.531317,8.531317,8.531317,0.039172,3e-06,0.014721,6.146367,0.018085,-6.146578,67.344795,0.9763,1.20332,125.989006,126.242012,1.217906,15360.0,1.318696,125.247452,125.084221,2.366272,1008.0,14995.969727,1024.0,1024.0,216.848785,499200,64.0,1999.3
0,849000,52750,15317.32,512.902,36.659519,24.669151,0.691781,0.02044,8.840219,8.840219,8.840219,8.840219,0.045313,2e-06,0.004748,5.98736,0.012946,-6.000368,67.827065,0.9763,1.17498,130.368652,130.439255,0.878113,15360.0,1.24726,129.944672,129.105682,1.674065,1008.0,14995.967773,1024.0,1024.0,209.165863,500000,64.0,1999.3
0,849800,52800,15331.016,512.902,41.357998,27.938736,0.671877,0.02044,10.075151,10.075151,10.075075,10.075075,0.043619,3e-06,0.005661,5.488261,0.024795,-5.482926,68.202995,0.976316,1.235114,122.079285,122.081711,1.691127,15360.0,1.345002,121.364624,120.368187,3.275385,1008.0,14996.214844,1024.0,1024.0,131.444138,499800,64.0,1999.3
0,850600,52850,15371.108,528.608,41.837345,29.038795,0.627526,0.02044,9.652519,9.652519,9.652519,9.652519,0.035102,3e-06,-0.025438,6.159088,0.014735,-6.155964,68.677803,0.976306,1.143453,124.175758,123.837372,1.011956,15360.0,1.382663,123.902519,121.817894,2.741396,1008.0,14996.061523,1024.0,1024.0,227.712692,499600,64.0,1999.3
0,851400,52900,15384.882,528.608,39.009037,26.428753,0.657803,0.02044,9.299276,9.299276,9.299276,9.299276,0.04266,3e-06,0.033129,6.073202,0.01829,-6.082434,69.721695,0.976306,1.218534,128.562546,128.981613,1.275212,15360.0,1.403908,127.523567,128.560577,2.671101,1008.0,14996.060547,1024.0,1024.0,170.959824,499400,64.0,1999.3
0,852200,52950,15398.735,528.608,31.88909,21.21003,0.681608,0.02044,7.641313,7.641313,7.641313,7.641313,0.038265,2e-06,-0.025957,5.742873,0.017779,-5.724747,70.549118,0.976301,1.191672,128.254135,127.914764,1.254273,15360.0,1.352841,128.089615,126.782547,2.832764,1008.0,14995.990234,1024.0,1024.0,235.503967,499200,64.0,1999.3
0,853000,53000,15412.519,528.608,35.141144,23.14909,0.66459,0.02044,8.950057,8.950057,8.950057,8.950057,0.039219,2e-06,-0.002139,5.143548,0.01388,-5.161828,70.991493,0.976304,1.076652,120.613159,120.453667,0.985367,15360.0,1.291489,120.304939,118.759056,2.642636,1008.0,14996.021484,1024.0,1024.0,203.899536,500000,64.0,1999.3
0,853800,53050,15426.295,528.608,33.982494,22.36919,0.623357,0.02044,8.569222,8.569222,8.569222,8.569222,0.033532,2e-06,0.020819,5.57074,0.018663,-5.562222,71.614906,0.976307,1.145669,121.116249,121.345383,1.336519,15360.0,1.256246,120.149979,120.270157,2.117305,1008.0,14996.070312,1024.0,1024.0,198.195175,499800,64.0,1999.3
0,854600,53100,15440.067,528.608,39.069763,26.592098,0.663958,0.02044,9.383172,9.383172,9.383172,9.383172,0.039528,3e-06,-0.002246,5.877373,0.014821,-5.922091,72.085739,0.976307,1.088329,121.55027,121.460205,1.068388,15360.0,1.285652,121.399536,121.354813,2.368216,1008.0,14996.070312,1024.0,1024.0,204.365631,499600,64.0,1999.3
0,855400,53150,15453.934,528.608,38.427479,26.008011,0.778034,0.02044,9.202097,9.202097,9.202097,9.202097,0.061879,2e-06,-0.026148,5.548062,0.02072,-5.567037,72.727303,0.97631,1.103752,117.768692,117.457153,1.50693,15360.0,1.403615,117.733238,115.11853,3.54655,1008.0,14996.113281,1024.0,1024.0,163.806076,499400,64.0,1999.3
0,856200,53200,15467.731,528.608,37.800423,25.697121,0.702942,0.02044,8.980629,8.980629,8.980629,8.980629,0.042859,3e-06,0.002253,5.993098,0.010856,-5.979711,73.330605,0.976321,1.124864,123.969154,123.956573,0.79611,15360.0,1.247036,123.466476,123.119583,1.619415,1008.0,14996.296875,1024.0,1024.0,185.230118,499200,64.0,1999.3
0,857000,53250,15481.59,528.608,34.729458,23.436621,0.568057,0.02044,8.373632,8.373632,8.373632,8.373632,0.02533,3e-06,-0.008028,5.961596,0.019186,-5.962135,73.673119,0.976316,1.130589,123.396263,123.417831,1.413476,15360.0,1.235935,121.892128,121.804382,1.848272,1008.0,14996.21875,1024.0,1024.0,271.017792,500000,64.0,1999.3
0,857800,53300,15495.266,528.608,45.747231,31.998547,0.761743,0.02044,10.257046,10.257046,10.257046,10.257046,0.056421,3e-06,0.000588,5.412782,0.021174,-5.407158,74.166443,0.976302,1.202967,115.184723,115.178711,1.570413,15360.0,1.60066,114.495125,115.484146,4.168619,1008.0,14995.996094,1024.0,1024.0,175.080246,499800,64.0,1999.3
0,858600,53350,15509.137,528.608,33.897602,21.995396,0.679664,0.02044,8.746417,8.746417,8.746417,8.746417,0.039453,2e-06,0.004834,3.924982,0.019465,-3.919517,74.820381,0.976305,1.178042,105.522484,105.553207,1.456416,15360.0,1.32722,104.731453,104.548584,2.33625,1008.0,14996.049805,1024.0,1024.0,216.211914,499600,64.0,1999.3
0,859400,53400,15522.921,528.608,35.608143,23.595783,0.623861,0.02044,8.913265,8.913265,8.912882,8.912882,0.034215,2e-06,-0.014425,4.413778,0.016859,-4.38953,75.390068,0.976304,1.189892,102.162712,101.819031,1.271003,15360.0,1.293324,101.662491,99.895485,2.252063,1008.0,14996.021484,1024.0,1024.0,212.782684,499400,64.0,1999.3
0,860200,53450,15536.792,528.608,37.052238,25.251436,0.665204,0.02044,8.619168,8.619168,8.619168,8.619168,0.046898,3e-06,-0.017501,5.645682,0.020147,-5.646223,75.620163,0.976313,1.23057,118.352005,118.026649,1.523497,15360.0,1.403353,117.33802,117.068161,3.492171,1008.0,14996.173828,1024.0,1024.0,196.555099,499200,64.0,1999.3
0,861000,53500,15550.582,528.608,39.255909,26.877064,0.648865,0.02044,9.146095,9.146095,9.146095,9.146095,0.037332,3e-06,0.041719,5.564488,0.031512,-5.55303,76.390175,0.976317,1.21518,110.3452,111.024857,2.407206,15360.0,1.306444,107.849823,108.014641,2.999393,1008.0,14996.228516,1024.0,1024.0,158.228729,500000,64.0,1999.3
0,861800,53550,15564.377,528.608,46.945797,32.857559,0.800661,0.02044,10.477183,10.477183,10.477183,10.477183,0.066474,3e-06,-0.002008,6.220778,0.017068,-6.221567,76.485252,0.976301,1.284534,124.112114,124.160553,1.305426,15360.0,1.532375,123.297981,123.964973,3.470337,1008.0,14995.984375,1024.0,1024.0,218.737808,499800,64.0,1999.3
0,862600,53600,15578.232,528.608,41.341011,28.976557,0.718887,0.02044,9.072543,9.072543,9.072543,9.072543,0.049183,2e-06,0.005624,6.600558,0.014651,-6.613697,77.008179,0.976307,1.235543,126.624763,126.754219,1.128222,15360.0,1.347204,126.381149,125.396019,2.762542,1008.0,14996.068359,1024.0,1024.0,157.737961,499600,64.0,1999.3
0,863400,53650,15592.0,528.608,37.803982,25.025711,0.687926,0.02044,9.591057,9.591057,9.591057,9.591057,0.040445,2e-06,-0.023377,5.397809,0.013203,-5.395203,77.301048,0.976307,1.147473,110.016365,109.611542,1.020642,15360.0,1.318815,109.898819,108.438461,2.221792,1008.0,14996.080078,1024.0,1024.0,231.821457,499400,64.0,1999.3
0,864200,53700,15605.879,528.608,39.493793,26.942253,0.729692,0.02044,9.213371,9.213371,9.213371,9.213371,0.049343,3e-06,0.00834,6.560821,0.013645,-6.561368,77.547134,0.976309,1.256605,121.622421,121.79966,1.058108,15360.0,1.339178,121.002846,121.412392,2.176261,1008.0,14996.101562,1024.0,1024.0,166.586227,499200,64.0,1999.3
0,865000,53750,15619.662,528.608,41.202328,28.277163,0.743893,0.02044,9.5605,9.5605,9.560154,9.560154,0.043385,3e-06,-0.009037,6.26675,0.015192,-6.271935,77.968513,0.9763,1.256468,117.717369,117.648964,1.18451,15360.0,1.322819,117.234047,115.919228,2.30961,1008.0,14995.96875,1024.0,1024.0,192.111023,500000,64.0,1999.3
0,865800,53800,15633.449,528.608,47.073895,32.925739,0.676722,0.02044,10.80982,10.80982,10.80982,10.80982,0.045628,3e-06,-0.019096,6.515388,0.01272,-6.513752,78.322823,0.97632,1.167554,111.978439,111.763336,0.996274,15360.0,1.372465,111.718903,112.237556,2.615743,1008.0,14996.277344,1024.0,1024.0,200.525848,499800,64.0,1999.3
0,866600,53850,15647.263,528.608,40.747589,27.442736,0.653361,0.02044,9.965289,9.965289,9.965289,9.965289,0.034754,3e-06,-0.000112,6.802488,0.011375,-6.812196,78.200951,0.976304,1.273178,130.299896,130.348602,0.889555,15360.0,1.320574,129.47551,128.098907,2.244765,1008.0,14996.029297,1024.0,1024.0,264.151825,499600,64.0,1999.3
0,867400,53900,15661.164,528.608,35.55645,24.179531,0.680053,0.02044,8.204739,8.204739,8.204739,8.204739,0.045131,3e-06,-0.012049,6.498008,0.013683,-6.503135,78.259933,0.976323,1.245172,121.838707,121.722412,1.070819,15360.0,1.393639,121.461609,120.599106,2.188919,1008.0,14996.318359,1024.0,1024.0,239.940796,499400,64.0,1999.3
0,868200,53950,15674.969,528.608,46.710018,32.861702,0.685423,0.02044,10.536669,10.536669,10.536669,10.536669,0.046063,3e-06,-0.006795,6.575257,0.013151,-6.595704,78.941628,0.976314,1.163646,108.328323,108.259186,1.038125,15360.0,1.317559,107.76503,107.366562,2.743479,1008.0,14996.175781,1024.0,1024.0,199.344681,499200,64.0,1999.3
0,869000,54000,15688.868,528.608,33.67049,22.370882,0.675328,0.02044,8.132041,8.132041,8.132041,8.132041,0.041618,2e-06,-0.011613,6.059391,0.014516,-6.066999,79.491432,0.976309,1.231108,116.580429,116.459183,1.153912,15360.0,1.463658,116.111763,113.854179,3.254396,1008.0,14996.103516,1024.0,1024.0,223.20015,500000,64.0,1999.3
0,869800,54050,15702.661,528.608,41.210083,27.90365,0.713032,0.02044,10.043,10.043,10.043,10.043,0.043056,3e-06,-0.007758,6.556368,0.010644,-6.540909,79.737488,0.976303,1.165661,116.952316,116.929916,0.848712,15360.0,1.225864,116.460312,116.250534,1.5546,1008.0,14996.013672,1024.0,1024.0,192.311737,499800,64.0,1999.3
0,870600,54100,15716.458,528.608,40.958633,28.366991,0.631334,0.02044,9.324504,9.324504,9.324504,9.324504,0.031189,3e-06,0.046917,6.39453,0.021665,-6.429772,79.980438,0.976307,1.26139,111.080811,111.654724,1.732794,15360.0,1.248688,109.782394,109.711922,2.50646,1008.0,14996.073242,1024.0,1024.0,199.330154,499600,64.0,1999.3
0,871400,54150,15730.355,528.608,34.772427,23.097408,0.667277,0.02044,8.674266,8.674266,8.674266,8.674266,0.041007,2e-06,-0.007902,6.383698,0.011503,-6.380399,80.552467,0.976307,1.094518,108.400948,108.336777,0.926567,15360.0,1.196636,108.067993,107.358124,1.82913,1008.0,14996.068359,1024.0,1024.0,169.00116,499400,64.0,1999.3
0,872200,54200,15744.166,528.608,40.456253,26.974518,0.642559,0.02044,10.137827,10.137827,10.137827,10.137827,0.038153,3e-06,0.041395,6.78554,0.019894,-6.779328,80.6549,0.976302,1.243452,121.65403,122.224884,1.604569,15360.0,1.274256,120.643539,120.613029,1.971821,1008.0,14995.994141,1024.0,1024.0,204.016907,499200,64.0,1999.3
0,873000,54250,15758.05,528.608,42.294559,28.374304,0.710428,0.02044,10.680197,10.680197,10.680197,10.680197,0.043238,3e-06,-0.0017,6.283267,0.012434,-6.27295,81.099899,0.976311,1.068344,107.740562,107.840805,1.00839,15360.0,1.248425,107.263458,107.532959,2.068943,1008.0,14996.141602,1024.0,1024.0,228.319901,500000,64.0,1999.3
0,873800,54300,15771.758,528.608,33.898842,22.989672,0.619092,0.02044,7.858592,7.858592,7.858592,7.858592,0.032358,3e-06,0.026748,7.033624,0.018204,-7.02517,81.423477,0.976314,1.217071,122.672829,123.016792,1.482204,15360.0,1.27122,121.71254,121.673668,1.75069,1008.0,14996.189453,1024.0,1024.0,199.214905,499800,64.0,1999.3
0,874600,54350,15785.639,528.608,39.235817,26.297441,0.763528,0.02044,9.586002,9.586002,9.586002,9.586002,0.052563,2e-06,-0.007374,6.874202,0.019914,-6.885075,81.639229,0.97631,1.230958,123.129852,123.056396,1.625802,15360.0,1.287412,122.981354,121.903954,2.678331,1008.0,14996.119141,1024.0,1024.0,203.043182,499600,64.0,1999.3
0,875400,54400,15825.638,544.285,35.928585,23.931824,0.71954,0.02044,8.827402,8.827402,8.827402,8.827402,0.052035,3e-06,0.004153,7.190758,0.010042,-7.221526,81.814758,0.97632,1.18408,125.647316,125.79039,0.821593,15360.0,1.194684,125.222878,125.108231,1.546197,1008.0,14996.267578,1024.0,1024.0,193.005035,499400,64.0,1999.3
0,876200,54450,15839.56,544.285,43.615898,29.811356,0.688979,0.02044,10.53262,10.53262,10.53262,10.53262,0.039053,3e-06,-0.001719,7.029694,0.011448,-7.035163,82.04847,0.976307,1.066915,114.077644,114.084053,0.939266,15360.0,1.480151,113.318016,113.992966,3.229802,1008.0,14996.078125,1024.0,1024.0,193.188354,499200,64.0,1999.3
0,877000,54500,15853.45,544.285,40.288471,27.218798,0.77242,0.02044,9.680048,9.680048,9.680048,9.680048,0.057111,3e-06,-0.005448,6.600264,0.01629,-6.603364,81.818626,0.976297,1.188637,118.706459,118.717354,1.332853,15360.0,1.485244,118.349571,118.741302,3.819714,1008.0,14995.921875,1024.0,1024.0,228.735855,500000,64.0,1999.3
0,877800,54550,15867.172,544.285,32.747715,21.67976,0.661688,0.02044,7.850962,7.850962,7.850962,7.850962,0.045314,2e-06,-0.047424,6.720399,0.024843,-6.725001,81.966919,0.976306,1.308013,117.73204,117.215866,2.0363,15360.0,1.63059,117.96225,117.797615,4.433103,1008.0,14996.052734,1024.0,1024.0,186.798538,499800,64.0,1999.3
0,878600,54600,15880.968,544.285,34.953579,23.584549,0.638638,0.02044,8.314114,8.314114,8.313818,8.313818,0.039817,2e-06,-0.033697,6.927376,0.017621,-6.945187,82.153206,0.976312,1.203766,126.665031,126.240715,1.44765,15360.0,1.314534,126.593529,124.893814,3.072837,1008.0,14996.144531,1024.0,1024.0,151.862701,499600,64.0,1999.3
0,879400,54650,15894.868,544.285,33.191147,21.873802,0.640046,0.02044,8.300438,8.300438,8.300438,8.300438,0.034986,2e-06,0.006374,6.442293,0.012563,-6.449944,82.61454,0.976301,1.169981,116.687653,116.79467,1.037884,15360.0,1.166733,116.150154,115.656708,1.354171,1008.0,14995.988281,1024.0,1024.0,191.26857,499400,64.0,1999.3
0,880200,54700,15908.752,544.285,40.463169,27.382256,0.725661,0.02044,9.634799,9.634799,9.63453,9.63453,0.038479,3e-06,-0.002036,6.404426,0.025216,-6.373613,82.84861,0.976291,1.296664,116.86042,117.035324,2.089087,15360.0,1.473024,116.067665,114.350937,4.011962,1008.0,14995.830078,1024.0,1024.0,182.2845,499200,64.0,1999.3
0,881000,54750,15922.534,544.285,40.133579,27.842604,0.713917,0.02044,8.862555,8.862555,8.862555,8.862555,0.044284,3e-06,-0.004261,6.987593,0.020751,-6.976321,82.451553,0.976304,1.310814,128.041061,128.013519,1.71093,15360.0,1.670853,127.243935,128.553696,4.614939,1008.0,14996.035156,1024.0,1024.0,258.504822,500000,64.0,1999.3
0,881800,54800,15936.31,544.285,37.406837,25.32056,0.657436,0.02044,8.861084,8.861084,8.861084,8.861084,0.039512,3e-06,-0.015604,6.607267,0.017218,-6.612414,82.304558,0.976295,1.242945,117.806007,117.589401,1.417151,15360.0,1.446231,117.302139,115.421867,2.973672,1008.0,14995.888672,1024.0,1024.0,230.295181,499800,64.0,1999.3
0,882600,54850,15950.198,544.285,37.270432,24.821609,0.674359,0.02044,9.069158,9.069158,9.069158,9.069158,0.04362,2e-06,0.056489,6.392497,0.022775,-6.365501,82.494949,0.976313,1.291183,120.70974,121.428047,1.87883,15360.0,1.434249,119.337997,117.91227,3.311434,1008.0,14996.166016,1024.0,1024.0,198.56694,499600,64.0,1999.3
0,883400,54900,15963.985,544.285,42.485355,28.733397,0.749438,0.02044,10.367687,10.367687,10.367687,10.367687,0.058859,3e-06,0.01163,6.544008,0.013363,-6.546073,82.776115,0.976296,1.180404,124.425179,124.807426,1.10614,15360.0,1.285305,123.927406,123.418701,1.857961,1008.0,14995.90625,1024.0,1024.0,224.461548,499400,64.0,1999.3
0,884200,54950,15977.855,544.285,36.877686,24.637817,0.638695,0.02044,8.90543,8.90543,8.90543,8.90543,0.036433,2e-06,0.046291,6.32502,0.023339,-6.317781,82.112,0.976302,1.323811,122.164124,122.977707,1.916442,15360.0,1.382188,120.932571,121.204544,2.410132,1008.0,14995.994141,1024.0,1024.0,183.547836,499200,64.0,1999.3
0,885000,55000,15991.73,544.285,37.387009,25.358185,0.585067,0.02044,8.874918,8.874918,8.874804,8.874804,0.027884,3e-06,0.011531,5.651285,0.024692,-5.641839,81.619591,0.97631,1.214518,106.187653,106.069962,2.01538,15360.0,1.449535,104.857536,104.832893,3.3973,1008.0,14996.115234,1024.0,1024.0,160.683716,500000,64.0,1999.3
0,885800,55050,16005.516,544.285,36.420456,24.729815,0.66256,0.02044,8.387051,8.387051,8.386969,8.386969,0.04211,3e-06,0.034447,6.626136,0.021899,-6.626204,81.728592,0.976302,1.316216,131.540482,132.151199,1.789794,15360.0,1.43741,130.573944,129.491501,2.551254,1008.0,14995.994141,1024.0,1024.0,169.804367,499800,64.0,1999.3
0,886600,55100,16019.305,544.285,32.853916,21.497234,0.603912,0.02044,8.223016,8.223016,8.223016,8.223016,0.032589,2e-06,-0.002899,6.151608,0.018444,-6.163261,81.679642,0.976314,1.285182,118.586479,118.599419,1.506485,15360.0,1.349099,117.852066,117.721031,2.210284,1008.0,14996.177734,1024.0,1024.0,247.000641,499600,64.0,1999.3
0,887400,55150,16033.179,544.285,36.858898,24.161301,0.7093,0.02044,9.30008,9.30008,9.30008,9.30008,0.04477,2e-06,0.01445,6.230046,0.01979,-6.201967,80.639122,0.976308,1.298461,123.589729,123.615227,1.595843,15360.0,1.416192,123.16098,123.167419,2.347366,1008.0,14996.09375,1024.0,1024.0,261.56012,499400,64.0,1999.3
0,888200,55200,16046.978,544.285,34.954208,23.164948,0.761501,0.02044,8.445051,8.445051,8.445051,8.445051,0.06237,4e-06,-0.005899,6.68231,0.016373,-6.686815,80.837082,0.976318,1.300319,134.820618,134.666595,1.323536,15360.0,1.411141,134.403625,133.808167,2.815099,1008.0,14996.238281,1024.0,1024.0,193.685516,499200,64.0,1999.3
0,889000,55250,16060.774,544.285,35.331833,23.411175,0.704457,0.02044,8.67824,8.67824,8.67824,8.67824,0.046756,3e-06,-0.000236,6.329374,0.018314,-6.334633,80.119667,0.976303,1.245078,124.550591,124.660866,1.467306,15360.0,1.349511,123.760628,122.458313,2.181937,1008.0,14996.017578,1024.0,1024.0,241.059204,500000,64.0,1999.3
0,889800,55300,16074.567,544.285,36.985153,25.152985,0.659412,0.02044,8.672021,8.672021,8.672021,8.672021,0.037369,2e-06,-1.4e-05,5.900638,0.016611,-5.9092,81.055321,0.97631,1.214127,112.265945,112.289902,1.346372,15360.0,1.329916,111.53112,110.554161,2.097287,1008.0,14996.126953,1024.0,1024.0,168.49704,499800,64.0,1999.3
0,890600,55350,16088.356,544.285,36.623627,24.175484,0.654423,0.02044,9.075789,9.075789,9.075789,9.075789,0.040657,2e-06,0.024199,5.637095,0.033071,-5.649327,79.943336,0.976308,1.35777,117.057198,117.587807,2.643806,15360.0,1.359812,115.945152,116.385559,3.070237,1008.0,14996.097656,1024.0,1024.0,189.094116,499600,64.0,1999.3
0,891400,55400,16102.245,544.285,35.377781,23.735228,0.634013,0.02044,8.465652,8.465652,8.465652,8.465652,0.038209,2e-06,0.007392,5.978166,0.018335,-5.965234,80.650581,0.976312,1.283455,119.045418,119.453712,1.47875,15360.0,1.283461,118.109383,117.746422,1.789113,1008.0,14996.154297,1024.0,1024.0,198.775085,499400,64.0,1999.3
0,892200,55450,16116.12,544.285,37.944725,25.653111,0.674254,0.02044,9.016581,9.016581,9.016581,9.016581,0.043189,2e-06,0.016489,6.379189,0.018669,-6.353242,80.170311,0.976303,1.273447,122.459564,122.568138,1.496695,15360.0,1.295819,121.845261,121.641792,2.047518,1008.0,14996.011719,1024.0,1024.0,245.618225,499200,64.0,1999.3
0,893000,55500,16129.92,544.285,39.51807,26.428106,0.792668,0.02044,9.632816,9.632816,9.632816,9.632816,0.056878,3e-06,-0.014056,5.900886,0.022489,-5.891382,80.369003,0.976308,1.290267,114.065071,113.848862,1.807395,15360.0,1.348498,113.310158,112.378136,2.660161,1008.0,14996.095703,1024.0,1024.0,238.925568,500000,64.0,1999.3
0,893800,55550,16143.691,544.285,39.950409,27.164616,0.679537,0.02044,9.551967,9.551967,9.551967,9.551967,0.038227,3e-06,-0.012238,5.883579,0.020916,-5.890834,80.429886,0.976299,1.202536,107.570107,107.421394,1.682271,15360.0,1.294505,107.31311,106.74929,2.460932,1008.0,14995.958984,1024.0,1024.0,263.503418,499800,64.0,1999.3
0,894600,55600,16157.494,544.285,34.207096,22.364592,0.651492,0.02044,8.697805,8.697805,8.697805,8.697805,0.037661,2e-06,0.005587,6.201014,0.013336,-6.206284,80.125908,0.976309,1.212892,119.11554,119.115341,1.068597,15360.0,1.281692,118.359612,117.940811,1.725679,1008.0,14996.099609,1024.0,1024.0,173.06958,499600,64.0,1999.3
0,895400,55650,16171.366,544.285,44.73135,30.871189,0.673452,0.02044,10.490191,10.490191,10.490191,10.490191,0.040371,3e-06,-0.00627,6.754352,0.013683,-6.75879,81.601387,0.97632,1.2207,116.69957,116.63855,1.11656,15360.0,1.375414,116.292282,116.171524,2.416676,1008.0,14996.28125,1024.0,1024.0,169.820847,499400,64.0,1999.3
0,896200,55700,16185.166,544.285,42.408443,28.470547,0.683881,0.02044,10.475197,10.475197,10.475197,10.475197,0.041248,3e-06,0.018047,6.534585,0.022456,-6.536889,82.704536,0.976307,1.290076,121.18071,121.456612,1.857177,15360.0,1.342443,119.674736,120.151093,2.786187,1008.0,14996.068359,1024.0,1024.0,248.861618,499200,64.0,1999.3
0,897000,55750,16198.945,544.285,38.858829,26.544899,0.677672,0.02044,9.04117,9.04117,9.04117,9.04117,0.041174,2e-06,0.001873,6.772785,0.013853,-6.75797,83.133423,0.976312,1.265236,122.542679,122.547241,1.151637,15360.0,1.344745,122.248466,120.898834,2.131021,1008.0,14996.150391,1024.0,1024.0,212.56427,500000,64.0,1999.3
0,897800,55800,16212.731,544.285,39.55439,27.129236,0.735268,0.02044,9.168188,9.168188,9.167974,9.167974,0.045641,2e-06,-0.003302,6.42662,0.018838,-6.410061,83.602943,0.97631,1.207729,106.172638,106.073921,1.574904,15360.0,1.266707,105.332306,104.235123,2.454694,1008.0,14996.115234,1024.0,1024.0,153.888931,499800,64.0,1999.3
0,898600,55850,16226.603,544.285,44.260307,30.861012,0.680763,0.02044,10.053473,10.053473,10.053473,10.053473,0.036964,2e-06,-0.00948,6.795957,0.014969,-6.798586,84.237823,0.976312,1.215434,113.104759,112.950249,1.260995,15360.0,1.444385,112.633034,112.718788,3.099086,1008.0,14996.154297,1024.0,1024.0,222.521027,499600,64.0,1999.3
0,899400,55900,16240.4,544.285,34.672153,22.962364,0.641784,0.02044,8.586021,8.586021,8.585843,8.585843,0.040687,2e-06,-0.011782,6.674817,0.016071,-6.678841,84.875656,0.976313,1.21446,120.24099,120.062973,1.364007,15360.0,1.334222,119.665306,118.462372,2.714942,1008.0,14996.166016,1024.0,1024.0,195.38382,499400,64.0,1999.3
0,900200,55950,16280.468,559.87,34.661873,23.786358,0.700478,0.02044,7.872166,7.872166,7.872148,7.872148,0.044497,2e-06,-0.009385,6.651748,0.012603,-6.640946,85.759911,0.976299,1.111039,111.750862,111.604675,1.080792,15360.0,1.31187,110.765701,109.956596,2.159762,1008.0,14995.958984,1024.0,1024.0,193.909622,499200,64.0,1999.3
0,901000,56000,16294.401,559.87,36.535172,24.437342,0.655374,0.02044,9.007092,9.007092,9.007092,9.007092,0.033285,2e-06,-0.016159,6.949659,0.008879,-6.957756,86.099976,0.976311,1.146728,119.797531,119.604019,0.764476,15360.0,1.278819,119.458458,118.468369,1.609147,1008.0,14996.140625,1024.0,1024.0,258.896271,500000,64.0,1999.3
0,901800,56050,16308.345,559.87,43.390385,29.916718,0.682395,0.02044,10.178063,10.178063,10.178063,10.178063,0.043456,3e-06,0.001111,7.089472,0.014365,-7.092096,86.418381,0.976315,1.174505,110.890976,110.912987,1.241432,15360.0,1.331145,110.367935,109.744537,2.279706,1008.0,14996.205078,1024.0,1024.0,284.735199,499800,64.0,1999.3
0,902600,56100,16322.373,559.87,38.189896,25.76598,0.794227,0.02044,8.986584,8.986584,8.986584,8.986584,0.062044,2e-06,0.025169,7.052968,0.016075,-7.04323,86.97464,0.976313,1.227822,110.370857,110.708664,1.398129,15360.0,1.570058,109.405495,110.94915,3.312616,1008.0,14996.166016,1024.0,1024.0,172.292816,499600,64.0,1999.3
0,903400,56150,16336.321,559.87,32.923233,22.03083,0.637668,0.02044,7.7335,7.7335,7.733279,7.733279,0.036207,2e-06,-0.01339,6.823991,0.020557,-6.825681,86.618103,0.976314,1.318178,112.47683,112.286018,1.780581,15360.0,1.408851,111.67292,110.856392,2.5783,1008.0,14996.1875,1024.0,1024.0,181.894516,499400,64.0,1999.3
0,904200,56200,16350.228,559.87,42.301937,29.632776,0.703717,0.02044,9.184961,9.184961,9.184961,9.184961,0.052238,3e-06,0.000517,7.109532,0.02614,-7.111049,87.353027,0.9763,1.347943,107.741867,107.782967,2.283445,15360.0,1.643624,106.888199,105.130569,4.429407,1008.0,14995.970703,1024.0,1024.0,179.942825,499200,64.0,1999.3
0,905000,56250,16364.04,559.87,33.895142,22.490242,0.65444,0.02044,8.175783,8.175783,8.175624,8.175624,0.041079,2e-06,0.028763,6.916774,0.019025,-6.908848,87.934036,0.976311,1.313315,123.575317,123.999123,1.672969,15360.0,1.315256,122.700706,122.545654,1.774278,1008.0,14996.130859,1024.0,1024.0,272.344757,500000,64.0,1999.3
0,905800,56300,16377.845,559.87,40.420464,27.645901,0.710682,0.02044,9.445665,9.445665,9.445665,9.445665,0.038394,2e-06,-0.007418,7.341441,0.011177,-7.314832,88.329865,0.976311,1.239333,112.15332,112.105072,0.987244,15360.0,1.404314,111.816162,112.271271,2.486813,1008.0,14996.134766,1024.0,1024.0,242.085739,499800,64.0,1999.3
0,906600,56350,16391.663,559.87,40.058861,27.419476,0.632576,0.02044,9.476943,9.476943,9.476943,9.476943,0.031128,3e-06,-0.027074,7.132588,0.012341,-7.136775,88.567688,0.976319,1.193089,94.40741,94.079353,1.093008,15360.0,1.319063,94.242409,92.792015,2.337919,1008.0,14996.261719,1024.0,1024.0,194.711472,499600,64.0,1999.3
0,907400,56400,16405.618,559.87,39.60173,27.193211,0.640893,0.02044,9.187871,9.187871,9.187871,9.187871,0.029928,2e-06,-0.025148,7.18744,0.016428,-7.213581,88.926102,0.976318,1.245457,106.037842,105.734924,1.460876,15360.0,1.400722,105.616684,104.814125,3.041017,1008.0,14996.238281,1024.0,1024.0,230.727524,499400,64.0,1999.3
0,908200,56450,16419.529,559.87,38.739597,26.18856,0.675169,0.02044,9.288653,9.288653,9.288564,9.288564,0.04305,2e-06,0.001059,7.147217,0.012371,-7.168971,88.999321,0.976308,1.250704,113.919518,114.006485,1.100983,15360.0,1.28716,113.501106,113.056908,1.853455,1008.0,14996.095703,1024.0,1024.0,220.074753,499200,64.0,1999.3
0,909000,56500,16433.58,559.87,38.453579,26.123924,0.692863,0.02044,9.266064,9.266064,9.266064,9.266064,0.042803,3e-06,-0.0218,7.119355,0.009414,-7.157888,89.395676,0.976306,1.060104,92.148338,91.925011,0.841588,15360.0,1.284585,91.914474,91.304375,2.021311,1008.0,14996.0625,1024.0,1024.0,299.582153,500000,64.0,1999.3
0,909800,56550,16447.519,559.87,36.242744,24.521103,0.704705,0.02044,8.492848,8.492848,8.492848,8.492848,0.052107,3e-06,-0.017841,7.258983,0.018187,-7.274625,90.026703,0.976314,1.26589,116.189919,115.987999,1.637308,15360.0,1.354367,115.93689,114.735168,2.532414,1008.0,14996.1875,1024.0,1024.0,207.671051,499800,64.0,1999.3
0,910600,56600,16461.447,559.87,39.138851,25.975149,0.663496,0.02044,9.945393,9.945393,9.945393,9.945393,0.042035,3e-06,-0.017338,7.231925,0.012166,-7.221678,90.387871,0.976303,1.137475,115.857414,115.717278,1.09963,15360.0,1.399001,115.442093,115.751595,3.000006,1008.0,14996.013672,1024.0,1024.0,202.554489,499600,64.0,1999.3
0,911400,56650,16475.272,559.87,34.716423,23.249811,0.609835,0.02044,8.420717,8.420717,8.420717,8.420717,0.031532,3e-06,0.021116,7.33387,0.013017,-7.333089,90.509148,0.976289,1.183843,121.754044,122.104095,1.178124,15360.0,1.228619,121.106598,121.570694,1.589067,1008.0,14995.794922,1024.0,1024.0,193.312698,499400,64.0,1999.3
0,912200,56700,16489.168,559.87,41.199257,27.77705,0.692623,0.02044,10.128564,10.128564,10.128564,10.128564,0.04694,3e-06,0.00614,7.364847,0.009125,-7.346001,90.863144,0.976312,1.187435,128.49115,128.610107,0.82912,15360.0,1.247152,128.0858,127.832321,1.846994,1008.0,14996.144531,1024.0,1024.0,283.093597,499200,64.0,1999.3
0,913000,56750,16502.985,559.87,39.443901,26.637695,0.702371,0.02044,9.623558,9.623558,9.623558,9.623558,0.035848,2e-06,0.005343,7.137694,0.013751,-7.152865,91.142563,0.976303,1.032501,101.766083,101.88047,1.253262,15360.0,1.53211,101.132599,103.123833,3.949326,1008.0,14996.009766,1024.0,1024.0,206.200333,500000,64.0,1999.3
0,913800,56800,16516.734,559.87,36.977867,24.942661,0.650184,0.02044,8.814161,8.814161,8.814161,8.814161,0.034118,2e-06,0.051921,7.180456,0.019617,-7.195495,91.466858,0.976308,1.203471,119.572433,120.301468,1.794342,15360.0,1.378702,118.35408,118.330093,3.168469,1008.0,14996.089844,1024.0,1024.0,259.166382,499800,64.0,1999.3
0,914600,56850,16530.665,559.87,39.943672,27.229778,0.607814,0.02044,9.533112,9.533112,9.533112,9.533112,0.030493,2e-06,0.030122,7.201656,0.02256,-7.219055,91.703239,0.976307,1.185748,100.995659,101.572578,2.068811,15360.0,1.277828,99.74556,100.039314,2.979488,1008.0,14996.070312,1024.0,1024.0,222.547668,499600,64.0,1999.3
0,915400,56900,16544.474,559.87,39.292282,26.276226,0.713908,0.02044,9.695092,9.695092,9.695092,9.695092,0.047493,3e-06,-0.012947,7.434662,0.01088,-7.413964,91.953743,0.976298,1.209858,122.138153,122.031776,1.000418,15360.0,1.400649,121.948158,122.610008,2.418456,1008.0,14995.931641,1024.0,1024.0,224.857986,499400,64.0,1999.3
0,916200,56950,16558.391,559.87,45.774372,31.2959,0.70249,0.02044,11.11747,11.11747,11.11747,11.11747,0.042578,2e-06,0.009431,7.55328,0.014562,-7.524998,92.27047,0.97631,1.146176,95.987915,96.163742,1.343618,15360.0,1.235728,95.643158,94.245155,2.033972,1008.0,14996.121094,1024.0,1024.0,189.799652,499200,64.0,1999.3
0,917000,57000,16572.189,559.87,41.614582,28.742626,0.636096,0.02044,9.774249,9.774249,9.774249,9.774249,0.031474,3e-06,-0.038057,7.444845,0.01315,-7.442101,92.744431,0.976316,1.027355,86.177689,85.742233,1.21961,15360.0,1.581489,86.205902,84.688469,3.459062,1008.0,14996.21875,1024.0,1024.0,167.593414,500000,64.0,1999.3
0,917800,57050,16585.988,559.87,40.483124,27.327118,0.619883,0.02044,9.961385,9.961385,9.961385,9.961385,0.031593,2e-06,0.002785,7.357596,0.009855,-7.360447,92.997681,0.976297,1.170105,105.957733,106.038788,0.91652,15360.0,1.284228,105.572105,104.98188,1.767073,1008.0,14995.927734,1024.0,1024.0,214.006393,499800,64.0,1999.3
0,918600,57100,16599.885,559.87,34.756802,22.838999,0.775215,0.02044,8.716479,8.716479,8.716479,8.716479,0.060926,3e-06,-0.008084,7.415883,0.00733,-7.418493,93.106949,0.9763,1.158343,116.742325,116.66272,0.68251,15360.0,1.279212,116.658745,115.767433,1.743051,1008.0,14995.960938,1024.0,1024.0,205.846191,499600,64.0,1999.3
0,919400,57150,16613.68,559.87,41.962349,28.261728,0.6922,0.02044,10.220247,10.220247,10.220247,10.220247,0.042397,2e-06,0.004871,7.466791,0.010184,-7.460141,92.702362,0.976303,1.261907,115.379173,115.486069,0.944088,15360.0,1.596427,115.149651,113.536629,3.242659,1008.0,14996.011719,1024.0,1024.0,194.339767,499400,64.0,1999.3
0,920200,57200,16627.487,559.87,38.881546,26.240112,0.683866,0.02044,9.502634,9.502634,9.502634,9.502634,0.037005,2e-06,-0.00565,7.535528,0.008554,-7.538268,93.491158,0.976304,1.108309,100.229439,100.193306,0.799715,15360.0,1.271906,99.92614,99.359566,1.45654,1008.0,14996.02832,1024.0,1024.0,242.801941,499200,64.0,1999.3
0,921000,57250,16641.383,559.87,38.612583,26.695951,0.680654,0.02044,8.702736,8.702736,8.702736,8.702736,0.041102,2e-06,0.007846,7.524379,0.012692,-7.518338,93.809761,0.976306,1.231291,102.895157,103.036613,1.190589,15360.0,1.344636,102.409805,102.226585,1.662459,1008.0,14996.058594,1024.0,1024.0,197.052216,500000,64.0,1999.3
0,921800,57300,16655.326,559.87,38.055733,25.547062,0.641366,0.02044,9.234665,9.234665,9.234665,9.234665,0.038889,3e-06,0.023025,7.444942,0.011747,-7.43117,94.057159,0.976307,1.218097,124.497551,124.855995,1.104848,15360.0,1.492029,123.871361,122.209656,3.189368,1008.0,14996.069336,1024.0,1024.0,214.645325,499800,64.0,1999.3
0,922600,57350,16669.397,559.87,37.886406,25.080107,0.71831,0.02044,9.468061,9.468061,9.468061,9.468061,0.04758,2e-06,-0.002323,7.612388,0.00716,-7.621954,94.087852,0.976303,1.256126,115.681595,115.689156,0.67366,15360.0,1.329584,115.469826,114.824005,1.381059,1008.0,14996.013672,1024.0,1024.0,176.993103,499600,64.0,1999.3
0,923400,57400,16683.283,559.87,34.964886,23.339272,0.680852,0.02044,8.272552,8.272552,8.272511,8.272511,0.043952,3e-06,6.1e-05,7.457644,0.018473,-7.469089,94.330933,0.976297,1.346686,112.472588,112.554878,1.742596,15360.0,1.592561,111.518204,112.083977,3.394892,1008.0,14995.925781,1024.0,1024.0,249.678436,499400,64.0,1999.3
0,924200,57450,16697.233,559.87,43.198662,29.818348,0.662372,0.02044,10.068674,10.068674,10.068674,10.068674,0.03797,3e-06,-0.016078,7.707144,0.009536,-7.714875,94.417343,0.976309,1.232572,93.62738,93.469986,0.900384,15360.0,1.351541,93.569885,92.598274,1.803256,1008.0,14996.110352,1024.0,1024.0,235.25061,499200,64.0,1999.3
0,925000,57500,16711.166,559.87,39.226822,26.356417,0.758044,0.02044,9.319641,9.319641,9.319631,9.319631,0.054067,2e-06,-0.01707,7.530983,0.016606,-7.521559,94.637283,0.976309,1.355296,115.165207,114.983841,1.571572,15360.0,1.673628,114.848808,112.069221,3.663421,1008.0,14996.101562,1024.0,1024.0,189.968414,500000,64.0,1999.3
0,925800,57550,16751.137,575.532,42.494034,29.178846,0.741215,0.02044,9.864814,9.864814,9.864814,9.864814,0.049667,2e-06,0.002377,7.571304,0.010548,-7.561821,93.922058,0.976313,1.26603,103.110298,103.165894,0.990727,15360.0,1.446098,102.658524,102.549873,2.472502,1008.0,14996.171875,1024.0,1024.0,171.019226,499800,64.0,1999.3
0,926600,57600,16765.081,575.532,39.800488,27.266706,0.739537,0.02044,9.121553,9.121553,9.121553,9.121553,0.053795,3e-06,-0.0536,7.288878,0.024885,-7.292499,93.948029,0.976306,1.362202,105.314941,104.506493,2.337878,15360.0,1.438311,105.354729,103.174301,3.070236,1008.0,14996.056641,1024.0,1024.0,216.897232,499600,64.0,1999.3
0,927400,57650,16778.926,575.532,43.71986,29.507317,0.824235,0.02044,10.462179,10.462179,10.462179,10.462179,0.068378,6e-06,-0.005179,7.491202,0.016337,-7.522316,94.546951,0.976268,1.383046,122.353119,122.309792,1.544592,15360.0,1.605337,122.452164,124.093536,3.964712,1008.0,14995.474609,1024.0,1024.0,256.878632,499400,64.0,1999.3
0,928200,57700,16792.855,575.532,32.418678,21.050068,0.706904,0.02044,8.107374,8.107374,8.107374,8.107374,0.052528,2e-06,-0.005071,7.414043,0.007342,-7.43139,94.034973,0.976303,1.321762,143.177185,143.144119,0.690379,15360.0,1.354878,142.947449,142.649506,1.439732,1008.0,14996.009766,1024.0,1024.0,289.983643,499200,64.0,1999.3
0,929000,57750,16806.723,575.532,36.693417,24.716688,0.723029,0.02044,8.690699,8.690699,8.690699,8.690699,0.046892,2e-06,-0.014772,7.492617,0.010911,-7.479452,94.718033,0.976305,1.268578,110.247772,110.102814,1.033495,15360.0,1.398957,109.944649,108.991982,1.943959,1008.0,14996.045898,1024.0,1024.0,235.071594,500000,64.0,1999.3
0,929800,57800,16820.603,575.532,38.442852,25.443527,0.670955,0.02044,9.614428,9.614428,9.614428,9.614428,0.041482,2e-06,-0.004561,7.248486,0.011091,-7.258274,94.989296,0.976308,1.322534,121.885277,121.853828,1.05357,15360.0,1.380281,121.554062,120.808403,1.822206,1008.0,14996.091797,1024.0,1024.0,191.014145,499800,64.0,1999.3
0,930600,57850,16834.458,575.532,36.510025,24.682116,0.668158,0.02044,8.392205,8.392205,8.392205,8.392205,0.051629,2e-06,-0.025688,6.886972,0.021023,-6.878268,95.251663,0.976311,1.434937,118.084389,117.459785,2.00246,15360.0,1.662119,117.886307,116.073456,4.31746,1008.0,14996.128906,1024.0,1024.0,182.451508,499600,64.0,1999.3
0,931400,57900,16848.41,575.532,36.35107,23.669849,0.684172,0.02044,9.336945,9.336945,9.336945,9.336945,0.042377,2e-06,0.013156,7.312883,0.01309,-7.339502,95.458023,0.976312,1.274367,104.553505,104.805695,1.249542,15360.0,1.394837,103.934776,103.830719,2.513095,1008.0,14996.152344,1024.0,1024.0,207.269684,499400,64.0,1999.3
0,932200,57950,16862.365,575.532,40.398373,27.271442,0.676128,0.02044,9.596829,9.596829,9.596829,9.596829,0.041327,3e-06,0.011201,7.322304,0.016673,-7.308537,95.738113,0.976309,1.363786,109.87883,110.121506,1.596285,15360.0,1.662882,108.824646,109.175316,3.764006,1008.0,14996.105469,1024.0,1024.0,219.622314,499200,64.0,1999.3
0,933000,58000,16876.231,575.532,39.424171,26.19071,0.651031,0.02044,9.87288,9.87288,9.87288,9.87288,0.034415,2e-06,0.00425,7.432549,0.009257,-7.420125,95.621468,0.976313,1.297516,116.110054,116.238075,0.885131,15360.0,1.333519,115.514191,115.30584,1.331338,1008.0,14996.166992,1024.0,1024.0,166.232559,500000,64.0,1999.3
0,933800,58050,16890.08,575.532,42.968872,28.973257,0.666056,0.02044,10.348952,10.348952,10.348952,10.348952,0.035777,2e-06,-0.007602,7.485696,0.016874,-7.487784,95.504433,0.976318,1.38105,103.749893,103.708649,1.611501,15360.0,1.839412,103.295921,105.89872,4.603369,1008.0,14996.238281,1024.0,1024.0,313.064941,499800,64.0,1999.3
0,934600,58100,16904.011,575.532,35.085304,23.726326,0.617861,0.02044,8.192503,8.192503,8.192503,8.192503,0.038482,2e-06,0.005719,7.245063,0.013721,-7.223407,95.504379,0.976312,1.268634,121.421471,121.507889,1.310416,15360.0,1.448573,120.835976,120.396164,2.417132,1008.0,14996.148438,1024.0,1024.0,182.787354,499600,64.0,1999.3
0,935400,58150,16917.874,575.532,35.348461,23.619095,0.659305,0.02044,8.497733,8.497733,8.497733,8.497733,0.041639,2e-06,0.005246,7.304872,0.012894,-7.29086,95.410095,0.97631,1.286731,106.127136,106.20694,1.230205,15360.0,1.36712,105.520821,105.626587,1.918174,1008.0,14996.113281,1024.0,1024.0,152.208023,499400,64.0,1999.3
0,936200,58200,16931.73,575.532,42.24556,28.461033,0.665982,0.02044,10.302155,10.302155,10.302155,10.302155,0.037035,2e-06,0.032482,7.309605,0.015494,-7.313901,95.187538,0.976311,1.324781,100.117096,100.657982,1.474849,15360.0,1.361576,99.432999,100.081123,1.865814,1008.0,14996.134766,1024.0,1024.0,225.07016,499200,64.0,1999.3
0,937000,58250,16945.658,575.532,38.421223,25.827005,0.655309,0.02044,9.215581,9.215581,9.215581,9.215581,0.036041,2e-06,0.032842,7.398792,0.013761,-7.40804,94.92598,0.9763,1.348359,111.156807,111.613022,1.306306,15360.0,1.333753,110.358902,110.207039,1.68934,1008.0,14995.964844,1024.0,1024.0,196.774246,500000,64.0,1999.3
0,937800,58300,16959.423,575.532,33.556843,22.421028,0.656852,0.02044,7.965485,7.965485,7.965485,7.965485,0.041608,2e-06,0.023618,7.305901,0.010918,-7.329662,94.672211,0.976308,1.260339,120.941879,121.322006,1.0336,15360.0,1.375104,120.204109,120.440285,1.79762,1008.0,14996.09375,1024.0,1024.0,215.827682,499800,64.0,1999.3
0,938600,58350,16973.378,575.532,30.943975,20.17461,0.650327,0.02044,7.74993,7.74993,7.749818,7.749818,0.037214,2e-06,0.006837,6.809847,0.01073,-6.821468,93.896805,0.97631,1.178373,100.627014,100.747162,1.007509,15360.0,1.294888,99.978683,99.89006,1.467152,1008.0,14996.123047,1024.0,1024.0,150.974045,499600,64.0,1999.3
0,939400,58400,16987.243,575.532,40.882515,27.267576,0.617615,0.02044,10.009821,10.009821,10.009563,10.009563,0.035394,2e-06,0.084456,6.790961,0.025664,-6.780535,92.865128,0.976307,1.374325,104.146179,105.398209,2.383256,15360.0,1.691001,102.611877,103.910583,4.586553,1008.0,14996.068359,1024.0,1024.0,203.169952,499400,64.0,1999.3
0,940200,58450,17001.201,575.532,38.115143,25.805901,0.674587,0.02044,8.948738,8.948738,8.948738,8.948738,0.048457,3e-06,0.029755,6.985369,0.016475,-7.006279,91.792694,0.976303,1.27311,108.694466,109.056854,1.512261,15360.0,1.559114,108.029831,109.519615,3.532215,1008.0,14996.019531,1024.0,1024.0,210.311935,499200,64.0,1999.3
0,941000,58500,17015.149,575.532,43.402679,29.344347,0.617114,0.02044,10.10617,10.10617,10.10617,10.10617,0.036279,3e-06,0.093001,6.759699,0.040685,-6.7695,89.05954,0.976307,1.669183,102.555,103.989716,3.623417,15360.0,1.806026,100.710106,100.216713,5.134003,1008.0,14996.082031,1024.0,1024.0,215.749023,500000,64.0,1999.3
0,941800,58550,17028.916,575.532,38.80558,26.117823,0.607217,0.02044,9.182589,9.182589,9.182589,9.182589,0.036033,2e-06,0.071514,6.443719,0.029744,-6.462513,85.153015,0.976308,1.428449,127.034523,128.279297,2.532799,15360.0,1.530964,125.341057,126.160858,3.552605,1008.0,14996.09375,1024.0,1024.0,233.522781,499800,64.0,1999.3
0,942600,58600,17042.897,575.532,35.149643,23.322544,0.668129,0.02044,8.386604,8.386604,8.386604,8.386604,0.043396,2e-06,0.063482,6.526346,0.023039,-6.53954,80.511299,0.976308,1.394783,135.209869,136.110718,1.854893,15360.0,1.516661,134.495148,133.979172,2.857441,1008.0,14996.091797,1024.0,1024.0,159.751877,499600,64.0,1999.3
0,943400,58650,17056.764,575.532,45.15929,30.770912,0.674101,0.02044,10.512506,10.512506,10.512506,10.512506,0.041756,2e-06,0.127288,6.144957,0.043946,-6.136751,76.187668,0.976318,1.514312,129.251022,131.537567,3.348141,15360.0,1.628282,126.889717,129.293701,4.407318,1008.0,14996.236328,1024.0,1024.0,220.429947,499400,64.0,1999.3
0,944200,58700,17070.713,575.532,40.664982,26.851934,0.734254,0.02044,9.966403,9.966403,9.966403,9.966403,0.051272,2e-06,0.126832,5.828945,0.046914,-5.839604,69.888763,0.976312,1.488875,129.58139,132.038696,3.278758,15360.0,1.598681,127.158806,129.885803,4.076278,1008.0,14996.158203,1024.0,1024.0,266.335205,499200,64.0,1999.3
0,945000,58750,17084.556,575.532,35.808292,23.721325,0.645345,0.02044,8.637877,8.637877,8.637877,8.637877,0.03119,2e-06,0.054673,5.328835,0.039462,-5.312933,65.163803,0.976306,1.419843,123.260849,124.449402,2.5715,15360.0,1.483329,121.118866,121.959671,2.641874,1008.0,14996.064453,1024.0,1024.0,191.38533,500000,64.0,1999.3
0,945800,58800,17098.401,575.532,38.625046,26.211117,0.610673,0.02044,9.061207,9.061207,9.060977,9.060977,0.03622,3e-06,0.041528,5.629933,0.042632,-5.628922,60.302383,0.976303,1.343352,127.429367,128.217575,2.570822,15360.0,1.435359,125.849121,126.432175,3.070251,1008.0,14996.016602,1024.0,1024.0,181.318604,499800,64.0,1999.3
0,946600,58850,17112.242,575.532,40.755573,27.222794,0.679304,0.02044,10.025311,10.025311,10.025311,10.025311,0.039034,2e-06,0.093683,5.611993,0.041748,-5.604092,56.849998,0.976304,1.294461,130.558823,132.018677,2.373395,15360.0,1.390161,128.370529,129.354523,3.035511,1008.0,14996.03125,1024.0,1024.0,183.927887,499600,64.0,1999.3
0,947400,58900,17126.14,575.532,36.987232,24.665764,0.656614,0.02044,8.991673,8.991673,8.991673,8.991673,0.045536,3e-06,0.047844,6.200276,0.030532,-6.198315,54.231003,0.976319,1.29036,135.894333,136.209244,1.655785,15360.0,1.384565,135.24855,135.052704,3.062045,1008.0,14996.253906,1024.0,1024.0,184.528778,499400,64.0,1999.3
0,948200,58950,17140.07,575.532,41.493076,28.495068,0.729911,0.02044,9.581684,9.581684,9.581598,9.581598,0.057533,2e-06,-0.028098,6.268999,0.041061,-6.271479,53.264633,0.976306,1.299853,132.710266,132.484756,2.187088,15360.0,1.453495,132.164902,130.900711,3.167388,1008.0,14996.066406,1024.0,1024.0,195.752075,499200,64.0,1999.3
0,949000,59000,17153.912,575.532,39.686359,26.925739,0.733613,0.02044,9.392292,9.392292,9.3914,9.3914,0.05364,2e-06,0.071699,5.755403,0.037485,-5.747993,52.930573,0.976315,1.202072,128.539032,129.457138,1.984094,15360.0,1.33759,126.770409,125.851784,3.048313,1008.0,14996.195312,1024.0,1024.0,198.664108,500000,64.0,1999.3
0,949800,59050,17167.743,575.532,36.328793,24.805195,0.664752,0.02044,8.259004,8.259004,8.258781,8.258781,0.046913,3e-06,0.112847,6.273861,0.037082,-6.27171,51.116997,0.9763,1.233372,134.01445,135.267624,1.895513,15360.0,1.3576,131.462799,131.615112,3.627335,1008.0,14995.974609,1024.0,1024.0,166.172073,499800,64.0,1999.3
0,950600,59100,17207.724,591.106,45.161163,30.809715,0.812096,0.02044,10.699752,10.699752,10.699752,10.699752,0.063576,3e-06,0.047406,5.695566,0.043412,-5.697304,50.430977,0.976308,1.269116,129.789429,130.365204,2.189296,15360.0,1.442216,128.25087,127.116035,3.182957,1008.0,14996.091797,1024.0,1024.0,200.356735,499600,64.0,1999.3
0,951400,59150,17221.668,591.106,39.331272,26.210609,0.796718,0.02044,9.643872,9.643872,9.643872,9.643872,0.066815,3e-06,0.03438,5.959855,0.033823,-5.993429,49.619926,0.976296,1.275463,136.255173,136.696884,1.678298,15360.0,1.284686,135.206421,135.856293,2.37265,1008.0,14995.904297,1024.0,1024.0,265.696106,499400,64.0,1999.3
0,952200,59200,17235.59,591.106,38.988491,26.17988,0.617027,0.02044,9.557096,9.557096,9.557096,9.557096,0.035068,2e-06,0.001161,5.414034,0.040141,-5.440158,50.058983,0.976302,1.231441,132.24202,132.074997,2.009425,15360.0,1.419122,130.985123,130.029587,3.473032,1008.0,14996.00293,1024.0,1024.0,239.300568,499200,64.0,1999.3
0,953000,59250,17249.434,591.106,35.344395,23.65308,0.662989,0.02044,8.51692,8.51692,8.516809,8.516809,0.038879,2e-06,0.047593,6.06306,0.028843,-6.062676,50.311852,0.97631,1.215221,134.728455,135.277664,1.451135,15360.0,1.254857,133.524918,133.584503,2.260863,1008.0,14996.117188,1024.0,1024.0,202.491638,500000,64.0,1999.3
0,953800,59300,17263.291,591.106,39.373314,26.538532,0.649641,0.02044,9.566788,9.566788,9.566788,9.566788,0.039435,2e-06,0.036137,5.831689,0.042123,-5.853471,50.264832,0.976303,1.223475,127.891617,128.319824,2.117301,15360.0,1.272064,125.809143,124.429367,3.361718,1008.0,14996.015625,1024.0,1024.0,182.965286,499800,64.0,1999.3
0,954600,59350,17277.255,591.106,40.723492,27.704678,0.774679,0.02044,9.592688,9.592688,9.592688,9.592688,0.061307,2e-06,0.010542,6.488022,0.032744,-6.511728,50.973038,0.976308,1.232332,130.872513,130.969833,1.669067,15360.0,1.429547,130.506241,129.280014,3.766029,1008.0,14996.089844,1024.0,1024.0,214.416138,499600,64.0,1999.3
0,955400,59400,17291.134,591.106,38.482918,26.263168,0.656409,0.02044,8.993853,8.993853,8.99374,8.99374,0.039537,2e-06,0.000581,6.151098,0.037647,-6.127787,51.269638,0.976303,1.243359,129.534119,129.520142,1.930158,15360.0,1.352419,128.293335,127.476318,2.615665,1008.0,14996.007812,1024.0,1024.0,190.738113,499400,64.0,1999.3
0,956200,59450,17304.985,591.106,42.28772,28.785978,0.716249,0.02044,10.103912,10.103912,10.103912,10.103912,0.0457,2e-06,0.021728,6.319498,0.031333,-6.288054,53.035301,0.976307,1.236476,131.782089,132.041336,1.661759,15360.0,1.308474,130.695602,129.13385,2.771473,1008.0,14996.078125,1024.0,1024.0,176.00708,499200,64.0,1999.3
0,957000,59500,17318.902,591.106,46.770073,31.904743,0.704501,0.02044,11.308927,11.308927,11.308927,11.308927,0.051683,3e-06,0.098166,6.166181,0.048961,-6.149707,52.091934,0.976305,1.207042,117.891655,118.870506,2.550479,15360.0,1.317872,116.417198,115.772812,4.461581,1008.0,14996.046875,1024.0,1024.0,242.854675,500000,64.0,1999.3
0,957800,59550,17332.659,591.106,35.883892,23.961887,0.637354,0.02044,8.806491,8.806491,8.806491,8.806491,0.036831,2e-06,0.046736,6.170469,0.028136,-6.180139,51.489395,0.976315,1.158084,128.444992,128.879486,1.448685,15360.0,1.24083,127.353973,126.656876,2.815031,1008.0,14996.203125,1024.0,1024.0,203.274384,499800,64.0,1999.3
0,958600,59600,17346.593,591.106,38.417351,25.999023,0.708668,0.02044,9.218321,9.218321,9.218321,9.218321,0.054504,2e-06,0.005917,6.063034,0.030906,-6.043011,51.917915,0.976305,1.161075,130.936523,130.990845,1.604585,15360.0,1.273572,129.732651,128.897614,2.857964,1008.0,14996.041992,1024.0,1024.0,211.733276,499600,64.0,1999.3
0,959400,59650,17360.452,591.106,35.52388,24.064978,0.604915,0.02044,8.347755,8.347755,8.347485,8.347485,0.033696,2e-06,0.031953,5.603195,0.034037,-5.585501,52.331093,0.976308,1.237174,130.124542,130.548004,1.781206,15360.0,1.27297,128.517487,128.564392,2.307584,1008.0,14996.085938,1024.0,1024.0,172.979034,499400,64.0,1999.3
0,960200,59700,17374.398,591.106,36.783615,24.587456,0.717147,0.02044,8.98239,8.98239,8.98239,8.98239,0.049919,3e-06,0.010296,5.619083,0.028104,-5.637827,51.916176,0.976324,1.197814,131.238434,131.347763,1.459063,15360.0,1.232769,130.138809,128.852203,2.405625,1008.0,14996.333984,1024.0,1024.0,181.921005,499200,64.0,1999.3
0,961000,59750,17388.32,591.106,39.391796,26.981565,0.732112,0.02044,9.058385,9.058385,9.058385,9.058385,0.055423,2e-06,0.041934,5.706255,0.038371,-5.694177,50.706429,0.976307,1.246554,130.702835,131.388046,1.945642,15360.0,1.349898,129.662506,128.401077,3.163345,1008.0,14996.077148,1024.0,1024.0,192.419586,500000,64.0,1999.3
0,961800,59800,17402.105,591.106,43.235638,29.408922,0.742211,0.02044,10.337646,10.337646,10.337646,10.337646,0.04218,2e-06,0.051148,4.650031,0.042014,-4.647873,52.19178,0.976305,1.234138,130.972244,131.811508,2.192782,15360.0,1.357892,129.129196,128.578247,3.288243,1008.0,14996.037109,1024.0,1024.0,179.660767,499800,64.0,1999.3
0,962600,59850,17416.044,591.106,41.29422,28.164337,0.649641,0.02044,9.894469,9.894469,9.894469,9.894469,0.035645,3e-06,0.043962,4.197196,0.037617,-4.189182,51.590736,0.976288,1.171668,128.19603,128.946106,1.940684,15360.0,1.200837,125.570625,125.835693,2.740501,1008.0,14995.783203,1024.0,1024.0,200.327774,499600,64.0,1999.3
0,963400,59900,17429.881,591.106,37.101364,25.090475,0.673568,0.02044,8.84841,8.84841,8.847603,8.847603,0.046821,3e-06,0.01646,4.994689,0.029968,-5.010682,49.950928,0.976328,1.191267,136.168076,136.469818,1.496936,15360.0,1.253004,134.854706,135.827515,2.516497,1008.0,14996.396484,1024.0,1024.0,219.772079,499400,64.0,1999.3
0,964200,59950,17443.806,591.106,42.310474,28.54224,0.832224,0.02044,10.27513,10.27513,10.27513,10.27513,0.063243,2e-06,0.029599,4.586717,0.032633,-4.590364,48.932137,0.976305,1.188686,135.025574,135.599869,1.596784,15360.0,1.315469,133.488159,132.208832,3.323833,1008.0,14996.050781,1024.0,1024.0,167.408051,499200,64.0,1999.3
0,965000,60000,17457.64,591.106,41.366737,28.355507,0.714994,0.02044,9.726969,9.726969,9.726858,9.726858,0.050522,2e-06,0.021459,4.998153,0.029795,-5.003554,47.118805,0.976313,1.155764,134.254333,134.511887,1.403911,15360.0,1.329688,133.179169,132.409775,2.852441,1008.0,14996.173828,1024.0,1024.0,199.000504,500000,64.0,1999.3
0,965800,60050,17471.465,591.106,34.918247,23.618509,0.634313,0.02044,8.272257,8.272257,8.271881,8.271881,0.04074,2e-06,0.01682,4.604991,0.03276,-4.581893,45.655136,0.976297,1.157036,133.63147,133.780472,1.495662,15360.0,1.238825,132.645752,131.425323,2.335364,1008.0,14995.927734,1024.0,1024.0,201.801666,499800,64.0,1999.3
0,966600,60100,17485.291,591.106,42.984657,29.910252,0.687594,0.02044,9.81299,9.81299,9.81299,9.81299,0.047259,3e-06,0.030486,3.861692,0.04105,-3.864132,45.447258,0.976323,1.158119,128.231064,129.001648,1.865616,15360.0,1.278257,126.926956,125.480446,3.234246,1008.0,14996.318359,1024.0,1024.0,250.11937,499600,64.0,1999.3
0,967400,60150,17499.214,591.106,34.313107,22.715096,0.618673,0.02044,8.547577,8.547577,8.547577,8.547577,0.036275,2e-06,0.02136,4.691857,0.027566,-4.664871,44.423409,0.976314,1.183478,139.327072,139.620651,1.224583,15360.0,1.172413,138.131958,137.615494,1.974727,1008.0,14996.183594,1024.0,1024.0,211.519806,499400,64.0,1999.3
0,968200,60200,17513.152,591.106,36.915352,25.230812,0.750705,0.02044,8.47826,8.47826,8.47826,8.47826,0.054684,2e-06,0.020569,5.129748,0.028521,-5.129589,44.458809,0.976313,1.174299,135.967804,136.089951,1.268019,15360.0,1.308136,134.868134,135.649994,2.563547,1008.0,14996.169922,1024.0,1024.0,186.234604,499200,64.0,1999.3
0,969000,60250,17527.019,591.106,39.80809,26.868233,0.689925,0.02044,9.705707,9.705707,9.705707,9.705707,0.04657,2e-06,0.0401,3.464902,0.041278,-3.463128,44.334038,0.976307,1.162032,132.094269,132.919098,1.830034,15360.0,1.170274,129.705627,129.819122,2.728384,1008.0,14996.080078,1024.0,1024.0,217.455902,500000,64.0,1999.3
0,969800,60300,17540.859,591.106,37.309433,24.573376,0.692289,0.02044,9.562691,9.562691,9.562691,9.562691,0.048274,2e-06,0.006825,4.882036,0.024042,-4.86588,43.92585,0.976309,1.130724,140.45343,140.616409,1.056085,15360.0,1.22272,139.813583,137.951828,2.835649,1008.0,14996.105469,1024.0,1024.0,184.864578,499800,64.0,1999.3
0,970600,60350,17554.72,591.106,36.71487,24.657909,0.676859,0.02044,8.943403,8.943403,8.943263,8.943263,0.04477,2e-06,0.01895,5.414326,0.023646,-5.403783,44.901642,0.976311,1.128326,139.448471,139.693451,1.061743,15360.0,1.248788,138.914322,138.05658,2.5679,1008.0,14996.132812,1024.0,1024.0,260.908539,499600,64.0,1999.3
0,971400,60400,17568.678,591.106,40.556477,27.493195,0.634328,0.02044,9.941635,9.941635,9.941635,9.941635,0.035837,2e-06,0.027203,2.780457,0.034478,-2.771323,44.810982,0.976307,1.130951,127.911331,128.215866,1.545,15360.0,1.04853,125.74424,124.198509,2.428142,1008.0,14996.072266,1024.0,1024.0,172.342285,499400,64.0,1999.3
0,972200,60450,17582.544,591.106,36.059669,23.80097,0.71901,0.02044,9.127438,9.127438,9.127438,9.127438,0.054668,2e-06,3e-05,5.215608,0.018163,-5.209099,44.696571,0.976299,1.125427,140.850922,140.818024,0.811844,15360.0,1.178708,140.199295,140.014191,1.880669,1008.0,14995.957031,1024.0,1024.0,166.224976,499200,64.0,1999.3
0,973000,60500,17596.461,591.106,40.142437,27.059683,0.672387,0.02044,9.904152,9.904152,9.904152,9.904152,0.042232,2e-06,-0.001236,3.309757,0.034927,-3.308859,45.596825,0.976305,1.142701,128.57428,128.526993,1.59254,15360.0,1.179662,127.3041,125.455368,2.814885,1008.0,14996.039062,1024.0,1024.0,202.91954,500000,64.0,1999.3
0,973800,60550,17610.306,591.106,39.204987,26.385727,0.681789,0.02044,9.665226,9.665226,9.665226,9.665226,0.042643,2e-06,0.002327,4.852557,0.026064,-4.837335,46.275322,0.976303,1.135927,136.934631,136.946213,1.206143,15360.0,1.156768,135.934341,135.472931,2.121845,1008.0,14996.013672,1024.0,1024.0,175.461349,499800,64.0,1999.3
0,974600,60600,17624.183,591.106,34.442089,23.167809,0.683722,0.02044,8.274969,8.274969,8.274969,8.274969,0.039584,2e-06,0.020397,4.444731,0.026444,-4.449036,45.681961,0.976307,1.100238,134.09668,134.318161,1.208009,15360.0,1.156712,132.699921,132.105164,2.000265,1008.0,14996.082031,1024.0,1024.0,203.681229,499600,64.0,1999.3
0,975400,60650,17664.474,606.856,35.402348,23.865454,0.71849,0.02044,8.474415,8.474415,8.474072,8.474072,0.052543,2e-06,0.027283,5.071385,0.025278,-5.06197,45.497765,0.976304,1.068388,140.250198,140.52829,1.150104,15360.0,1.268108,139.308411,138.540863,2.564919,1008.0,14996.030273,1024.0,1024.0,211.549423,499400,64.0,1999.3
0,976200,60700,17678.333,606.856,38.577946,25.676075,0.780381,0.02044,9.63006,9.63006,9.63006,9.63006,0.063828,2e-06,0.006021,4.874503,0.027917,-4.893915,45.120697,0.976312,1.124482,137.415573,137.648651,1.259622,15360.0,1.258276,136.367004,134.13237,3.072844,1008.0,14996.149414,1024.0,1024.0,220.330841,499200,64.0,1999.3
0,977000,60750,17692.189,606.856,38.986279,26.368372,0.634526,0.02044,9.552696,9.552696,9.552629,9.552629,0.034786,2e-06,0.049772,4.611517,0.026859,-4.612171,44.732979,0.976302,1.076658,136.068787,136.699341,1.201467,15360.0,1.095152,134.471756,134.235748,2.052589,1008.0,14995.996094,1024.0,1024.0,247.845398,500000,64.0,1999.3
0,977800,60800,17706.053,606.856,41.150463,28.391769,0.812549,0.02044,9.497837,9.497837,9.497837,9.497837,0.05974,2e-06,0.029885,4.269018,0.038316,-4.269786,44.66423,0.976311,1.101281,131.55574,132.000015,1.71136,15360.0,1.156399,130.236832,130.301407,2.62206,1008.0,14996.134766,1024.0,1024.0,185.690933,499800,64.0,1999.3
0,978600,60850,17719.953,606.856,37.071503,24.842203,0.928282,0.02044,8.906094,8.906094,8.906094,8.906094,0.066583,2e-06,-0.005979,4.18388,0.040408,-4.196211,44.53038,0.976309,1.1249,134.161362,134.169769,1.799392,15360.0,1.216501,132.550446,132.337402,2.697363,1008.0,14996.109375,1024.0,1024.0,165.925751,499600,64.0,1999.3
0,979400,60900,17733.787,606.856,37.943474,25.752155,0.644626,0.02044,9.128407,9.128407,9.128407,9.128407,0.036807,2e-06,0.038217,4.717662,0.0319,-4.722456,44.086006,0.976301,1.101135,136.994553,137.726746,1.406363,15360.0,1.152166,135.584366,135.23407,2.555277,1008.0,14995.986328,1024.0,1024.0,177.252167,499400,64.0,1999.3
0,980200,60950,17747.728,606.856,35.056538,23.964802,0.600877,0.02044,8.25358,8.25358,8.25304,8.25304,0.037535,3e-06,0.02159,4.445607,0.022965,-4.455241,44.967346,0.976325,1.040483,138.996567,139.271072,1.032693,15360.0,1.098028,138.063339,136.991714,2.440249,1008.0,14996.349609,1024.0,1024.0,231.960831,499200,64.0,1999.3
0,981000,61000,17761.581,606.856,39.802574,26.730831,0.665597,0.02044,9.955143,9.955143,9.955143,9.955143,0.038592,2e-06,0.026013,4.369606,0.032382,-4.366465,45.261299,0.976301,1.073479,134.513748,134.847015,1.465635,15360.0,1.118526,132.824356,132.180954,2.127278,1008.0,14995.985352,1024.0,1024.0,237.3293,500000,64.0,1999.3
0,981800,61050,17775.443,606.856,38.886738,26.165428,0.684644,0.02044,9.587024,9.587024,9.587024,9.587024,0.05139,2e-06,0.030783,4.057569,0.038212,-4.073776,44.429268,0.976315,1.099201,136.630859,137.714325,1.697738,15360.0,1.13505,134.299973,134.481537,2.463922,1008.0,14996.201172,1024.0,1024.0,190.778702,499800,64.0,1999.3
0,982600,61100,17789.369,606.856,32.613411,21.336832,0.65817,0.02044,8.326258,8.326258,8.326258,8.326258,0.039403,2e-06,-0.001927,4.625856,0.02387,-4.652807,45.085426,0.976308,1.101635,138.67041,138.926254,1.076199,15360.0,1.13126,137.24173,136.649002,1.841287,1008.0,14996.097656,1024.0,1024.0,165.697525,499600,64.0,1999.3
0,983400,61150,17803.21,606.856,33.57222,22.275812,0.668957,0.02044,8.322477,8.322477,8.322477,8.322477,0.047348,2e-06,0.016865,4.651677,0.031317,-4.668771,45.246033,0.976304,1.077144,136.680176,136.444519,1.416968,15360.0,1.194251,135.529922,135.006088,2.341953,1008.0,14996.027344,1024.0,1024.0,206.137604,499400,64.0,1999.3
0,984200,61200,17817.167,606.856,32.579933,21.701492,0.608336,0.02044,8.019963,8.019963,8.019963,8.019963,0.037786,2e-06,0.016761,3.034654,0.033542,-3.059983,44.903931,0.976312,1.095397,131.907944,131.988861,1.506172,15360.0,1.051826,129.702286,128.604935,2.363112,1008.0,14996.154297,1024.0,1024.0,272.792511,499200,64.0,1999.3
0,985000,61250,17830.997,606.856,35.331532,23.170204,0.769373,0.02044,9.006061,9.006061,9.006061,9.006061,0.057093,2e-06,0.032223,5.308393,0.02205,-5.316102,44.062057,0.976319,1.08798,140.338684,140.64679,0.97155,15360.0,1.148827,139.059311,138.673798,1.947057,1008.0,14996.251953,1024.0,1024.0,267.520905,500000,64.0,1999.3
0,985800,61300,17844.826,606.856,33.352291,21.529051,0.750993,0.02044,8.818126,8.818126,8.817941,8.817941,0.065207,2e-06,0.016853,5.531332,0.022832,-5.528468,45.995125,0.976309,1.011914,141.305145,141.658905,1.05014,15360.0,1.077003,140.406113,139.853531,2.236174,1008.0,14996.099609,1024.0,1024.0,215.183701,499800,64.0,1999.3
0,986600,61350,17858.759,606.856,34.457546,23.357615,0.647724,0.02044,8.180751,8.180751,8.180216,8.180216,0.047577,2e-06,0.003989,4.568938,0.026966,-4.576095,43.837494,0.976312,1.077712,138.612122,138.835495,1.182128,15360.0,1.170811,137.234665,136.496262,2.328766,1008.0,14996.158203,1024.0,1024.0,196.632294,499600,64.0,1999.3
0,987400,61400,17872.616,606.856,39.634979,27.353664,0.622232,0.02044,9.268964,9.268964,9.268964,9.268964,0.029979,2e-06,0.018374,3.291034,0.04184,-3.283684,43.727219,0.976304,1.087056,131.266281,131.533142,1.829548,15360.0,1.124514,129.092468,127.740829,2.694626,1008.0,14996.029297,1024.0,1024.0,163.360886,499400,64.0,1999.3
0,988200,61450,17886.562,606.856,40.851898,27.222624,0.681651,0.02044,10.468674,10.468674,10.468674,10.468674,0.041709,2e-06,0.038244,3.754539,0.034852,-3.73941,44.115204,0.976297,1.065579,134.111145,134.709763,1.537488,15360.0,1.026063,131.701767,132.319366,1.896347,1008.0,14995.923828,1024.0,1024.0,253.038788,499200,64.0,1999.3
0,989000,61500,17900.428,606.856,35.611401,23.624279,0.673305,0.02044,9.025915,9.025915,9.025915,9.025915,0.045586,2e-06,0.023156,5.154741,0.027204,-5.141985,44.658981,0.976309,1.034,137.647202,138.037445,1.214903,15360.0,1.025713,136.348892,137.060776,1.783542,1008.0,14996.103516,1024.0,1024.0,238.161987,500000,64.0,1999.3
0,989800,61550,17914.29,606.856,41.395359,28.355051,0.689262,0.02044,9.910537,9.910537,9.910537,9.910537,0.053837,2e-06,0.012937,4.539524,0.033408,-4.540935,45.636688,0.976312,1.05679,132.477264,132.640564,1.524628,15360.0,1.19762,131.249344,129.19487,3.412851,1008.0,14996.150391,1024.0,1024.0,183.317642,499800,64.0,1999.3
0,990600,61600,17928.163,606.856,32.396202,21.448883,0.665653,0.02044,8.113028,8.113028,8.113028,8.113028,0.041064,2e-06,0.012321,5.204016,0.021687,-5.199067,45.346893,0.976307,1.001656,139.768021,139.955292,0.983434,15360.0,1.076392,138.541351,138.592926,1.659521,1008.0,14996.072266,1024.0,1024.0,133.270065,499600,64.0,1999.3
0,991400,61650,17942.148,606.856,43.053253,30.284103,0.66309,0.02044,9.689125,9.689125,9.689121,9.689121,0.038543,3e-06,0.026292,3.979515,0.033506,-3.983161,46.817978,0.976297,1.057555,132.078476,132.243927,1.568698,15360.0,1.145773,130.43512,128.612366,3.304494,1008.0,14995.914062,1024.0,1024.0,216.721039,499400,64.0,1999.3
0,992200,61700,17956.112,606.856,40.289688,28.306837,0.536893,0.02044,9.011062,9.011062,9.011062,9.011062,0.023109,2e-06,0.021132,3.467762,0.040518,-3.44902,47.26757,0.976312,1.144715,132.347916,132.923386,1.915192,15360.0,1.158327,129.55426,128.927124,3.203859,1008.0,14996.154297,1024.0,1024.0,246.976456,499200,64.0,1999.3
0,993000,61750,17969.949,606.856,43.437859,29.215048,0.803639,0.02044,10.934864,10.934864,10.934864,10.934864,0.065765,2e-06,0.017286,4.799091,0.027281,-4.777723,47.286217,0.976308,1.051213,134.207565,134.532578,1.290004,15360.0,1.006272,132.145126,132.358948,2.290157,1008.0,14996.091797,1024.0,1024.0,245.515747,500000,64.0,1999.3
0,993800,61800,17983.768,606.856,34.96888,23.379601,0.65207,0.02044,8.724582,8.724582,8.724582,8.724582,0.03912,3e-06,0.006789,5.174644,0.025169,-5.189001,47.347801,0.976294,0.995776,138.011108,138.026047,1.191702,15360.0,1.05722,136.817154,135.448761,2.574897,1008.0,14995.880859,1024.0,1024.0,199.508087,499800,64.0,1999.3
0,994600,61850,17997.727,606.856,39.158142,26.258261,0.72088,0.02044,9.813896,9.813896,9.813896,9.813896,0.048534,3e-06,-0.005837,4.537994,0.029637,-4.525231,47.565262,0.976306,0.982582,132.694031,132.652008,1.409697,15360.0,1.288441,131.196564,129.811417,3.671166,1008.0,14996.052734,1024.0,1024.0,134.03273,499600,64.0,1999.3
0,995400,61900,18011.606,606.856,38.305706,26.129784,0.653894,0.02044,9.278309,9.278309,9.278013,9.278013,0.041143,3e-06,0.007663,5.255903,0.02375,-5.236384,46.633919,0.976295,0.951939,137.075912,137.158829,1.107533,15360.0,1.119484,135.638382,134.775589,2.650294,1008.0,14995.884766,1024.0,1024.0,192.776093,499400,64.0,1999.3
0,996200,61950,18025.446,606.856,37.064381,24.604755,0.679929,0.02044,9.502323,9.502323,9.502323,9.502323,0.042128,2e-06,0.008932,5.112695,0.024554,-5.114613,47.421402,0.976305,0.987455,136.180573,136.191406,1.164367,15360.0,1.034373,134.867126,134.871353,1.94449,1008.0,14996.040039,1024.0,1024.0,162.329605,499200,64.0,1999.3
0,997000,62000,18039.37,606.856,35.189606,24.162231,0.619113,0.02044,8.217457,8.217457,8.21744,8.21744,0.042154,2e-06,0.002722,4.435803,0.033693,-4.437766,47.46563,0.976312,0.997213,128.046829,127.880623,1.599254,15360.0,1.162281,126.636635,124.557732,3.232746,1008.0,14996.154297,1024.0,1024.0,202.262787,500000,64.0,1999.3
0,997800,62050,18053.145,606.856,36.656681,24.075649,0.712586,0.02044,9.622345,9.622345,9.622345,9.622345,0.052144,2e-06,0.029814,6.395854,0.016029,-6.39469,48.408241,0.976298,0.920634,143.897324,144.085907,0.775956,15360.0,1.043258,143.197281,143.59462,1.806229,1008.0,14995.93457,1024.0,1024.0,207.286758,499800,64.0,1999.3
0,998600,62100,18067.104,606.856,42.012711,28.409914,0.71991,0.02044,10.504358,10.504358,10.504358,10.504358,0.051022,2e-06,0.028634,4.88212,0.027214,-4.897023,49.564812,0.976304,0.933342,135.307739,135.361496,1.348838,15360.0,1.152251,133.833405,134.745285,3.515123,1008.0,14996.032227,1024.0,1024.0,204.994766,499600,64.0,1999.3
0,999400,62150,18081.063,606.856,37.274796,24.985264,0.682587,0.02044,9.375971,9.375971,9.375971,9.375971,0.046798,2e-06,0.021689,5.292063,0.024872,-5.31385,49.646294,0.976315,0.925608,137.70874,137.657928,1.234803,15360.0,1.085473,136.637497,135.7948,2.257204,1008.0,14996.192383,1024.0,1024.0,216.737564,499400,64.0,1999.3
