env_step,gradient_step,elapsed_s,total,rec,rew,con,dyn,rep,dyn_raw,rep_raw,reward_mae,cont_mae,policy,policy_entropy,policy_adv_mag,policy_logp_mean,policy_retnorm_scale,policy_weight_mean,value,value_value_mean,value_target_mean,value_value_mae,value_positions,repval,repval_value_mean,repval_target_mean,repval_value_mae,repval_positions,weight_sum,imagination_starts,train_positions,grad_norm,replay_occupancy,realized_train_ratio,peak_vram_mib
5800,50,23.513,919.922791,903.658447,5.537974,0.648714,5.326835,5.326835,5.326835,5.326835,0.038127,0.464821,-4.3e-05,1.305699,9.3e-05,-1.315407,1.0,0.080813,0.895153,0.000122,2.8e-05,9.3e-05,15360.0,11.076785,0.000134,0.520882,0.520749,1008.0,1241.285034,1024.0,1024.0,4426.320801,5800,64.0,1997.2
6600,100,40.509,868.655701,852.671692,5.520754,0.613222,5.043993,5.043993,5.043993,5.043993,0.04211,0.446142,-0.000114,1.306164,0.000601,-1.306222,1.0,0.08943,0.987877,0.000795,0.000195,0.000601,15360.0,11.046329,0.000844,0.498234,0.497395,1008.0,1373.641479,1024.0,1024.0,4019.093018,6600,64.0,1997.2
7400,150,57.619,786.788086,770.491821,5.486719,0.512629,5.264812,5.264812,5.264812,5.264812,0.035568,0.389752,-0.000282,1.306954,0.001427,-1.308035,1.0,0.110246,1.210869,0.002003,0.000578,0.001427,15360.0,10.983409,0.002102,0.510897,0.508806,1008.0,1693.37854,1024.0,1024.0,3440.9021,7400,64.0,1997.2
8200,200,74.642,673.014221,655.611511,5.430353,0.366508,6.039034,6.039034,6.039034,6.039034,0.037229,0.297309,-0.000661,1.308528,0.002486,-1.319971,1.0,0.156306,1.700055,0.003935,0.001449,0.002486,15360.0,10.878283,0.004091,0.525475,0.521399,1008.0,2400.864502,1024.0,1024.0,3150.946289,8200,64.0,1997.2
9000,250,91.554,503.380341,484.227356,5.345947,0.198746,6.678452,6.678452,6.678452,6.678452,0.029683,0.171805,-0.001416,1.311506,0.002971,-1.312876,1.0,0.28405,3.045555,0.006807,0.003838,0.002971,15360.0,10.726235,0.007027,0.401975,0.39501,1008.0,4363.012695,1024.0,1024.0,3487.370605,9000,64.0,1997.2
9800,300,108.352,300.671936,279.68927,5.234071,0.113417,7.003455,7.003455,7.003455,7.003455,0.029355,0.097831,-0.001559,1.316253,0.002024,-1.313816,1.0,0.453973,4.774192,0.009865,0.007854,0.002024,15360.0,10.529137,0.010093,0.422457,0.412376,1008.0,6973.029297,1024.0,1024.0,3177.968506,9800,64.0,1997.2
10600,350,125.03,163.542511,142.463577,5.097302,0.078502,6.319211,6.319211,6.319211,6.319211,0.02532,0.06495,-0.000646,1.321854,0.000671,-1.325817,1.0,0.571634,5.866537,0.013393,0.012899,0.000671,15360.0,10.286944,0.013586,0.391354,0.377857,1008.0,8780.290039,1024.0,1024.0,1589.21521,10600,64.0,1997.2
11400,400,141.719,110.359741,89.771912,4.943738,0.058525,5.388259,5.388259,5.388259,5.388259,0.026252,0.045225,0.001542,1.327832,0.001858,-1.339144,1.0,0.667389,6.652391,0.01673,0.018576,0.001858,15360.0,10.015149,0.016888,0.434464,0.417576,1008.0,10251.095703,1024.0,1024.0,621.38855,11400,64.0,1997.2
12200,450,158.452,86.758125,66.713623,4.771964,0.044462,4.629203,4.629203,4.629203,4.629203,0.026805,0.030705,0.005062,1.333879,0.005025,-1.334716,1.0,0.749449,7.223251,0.020841,0.025866,0.005025,15360.0,9.692118,0.020979,0.388781,0.367802,1008.0,11511.53125,1024.0,1024.0,402.774139,12200,64.0,1997.2
13000,500,175.24,64.754906,45.723862,4.585396,0.036915,3.770744,3.770744,3.770744,3.770744,0.031758,0.022569,0.009442,1.339827,0.008675,-1.3404,1.0,0.802053,7.436558,0.025918,0.034593,0.008675,15360.0,9.38306,0.026029,0.513271,0.487242,1008.0,12319.538086,1024.0,1024.0,260.489868,13000,64.0,1997.2
13800,550,191.968,59.21162,41.355377,4.388205,0.032178,2.98848,2.98848,2.98848,2.98848,0.033072,0.017234,0.015168,1.344654,0.013114,-1.353174,1.0,0.838232,7.428996,0.031085,0.044199,0.013114,15360.0,9.014565,0.031185,0.538594,0.507409,1008.0,12875.245117,1024.0,1024.0,104.654419,13800,64.0,1997.2
14600,600,209.031,53.407738,36.857147,4.179846,0.029407,2.233478,2.233478,2.233478,2.233478,0.042149,0.014009,0.021501,1.349313,0.018007,-1.356957,1.0,0.863143,7.259185,0.036736,0.054744,0.018007,15360.0,8.679414,0.036825,0.683988,0.647162,1008.0,13257.875,1024.0,1024.0,60.232864,14600,64.0,1997.2
15400,650,226.164,47.256977,31.982651,3.960413,0.027717,1.63722,1.63722,1.63722,1.63722,0.04075,0.011973,0.028282,1.353159,0.023414,-1.343736,1.0,0.881061,6.974627,0.043278,0.066692,0.023414,15360.0,8.274486,0.043341,0.696754,0.653414,1008.0,13533.101562,1024.0,1024.0,49.549938,15400,64.0,1997.2
16200,700,243.304,49.835018,35.786503,3.739005,0.026569,1.154575,1.154575,1.154575,1.154575,0.047195,0.01054,0.036677,1.355677,0.03,-1.346515,1.0,0.894347,6.602555,0.050698,0.080698,0.03,15360.0,7.912254,0.05075,0.811277,0.760527,1008.0,13737.169922,1024.0,1024.0,69.163376,16200,64.0,1997.2
17000,750,260.412,38.811443,25.820501,3.462692,0.025132,1.020771,1.020771,1.000362,1.000362,0.022317,0.008695,0.048935,1.35904,0.038823,-1.366585,1.0,0.906486,6.172421,0.059807,0.09863,0.038823,15360.0,7.196371,0.059854,0.496871,0.437017,1008.0,13923.628906,1024.0,1024.0,34.419865,17000,64.0,1997.2
17800,800,277.369,39.603165,27.423428,3.201767,0.024298,1.01767,1.01767,0.996092,0.996092,0.030797,0.007567,0.06292,1.361308,0.049628,-1.361574,1.0,0.914873,5.672378,0.066542,0.11617,0.049628,15360.0,6.996465,0.066582,0.670059,0.603477,1008.0,14052.441406,1024.0,1024.0,27.928251,17800,64.0,1997.2
18600,850,294.195,41.863113,30.290142,2.936609,0.02394,1.296952,1.296952,1.285279,1.285279,0.034558,0.007075,0.080366,1.362831,0.063343,-1.357214,1.0,0.921312,5.129689,0.075145,0.138488,0.063343,15360.0,6.585724,0.075161,0.765633,0.690471,1008.0,14151.351562,1024.0,1024.0,37.058033,18600,64.0,1997.2
19400,900,311.04,36.361767,25.39164,2.65356,0.023491,1.556745,1.556745,1.556387,1.556387,0.026272,0.006429,0.104057,1.362479,0.08095,-1.366488,1.0,0.925866,4.63195,0.086878,0.167828,0.08095,15360.0,6.148834,0.08689,0.668018,0.581128,1008.0,14221.303711,1024.0,1024.0,24.563206,19400,64.0,1997.2
20200,950,327.911,33.742142,22.965782,2.37391,0.023373,2.018308,2.018308,2.018308,2.018308,0.037074,0.006254,0.13492,1.365252,0.104803,-1.366027,1.0,0.927892,4.182331,0.106873,0.211676,0.104803,15360.0,6.13896,0.106877,0.944623,0.837746,1008.0,14252.426758,1024.0,1024.0,25.323555,20200,64.0,1997.2
21000,1000,344.927,35.484154,25.34586,2.127203,0.023406,2.169288,2.169288,2.160324,2.160324,0.032894,0.006279,0.175216,1.368801,0.134585,-1.376485,1.0,0.92997,3.731576,0.137241,0.271826,0.134585,15360.0,5.648924,0.137242,0.899354,0.762112,1008.0,14284.338867,1024.0,1024.0,28.389996,21000,64.0,1997.2
21800,1050,361.803,32.601944,23.454231,1.84329,0.023242,1.962364,1.962364,1.925981,1.925981,0.031972,0.006012,0.21712,1.371225,0.167,-1.369915,1.0,0.932729,3.357912,0.17671,0.343711,0.167,15360.0,5.158482,0.176707,0.868022,0.691315,1008.0,14326.716797,1024.0,1024.0,22.376459,21800,64.0,1997.2
22600,1100,378.927,32.753643,24.01635,1.60567,0.023165,2.008436,2.008436,1.993541,1.993541,0.034044,0.005902,0.253335,1.366542,0.194563,-1.375964,1.0,0.93389,3.132898,0.2176,0.412163,0.194563,15360.0,5.043157,0.217595,1.026675,0.80908,1008.0,14344.552734,1024.0,1024.0,27.533104,22600,64.0,1997.2
23400,1150,396.256,35.001728,26.205271,1.415592,0.023291,2.312246,2.312246,2.306915,2.306915,0.036283,0.00607,0.278926,1.352836,0.218155,-1.351655,1.0,0.933148,3.096338,0.262715,0.48087,0.218155,15360.0,4.796126,0.262712,1.028991,0.766279,1008.0,14333.157227,1024.0,1024.0,37.569016,23400,64.0,1997.2
24200,1200,413.131,27.626019,19.440655,1.259232,0.022329,1.803561,1.803561,1.774812,1.774812,0.034,0.00461,0.306692,1.362848,0.237919,-1.355723,1.0,0.942252,3.102772,0.315673,0.553592,0.237919,15360.0,5.03474,0.315672,1.196559,0.880887,1008.0,14472.986328,1024.0,1024.0,31.030861,24200,64.0,1997.2
25000,1250,429.906,23.396126,15.769801,1.093827,0.022368,1.561537,1.561537,1.535426,1.535426,0.034524,0.004606,0.318363,1.364314,0.244188,-1.363667,1.0,0.942677,3.007561,0.364187,0.608375,0.244188,15360.0,4.888385,0.364193,1.266332,0.90214,1008.0,14479.519531,1024.0,1024.0,24.879953,25000,64.0,1997.2
25800,1300,463.451,19.074732,11.906,1.102926,0.021875,1.269187,1.269187,1.188127,1.188127,0.046738,0.0038,0.320254,1.364665,0.244234,-1.370095,1.0,0.947515,2.814497,0.400184,0.644418,0.244234,15360.0,5.043578,0.4002,1.580273,1.180073,1008.0,14553.833984,1024.0,1024.0,28.297661,25800,64.0,1997.2
26600,1350,480.386,21.548756,14.542578,0.875659,0.022075,1.495744,1.495744,1.433541,1.433541,0.036054,0.00409,0.320809,1.367646,0.244135,-1.374101,1.0,0.945556,2.792154,0.430473,0.674608,0.244135,15360.0,4.500543,0.430475,1.250314,0.819839,1008.0,14523.734375,1024.0,1024.0,20.314236,26600,64.0,1997.2
27400,1400,497.413,22.522978,15.828369,0.806265,0.022873,1.292883,1.292883,1.25973,1.25973,0.036702,0.005225,0.308755,1.370981,0.236526,-1.365679,1.0,0.939593,2.79489,0.464862,0.701387,0.236526,15360.0,4.465525,0.464873,1.289623,0.824751,1008.0,14432.143555,1024.0,1024.0,22.963177,27400,64.0,1997.2
28200,1450,514.61,20.251286,13.23403,0.870071,0.021997,1.37787,1.37787,1.314921,1.314921,0.042081,0.003871,0.308979,1.372511,0.233649,-1.377208,1.0,0.947616,2.809713,0.499891,0.73354,0.233649,15360.0,4.969463,0.499899,1.578033,1.078135,1008.0,14555.380859,1024.0,1024.0,21.113867,28200,64.0,1997.2
29000,1500,531.629,20.584536,13.593258,0.856849,0.02192,1.409353,1.409353,1.332213,1.332213,0.043856,0.003717,0.304119,1.372166,0.230836,-1.372685,1.0,0.948831,2.767372,0.535286,0.766122,0.230836,15360.0,4.969096,0.535296,1.649732,1.114436,1008.0,14574.050781,1024.0,1024.0,21.378567,29000,64.0,1997.2
29800,1550,548.618,19.226103,12.516842,0.743541,0.021974,1.447289,1.447289,1.40449,1.40449,0.037482,0.003817,0.303726,1.372894,0.229611,-1.374526,1.0,0.948005,2.695098,0.571948,0.801559,0.229611,15360.0,4.509675,0.571959,1.37101,0.799051,1008.0,14561.357422,1024.0,1024.0,29.416243,29800,64.0,1997.2
30600,1600,565.277,24.860794,18.210665,0.665193,0.022715,1.664163,1.664163,1.643963,1.643963,0.032267,0.005052,0.293859,1.374022,0.225674,-1.37209,1.0,0.938711,2.556088,0.608456,0.834129,0.225674,15360.0,4.272314,0.608451,1.347665,0.739214,1008.0,14418.597656,1024.0,1024.0,31.301914,30600,64.0,1997.2
31400,1650,582.172,22.248283,15.74898,0.654651,0.022109,1.621883,1.621883,1.602308,1.602308,0.032592,0.004059,0.302312,1.375194,0.230558,-1.368298,1.0,0.946414,2.460202,0.641719,0.872278,0.230558,15360.0,4.253199,0.6417,1.452391,0.81069,1008.0,14536.916016,1024.0,1024.0,26.810707,31400,64.0,1997.2
32200,1700,599.05,18.755867,12.154298,0.694842,0.021483,1.580636,1.580636,1.55346,1.55346,0.037996,0.002944,0.314686,1.376998,0.237291,-1.373443,1.0,0.953321,2.520556,0.677194,0.914485,0.237291,15360.0,4.371006,0.677198,1.582417,0.905219,1008.0,14643.005859,1024.0,1024.0,27.604601,32200,64.0,1997.2
33000,1750,615.945,19.159843,12.471468,0.818643,0.021467,1.404886,1.404886,1.335996,1.335996,0.045017,0.002885,0.317639,1.377206,0.2378,-1.378687,1.0,0.954874,2.549231,0.719555,0.957355,0.2378,15360.0,4.786735,0.719566,1.850727,1.13116,1008.0,14666.871094,1024.0,1024.0,25.817337,33000,64.0,1997.2
33800,1800,632.608,18.141697,11.528593,0.691774,0.02132,1.488353,1.488353,1.449237,1.449237,0.035613,0.002587,0.324238,1.378448,0.240933,-1.391812,1.0,0.956146,2.558404,0.76469,1.005624,0.240933,15360.0,4.6006,0.764708,1.702783,0.938075,1008.0,14686.396484,1024.0,1024.0,36.338505,33800,64.0,1997.2
34600,1850,649.291,14.744533,8.04785,0.777461,0.021033,1.432315,1.432315,1.383803,1.383803,0.050008,0.001994,0.327341,1.379709,0.244188,-1.384331,1.0,0.960903,2.532177,0.80815,1.052339,0.244188,15360.0,4.877083,0.808169,1.977655,1.169486,1008.0,14759.46875,1024.0,1024.0,31.496277,34600,64.0,1997.2
35400,1900,666.31,16.88728,10.428986,0.594394,0.021215,1.635148,1.635148,1.622993,1.622993,0.032916,0.002341,0.323304,1.377424,0.242819,-1.381978,1.0,0.95872,2.442468,0.848035,1.090854,0.242819,15360.0,4.260828,0.848052,1.628566,0.780514,1008.0,14725.9375,1024.0,1024.0,32.605995,35400,64.0,1997.2
36200,1950,683.28,19.138704,12.812675,0.626688,0.021451,1.623225,1.623225,1.621181,1.621181,0.032926,0.002819,0.310424,1.375016,0.232796,-1.381105,1.0,0.954679,2.288585,0.883443,1.116239,0.232796,15360.0,4.311108,0.883435,1.779836,0.896401,1008.0,14663.863281,1024.0,1024.0,34.463318,36200,64.0,1997.2
37000,2000,700.456,15.411611,9.309908,0.697532,0.021023,1.398867,1.398867,1.331978,1.331978,0.040981,0.001956,0.312146,1.378,0.235653,-1.367799,1.0,0.961392,2.194106,0.913671,1.149324,0.235653,15360.0,4.460464,0.913681,1.956839,1.043158,1008.0,14766.974609,1024.0,1024.0,15.438882,37000,64.0,1997.2
37800,2050,717.452,15.778676,9.956564,0.58686,0.021234,1.387236,1.387236,1.321445,1.321445,0.035902,0.002381,0.306347,1.379748,0.228844,-1.383577,1.0,0.958427,2.200891,0.946046,1.17489,0.228844,15360.0,3.936067,0.946043,1.764868,0.818825,1008.0,14721.433594,1024.0,1024.0,20.642147,37800,64.0,1997.2
38600,2100,734.243,16.857748,10.908477,0.593749,0.021106,1.403613,1.403613,1.335126,1.335126,0.035905,0.002157,0.310097,1.378322,0.233818,-1.371053,1.0,0.960024,2.267458,0.984745,1.218564,0.233818,15360.0,4.042958,0.98477,1.816692,0.831922,1008.0,14745.960938,1024.0,1024.0,23.40476,38600,64.0,1997.2
39400,2150,751.352,16.27066,9.651404,0.704867,0.021044,1.740717,1.740717,1.688102,1.688102,0.039417,0.001991,0.315985,1.378881,0.237131,-1.377196,1.0,0.960561,2.316513,1.025663,1.262794,0.237131,15360.0,4.486865,1.025663,2.059912,1.034249,1008.0,14754.220703,1024.0,1024.0,19.382763,39400,64.0,1997.2
40200,2200,768.094,19.591389,12.933164,0.718847,0.020968,1.68818,1.68818,1.675956,1.675956,0.044692,0.001839,0.322508,1.380782,0.241462,-1.380248,1.0,0.961975,2.342862,1.066964,1.308426,0.241462,15360.0,4.653476,1.066973,2.196457,1.129484,1008.0,14775.935547,1024.0,1024.0,30.975199,40200,64.0,1997.2
41000,2250,785.005,14.921888,8.264842,0.668161,0.020817,1.811592,1.811592,1.766677,1.766677,0.042689,0.001528,0.334051,1.381382,0.248503,-1.384399,1.0,0.965006,2.343177,1.108397,1.3569,0.248503,15360.0,4.326959,1.108387,2.110741,1.002354,1008.0,14822.494141,1024.0,1024.0,22.124872,41000,64.0,1997.2
41800,2300,801.578,15.608495,9.157548,0.678831,0.020754,1.738986,1.738986,1.733309,1.733309,0.049025,0.001325,0.335239,1.381223,0.244715,-1.404526,1.0,0.966449,2.25933,1.1471,1.391815,0.244715,15360.0,4.14636,1.147116,2.143582,0.996466,1008.0,14844.652344,1024.0,1024.0,41.983143,41800,64.0,1997.2
42600,2350,818.375,15.736576,9.217741,0.640721,0.020866,1.958468,1.958468,1.925806,1.925806,0.041402,0.001595,0.326541,1.381465,0.244675,-1.374749,1.0,0.964376,2.150495,1.183675,1.42835,0.244675,15360.0,4.086329,1.183666,2.09348,0.909814,1008.0,14812.816406,1024.0,1024.0,23.718544,42600,64.0,1997.2
43400,2400,835.021,15.135677,9.245611,0.595327,0.020731,1.528571,1.528571,1.48403,1.48403,0.036105,0.0012,0.342987,1.381752,0.25407,-1.383427,1.0,0.967182,2.056198,1.217543,1.471613,0.25407,15360.0,3.977986,1.217555,2.106693,0.889138,1008.0,14855.912109,1024.0,1024.0,26.686924,43400,64.0,1997.2
44200,2450,851.734,16.885172,10.791825,0.679442,0.02085,1.619728,1.619728,1.581225,1.581225,0.045718,0.001509,0.344011,1.381511,0.255892,-1.381241,1.0,0.965308,2.044923,1.25008,1.505972,0.255892,15360.0,4.074733,1.250039,2.305954,1.055915,1008.0,14827.129883,1024.0,1024.0,25.929274,44200,64.0,1997.2
45000,2500,868.407,16.286615,10.058075,0.69145,0.020943,1.699213,1.699213,1.693019,1.693019,0.042799,0.001751,0.342253,1.38155,0.253849,-1.386614,1.0,0.963661,2.104396,1.286042,1.539891,0.253849,15360.0,4.001218,1.286042,2.266866,0.980824,1008.0,14801.839844,1024.0,1024.0,41.646023,45000,64.0,1997.2
45800,2550,885.126,16.030642,8.885143,0.760134,0.020692,2.234513,2.234513,2.233096,2.233096,0.048049,0.001152,0.348847,1.383287,0.259921,-1.378682,1.0,0.967995,2.195047,1.324389,1.584309,0.259921,15360.0,4.542714,1.324354,2.58655,1.262195,1008.0,14868.407227,1024.0,1024.0,31.472734,45800,64.0,1997.2
46600,2600,902.182,15.365808,9.101658,0.645398,0.020832,1.664296,1.664296,1.636136,1.636136,0.04157,0.001579,0.346859,1.381469,0.257197,-1.389146,1.0,0.964044,2.216895,1.363564,1.620761,0.257197,15360.0,4.011469,1.363543,2.301464,0.937922,1008.0,14807.720703,1024.0,1024.0,27.653704,46600,64.0,1997.2
47400,2650,919.234,14.442629,8.257178,0.735991,0.020743,1.405975,1.405975,1.324343,1.324343,0.047105,0.001156,0.348424,1.382969,0.260133,-1.373899,1.0,0.967787,2.248723,1.404076,1.664209,0.260133,15360.0,4.283326,1.404051,2.527006,1.122956,1008.0,14865.210938,1024.0,1024.0,31.304089,47400,64.0,1997.2
48200,2700,936.264,15.923664,9.245999,0.632972,0.020947,2.075426,2.075426,2.061823,2.061823,0.043363,0.0017,0.33431,1.381397,0.249493,-1.383931,1.0,0.964157,2.193117,1.443694,1.693187,0.249493,15360.0,4.044505,1.443611,2.416025,0.972414,1008.0,14809.456055,1024.0,1024.0,19.798189,48200,64.0,1997.2
49000,2750,953.407,15.145481,8.094704,0.879137,0.020689,2.068484,2.068484,2.066946,2.066946,0.059561,0.001112,0.34015,1.378718,0.25336,-1.380951,1.0,0.968133,2.167582,1.482895,1.736255,0.25336,15360.0,4.559625,1.482885,2.803608,1.320723,1008.0,14870.52832,1024.0,1024.0,25.467081,49000,64.0,1997.2
49800,2800,970.449,16.448494,10.347465,0.542038,0.02083,1.819113,1.819113,1.795791,1.795791,0.033744,0.001508,0.342193,1.375936,0.256368,-1.374671,1.0,0.96589,2.100914,1.522108,1.778476,0.256368,15360.0,3.646763,1.522045,2.322523,0.800479,1008.0,14836.064453,1024.0,1024.0,29.768305,49800,64.0,1997.2
50600,2850,1004.607,15.387533,9.397586,0.603912,0.020845,1.6805,1.6805,1.63525,1.63525,0.033342,0.001466,0.344161,1.380768,0.254819,-1.389476,1.0,0.965845,1.997053,1.559971,1.81479,0.254819,15360.0,3.91809,1.559901,2.504194,0.944293,1008.0,14835.380859,1024.0,1024.0,25.016407,50600,64.0,1997.2
51400,2900,1021.319,12.821903,6.72291,0.789458,0.020661,1.629395,1.629395,1.552631,1.552631,0.049312,0.000941,0.355466,1.380303,0.262961,-1.381403,1.0,0.969737,1.890293,1.595185,1.858146,0.262961,15360.0,4.169276,1.595155,2.824755,1.2296,1008.0,14895.160156,1024.0,1024.0,22.284163,51400,64.0,1997.2
52200,2950,1038.241,13.901365,7.621799,0.913625,0.020684,1.690879,1.690879,1.627632,1.627632,0.065269,0.001038,0.357167,1.377839,0.264473,-1.38654,1.0,0.968793,1.878102,1.6289,1.893372,0.264473,15360.0,4.166732,1.628876,3.006334,1.377458,1008.0,14880.660156,1024.0,1024.0,23.231998,52200,64.0,1997.2
53000,3000,1054.961,12.154831,6.345308,0.675484,0.020579,1.573508,1.573508,1.525869,1.525869,0.044708,0.000755,0.342917,1.380146,0.256381,-1.368583,1.0,0.971422,1.907829,1.662398,1.91878,0.256381,15360.0,3.772849,1.662361,2.683177,1.020816,1008.0,14921.046875,1024.0,1024.0,16.793129,53000,64.0,1997.2
53800,3050,1071.596,13.756348,7.517072,0.665927,0.020594,1.784312,1.784312,1.756334,1.756334,0.038137,0.00078,0.358236,1.382846,0.265591,-1.385085,1.0,0.9705,1.983419,1.698475,1.964065,0.265591,15360.0,4.161192,1.698485,2.802926,1.104441,1008.0,14906.886719,1024.0,1024.0,20.85177,53800,64.0,1997.2
54600,3100,1088.664,15.31449,8.920216,0.700336,0.020597,1.825166,1.825166,1.775086,1.775086,0.045564,0.000793,0.375369,1.381321,0.277853,-1.381521,1.0,0.971641,2.063306,1.736344,2.014197,0.277853,15360.0,4.089943,1.736208,2.855268,1.11906,1008.0,14924.411133,1024.0,1024.0,38.863903,54600,64.0,1997.2
55400,3150,1105.794,12.646841,5.992797,0.898378,0.020664,1.751632,1.751632,1.681406,1.681406,0.063936,0.000924,0.366215,1.384178,0.271435,-1.378769,1.0,0.970872,2.07385,1.775918,2.047354,0.271435,15360.0,4.560469,1.775828,3.28618,1.510352,1008.0,14912.59375,1024.0,1024.0,19.751778,55400,64.0,1997.2
56200,3200,1122.912,14.590883,8.550612,0.654911,0.020642,1.604403,1.604403,1.513315,1.513315,0.037676,0.000922,0.3505,1.383808,0.258819,-1.383731,1.0,0.970561,2.043635,1.814519,2.073339,0.258819,15360.0,4.019133,1.814317,2.890182,1.075865,1008.0,14907.80957,1024.0,1024.0,21.054077,56200,64.0,1997.2
57000,3250,1139.996,13.348772,7.171615,0.722796,0.020627,1.734318,1.734318,1.65996,1.65996,0.052311,0.00087,0.347407,1.386341,0.256307,-1.387135,1.0,0.970692,2.02213,1.85189,2.108197,0.256307,15360.0,3.854829,1.851817,2.965753,1.113936,1008.0,14909.834961,1024.0,1024.0,21.595751,57000,64.0,1997.2
57800,3300,1156.809,15.635087,9.713089,0.589701,0.020633,1.675387,1.675387,1.619871,1.619871,0.035086,0.000907,0.344229,1.385124,0.254638,-1.380618,1.0,0.970626,1.985945,1.888374,2.143013,0.254638,15360.0,3.795212,1.888248,2.871474,0.983226,1008.0,14908.821289,1024.0,1024.0,25.494497,57800,64.0,1997.2
58600,3350,1173.863,13.780513,8.01449,0.551399,0.020565,1.685809,1.685809,1.625727,1.625727,0.03255,0.000714,0.346213,1.384859,0.255529,-1.38546,1.0,0.971813,1.944473,1.924605,2.180135,0.255529,15360.0,3.496607,1.924572,2.787051,0.862479,1008.0,14927.041016,1024.0,1024.0,28.095928,58600,64.0,1997.2
59400,3400,1190.939,14.321549,8.835049,0.444438,0.020598,1.816414,1.816414,1.771959,1.771959,0.027891,0.000825,0.319755,1.385413,0.234409,-1.390326,1.0,0.970746,1.81898,1.957094,2.191503,0.234409,15360.0,2.948916,1.956972,2.60546,0.648488,1008.0,14910.652344,1024.0,1024.0,38.341614,59400,64.0,1997.2
60200,3450,1208.006,12.222324,6.086336,0.939534,0.020547,1.557752,1.557752,1.516409,1.516409,0.064146,0.000638,0.352848,1.386159,0.259188,-1.393549,1.0,0.971898,1.80953,1.991184,2.250372,0.259188,15360.0,4.33334,1.991262,3.564856,1.573594,1008.0,14928.351562,1024.0,1024.0,23.295788,60200,64.0,1997.2
61000,3500,1225.034,16.008808,9.936617,0.859509,0.020615,1.792279,1.792279,1.753778,1.753778,0.054342,0.000854,0.337352,1.385237,0.248538,-1.390609,1.0,0.970585,1.688685,2.020011,2.268548,0.248538,15360.0,3.981743,2.019608,3.40211,1.382502,1008.0,14908.185547,1024.0,1024.0,35.786282,61000,64.0,1997.2
61800,3550,1241.891,13.559157,8.247591,0.515291,0.020606,1.784019,1.784019,1.755589,1.755589,0.031666,0.000837,0.3246,1.385611,0.240923,-1.382958,1.0,0.971576,1.61696,2.048521,2.289444,0.240923,15360.0,2.90563,2.048046,2.863612,0.815566,1008.0,14923.400391,1024.0,1024.0,29.432362,61800,64.0,1997.2
62600,3600,1258.986,10.82456,5.323513,0.646302,0.020606,1.69811,1.69811,1.670166,1.670166,0.039617,0.000837,0.303631,1.386226,0.224246,-1.38703,1.0,0.970251,1.640409,2.078305,2.302552,0.224246,15360.0,3.407266,2.078026,3.112734,1.034708,1008.0,14903.056641,1024.0,1024.0,20.062311,62600,64.0,1997.2
63400,3650,1276.123,14.596202,8.875949,0.537201,0.020566,1.899035,1.899035,1.858035,1.858035,0.03475,0.00072,0.350333,1.385877,0.258661,-1.383409,1.0,0.97228,1.790079,2.106166,2.364827,0.258661,15360.0,3.110454,2.105083,2.9761,0.871017,1008.0,14934.214844,1024.0,1024.0,29.564388,63400,64.0,1997.2
64200,3700,1293.218,14.911803,8.315775,0.74972,0.020613,2.08161,2.08161,2.053959,2.053959,0.052528,0.000856,0.424991,1.386931,0.309467,-1.397889,1.0,0.970599,1.964644,2.134392,2.443859,0.309467,15360.0,3.820963,2.133402,3.624173,1.490771,1008.0,14908.400391,1024.0,1024.0,34.789116,64200,64.0,1997.2
65000,3750,1310.39,11.568935,5.627972,0.600027,0.020694,1.825341,1.825341,1.756738,1.756738,0.035264,0.00107,0.361583,1.38848,0.266868,-1.38927,1.0,0.968457,1.892433,2.173747,2.440615,0.266868,15360.0,3.527843,2.172887,3.232356,1.059469,1008.0,14875.499023,1024.0,1024.0,22.139496,65000,64.0,1997.2
65800,3800,1327.317,13.106839,7.534246,0.547299,0.020552,1.701487,1.701487,1.655778,1.655778,0.027591,0.000656,0.295764,1.387857,0.220237,-1.375869,1.0,0.971714,1.83622,2.205959,2.426195,0.220237,15360.0,3.33707,2.206245,3.109069,0.902824,1008.0,14925.525391,1024.0,1024.0,25.243929,65800,64.0,1997.2
66600,3850,1344.383,11.62234,5.899997,0.640875,0.020585,1.621858,1.621858,1.528748,1.528748,0.041092,0.000765,0.334973,1.388202,0.246169,-1.386531,1.0,0.971094,1.895475,2.241413,2.487581,0.246169,15360.0,3.487972,2.239821,3.319495,1.079674,1008.0,14916.009766,1024.0,1024.0,25.294134,66600,64.0,1997.2
67400,3900,1361.464,16.309645,9.712993,0.753671,0.020594,2.02232,2.02232,1.992594,1.992594,0.053088,0.000814,0.409984,1.387164,0.304053,-1.384343,1.0,0.971089,2.053603,2.269767,2.57382,0.304053,15360.0,3.780825,2.269035,3.672228,1.403194,1008.0,14915.924805,1024.0,1024.0,31.442276,67400,64.0,1997.2
68200,3950,1378.602,14.730956,9.196187,0.500345,0.020616,1.839558,1.839558,1.801589,1.801589,0.023075,0.000859,0.273836,1.387508,0.202454,-1.379048,1.0,0.970618,1.775427,2.30955,2.512004,0.202454,15360.0,3.136768,2.30989,3.094302,0.784413,1008.0,14908.688477,1024.0,1024.0,38.364113,68200,64.0,1997.2
69000,4000,1395.611,11.670758,6.242523,0.618479,0.020633,1.538129,1.538129,1.465838,1.465838,0.032566,0.000929,0.314662,1.388337,0.232476,-1.387604,1.0,0.969765,1.803722,2.348996,2.58147,0.232476,15360.0,3.262657,2.349214,3.207236,0.858023,1008.0,14895.59375,1024.0,1024.0,23.843699,69000,64.0,1997.2
69800,4050,1412.571,13.839925,8.541792,0.466934,0.020751,1.763089,1.763089,1.712486,1.712486,0.027146,0.001213,0.286122,1.387359,0.212424,-1.385579,1.0,0.968665,1.713712,2.373865,2.586282,0.212424,15360.0,2.904052,2.372972,3.115562,0.742695,1008.0,14878.691406,1024.0,1024.0,27.816967,69800,64.0,1997.2
70600,4100,1429.444,13.07884,7.729985,0.452186,0.020614,1.809406,1.809406,1.775932,1.775932,0.019967,0.000834,0.307331,1.388574,0.225657,-1.388289,1.0,0.971106,1.704262,2.408378,2.634026,0.225657,15360.0,2.913715,2.406676,3.191954,0.785284,1008.0,14916.191406,1024.0,1024.0,29.358587,70600,64.0,1997.2
71400,4150,1446.394,11.966924,6.4353,0.536834,0.020704,1.616872,1.616872,1.566082,1.566082,0.029805,0.001103,0.38882,1.3881,0.286072,-1.394935,1.0,0.968679,1.793201,2.443135,2.729195,0.286072,15360.0,3.378349,2.442026,3.429813,0.987787,1008.0,14878.905273,1024.0,1024.0,29.908785,71400,64.0,1997.2
72200,4200,1463.377,10.71403,5.56702,0.52724,0.020627,1.650971,1.650971,1.612546,1.612546,0.029601,0.0009,0.302,1.389151,0.221055,-1.3973,1.0,0.970783,1.569332,2.475365,2.696409,0.221055,15360.0,3.039137,2.475419,3.333828,0.858408,1008.0,14911.228516,1024.0,1024.0,34.074413,72200,64.0,1997.2
73000,4250,1480.432,13.12652,7.22977,0.59763,0.020608,1.782318,1.782318,1.734632,1.734632,0.032242,0.000852,0.458571,1.389712,0.337376,-1.385614,1.0,0.972201,1.801688,2.505751,2.843122,0.337376,15360.0,3.525672,2.504699,3.82072,1.316032,1008.0,14933.008789,1024.0,1024.0,43.560463,73000,64.0,1997.2
73800,4300,1497.37,11.697678,6.605786,0.537184,0.020579,1.791463,1.791463,1.726689,1.726689,0.029218,0.000737,0.294116,1.389499,0.215338,-1.390233,1.0,0.972869,1.389899,2.529102,2.744416,0.215338,15360.0,2.931676,2.528973,3.435177,0.906204,1008.0,14943.267578,1024.0,1024.0,34.584007,73800,64.0,1997.2
74600,4350,1514.53,9.597265,3.94813,0.635841,0.020624,1.579305,1.579305,1.473989,1.473989,0.033073,0.000899,0.431226,1.390052,0.319636,-1.388673,1.0,0.969885,1.699289,2.576866,2.896416,0.319636,15360.0,3.74973,2.576998,3.993559,1.416561,1008.0,14897.429688,1024.0,1024.0,24.619093,74600,64.0,1997.2
75400,4400,1549.31,12.996128,7.592153,0.537505,0.020656,1.895837,1.895837,1.836055,1.836055,0.03143,0.000951,0.360374,1.389796,0.269585,-1.3816,1.0,0.971194,1.564591,2.592834,2.862366,0.269585,15360.0,2.784761,2.590222,3.4677,0.877982,1008.0,14917.53418,1024.0,1024.0,19.037756,75400,64.0,1997.2
76200,4450,1566.276,9.803487,4.590797,0.588258,0.020611,1.600899,1.600899,1.513095,1.513095,0.033208,0.000846,0.321388,1.389875,0.236788,-1.390143,1.0,0.970575,1.635359,2.644979,2.881727,0.236788,15360.0,2.953615,2.6438,3.571864,0.930212,1008.0,14908.032227,1024.0,1024.0,29.176426,76200,64.0,1997.2
77000,4500,1583.384,12.083948,6.437313,0.580384,0.020582,1.727746,1.727746,1.669043,1.669043,0.025619,0.000751,0.401928,1.390218,0.296527,-1.385772,1.0,0.972877,1.814005,2.682756,2.979089,0.296527,15360.0,3.097388,2.684543,3.71177,1.027832,1008.0,14943.383789,1024.0,1024.0,29.712736,77000,64.0,1997.2
77800,4550,1600.315,11.59267,5.477816,0.625981,0.020623,1.524381,1.524381,1.405677,1.405677,0.036339,0.000876,0.530982,1.39038,0.392771,-1.385192,1.0,0.970157,2.115474,2.760075,3.152706,0.392771,15360.0,3.816585,2.75913,4.266845,1.507715,1008.0,14901.610352,1024.0,1024.0,35.036587,77800,64.0,1997.2
78600,4600,1617.411,10.735533,4.423592,0.708019,0.02063,2.007881,2.007881,1.948233,1.948233,0.044943,0.000891,0.41066,1.389787,0.306255,-1.383455,1.0,0.9712,1.968571,2.799492,3.105314,0.306255,15360.0,3.317972,2.799984,3.993416,1.193443,1008.0,14917.626953,1024.0,1024.0,32.222931,78600,64.0,1997.2
79400,4650,1634.515,13.374999,7.554142,0.498863,0.020572,1.89009,1.89009,1.822726,1.822726,0.026316,0.000691,0.385421,1.389965,0.280951,-1.395273,1.0,0.974226,1.900086,2.81086,3.091236,0.280951,15360.0,3.122725,2.810222,3.853543,1.045804,1008.0,14964.114258,1024.0,1024.0,27.218956,79400,64.0,1997.2
80200,4700,1651.432,10.160632,4.023733,0.582214,0.020605,1.610505,1.610505,1.530686,1.530686,0.030684,0.000798,0.53591,1.38982,0.398155,-1.387068,1.0,0.971892,2.155954,2.894472,3.292011,0.398155,15360.0,3.568867,2.892241,4.184621,1.292701,1008.0,14928.255859,1024.0,1024.0,25.652372,80200,64.0,1997.2
81000,4750,1668.426,11.786931,5.990646,0.627005,0.020539,1.732065,1.732065,1.644241,1.644241,0.033288,0.0006,0.377083,1.389771,0.276383,-1.390287,1.0,0.975197,1.868864,2.938266,3.214296,0.276383,15360.0,3.325078,2.936718,4.198663,1.265144,1008.0,14979.03125,1024.0,1024.0,31.77644,81000,64.0,1997.2
81800,4800,1685.25,9.600909,3.075921,1.061801,0.020593,1.67549,1.67549,1.570829,1.570829,0.075184,0.000769,0.490348,1.38963,0.363254,-1.38417,1.0,0.972257,1.977008,3.016123,3.378894,0.363254,15360.0,3.773997,3.014665,4.70704,1.698527,1008.0,14933.867188,1024.0,1024.0,26.094908,81800,64.0,1997.2
82600,4850,1702.277,13.68703,6.706451,1.226677,0.020594,1.786303,1.786303,1.704579,1.704579,0.079636,0.000802,0.526083,1.388677,0.388005,-1.391331,1.006934,0.972434,1.990988,3.024609,3.414344,0.390695,15360.0,4.171016,3.024745,5.160474,2.135747,1008.0,14936.582031,1024.0,1024.0,24.990431,82600,64.0,1997.2
83400,4900,1719.24,10.887505,4.903478,0.656163,0.020543,1.804177,1.804177,1.696093,1.696093,0.037159,0.000634,0.490289,1.387468,0.366768,-1.380884,1.022811,0.97457,1.844143,3.086538,3.460501,0.375134,15360.0,3.294316,3.089197,4.553029,1.467021,1008.0,14969.398438,1024.0,1024.0,52.914547,83400,64.0,1997.2
84200,4950,1736.273,12.509362,6.702039,0.595876,0.020537,2.004972,2.004972,1.940966,1.940966,0.033579,0.0006,0.379078,1.386907,0.279437,-1.398848,1.047585,0.975881,1.643273,3.086555,3.377156,0.292734,15360.0,3.210303,3.085031,4.483003,1.410898,1008.0,14989.52832,1024.0,1024.0,31.97533,84200,64.0,1997.2
85000,5000,1753.256,11.017929,5.589878,0.566664,0.020571,1.799242,1.799242,1.712783,1.712783,0.033734,0.000715,0.397196,1.38696,0.29311,-1.391218,1.046843,0.973384,1.599467,3.156259,3.461905,0.30684,15360.0,2.883294,3.154838,4.206089,1.054523,1008.0,14951.175781,1024.0,1024.0,24.788429,85000,64.0,1997.2
85800,5050,1770.198,8.739341,3.138261,0.598969,0.020546,1.578139,1.578139,1.374988,1.374988,0.03077,0.000637,0.503851,1.386175,0.373125,-1.388269,1.047472,0.974434,1.801622,3.214086,3.604793,0.390838,15360.0,3.133795,3.21329,4.361883,1.148593,1008.0,14967.299805,1024.0,1024.0,37.624718,85800,64.0,1997.2
86600,5100,1787.139,9.936453,4.195412,0.555092,0.020568,1.711344,1.711344,1.588547,1.588547,0.029114,0.000709,0.507671,1.384414,0.376287,-1.383974,1.061826,0.973185,1.874864,3.256922,3.655282,0.399552,15360.0,3.001225,3.255808,4.370274,1.114573,1008.0,14948.115234,1024.0,1024.0,23.397949,86600,64.0,1997.2
87400,5150,1804.161,10.902233,5.612464,0.468413,0.020526,1.764822,1.764822,1.662347,1.662347,0.02251,0.000569,0.371496,1.382311,0.276875,-1.372108,1.077933,0.975129,1.705296,3.28465,3.582592,0.298453,15360.0,2.609116,3.280993,4.220186,0.941094,1008.0,14977.974609,1024.0,1024.0,60.683968,87400,64.0,1997.2
88200,5200,1821.011,10.47481,4.867968,0.615624,0.020523,1.726811,1.726811,1.625548,1.625548,0.032284,0.000557,0.372894,1.380161,0.279,-1.380052,1.108463,0.975395,1.787197,3.334997,3.641993,0.309262,15360.0,3.037039,3.336029,4.574747,1.246164,1008.0,14982.06543,1024.0,1024.0,19.515331,88200,64.0,1997.2
89000,5250,1838.037,10.778042,5.117792,0.556206,0.020549,1.779405,1.779405,1.679794,1.679794,0.032321,0.000646,0.371227,1.377495,0.278908,-1.376937,1.165637,0.973653,1.885841,3.409429,3.732831,0.325105,15360.0,2.896942,3.406774,4.419576,1.018738,1008.0,14955.303711,1024.0,1024.0,27.996012,89000,64.0,1997.2
89800,5300,1854.983,11.000529,5.505857,0.558813,0.020557,1.789916,1.789916,1.687916,1.687916,0.034648,0.000673,0.310531,1.375395,0.234128,-1.382238,1.210924,0.973735,1.843883,3.459981,3.739563,0.283511,15360.0,2.639938,3.452737,4.30759,0.862487,1008.0,14956.576172,1024.0,1024.0,34.820599,89800,64.0,1997.2
90600,5350,1871.765,9.584189,3.507928,0.889923,0.02054,1.568492,1.568492,1.407318,1.407318,0.060797,0.000626,0.395202,1.373332,0.2941,-1.378152,1.261916,0.974732,2.012001,3.581031,3.950825,0.37113,15360.0,3.444181,3.581298,5.169775,1.590081,1008.0,14971.876953,1024.0,1024.0,24.108431,90600,64.0,1997.2
91400,5400,1888.626,11.458817,5.881096,0.482812,0.020551,1.754289,1.754289,1.662921,1.662921,0.024842,0.000618,0.356736,1.37087,0.268789,-1.363728,1.281137,0.974942,1.930134,3.572381,3.913049,0.344356,15360.0,2.859232,3.567091,4.652765,1.099559,1008.0,14975.101562,1024.0,1024.0,36.728596,91400,64.0,1997.2
92200,5450,1905.615,11.90387,6.107567,0.575564,0.020536,1.854503,1.854503,1.738667,1.738667,0.034028,0.000604,0.348229,1.367777,0.266495,-1.370361,1.318357,0.974542,1.907842,3.626698,3.970068,0.351335,15360.0,3.013927,3.626438,4.945487,1.335588,1008.0,14968.96582,1024.0,1024.0,36.935932,92200,64.0,1997.2
93000,5500,1922.464,11.443538,5.932777,0.662709,0.020538,1.646038,1.646038,1.54769,1.54769,0.042794,0.0006,0.327936,1.3629,0.252526,-1.357139,1.357271,0.97442,1.791164,3.701203,4.039526,0.342746,15360.0,2.992572,3.703195,5.06028,1.366855,1008.0,14967.089844,1024.0,1024.0,29.537123,93000,64.0,1997.2
93800,5550,1939.273,9.933199,4.073758,0.833392,0.020535,1.605878,1.605878,1.457186,1.457186,0.058154,0.000606,0.390292,1.356956,0.296879,-1.354576,1.390718,0.974132,1.788795,3.781278,4.190931,0.412875,15360.0,3.533207,3.778891,5.703205,1.933302,1008.0,14962.663086,1024.0,1024.0,24.20476,93800,64.0,1997.2
94600,5600,1956.317,12.064318,6.407887,0.635717,0.020538,1.898529,1.898529,1.793733,1.793733,0.044025,0.00061,0.381475,1.351084,0.291153,-1.346524,1.427268,0.973833,1.695979,3.83437,4.247091,0.415554,15360.0,2.781134,3.830667,5.339128,1.512365,1008.0,14958.079102,1024.0,1024.0,54.515705,94600,64.0,1997.2
95400,5650,1973.359,8.604721,3.355065,0.915331,0.020523,1.579127,1.579127,1.439858,1.439858,0.062749,0.000557,0.202126,1.345249,0.157892,-1.342875,1.457193,0.975757,1.471607,3.882843,4.107457,0.230079,15360.0,3.010096,3.877413,5.392435,1.52923,1008.0,14987.623047,1024.0,1024.0,34.014439,95400,64.0,1997.2
96200,5700,1990.435,10.674793,4.965475,0.991191,0.020519,1.711273,1.711273,1.604831,1.604831,0.072606,0.000557,0.262184,1.341636,0.204622,-1.338096,1.478519,0.975037,1.616122,3.924234,4.218792,0.302537,15360.0,3.123002,3.9231,5.739254,1.826319,1008.0,14976.569336,1024.0,1024.0,33.441921,96200,64.0,1997.2
97000,5750,2007.296,8.965151,3.691519,0.587598,0.020512,1.444142,1.444142,1.276419,1.276419,0.037838,0.000514,0.318888,1.336962,0.246006,-1.347958,1.494896,0.975272,1.808714,3.964483,4.326863,0.367753,15360.0,3.164545,3.962991,5.443747,1.506501,1008.0,14980.173828,1024.0,1024.0,23.059446,97000,64.0,1997.2
97800,5800,2024.288,11.397691,5.837008,0.710663,0.020521,1.750576,1.750576,1.65041,1.65041,0.045123,0.000544,0.280309,1.329263,0.21922,-1.335117,1.489433,0.975065,1.742393,4.065471,4.38627,0.326514,15360.0,2.937212,4.060919,5.427683,1.370022,1008.0,14976.994141,1024.0,1024.0,22.802572,97800,64.0,1997.2
98600,5850,2041.126,9.755426,4.325456,0.641349,0.020501,1.649548,1.649548,1.533014,1.533014,0.037887,0.000473,0.276995,1.325234,0.216876,-1.33111,1.512917,0.975431,1.763415,4.106827,4.42832,0.328116,15360.0,3.044025,4.109469,5.465815,1.381058,1008.0,14982.621094,1024.0,1024.0,27.152916,98600,64.0,1997.2
99400,5900,2058.191,10.71882,5.01481,0.511213,0.020505,1.942019,1.942019,1.862819,1.862819,0.022737,0.000488,0.305668,1.315748,0.240105,-1.314352,1.547746,0.975783,1.895145,4.21315,4.57996,0.371621,15360.0,2.784193,4.204877,5.33323,1.13243,1008.0,14988.025391,1024.0,1024.0,51.815929,99400,64.0,1997.2
100200,5950,2093.564,11.569633,5.704029,0.673196,0.020526,1.713575,1.713575,1.60936,1.60936,0.038326,0.000571,0.33646,1.30003,0.272135,-1.298555,1.601421,0.974957,1.963742,4.309504,4.739061,0.435802,15360.0,3.289158,4.307899,5.911923,1.60548,1008.0,14975.333984,1024.0,1024.0,45.989414,100200,64.0,1997.2
101000,6000,2110.549,10.823312,4.872749,0.546499,0.020516,1.837854,1.837854,1.74592,1.74592,0.030793,0.000537,0.373617,1.281285,0.307861,-1.271065,1.635743,0.974676,2.022587,4.364552,4.861209,0.503581,15360.0,3.219013,4.35304,6.056596,1.71914,1008.0,14971.023438,1024.0,1024.0,40.234745,101000,64.0,1997.2
101800,6050,2127.553,9.357252,4.075964,0.513596,0.020504,1.730021,1.730021,1.605212,1.605212,0.026388,0.000486,0.256286,1.268128,0.208547,-1.277844,1.670528,0.975551,1.739538,4.430858,4.773225,0.348383,15360.0,2.827799,4.414502,5.772208,1.362668,1008.0,14984.462891,1024.0,1024.0,48.839912,101800,64.0,1997.2
102600,6100,2144.556,9.527447,3.939208,0.6914,0.020527,1.605679,1.605679,1.448142,1.448142,0.043567,0.000568,0.320325,1.245206,0.270381,-1.243514,1.707915,0.974302,1.818213,4.557852,5.008649,0.461788,15360.0,3.23842,4.548992,6.323297,1.793883,1008.0,14965.28125,1024.0,1024.0,26.953842,102600,64.0,1997.2
103400,6150,2161.691,10.760737,4.733326,0.737462,0.020509,1.854068,1.854068,1.73076,1.73076,0.044762,0.000505,0.407417,1.233184,0.339918,-1.232421,1.734693,0.97407,1.839547,4.632201,5.215567,0.589652,15360.0,3.276671,4.63476,6.624664,2.004474,1008.0,14961.708984,1024.0,1024.0,27.175306,103400,64.0,1997.2
104200,6200,2178.696,8.059354,2.598683,0.745472,0.020497,1.610009,1.610009,1.45208,1.45208,0.050641,0.000456,0.344067,1.218511,0.290292,-1.225222,1.725268,0.975058,1.687242,4.691068,5.186299,0.500831,15360.0,2.974608,4.689546,6.424646,1.744999,1008.0,14976.890625,1024.0,1024.0,33.092529,104200,64.0,1997.2
105000,6250,2195.748,8.649853,3.708964,0.536866,0.020509,1.695165,1.695165,1.57684,1.57684,0.033104,0.000509,0.25081,1.201385,0.221901,-1.203209,1.740335,0.97435,1.534144,4.762509,5.138621,0.386181,15360.0,2.446261,4.763995,5.924073,1.181624,1008.0,14966.010742,1024.0,1024.0,40.583408,105000,64.0,1997.2
105800,6300,2212.778,9.754298,4.382512,0.601647,0.020511,1.836162,1.836162,1.730449,1.730449,0.037567,0.000516,0.25236,1.181512,0.23406,-1.170531,1.703322,0.974551,1.652791,4.717321,5.098813,0.39868,15360.0,2.748997,4.701156,6.118489,1.436726,1008.0,14969.109375,1024.0,1024.0,46.801498,105800,64.0,1997.2
106600,6350,2229.939,11.3034,6.042513,0.556299,0.020505,1.905133,1.905133,1.827429,1.827429,0.034126,0.000491,0.219812,1.168127,0.203539,-1.172017,1.719187,0.975131,1.628528,4.733339,5.063785,0.349922,15360.0,2.466986,4.722879,5.869961,1.174992,1008.0,14978.016602,1024.0,1024.0,44.930286,106600,64.0,1997.2
107400,6400,2246.945,11.766129,6.19923,0.556944,0.020495,1.954611,1.954611,1.884891,1.884891,0.028509,0.000448,0.249743,1.153893,0.231733,-1.155729,1.695206,0.975633,1.707787,4.91328,5.288786,0.392836,15360.0,2.939521,4.918824,6.495961,1.615829,1008.0,14985.720703,1024.0,1024.0,33.209965,107400,64.0,1997.2
108200,6450,2264.122,9.718538,3.830595,0.672096,0.020498,1.649262,1.649262,1.460624,1.460624,0.044567,0.000471,0.350387,1.128942,0.323975,-1.132629,1.715252,0.975174,1.988642,5.048693,5.597445,0.555698,15360.0,3.473773,5.044813,7.242401,2.200375,1008.0,14978.675781,1024.0,1024.0,44.988552,108200,64.0,1997.2
109000,6500,2281.191,9.077933,3.685273,0.607412,0.020487,1.673791,1.673791,1.520421,1.520421,0.036549,0.000405,0.246635,1.121606,0.233687,-1.118788,1.726535,0.975682,1.828992,5.094642,5.487601,0.403468,15360.0,2.82655,5.091983,6.476496,1.399475,1008.0,14986.474609,1024.0,1024.0,28.050598,109000,64.0,1997.2
109800,6550,2298.034,10.783384,5.395731,0.591385,0.020492,1.895077,1.895077,1.782333,1.782333,0.038161,0.00044,0.192025,1.119691,0.192123,-1.11821,1.798807,0.975222,1.728526,5.054702,5.376248,0.345592,15360.0,2.568798,5.035835,6.066911,1.058547,1008.0,14979.414062,1024.0,1024.0,29.405317,109800,64.0,1997.2
110600,6600,2315.031,10.327924,5.012189,0.491538,0.020503,1.912011,1.912011,1.815029,1.815029,0.024835,0.000479,0.194513,1.104335,0.196342,-1.104697,1.762457,0.975557,1.729739,5.142321,5.465605,0.346045,15360.0,2.587429,5.131531,6.22815,1.113975,1008.0,14984.558594,1024.0,1024.0,58.23558,110600,64.0,1997.2
111400,6650,2332.03,8.752094,3.910705,0.506828,0.020492,1.612355,1.612355,1.483068,1.483068,0.023755,0.000427,0.158775,1.076568,0.16509,-1.080227,1.769962,0.975496,1.685884,5.23708,5.509778,0.292203,15360.0,2.319403,5.231146,6.107657,0.910658,1008.0,14983.621094,1024.0,1024.0,47.251408,111400,64.0,1997.2
112200,6700,2348.841,9.523403,4.199899,0.67074,0.020489,1.65336,1.65336,1.502596,1.502596,0.036262,0.000402,0.204835,1.044424,0.212132,-1.047913,1.80776,0.975181,1.70393,5.412359,5.778282,0.383484,15360.0,3.016046,5.411962,6.942595,1.536411,1008.0,14978.785156,1024.0,1024.0,39.310074,112200,64.0,1997.2
113000,6750,2365.726,10.391654,4.992434,0.508874,0.020483,1.83504,1.83504,1.734085,1.734085,0.027318,0.000398,0.261628,1.033073,0.274478,-1.028406,1.810907,0.975838,1.774389,5.437402,5.919877,0.497054,15360.0,2.717674,5.432984,6.860072,1.449014,1008.0,14988.873047,1024.0,1024.0,57.538513,113000,64.0,1997.2
113800,6800,2382.663,9.731142,4.750958,0.62639,0.020487,1.740721,1.740721,1.588948,1.588948,0.038936,0.00041,0.17889,1.004347,0.191289,-1.006963,1.789678,0.975071,1.465511,5.494235,5.824549,0.342346,15360.0,2.580373,5.481699,6.794897,1.320794,1008.0,14977.087891,1024.0,1024.0,41.488823,113800,64.0,1997.2
114600,6850,2399.747,9.273403,3.960404,0.680517,0.020474,1.781058,1.781058,1.657007,1.657007,0.042406,0.00035,0.26364,0.97506,0.281172,-0.97465,1.799108,0.975945,1.544933,5.567712,6.067445,0.505858,15360.0,2.814245,5.563581,7.44661,1.89677,1008.0,14990.510742,1024.0,1024.0,54.655743,114600,64.0,1997.2
115400,6900,2416.758,8.448667,3.321676,0.590321,0.020475,1.709164,1.709164,1.5681,1.5681,0.025811,0.000354,0.263764,0.964883,0.281149,-0.975911,1.805152,0.975773,1.514463,5.598005,6.099831,0.507517,15360.0,2.859625,5.583664,7.505294,1.927116,1008.0,14987.873047,1024.0,1024.0,25.333179,115400,64.0,1997.2
116200,6950,2433.775,8.948874,4.128893,0.620464,0.020479,1.699672,1.699672,1.555021,1.555021,0.038129,0.000371,0.194166,0.965736,0.218924,-0.968686,1.759457,0.975434,1.400666,5.619436,5.989186,0.385188,15360.0,2.381889,5.610571,6.857797,1.262865,1008.0,14982.665039,1024.0,1024.0,39.766479,116200,64.0,1997.2
117000,7000,2450.589,7.378029,2.461135,0.640499,0.020469,1.441624,1.441624,1.259742,1.259742,0.040943,0.000326,0.279601,0.951701,0.304297,-0.958098,1.742344,0.97559,1.587386,5.710683,6.23387,0.53019,15360.0,2.677179,5.707652,7.242338,1.545785,1008.0,14985.056641,1024.0,1024.0,31.066906,117000,64.0,1997.2
117800,7050,2467.53,9.147051,3.726696,0.692413,0.020473,1.731174,1.731174,1.575874,1.575874,0.040474,0.000347,0.268747,0.935595,0.298331,-0.932952,1.762519,0.975481,1.641565,5.828048,6.350414,0.525815,15360.0,2.976214,5.829169,7.653666,1.825871,1008.0,14983.380859,1024.0,1024.0,24.651525,117800,64.0,1997.2
118600,7100,2484.608,8.705054,3.619771,0.576416,0.02048,1.641264,1.641264,1.47353,1.47353,0.029389,0.000372,0.240501,0.927647,0.276736,-0.933591,1.757449,0.975717,1.640121,5.873787,6.351596,0.486349,15360.0,2.67458,5.870608,7.402638,1.542059,1008.0,14987.017578,1024.0,1024.0,25.868275,118600,64.0,1997.2
119400,7150,2501.719,9.725399,4.755182,0.515605,0.020477,1.640563,1.640563,1.534159,1.534159,0.026649,0.000358,0.209765,0.921848,0.248116,-0.927649,1.773956,0.975871,1.627592,5.838352,6.257486,0.440146,15360.0,2.640531,5.834224,7.327545,1.523821,1008.0,14989.381836,1024.0,1024.0,33.400517,119400,64.0,1997.2
120200,7200,2518.878,9.212543,3.845748,0.576119,0.020474,1.728659,1.728659,1.608026,1.608026,0.032059,0.000352,0.245272,0.901604,0.291449,-0.90257,1.806231,0.975265,1.771009,6.019422,6.536765,0.526425,15360.0,2.84132,6.017355,7.550643,1.551659,1008.0,14980.063477,1024.0,1024.0,44.243004,120200,64.0,1997.2
121000,7250,2536.008,7.902847,3.134833,0.537206,0.020468,1.44652,1.44652,1.263524,1.263524,0.024056,0.000319,0.172203,0.894524,0.211903,-0.893733,1.832321,0.975902,1.678979,6.020833,6.395638,0.388274,15360.0,2.559954,6.010485,7.210289,1.215431,1008.0,14989.851562,1024.0,1024.0,42.584415,121000,64.0,1997.2
121800,7300,2552.948,8.058795,3.231318,0.503653,0.020472,1.601894,1.601894,1.447147,1.447147,0.021822,0.000339,0.152739,0.900548,0.194042,-0.902994,1.887201,0.975983,1.640967,6.145494,6.487689,0.366196,15360.0,2.491873,6.135149,7.305637,1.187775,1008.0,14991.102539,1024.0,1024.0,32.814171,121800,64.0,1997.2
122600,7350,2570.023,9.547953,4.246882,0.603156,0.020476,1.697654,1.697654,1.633469,1.633469,0.031041,0.000353,0.188707,0.881419,0.250394,-0.880852,1.898599,0.975765,1.733189,6.201681,6.647163,0.475397,15360.0,2.96041,6.19743,7.831607,1.656154,1008.0,14987.75,1024.0,1024.0,43.752487,122600,64.0,1997.2
123400,7400,2587.111,7.906875,2.621166,0.577997,0.020465,1.595397,1.595397,1.425082,1.425082,0.034393,0.000297,0.228048,0.858192,0.286852,-0.857049,1.927602,0.976182,1.835428,6.334935,6.871454,0.552937,15360.0,2.896115,6.337755,7.881866,1.588723,1008.0,14994.150391,1024.0,1024.0,35.415825,123400,64.0,1997.2
124200,7450,2604.182,8.402969,2.911498,0.707318,0.020471,1.604428,1.604428,1.448026,1.448026,0.046861,0.000333,0.238854,0.852037,0.304397,-0.85752,1.949998,0.975688,1.809598,6.479121,7.054907,0.593573,15360.0,3.167864,6.475084,8.547075,2.095534,1008.0,14986.573242,1024.0,1024.0,28.948563,124200,64.0,1997.2
125000,7500,2621.171,9.016091,3.936187,0.496412,0.020471,1.721171,1.721171,1.591206,1.591206,0.02981,0.00033,0.19891,0.856027,0.257505,-0.862329,1.939905,0.975826,1.673468,6.404325,6.88076,0.499535,15360.0,2.65785,6.395192,7.818273,1.513359,1008.0,14988.686523,1024.0,1024.0,50.815258,125000,64.0,1997.2
125800,7550,2657.151,9.084617,4.031173,0.602235,0.020474,1.825195,1.825195,1.735397,1.735397,0.033127,0.000346,0.147462,0.842844,0.206802,-0.841011,1.975815,0.975347,1.489626,6.539642,6.908512,0.408602,15360.0,2.619772,6.542768,7.940234,1.490268,1008.0,14981.324219,1024.0,1024.0,56.494427,125800,64.0,1997.2
126600,7600,2674.023,7.338924,2.896665,0.551349,0.020465,1.501114,1.501114,1.322271,1.322271,0.027541,0.000295,0.141666,0.859805,0.190588,-0.862851,2.008791,0.975421,1.360843,6.667712,7.027898,0.382852,15360.0,2.389037,6.66486,8.004636,1.371263,1008.0,14982.473633,1024.0,1024.0,72.046967,126600,64.0,1997.2
127400,7650,2691.16,7.204533,2.62616,0.627912,0.020462,1.526263,1.526263,1.400482,1.400482,0.03603,0.00028,0.169632,0.819195,0.233458,-0.817923,2.021984,0.975925,1.334065,6.720075,7.169628,0.472048,15360.0,2.491371,6.730101,8.290206,1.62319,1008.0,14990.211914,1024.0,1024.0,41.169571,127400,64.0,1997.2
128200,7700,2708.298,8.580422,3.948773,0.56037,0.020467,1.689368,1.689368,1.52551,1.52551,0.030616,0.000302,0.168102,0.845811,0.230709,-0.843189,2.018644,0.976118,1.350618,6.661946,7.102323,0.465719,15360.0,2.245959,6.656036,7.978013,1.360249,1008.0,14993.175781,1024.0,1024.0,49.512691,128200,64.0,1997.2
129000,7750,2725.259,8.241947,3.153474,0.649416,0.020461,1.739334,1.739334,1.578032,1.578032,0.040206,0.000272,0.221451,0.814941,0.297062,-0.813099,2.012845,0.97558,1.482336,6.826766,7.416554,0.59794,15360.0,2.671808,6.809011,8.65804,1.862496,1008.0,14984.912109,1024.0,1024.0,56.016953,129000,64.0,1997.2
129800,7800,2742.198,8.236816,3.021921,0.677881,0.020463,1.797133,1.797133,1.617651,1.617651,0.042878,0.000283,0.202785,0.807097,0.275,-0.805157,2.027724,0.97574,1.48859,6.921376,7.470501,0.557625,15360.0,2.827767,6.915678,8.956672,2.043277,1008.0,14987.365234,1024.0,1024.0,33.6777,129800,64.0,1997.2
130600,7850,2758.984,8.546982,4.078564,0.53987,0.020464,1.683987,1.683987,1.547068,1.547068,0.027087,0.000292,0.127886,0.850919,0.171,-0.844708,2.000615,0.975976,1.315984,6.960869,7.293766,0.342105,15360.0,2.039429,6.956654,8.006749,1.058934,1008.0,14990.986328,1024.0,1024.0,52.013512,130600,64.0,1997.2
131400,7900,2775.798,8.469271,3.887561,0.504217,0.020463,1.641575,1.641575,1.4608,1.4608,0.02657,0.000283,0.15017,0.854055,0.20591,-0.861831,2.02847,0.976237,1.458398,6.804828,7.193024,0.417681,15360.0,2.14243,6.797024,7.901112,1.128993,1008.0,14994.998047,1024.0,1024.0,32.11414,131400,64.0,1997.2
132200,7950,2792.517,8.239231,3.438334,0.567287,0.020466,1.564331,1.564331,1.392324,1.392324,0.033103,0.000299,0.163223,0.857877,0.222724,-0.859182,2.033243,0.97577,1.516087,7.013391,7.444958,0.452852,15360.0,2.71023,6.987583,8.662482,1.719357,1008.0,14987.832031,1024.0,1024.0,38.054638,132200,64.0,1997.2
133000,8000,2809.152,7.809282,2.821198,0.626775,0.020461,1.564056,1.564056,1.393877,1.393877,0.037276,0.000268,0.201946,0.855796,0.2754,-0.856368,1.962314,0.976077,1.609949,7.156348,7.67856,0.540422,15360.0,2.694967,7.149686,8.800022,1.672756,1008.0,14992.544922,1024.0,1024.0,26.051699,133000,64.0,1997.2
133800,8050,2825.705,7.465882,2.697493,0.589835,0.020459,1.604857,1.604857,1.433178,1.433178,0.031685,0.000258,0.138956,0.832624,0.198202,-0.828345,1.960176,0.975493,1.553793,7.241492,7.612878,0.388511,15360.0,2.333344,7.23844,8.391918,1.178733,1008.0,14983.576172,1024.0,1024.0,48.836796,133800,64.0,1997.2
134600,8100,2842.54,9.486028,4.450384,0.74746,0.02046,1.635233,1.635233,1.481745,1.481745,0.045519,0.000268,0.130856,0.814474,0.193186,-0.815985,1.962517,0.976349,1.546685,7.170121,7.516292,0.37913,15360.0,2.638088,7.151886,8.667988,1.56811,1008.0,14996.724609,1024.0,1024.0,47.079243,134600,64.0,1997.2
135400,8150,2859.196,8.245293,3.878344,0.428234,0.020462,1.614486,1.614486,1.48352,1.48352,0.017413,0.00027,0.101802,0.899506,0.143875,-0.898884,1.941375,0.975756,1.458266,7.246157,7.49083,0.279316,15360.0,1.940841,7.235036,7.933895,0.785513,1008.0,14987.614258,1024.0,1024.0,52.512581,135400,64.0,1997.2
136200,8200,2876.197,9.954071,4.706266,0.66768,0.020463,1.83214,1.83214,1.650183,1.650183,0.044257,0.00028,0.151703,0.812946,0.219377,-0.809631,1.962226,0.975872,1.58113,7.356728,7.757736,0.430467,15360.0,2.704913,7.350352,8.82066,1.508864,1008.0,14989.388672,1024.0,1024.0,39.96912,136200,64.0,1997.2
137000,8250,2893.046,7.782188,2.735352,0.605299,0.020456,1.642894,1.642894,1.460815,1.460815,0.031901,0.00024,0.153325,0.810485,0.206146,-0.818937,1.990297,0.975909,1.660321,7.574203,7.971529,0.410291,15360.0,2.667508,7.572741,9.083442,1.545848,1008.0,14989.959961,1024.0,1024.0,46.87038,137000,64.0,1997.2
137800,8300,2909.706,9.851854,4.789159,0.58289,0.020461,1.789289,1.789289,1.688336,1.688336,0.029276,0.000263,0.157745,0.818417,0.222519,-0.813937,1.97232,0.976154,1.553435,7.477526,7.88878,0.438878,15360.0,2.59982,7.453109,8.900079,1.477479,1008.0,14993.720703,1024.0,1024.0,94.252945,137800,64.0,1997.2
138600,8350,2926.543,8.376627,3.439632,0.528621,0.020462,1.827845,1.827845,1.697753,1.697753,0.032829,0.000271,0.155459,0.800898,0.228283,-0.792923,1.978328,0.975774,1.530763,7.536278,7.952831,0.451619,15360.0,2.303535,7.527645,8.637234,1.205847,1008.0,14987.893555,1024.0,1024.0,55.66851,138600,64.0,1997.2
139400,8400,2943.182,8.369303,3.394242,0.582803,0.020455,1.723728,1.723728,1.550087,1.550087,0.036514,0.00023,0.162507,0.823827,0.233884,-0.823142,2.024761,0.975957,1.529011,7.666049,8.110719,0.473559,15360.0,2.613946,7.655791,9.171683,1.601157,1008.0,14990.695312,1024.0,1024.0,39.357521,139400,64.0,1997.2
140200,8450,2960.012,7.547866,3.061128,0.552827,0.020455,1.501589,1.501589,1.320943,1.320943,0.035053,0.000226,0.130945,0.847465,0.204614,-0.84782,2.028682,0.976289,1.454032,7.729582,8.108042,0.415097,15360.0,2.255776,7.721326,8.982147,1.312291,1008.0,14995.802734,1024.0,1024.0,50.817791,140200,64.0,1997.2
141000,8500,2976.813,7.084801,2.411244,0.656218,0.020458,1.551089,1.551089,1.373585,1.373585,0.042721,0.000245,0.19957,0.821489,0.269401,-0.823215,2.044677,0.975703,1.414705,7.934854,8.468241,0.550838,15360.0,2.254692,7.941199,9.304667,1.3763,1008.0,14986.800781,1024.0,1024.0,51.786228,141000,64.0,1997.2
141800,8550,2993.641,9.452105,4.653077,0.561605,0.020462,1.831885,1.831885,1.688964,1.688964,0.030326,0.000278,0.159959,0.847636,0.221257,-0.846276,2.05863,0.975679,1.320075,7.826881,8.250723,0.455485,15360.0,2.406177,7.800552,9.328354,1.597615,1008.0,14986.425781,1024.0,1024.0,36.756908,141800,64.0,1997.2
142600,8600,3010.712,8.395042,4.154682,0.560931,0.020458,1.625021,1.625021,1.450085,1.450085,0.02635,0.000254,0.112119,0.892722,0.15363,-0.883898,2.057958,0.976069,1.147435,7.980147,8.2631,0.316163,15360.0,2.039645,7.97002,9.158504,1.21642,1008.0,14992.417969,1024.0,1024.0,42.827488,142600,64.0,1997.2
143400,8650,3027.799,6.831733,2.600381,0.564148,0.020455,1.583738,1.583738,1.385321,1.385321,0.027766,0.000227,0.144075,0.833932,0.197903,-0.823106,2.078356,0.975996,1.166884,8.131196,8.528017,0.411313,15360.0,1.978923,8.125169,9.375231,1.251452,1008.0,14991.300781,1024.0,1024.0,37.604633,143400,64.0,1997.2
144200,8700,3044.947,6.704092,2.568101,0.554786,0.020453,1.4768,1.4768,1.270625,1.270625,0.027497,0.000208,0.138289,0.837352,0.189257,-0.832523,2.081452,0.976217,1.186824,8.185433,8.560285,0.393929,15360.0,2.037196,8.179488,9.456222,1.312371,1008.0,14994.6875,1024.0,1024.0,58.253036,144200,64.0,1997.2
145000,8750,3062.017,6.271749,2.123993,0.590899,0.020453,1.431196,1.431196,1.222672,1.222672,0.032717,0.000216,0.138007,0.872989,0.187619,-0.873741,2.075571,0.976655,1.221884,8.194631,8.565559,0.389416,15360.0,2.007322,8.191794,9.349436,1.201149,1008.0,15001.417969,1024.0,1024.0,83.882126,145000,64.0,1997.2
145800,8800,3078.955,7.471297,2.602619,0.613906,0.020458,1.612335,1.612335,1.421415,1.421415,0.033462,0.000243,0.216605,0.827149,0.284668,-0.824034,2.084306,0.976308,1.448366,8.333066,8.914039,0.593336,15360.0,2.652588,8.333322,10.237769,1.925872,1008.0,14996.083984,1024.0,1024.0,28.374954,145800,64.0,1997.2
146600,8850,3095.965,6.95993,2.333994,0.595496,0.020455,1.521022,1.521022,1.33662,1.33662,0.032486,0.000224,0.181854,0.830051,0.238281,-0.84357,2.061318,0.976055,1.418393,8.446218,8.91992,0.491173,15360.0,2.455383,8.449148,10.07203,1.631077,1008.0,14992.208984,1024.0,1024.0,34.310627,146600,64.0,1997.2
147400,8900,3113.094,9.088235,4.601124,0.528442,0.020459,1.68194,1.68194,1.542438,1.542438,0.029024,0.000251,0.10145,0.846616,0.160036,-0.852884,2.077777,0.975689,1.353534,8.196697,8.466196,0.332518,15360.0,2.110308,8.185266,9.319643,1.23345,1008.0,14986.589844,1024.0,1024.0,46.686672,147400,64.0,1997.2
148200,8950,3130.12,6.630981,2.021821,0.640635,0.020453,1.518449,1.518449,1.333766,1.333766,0.037124,0.000211,0.13023,0.793903,0.176861,-0.793487,2.164365,0.9763,1.457082,8.602363,8.977124,0.382791,15360.0,2.301551,8.593181,9.933645,1.343951,1008.0,14995.962891,1024.0,1024.0,36.568287,148200,64.0,1997.2
149000,9000,3147.262,9.318811,5.241848,0.48447,0.020457,1.52071,1.52071,1.360956,1.360956,0.022696,0.000231,0.074234,0.889518,0.118626,-0.896212,2.258465,0.97602,1.286981,8.218522,8.4319,0.267912,15360.0,1.793466,8.175632,8.943958,0.861361,1008.0,14991.660156,1024.0,1024.0,49.585014,149000,64.0,1997.2
149800,9050,3164.257,7.689106,2.69321,0.655928,0.020454,1.563871,1.563871,1.359401,1.359401,0.042199,0.000214,0.210405,0.915131,0.242773,-0.916652,2.332307,0.976176,1.572876,8.746585,9.285692,0.566222,15360.0,2.719918,8.739086,10.492429,1.84172,1008.0,14994.069336,1024.0,1024.0,44.235577,149800,64.0,1997.2
150600,9100,3200.667,6.581144,1.860079,0.597161,0.020451,1.414036,1.414036,1.19197,1.19197,0.034605,0.000194,0.200265,0.953391,0.22151,-0.949679,2.410052,0.976039,1.544124,8.93769,9.4633,0.533851,15360.0,2.678749,8.935563,10.583877,1.660771,1008.0,14991.953125,1024.0,1024.0,72.991127,150600,64.0,1997.2
151400,9150,3217.709,6.904386,2.480742,0.623932,0.02045,1.378927,1.378927,1.202745,1.202745,0.033693,0.000188,0.125001,0.863125,0.155856,-0.870934,2.432233,0.976104,1.412784,8.895451,9.254725,0.379079,15360.0,2.415524,8.8742,10.262259,1.416646,1008.0,14992.949219,1024.0,1024.0,43.76099,151400,64.0,1997.2
152200,9200,3234.629,7.159555,2.741755,0.508757,0.020452,1.623513,1.623513,1.432604,1.432604,0.021195,0.000206,0.111599,0.902351,0.143375,-0.900153,2.42413,0.975995,1.39741,9.019385,9.337183,0.347559,15360.0,1.979057,9.000731,10.011269,1.028727,1008.0,14991.289062,1024.0,1024.0,44.633514,152200,64.0,1997.2
153000,9250,3251.642,7.911629,3.258985,0.585048,0.020454,1.644089,1.644089,1.444718,1.444718,0.033114,0.000214,0.154336,0.967524,0.187065,-0.962267,2.402052,0.975937,1.376457,9.148286,9.560639,0.44934,15360.0,2.359504,9.156547,10.580576,1.495556,1008.0,14990.386719,1024.0,1024.0,42.465996,153000,64.0,1997.2
153800,9300,3268.446,7.645164,3.246182,0.54961,0.020453,1.488975,1.488975,1.296233,1.296233,0.028865,0.000209,0.126795,0.873656,0.173338,-0.877718,2.470057,0.975852,1.3618,9.064221,9.454535,0.428154,15360.0,2.341505,9.034004,10.381233,1.425278,1008.0,14989.083984,1024.0,1024.0,42.557384,153800,64.0,1997.2
154600,9350,3285.472,7.917343,3.01814,0.62958,0.020452,1.562606,1.562606,1.427469,1.427469,0.035926,0.000204,0.220659,0.847855,0.27095,-0.848635,2.458128,0.976442,1.471739,9.375444,10.026228,0.66603,15360.0,2.793018,9.376134,11.612747,2.247616,1008.0,14998.140625,1024.0,1024.0,46.997032,154600,64.0,1997.2
155400,9400,3302.558,7.402847,3.035215,0.621885,0.020452,1.666466,1.666466,1.460953,1.460953,0.037722,0.000199,0.10858,0.785697,0.157109,-0.781516,2.45346,0.976359,1.130484,9.320144,9.671645,0.38546,15360.0,2.177062,9.293074,10.703199,1.477728,1008.0,14996.866211,1024.0,1024.0,31.755545,155400,64.0,1997.2
156200,9450,3319.493,7.253332,3.175044,0.586938,0.020451,1.617971,1.617971,1.418308,1.418308,0.033273,0.000194,0.092677,0.803821,0.150606,-0.797539,2.453496,0.976456,1.043095,9.427858,9.740139,0.369511,15360.0,1.851195,9.41722,10.612713,1.244895,1008.0,14998.355469,1024.0,1024.0,40.098301,156200,64.0,1997.2
157000,9500,3336.512,7.478396,3.607364,0.521229,0.020452,1.534712,1.534712,1.352943,1.352943,0.028817,0.000203,0.080123,0.784005,0.134569,-0.777786,2.421117,0.976113,1.038874,9.27445,9.544228,0.325807,15360.0,1.740565,9.23465,10.214868,1.091435,1008.0,14993.099609,1024.0,1024.0,35.14566,157000,64.0,1997.2
157800,9550,3353.177,6.586232,2.572258,0.600574,0.020452,1.503217,1.503217,1.288579,1.288579,0.037422,0.000203,0.118424,0.804413,0.17125,-0.802265,2.452657,0.975795,1.083114,9.612126,9.997551,0.420018,15360.0,1.792904,9.602139,10.71262,1.202639,1008.0,14988.216797,1024.0,1024.0,39.472134,157800,64.0,1997.2
158600,9600,3369.82,6.546498,2.706929,0.504675,0.020451,1.514268,1.514268,1.34194,1.34194,0.022215,0.000202,0.083364,0.841102,0.129969,-0.834115,2.36563,0.975889,1.058954,9.646986,9.90043,0.307459,15360.0,1.688098,9.62493,10.553729,1.053519,1008.0,14989.654297,1024.0,1024.0,46.782871,158600,64.0,1997.2
159400,9650,3386.626,6.518853,2.462177,0.579012,0.020451,1.500575,1.500575,1.287971,1.287971,0.034476,0.000194,0.096253,0.816463,0.15289,-0.81868,2.397818,0.9759,1.134303,9.743108,10.060315,0.366602,15360.0,1.920084,9.729706,10.864759,1.275588,1008.0,14989.825195,1024.0,1024.0,38.174965,159400,64.0,1997.2
160200,9700,3403.263,6.547664,2.412421,0.572341,0.020452,1.497688,1.497688,1.282482,1.282482,0.03289,0.000196,0.124558,0.813585,0.173283,-0.815842,2.365611,0.975515,1.226667,9.90327,10.286986,0.409921,15360.0,1.812563,9.891307,10.898041,1.1135,1008.0,14983.907227,1024.0,1024.0,60.986523,160200,64.0,1997.2
161000,9750,3420.194,5.784611,1.678118,0.615749,0.020449,1.427868,1.427868,1.179264,1.179264,0.03637,0.000172,0.077936,0.78753,0.104152,-0.791693,2.44364,0.97582,1.272241,9.99895,10.244437,0.25451,15360.0,1.831544,9.988151,10.975236,1.037131,1008.0,14988.589844,1024.0,1024.0,37.285282,161000,64.0,1997.2
161800,9800,3436.919,5.952542,1.800111,0.587436,0.020449,1.331571,1.331571,1.095397,1.095397,0.032423,0.000171,0.124366,0.816242,0.161963,-0.81539,2.453097,0.97604,1.347116,10.074815,10.454945,0.39731,15360.0,2.027789,10.045787,11.321613,1.31386,1008.0,14991.979492,1024.0,1024.0,16.5425,161800,64.0,1997.2
162600,9850,3453.669,7.509314,3.221154,0.553197,0.02045,1.523431,1.523431,1.30412,1.30412,0.02498,0.000177,0.100173,0.848077,0.144252,-0.849958,2.494952,0.976245,1.313969,9.937492,10.253534,0.359903,15360.0,2.081984,9.907712,11.093055,1.285457,1008.0,14995.119141,1024.0,1024.0,38.812996,162600,64.0,1997.2
163400,9900,3470.579,6.930666,2.648263,0.592078,0.020448,1.416627,1.416627,1.234558,1.234558,0.03336,0.000164,0.097319,0.802302,0.131537,-0.793274,2.56981,0.976093,1.35661,10.161385,10.484809,0.338024,15360.0,2.192195,10.126326,11.390488,1.319025,1008.0,14992.78418,1024.0,1024.0,44.208336,163400,64.0,1997.2
164200,9950,3487.587,7.859455,3.234984,0.775298,0.020451,1.597283,1.597283,1.372425,1.372425,0.049173,0.000191,0.065609,0.800055,0.098925,-0.807052,2.644757,0.976296,1.375389,10.234282,10.454041,0.261632,15360.0,2.102374,10.164233,11.229741,1.169025,1008.0,14995.90625,1024.0,1024.0,48.102497,164200,64.0,1997.2
165000,10000,3504.546,7.066264,2.849178,0.489679,0.020449,1.47682,1.47682,1.272129,1.272129,0.021709,0.000168,0.118188,0.839435,0.149751,-0.848143,2.681078,0.976206,1.337365,10.456403,10.831914,0.401495,15360.0,2.089676,10.417722,11.611006,1.235564,1008.0,14994.525391,1024.0,1024.0,59.95322,165000,64.0,1997.2
165800,10050,3521.645,5.798827,1.789703,0.488396,0.020447,1.365173,1.365173,1.148889,1.148889,0.018996,0.000157,0.102232,0.898208,0.120507,-0.890908,2.725877,0.976309,1.322202,10.713616,11.024076,0.328487,15360.0,1.913855,10.692416,11.702187,1.054146,1008.0,14996.105469,1024.0,1024.0,50.17754,165800,64.0,1997.2
166600,10100,3538.677,7.442036,2.987461,0.631511,0.020449,1.554849,1.554849,1.380479,1.380479,0.02961,0.000167,0.103889,0.871725,0.140891,-0.87227,2.734614,0.976043,1.301923,10.853679,11.174009,0.385284,15360.0,2.288235,10.887437,12.321565,1.467306,1008.0,14992.020508,1024.0,1024.0,55.353207,166600,64.0,1997.2
167400,10150,3555.827,6.519534,2.684886,0.507223,0.020448,1.391702,1.391702,1.155708,1.155708,0.0203,0.000167,0.0781,0.844614,0.112506,-0.848694,2.747444,0.97605,1.174034,10.808805,11.062738,0.309105,15360.0,1.746568,10.772209,11.565849,0.940009,1008.0,14992.126953,1024.0,1024.0,29.932957,167400,64.0,1997.2
168200,10200,3572.869,6.227909,2.232324,0.626442,0.020448,1.432547,1.432547,1.210677,1.210677,0.037355,0.000159,0.105718,0.915254,0.125743,-0.91274,2.820125,0.976323,1.096156,11.042971,11.369699,0.354611,15360.0,1.903398,11.025659,12.152779,1.184355,1008.0,14996.321289,1024.0,1024.0,25.256279,168200,64.0,1997.2
169000,10250,3590.027,5.725035,1.981293,0.477399,0.020447,1.373076,1.373076,1.152141,1.152141,0.020594,0.000157,0.120065,1.019578,0.131557,-1.015452,2.845065,0.975687,1.106284,11.075033,11.399555,0.374287,15360.0,1.69721,11.028783,12.002639,1.041507,1008.0,14986.556641,1024.0,1024.0,28.949928,169000,64.0,1997.2
169800,10300,3607.001,5.618076,1.517812,0.681962,0.020447,1.309934,1.309934,1.055125,1.055125,0.040546,0.000149,0.227686,1.024952,0.219139,-1.029423,2.809319,0.975992,1.087407,11.403067,12.009257,0.61563,15360.0,2.139447,11.396095,13.225088,1.833881,1008.0,14991.242188,1024.0,1024.0,37.278446,169800,64.0,1997.2
170600,10350,3624.18,5.813578,2.265686,0.597265,0.020447,1.310984,1.310984,1.074989,1.074989,0.032238,0.000148,0.084358,0.875502,0.106849,-0.883787,2.878408,0.976077,0.885378,11.190698,11.456067,0.307554,15360.0,1.727874,11.140038,12.262185,1.225895,1008.0,14992.535156,1024.0,1024.0,37.495716,170600,64.0,1997.2
171400,10400,3641.222,7.135251,3.260584,0.525419,0.020447,1.616119,1.616119,1.428046,1.428046,0.021142,0.000152,0.087874,0.855524,0.112713,-0.865224,2.922509,0.976303,0.970077,11.187417,11.460795,0.329404,15360.0,1.643731,11.170739,12.208017,1.189515,1008.0,14996.016602,1024.0,1024.0,59.488316,171400,64.0,1997.2
172200,10450,3658.368,5.078319,1.385936,0.682401,0.020446,1.230576,1.230576,0.994466,0.994466,0.036315,0.000141,0.102642,0.861975,0.121349,-0.867548,2.917838,0.976338,0.951,11.578909,11.914209,0.354077,15360.0,1.940867,11.569883,13.14392,1.580943,1008.0,14996.549805,1024.0,1024.0,28.988745,172200,64.0,1997.2
173000,10500,3675.47,6.876439,3.039268,0.534625,0.020447,1.537788,1.537788,1.334775,1.334775,0.029739,0.000153,0.06604,0.827318,0.090212,-0.835478,2.892623,0.975729,1.049594,11.234927,11.440772,0.260948,15360.0,1.582993,11.190685,11.951385,0.949027,1008.0,14987.203125,1024.0,1024.0,56.048817,173000,64.0,1997.2
173800,10550,3692.536,5.786203,2.215737,0.480841,0.020448,1.365942,1.365942,1.160103,1.160103,0.023848,0.000156,0.070026,0.858114,0.101344,-0.862211,2.822773,0.97649,1.046777,11.490515,11.719584,0.286071,15360.0,1.499461,11.443785,12.215769,0.900597,1008.0,14998.883789,1024.0,1024.0,36.390751,173800,64.0,1997.2
174600,10600,3709.61,7.449394,3.333611,0.545212,0.020449,1.61336,1.61336,1.441351,1.441351,0.027838,0.000167,0.089279,0.865256,0.124952,-0.862373,2.813255,0.976098,1.187914,11.532109,11.811286,0.351521,15360.0,1.660773,11.506034,12.342663,1.014091,1008.0,14992.867188,1024.0,1024.0,48.106205,174600,64.0,1997.2
175400,10650,3747.044,8.192346,4.141518,0.490794,0.020448,1.622864,1.622864,1.459615,1.459615,0.025803,0.000164,0.09518,0.84424,0.127383,-0.842768,2.920654,0.976155,1.168942,11.526838,11.845038,0.372041,15360.0,1.634376,11.485232,12.221919,0.989754,1008.0,14993.734375,1024.0,1024.0,52.25774,175400,64.0,1997.2
176200,10700,3764.028,5.843553,1.797593,0.665198,0.020446,1.306694,1.306694,1.03489,1.03489,0.035386,0.000135,0.077676,0.770741,0.108418,-0.766853,2.948106,0.97627,1.258605,12.106777,12.402804,0.319627,15360.0,1.955572,12.093175,13.396532,1.325564,1008.0,14995.511719,1024.0,1024.0,43.165913,176200,64.0,1997.2
177000,10750,3781.044,6.253234,2.13187,0.607261,0.020446,1.38088,1.38088,1.150104,1.150104,0.034234,0.000136,0.086297,0.762379,0.126083,-0.763914,2.931592,0.976012,1.313947,12.107582,12.443579,0.369625,15360.0,1.914819,12.072984,13.211746,1.205972,1008.0,14991.536133,1024.0,1024.0,31.094015,177000,64.0,1997.2
177800,10800,3797.983,7.176406,2.679815,0.677965,0.020447,1.504928,1.504928,1.32277,1.32277,0.040148,0.000155,0.102919,0.753822,0.146795,-0.759662,3.051332,0.976348,1.391788,12.11637,12.516301,0.44792,15360.0,2.160172,12.068677,13.388474,1.451953,1008.0,14996.710938,1024.0,1024.0,29.521837,177800,64.0,1997.2
178600,10850,3814.849,7.154782,2.81066,0.568704,0.020447,1.473618,1.473618,1.254165,1.254165,0.026896,0.000148,0.125274,0.8388,0.140428,-0.830132,3.087781,0.976028,1.34793,12.445865,12.860195,0.433612,15360.0,2.202629,12.389267,13.868599,1.532682,1008.0,14991.787109,1024.0,1024.0,38.132458,178600,64.0,1997.2
179400,10900,3831.756,5.62172,1.596523,0.570555,0.020445,1.386821,1.386821,1.094765,1.094765,0.030271,0.000131,0.083704,0.834228,0.106658,-0.833229,3.132903,0.976012,1.289891,12.758515,13.071035,0.334151,15360.0,1.783664,12.718407,13.581903,0.948462,1008.0,14991.546875,1024.0,1024.0,37.438976,179400,64.0,1997.2
180200,10950,3848.586,6.138884,1.926951,0.69429,0.020446,1.393848,1.393848,1.134542,1.134542,0.042328,0.000139,0.101318,0.912297,0.112808,-0.906033,3.211392,0.976171,1.251871,12.739053,13.071526,0.362271,15360.0,2.03592,12.697927,13.984545,1.338522,1008.0,14993.986328,1024.0,1024.0,20.298389,180200,64.0,1997.2
181000,11000,3865.493,6.317486,2.193404,0.731487,0.020446,1.364758,1.364758,1.139426,1.139426,0.043238,0.000134,0.076681,0.843223,0.098459,-0.837991,3.246242,0.97623,1.147994,12.854748,13.122422,0.319621,15360.0,2.15414,12.832639,14.296763,1.505527,1008.0,14994.892578,1024.0,1024.0,54.482124,181000,64.0,1997.2
181800,11050,3882.184,5.417337,1.703084,0.594921,0.020445,1.337225,1.337225,1.134866,1.134866,0.032059,0.000125,0.087137,0.96176,0.097522,-0.957472,3.181683,0.976092,1.028928,13.041436,13.317508,0.310284,15360.0,1.706251,13.015255,14.038937,1.12155,1008.0,14992.768555,1024.0,1024.0,31.038662,181800,64.0,1997.2
182600,11100,3899.313,6.099083,2.33704,0.507887,0.020446,1.440828,1.440828,1.335411,1.335411,0.025677,0.000144,0.082087,0.891486,0.117657,-0.888999,3.256877,0.97607,1.025681,12.736639,12.997234,0.383195,15360.0,1.803429,12.72427,13.69342,1.261473,1008.0,14992.427734,1024.0,1024.0,40.514011,182600,64.0,1997.2
183400,11150,3916.175,7.404576,3.65368,0.470335,0.020447,1.542054,1.542054,1.328224,1.328224,0.024881,0.000144,0.085892,0.841381,0.117019,-0.843444,3.387413,0.976443,1.004104,12.591742,12.890812,0.396391,15360.0,1.579531,12.517756,13.264313,1.079151,1008.0,14998.160156,1024.0,1024.0,39.89904,183400,64.0,1997.2
184200,11200,3933.072,6.975811,2.899076,0.662931,0.020447,1.653378,1.653378,1.441145,1.441145,0.044911,0.000145,0.123247,0.933428,0.1375,-0.932498,3.500003,0.976109,0.910199,13.304995,13.722411,0.48125,15360.0,1.803991,13.281116,14.722669,1.577116,1008.0,14993.033203,1024.0,1024.0,46.543304,184200,64.0,1997.2
185000,11250,3950.015,6.695796,2.838727,0.618084,0.020447,1.523553,1.523553,1.341132,1.341132,0.035844,0.000147,0.116278,1.039083,0.125865,-1.035794,3.543794,0.976067,0.963109,13.259396,13.616186,0.44604,15360.0,1.544143,13.223089,14.22002,1.222677,1008.0,14992.394531,1024.0,1024.0,46.824165,185000,64.0,1997.2
185800,11300,3966.714,4.988365,1.414356,0.648966,0.020444,1.238861,1.238861,0.8999,0.8999,0.041047,0.000117,0.132663,1.118515,0.120342,-1.123524,3.533333,0.976142,0.958519,13.662958,14.059168,0.42521,15360.0,1.502231,13.656997,14.808976,1.201085,1008.0,14993.536133,1024.0,1024.0,21.587557,185800,64.0,1997.2
186600,11350,3983.83,6.862926,2.762922,0.583138,0.020446,1.601967,1.601967,1.403953,1.403953,0.035201,0.000144,0.112561,0.966788,0.111469,-0.970064,3.685576,0.976285,1.053735,13.480306,13.848374,0.410826,15360.0,1.893202,13.440213,14.752917,1.547745,1008.0,14995.740234,1024.0,1024.0,43.383286,186600,64.0,1997.2
187400,11400,4000.485,6.801476,2.856819,0.551663,0.020446,1.483753,1.483753,1.275735,1.275735,0.02517,0.000133,0.116538,0.788251,0.133432,-0.785935,3.569083,0.976173,1.09108,13.670925,14.109013,0.476228,15360.0,1.776004,13.610167,14.894703,1.423941,1008.0,14994.023438,1024.0,1024.0,34.506557,187400,64.0,1997.2
188200,11450,4017.405,8.405105,4.307405,0.60823,0.020447,1.632896,1.632896,1.500496,1.500496,0.036,0.000146,0.06041,0.778557,0.096676,-0.782786,3.444919,0.97621,1.092439,13.212035,13.449376,0.33304,15360.0,1.733292,13.132376,14.012591,1.185478,1008.0,14994.587891,1024.0,1024.0,47.381454,188200,64.0,1997.2
189000,11500,4034.331,6.348852,2.466299,0.526752,0.020446,1.385888,1.385888,1.223183,1.223183,0.028389,0.000137,0.077908,0.79017,0.111357,-0.79655,3.48851,0.976091,1.205757,13.799086,14.102615,0.388469,15360.0,1.757376,13.762364,14.724839,1.194042,1008.0,14992.75293,1024.0,1024.0,59.676189,189000,64.0,1997.2
189800,11550,4051.333,6.357908,2.131776,0.616644,0.020445,1.316145,1.316145,1.103499,1.103499,0.03782,0.000127,0.152633,0.874523,0.155684,-0.878039,3.638704,0.976198,1.335906,14.262425,14.809303,0.566487,15360.0,2.175814,14.191463,15.840293,1.719954,1008.0,14994.404297,1024.0,1024.0,36.67284,189800,64.0,1997.2
190600,11600,4068.454,6.086167,2.111751,0.578615,0.020445,1.412742,1.412742,1.163604,1.163604,0.024853,0.000125,0.073033,0.763825,0.088459,-0.76599,3.737028,0.97591,1.252229,14.438619,14.738167,0.330573,15360.0,1.653596,14.387598,15.44189,1.084459,1008.0,14989.983398,1024.0,1024.0,23.861158,190600,64.0,1997.2
191400,11650,4085.526,5.544804,1.662925,0.562021,0.020444,1.323843,1.323843,1.122292,1.122292,0.030774,0.000117,0.06844,0.90635,0.07808,-0.904152,3.98906,0.976416,1.281415,14.60417,14.877401,0.311465,15360.0,1.644439,14.536852,15.391215,0.940539,1008.0,14997.755859,1024.0,1024.0,27.067274,191400,64.0,1997.2
192200,11700,4102.636,5.825862,1.6233,0.625649,0.020444,1.428311,1.428311,1.239816,1.239816,0.035507,0.000116,0.090514,0.820005,0.104888,-0.824802,3.998548,0.976096,1.273021,14.855405,15.243082,0.419398,15360.0,2.072639,14.769219,16.064981,1.48652,1008.0,14992.839844,1024.0,1024.0,30.924767,192200,64.0,1997.2
193000,11750,4119.8,6.748324,2.771194,0.510354,0.020445,1.50083,1.50083,1.334422,1.334422,0.022871,0.000128,0.057972,0.711532,0.08667,-0.714878,4.096476,0.976221,1.227305,14.486377,14.754663,0.355042,15360.0,1.700469,14.386829,15.152309,1.013669,1008.0,14994.757812,1024.0,1024.0,52.573643,193000,64.0,1997.2
193800,11800,4136.769,5.47915,1.682306,0.549628,0.020444,1.310411,1.310411,1.049558,1.049558,0.026736,0.000111,0.069421,0.746392,0.091929,-0.742912,4.032881,0.97641,1.202058,15.032537,15.355653,0.370739,15360.0,1.712801,14.968464,15.806664,1.064821,1008.0,14997.65332,1024.0,1024.0,38.367855,193800,64.0,1997.2
194600,11850,4153.883,6.261488,2.351823,0.605022,0.020445,1.555704,1.555704,1.346487,1.346487,0.035864,0.000126,0.057312,0.8053,0.081101,-0.804019,4.034814,0.976345,1.083821,14.839273,15.101887,0.327226,15360.0,1.439303,14.827996,15.376011,0.730357,1008.0,14996.666016,1024.0,1024.0,41.791195,194600,64.0,1997.2
195400,11900,4170.924,6.676041,2.773251,0.637184,0.020445,1.412642,1.412642,1.241462,1.241462,0.032654,0.000124,0.058608,0.722666,0.081594,-0.715427,4.331934,0.976118,1.081625,15.058103,15.365985,0.353459,15360.0,1.836743,15.020506,16.269709,1.314537,1008.0,14993.170898,1024.0,1024.0,35.411671,195400,64.0,1997.2
196200,11950,4188.025,6.714583,2.727118,0.585619,0.020445,1.551873,1.551873,1.385469,1.385469,0.029359,0.000123,0.06759,0.724284,0.100798,-0.721141,4.341675,0.976207,1.057671,15.003695,15.344758,0.43763,15360.0,1.830268,14.914991,16.007008,1.366409,1008.0,14994.535156,1024.0,1024.0,42.026672,196200,64.0,1997.2
197000,12000,4205.168,6.362547,2.828662,0.601993,0.020445,1.310696,1.310696,1.017495,1.017495,0.033727,0.000129,0.053834,0.76713,0.083658,-0.760426,4.281682,0.97613,0.924593,14.917688,15.207948,0.358197,15360.0,1.637517,14.826922,15.789084,1.190213,1008.0,14993.349609,1024.0,1024.0,29.964777,197000,64.0,1997.2
197800,12050,4222.118,6.064815,2.489166,0.587566,0.020445,1.564289,1.564289,1.286082,1.286082,0.033227,0.000125,0.054785,0.848833,0.074433,-0.84142,4.377631,0.976358,0.800577,15.432446,15.695318,0.325838,15360.0,1.305192,15.370213,15.975599,0.873464,1008.0,14996.860352,1024.0,1024.0,56.424706,197800,64.0,1997.2
198600,12100,4239.193,6.476993,2.855569,0.522998,0.020445,1.473161,1.473161,1.267443,1.267443,0.029323,0.000128,0.055871,0.881613,0.089084,-0.883519,4.347997,0.97611,0.966914,14.926941,15.161016,0.387335,15360.0,1.449062,14.884943,15.667768,1.062495,1008.0,14993.052734,1024.0,1024.0,35.406849,198600,64.0,1997.2
199400,12150,4256.217,6.742735,2.707999,0.698246,0.020445,1.601179,1.601179,1.393519,1.393519,0.042028,0.000127,0.083602,0.783188,0.104229,-0.786349,4.268339,0.976171,0.914065,15.621756,16.010263,0.444884,15360.0,1.856939,15.569224,17.225332,1.718613,1008.0,14993.980469,1024.0,1024.0,30.850388,199400,64.0,1997.2
200200,12200,4294.086,5.709952,2.182009,0.607684,0.020444,1.333171,1.333171,1.140251,1.140251,0.028007,0.000114,0.057775,0.697689,0.08248,-0.697996,4.401196,0.976148,0.932424,16.097376,16.395443,0.363012,15360.0,1.477089,16.074879,17.202497,1.282586,1008.0,14993.633789,1024.0,1024.0,34.741806,200200,64.0,1997.2
201000,12250,4311.145,8.496233,4.346712,0.618949,0.020447,1.55995,1.55995,1.416286,1.416286,0.034414,0.000152,0.087128,0.836225,0.103927,-0.83175,4.554889,0.976052,1.146335,14.907994,15.286969,0.473374,15360.0,1.869056,14.87463,16.217752,1.562459,1008.0,14992.158203,1024.0,1024.0,52.604542,201000,64.0,1997.2
201800,12300,4328.178,5.368147,1.538684,0.686538,0.020445,1.328546,1.328546,0.994989,0.994989,0.043719,0.000118,0.063308,0.708001,0.093386,-0.696607,4.427577,0.976155,1.122311,16.430262,16.804363,0.413476,15360.0,1.58487,16.386698,17.525244,1.350072,1008.0,14993.746094,1024.0,1024.0,34.295872,201800,64.0,1997.2
202600,12350,4345.331,8.656624,4.353364,0.601533,0.020447,1.748003,1.748003,1.553315,1.553315,0.036498,0.000147,0.052244,0.757535,0.079611,-0.762488,4.602794,0.975766,1.207778,15.375546,15.668839,0.366431,15360.0,1.661511,15.312369,16.211845,1.190975,1008.0,14987.757812,1024.0,1024.0,49.499165,202600,64.0,1997.2
203400,12400,4362.471,6.14207,2.220721,0.582678,0.020444,1.490462,1.490462,1.268255,1.268255,0.029829,0.000117,0.040529,0.650203,0.070792,-0.646473,4.456323,0.976174,1.191884,16.754097,16.994156,0.315474,15360.0,1.487685,16.682453,17.52586,1.05148,1008.0,14994.03418,1024.0,1024.0,45.911243,203400,64.0,1997.2
204200,12450,4379.446,5.10016,1.388621,0.62775,0.020444,1.304693,1.304693,0.98055,0.98055,0.036882,0.000113,0.02426,0.552019,0.049961,-0.555278,4.594886,0.97587,1.182999,16.754438,16.951733,0.229565,15360.0,1.403078,16.679735,17.450274,0.942539,1008.0,14989.361328,1024.0,1024.0,36.100788,204200,64.0,1997.2
205000,12500,4396.551,6.53516,2.647682,0.524462,0.020445,1.447464,1.447464,1.178417,1.178417,0.027584,0.000121,0.028518,0.608444,0.059206,-0.604677,4.611406,0.976297,1.283684,16.199722,16.412416,0.273024,15360.0,1.460531,16.181454,16.680532,0.869645,1008.0,14995.917969,1024.0,1024.0,33.058472,205000,64.0,1997.2
205800,12550,4413.336,6.230076,2.435052,0.540905,0.020446,1.442154,1.442154,1.190918,1.190918,0.027098,0.000127,0.026589,0.560369,0.060402,-0.558293,4.77306,0.976002,1.208626,17.016926,17.237381,0.2883,15360.0,1.37363,16.906557,17.566631,0.813917,1008.0,14991.384766,1024.0,1024.0,42.729416,205800,64.0,1997.2
206600,12600,4430.159,5.503046,1.690194,0.533091,0.020443,1.3386,1.3386,1.088069,1.088069,0.02681,0.000106,0.05851,0.640594,0.086865,-0.638013,4.462499,0.976203,1.239385,17.468563,17.826435,0.387633,15360.0,1.629875,17.363558,18.446968,1.142019,1008.0,14994.482422,1024.0,1024.0,54.304192,206600,64.0,1997.2
207400,12650,4447.035,5.326177,1.730944,0.466668,0.020445,1.305177,1.305177,1.064024,1.064024,0.021071,0.000121,0.031098,0.622686,0.056858,-0.623226,5.042547,0.976023,1.203896,17.458687,17.664345,0.286707,15360.0,1.458103,17.330431,17.984028,0.790916,1008.0,14991.71875,1024.0,1024.0,49.773239,207400,64.0,1997.2
208200,12700,4464.016,6.440606,2.424631,0.526007,0.020444,1.565106,1.565106,1.367492,1.367492,0.025182,0.000118,0.039305,0.622615,0.071092,-0.626032,4.921453,0.976243,1.195629,17.390608,17.647875,0.349875,15360.0,1.709911,17.263292,18.119801,1.205147,1008.0,14995.097656,1024.0,1024.0,29.155319,208200,64.0,1997.2
209000,12750,4481.195,5.316856,1.526023,0.535399,0.020444,1.329763,1.329763,1.02645,1.02645,0.022833,0.000113,0.041003,0.696749,0.081243,-0.701919,4.883621,0.976019,1.242287,17.587997,17.815475,0.396762,15360.0,1.629869,17.577843,18.311808,1.061536,1008.0,14991.644531,1024.0,1024.0,26.972092,209000,64.0,1997.2
209800,12800,4498.195,6.215611,2.324009,0.637244,0.020444,1.507849,1.507849,1.332451,1.332451,0.040611,0.000111,0.035727,0.602682,0.067169,-0.61738,5.180154,0.976211,1.09593,17.632317,17.927195,0.347944,15360.0,1.47874,17.501444,18.174103,0.858756,1008.0,14994.607422,1024.0,1024.0,54.616093,209800,64.0,1997.2
210600,12850,4515.35,5.766937,2.036012,0.513431,0.020444,1.363556,1.363556,1.173527,1.173527,0.022219,0.000111,0.068007,0.827701,0.081267,-0.826744,5.276584,0.976248,1.097721,17.936209,18.283007,0.428814,15360.0,1.771369,17.792435,18.961487,1.345081,1008.0,14995.161133,1024.0,1024.0,40.645081,210600,64.0,1997.2
211400,12900,4532.508,5.183569,1.486721,0.555801,0.020443,1.380664,1.380664,1.056043,1.056043,0.029081,0.000102,0.037209,0.685148,0.069276,-0.675324,5.229522,0.976238,1.119544,17.994732,18.251337,0.36228,15360.0,1.483735,17.969809,18.502838,0.898717,1008.0,14995.007812,1024.0,1024.0,47.596291,211400,64.0,1997.2
212200,12950,4549.64,6.186953,2.536445,0.561291,0.020444,1.416738,1.416738,1.213446,1.213446,0.027985,0.000114,0.024554,0.719792,0.050499,-0.719574,5.33946,0.976279,1.048764,17.636101,17.7827,0.26964,15360.0,1.456813,17.540375,18.098722,0.851131,1008.0,14995.639648,1024.0,1024.0,42.835625,212200,64.0,1997.2
213000,13000,4566.759,5.316101,1.766712,0.640763,0.020444,1.362435,1.362435,1.139014,1.139014,0.037829,0.000117,0.041416,0.833626,0.067274,-0.833606,5.342296,0.976107,0.912616,17.903643,18.119846,0.359399,15360.0,1.451575,17.87397,18.595228,1.066038,1008.0,14992.998047,1024.0,1024.0,36.581985,213000,64.0,1997.2
213800,13050,4583.517,6.230762,2.535109,0.527924,0.020444,1.520599,1.520599,1.313375,1.313375,0.023975,0.000107,0.068759,0.853115,0.079896,-0.847083,5.527637,0.976219,0.956736,18.154942,18.513317,0.441639,15360.0,1.497105,18.046518,19.028633,1.133252,1008.0,14994.71875,1024.0,1024.0,55.520393,213800,64.0,1997.2
214600,13100,4600.328,7.182395,3.345179,0.624815,0.020446,1.51936,1.51936,1.309885,1.309885,0.033285,0.000133,0.04792,0.87269,0.06835,-0.871644,5.563764,0.976204,0.975368,17.516537,17.762495,0.380284,15360.0,1.657905,17.389711,18.545052,1.333226,1008.0,14994.490234,1024.0,1024.0,48.050896,214600,64.0,1997.2
215400,13150,4617.186,7.146966,3.547347,0.4826,0.020445,1.58789,1.58789,1.365376,1.365376,0.023012,0.000117,0.03957,0.710874,0.070212,-0.709844,5.38188,0.976331,0.896462,17.488506,17.709974,0.377872,15360.0,1.379549,17.357153,17.992645,1.048404,1008.0,14996.443359,1024.0,1024.0,54.64312,215400,64.0,1997.2
216200,13200,4634.172,5.145417,2.0215,0.561381,0.020444,1.360429,1.360429,1.092051,1.092051,0.029558,0.000107,0.018479,0.716047,0.039906,-0.715573,5.358075,0.976616,0.678447,18.401442,18.528387,0.213819,15360.0,1.16231,18.309885,18.706751,0.752672,1008.0,15000.822266,1024.0,1024.0,45.069546,216200,64.0,1997.2
217000,13250,4651.313,6.423859,3.097658,0.472515,0.020445,1.357751,1.357751,1.169064,1.169064,0.026909,0.00012,0.036795,0.776201,0.065198,-0.770141,5.283388,0.976114,0.882717,17.038954,17.279428,0.344467,15360.0,1.400674,16.984312,17.453014,0.966596,1008.0,14993.113281,1024.0,1024.0,54.27145,217000,64.0,1997.2
217800,13300,4668.31,5.552754,1.885325,0.553486,0.020444,1.541862,1.541862,1.41522,1.41522,0.026871,0.000113,0.076321,1.199981,0.078172,-1.202379,5.656211,0.976601,0.841423,18.772909,19.084335,0.442155,15360.0,1.599023,18.782476,19.755606,1.341201,1008.0,15000.586914,1024.0,1024.0,52.28389,217800,64.0,1997.2
218600,13350,4685.464,5.015058,1.785365,0.559887,0.020443,1.390982,1.390982,1.121829,1.121829,0.025349,0.000103,0.0521,1.208328,0.058223,-1.21561,5.359882,0.976369,0.738585,18.769184,18.985487,0.31207,15360.0,1.095321,18.774302,19.475449,0.841136,1008.0,14997.030273,1024.0,1024.0,41.214169,218600,64.0,1997.2
219400,13400,4702.599,6.113728,2.558134,0.467956,0.020444,1.516023,1.516023,1.313586,1.313586,0.017558,0.000105,0.070063,1.095604,0.076108,-1.090774,5.58164,0.976356,0.926303,18.328535,18.65024,0.424805,15360.0,1.34401,18.319868,19.266075,1.121922,1008.0,14996.828125,1024.0,1024.0,60.190788,219400,64.0,1997.2
220200,13450,4719.763,6.053661,2.457904,0.532956,0.020443,1.461479,1.461479,1.210618,1.210618,0.028193,0.000104,0.054286,1.175951,0.085187,-1.174669,5.592338,0.976182,0.939319,18.300884,18.550528,0.476393,15360.0,1.470421,18.216793,19.436541,1.485346,1008.0,14994.150391,1024.0,1024.0,36.645874,220200,64.0,1997.2
221000,13500,4736.883,5.030092,1.603665,0.623514,0.020443,1.279838,1.279838,1.045139,1.045139,0.029153,9.4e-05,-0.04669,1.073974,0.066259,-1.071091,5.819007,0.97624,1.078573,18.005762,17.81995,0.385561,15360.0,1.14255,18.213835,18.228001,0.605652,1008.0,14995.052734,1024.0,1024.0,53.989937,221000,64.0,1997.2
221800,13550,4753.829,6.201452,2.579112,0.634162,0.020444,1.454069,1.454069,1.194878,1.194878,0.035962,0.000106,0.035007,1.130714,0.052442,-1.136797,6.147822,0.976291,0.94493,17.780548,17.982605,0.322403,15360.0,1.294404,17.845684,18.474489,0.913317,1008.0,14995.826172,1024.0,1024.0,30.298176,221800,64.0,1997.2
222600,13600,4770.979,5.946456,2.54078,0.524782,0.020443,1.389767,1.389767,1.143335,1.143335,0.022989,0.000103,0.018889,1.104306,0.051324,-1.096634,5.958617,0.976266,0.968383,18.150175,18.267719,0.305819,15360.0,1.148118,18.210579,18.708054,0.751738,1008.0,14995.451172,1024.0,1024.0,41.697151,222600,64.0,1997.2
223400,13650,4788.033,6.335805,2.591995,0.626289,0.020443,1.627013,1.627013,1.400626,1.400626,0.034232,0.000101,0.034845,1.045666,0.053307,-1.041529,5.710037,0.976273,0.87362,18.720501,18.913288,0.304384,15360.0,1.329662,18.660849,19.345747,1.011899,1008.0,14995.557617,1024.0,1024.0,34.072201,223400,64.0,1997.2
224200,13700,4804.96,5.615059,2.047899,0.583887,0.020443,1.39261,1.39261,1.165487,1.165487,0.029137,9.1e-05,0.053294,1.024524,0.06455,-1.019831,5.654198,0.97629,0.964017,19.060595,19.340992,0.364976,15360.0,1.378829,18.951462,19.947639,1.200312,1008.0,14995.813477,1024.0,1024.0,27.116823,224200,64.0,1997.2
225000,13750,4821.836,5.110927,1.507124,0.613787,0.020443,1.311699,1.311699,1.129717,1.129717,0.031768,9.1e-05,0.045173,1.05501,0.052789,-1.054178,5.582804,0.976134,1.080037,19.637972,19.867384,0.294711,15360.0,1.338314,19.659018,20.499054,0.98669,1008.0,14993.420898,1024.0,1024.0,26.764963,225000,64.0,1997.2
225800,13800,4859.913,5.307753,1.866949,0.545524,0.020443,1.319525,1.319525,1.037547,1.037547,0.03203,9.6e-05,0.019757,0.98829,0.052593,-0.987672,5.326342,0.976306,1.047214,19.202072,19.311159,0.280129,15360.0,1.187962,19.193491,19.455988,0.743031,1008.0,14996.057617,1024.0,1024.0,44.872955,225800,64.0,1997.2
226600,13850,4877.024,5.265165,1.961242,0.52619,0.020443,1.304979,1.304979,1.031747,1.031747,0.022592,9.3e-05,0.01477,0.850301,0.042457,-0.842227,5.017359,0.976201,0.977647,19.392178,19.49378,0.213022,15360.0,1.097989,19.325405,19.760777,0.587411,1008.0,14994.447266,1024.0,1024.0,30.108416,226600,64.0,1997.2
227400,13900,4894.037,5.655892,1.925563,0.527635,0.020444,1.418533,1.418533,1.199664,1.199664,0.021861,0.000111,0.04348,0.946124,0.068085,-0.937755,4.772644,0.976423,1.172323,19.67732,19.876766,0.324946,15360.0,1.35354,19.544703,20.123323,0.853865,1008.0,14997.851562,1024.0,1024.0,35.970097,227400,64.0,1997.2
228200,13950,4911.157,6.306041,2.599555,0.511678,0.020443,1.339302,1.339302,1.137344,1.137344,0.014535,9.9e-05,0.079191,0.820195,0.099319,-0.818519,4.697094,0.97644,1.134164,19.423613,19.761349,0.466512,15360.0,1.625929,19.233103,20.37505,1.342191,1008.0,14998.111328,1024.0,1024.0,38.107903,228200,64.0,1997.2
229000,14000,4928.183,6.449149,2.626869,0.747861,0.020444,1.469354,1.469354,1.259003,1.259003,0.039688,0.000116,-0.028671,0.677098,0.08891,-0.675289,4.709145,0.976601,1.099256,18.718481,18.582165,0.41869,15360.0,1.223665,18.718271,18.855257,0.672376,1008.0,15000.591797,1024.0,1024.0,86.156303,229000,64.0,1997.2
229800,14050,4945.264,6.742462,2.607392,0.564,0.020443,1.538749,1.538749,1.364066,1.364066,0.026577,9.6e-05,0.078879,0.683541,0.107636,-0.68524,4.62097,0.976382,1.210338,20.12254,20.507364,0.497383,15360.0,1.895953,19.966644,21.271414,1.575211,1008.0,14997.232422,1024.0,1024.0,37.700806,229800,64.0,1997.2
230600,14100,4962.357,5.051432,1.38513,0.602181,0.020443,1.377555,1.377555,1.112489,1.112489,0.031639,9e-05,0.017438,0.620638,0.065158,-0.623337,4.559799,0.976233,1.098262,19.944239,20.080107,0.297107,15360.0,1.375564,19.945498,20.440474,0.868066,1008.0,14994.943359,1024.0,1024.0,43.08765,230600,64.0,1997.2
231400,14150,4979.505,6.456583,2.844337,0.463509,0.020443,1.410476,1.410476,1.20081,1.20081,0.017606,9.9e-05,0.006607,0.566587,0.063138,-0.566201,4.630274,0.976372,1.174466,19.486919,19.54319,0.292345,15360.0,1.318989,19.392675,19.644192,0.717964,1008.0,14997.078125,1024.0,1024.0,40.856255,231400,64.0,1997.2
232200,14200,4996.659,5.255843,1.595912,0.534297,0.020443,1.342381,1.342381,1.039098,1.039098,0.025364,9e-05,0.024604,0.627549,0.080384,-0.629508,4.701532,0.976348,1.145419,19.914572,20.018631,0.377929,15360.0,1.528498,19.873699,20.242155,1.095094,1008.0,14996.709961,1024.0,1024.0,44.710625,232200,64.0,1997.2
233000,14250,5013.773,6.378745,2.577902,0.526318,0.020443,1.512985,1.512985,1.318155,1.318155,0.019865,9.7e-05,0.017642,0.581331,0.068121,-0.582961,4.843493,0.976205,1.170979,19.806662,19.911419,0.329944,15360.0,1.337254,19.684858,19.971008,0.716927,1008.0,14994.513672,1024.0,1024.0,43.150452,233000,64.0,1997.2
233800,14300,5030.857,5.340117,1.645815,0.647779,0.020443,1.343522,1.343522,1.006507,1.006507,0.034257,9.3e-05,0.021267,0.662646,0.053947,-0.656513,4.811186,0.976134,1.128987,20.473717,20.599485,0.259551,15360.0,1.326503,20.343914,21.111483,0.902443,1008.0,14993.420898,1024.0,1024.0,33.891331,233800,64.0,1997.2
234600,14350,5047.939,6.144876,2.62311,0.427505,0.020443,1.357511,1.357511,1.124596,1.124596,0.01804,0.000101,0.012418,0.510931,0.068251,-0.512748,4.616421,0.976108,1.135136,19.617987,19.69536,0.315075,15360.0,1.44334,19.509401,19.5161,0.852026,1008.0,14993.021484,1024.0,1024.0,51.421265,234600,64.0,1997.2
235400,14400,5065.096,5.796702,2.106654,0.4926,0.020443,1.425688,1.425688,1.197292,1.197292,0.020989,9.7e-05,0.029453,0.628682,0.065371,-0.624916,4.373734,0.976466,1.148089,20.345526,20.478626,0.285913,15360.0,1.437351,20.179956,20.598045,0.804753,1008.0,14998.514648,1024.0,1024.0,54.187271,235400,64.0,1997.2
236200,14450,5082.254,5.345278,1.758667,0.550821,0.020443,1.338573,1.338573,1.070413,1.070413,0.028923,9.1e-05,0.029508,0.664054,0.072325,-0.659029,4.444456,0.976237,1.105112,20.685675,20.886917,0.321446,15360.0,1.360986,20.443127,20.948681,0.835141,1008.0,14995.001953,1024.0,1024.0,33.771557,236200,64.0,1997.2
237000,14500,5099.399,4.694067,1.272078,0.532835,0.020442,1.220624,1.220624,0.877172,0.877172,0.02264,8.2e-05,0.031646,0.668459,0.065666,-0.65797,4.340567,0.976329,1.093566,21.06778,21.216148,0.285027,15360.0,1.336045,20.988012,21.52631,0.795566,1008.0,14996.414062,1024.0,1024.0,37.817757,237000,64.0,1997.2
237800,14550,5116.437,5.393836,1.835,0.508168,0.020442,1.342897,1.342897,1.052512,1.052512,0.02095,8.6e-05,0.041838,0.74267,0.08004,-0.741115,4.470201,0.976341,1.080592,21.205898,21.393047,0.357794,15360.0,1.435364,21.114573,21.815228,0.931609,1008.0,14996.59375,1024.0,1024.0,24.487089,237800,64.0,1997.2
238600,14600,5133.296,6.766827,3.019552,0.500992,0.020443,1.49576,1.49576,1.309998,1.309998,0.016473,8.9e-05,0.03438,0.618976,0.086135,-0.617097,4.51243,0.976305,1.140443,20.155558,20.335026,0.388678,15360.0,1.352266,19.963346,20.315729,0.817449,1008.0,14996.042969,1024.0,1024.0,42.403133,238600,64.0,1997.2
239400,14650,5150.127,5.963082,1.856017,0.695947,0.020442,1.390391,1.390391,1.185927,1.185927,0.041507,8.6e-05,0.072497,0.877228,0.113298,-0.872554,4.652617,0.976089,1.256971,20.656666,20.94272,0.527131,15360.0,1.77259,20.259232,21.57679,1.596146,1008.0,14992.733398,1024.0,1024.0,40.611622,239400,64.0,1997.2
240200,14700,5167.045,4.792877,1.239469,0.631498,0.020442,1.365542,1.365542,1.092047,1.092047,0.039841,8.6e-05,0.046547,0.85742,0.068118,-0.851814,4.590307,0.976218,0.945856,21.382038,21.614634,0.312682,15360.0,1.356562,21.258446,21.844278,0.842751,1008.0,14994.700195,1024.0,1024.0,39.10466,240200,64.0,1997.2
241000,14750,5184.16,6.778687,2.513265,0.60601,0.020443,1.917651,1.917651,1.65245,1.65245,0.033491,8.9e-05,0.075949,0.85716,0.096494,-0.865726,4.596327,0.976184,0.979744,21.571522,21.853615,0.443516,15360.0,1.579531,21.543085,22.586626,1.35504,1008.0,14994.186523,1024.0,1024.0,44.907166,241000,64.0,1997.2
241800,14800,5201.118,5.616885,1.819459,0.750277,0.020443,1.493015,1.493015,1.209785,1.209785,0.051953,8.8e-05,0.026781,0.769286,0.060736,-0.764204,4.423597,0.976223,0.958105,21.519341,21.64875,0.268672,15360.0,1.331678,21.53961,22.130514,0.975145,1008.0,14994.787109,1024.0,1024.0,34.769192,241800,64.0,1997.2
242600,14850,5218.256,6.349858,2.030677,0.620239,0.020442,1.970286,1.970286,1.633839,1.633839,0.03546,8.1e-05,0.029145,0.803524,0.088174,-0.796224,4.446718,0.976303,1.066905,21.399599,21.48287,0.392085,15360.0,1.383782,21.462709,22.012302,0.987747,1008.0,14996.016602,1024.0,1024.0,29.290258,242600,64.0,1997.2
243400,14900,5235.284,6.103557,2.324485,0.544953,0.020442,1.515265,1.515265,1.310579,1.310579,0.025441,8.1e-05,0.074253,0.87465,0.101453,-0.870522,4.428743,0.976213,1.00416,21.28611,21.541988,0.449311,15360.0,1.561577,21.220057,21.97751,1.288468,1008.0,14994.629883,1024.0,1024.0,62.035503,243400,64.0,1997.2
244200,14950,5252.345,6.268775,2.432774,0.555295,0.020443,1.481642,1.481642,1.255209,1.255209,0.028745,8.9e-05,0.071376,0.884683,0.121832,-0.886118,4.619671,0.97621,1.112971,21.316193,21.632086,0.562822,15360.0,1.487036,21.231136,22.050539,1.232186,1008.0,14994.578125,1024.0,1024.0,54.795967,244200,64.0,1997.2
245000,15000,5269.387,7.551082,3.046782,0.617708,0.020443,2.083367,2.083367,1.817851,1.817851,0.032046,9.4e-05,0.095244,0.931982,0.117012,-0.930815,4.459309,0.97625,0.985384,21.61124,21.968161,0.521791,15360.0,1.646056,21.506636,22.893885,1.568183,1008.0,14995.201172,1024.0,1024.0,27.144323,245000,64.0,1997.2
245800,15050,5286.472,5.558974,2.186265,0.557002,0.020443,1.473824,1.473824,1.177227,1.177227,0.027512,8.4e-05,0.031334,0.790481,0.06385,-0.797377,4.577467,0.976229,0.79277,21.644245,21.762955,0.292271,15360.0,1.166515,21.583611,22.20451,0.85935,1008.0,14994.880859,1024.0,1024.0,47.153358,245800,64.0,1997.2
246600,15100,5303.508,6.23177,2.51861,0.589823,0.020442,1.406369,1.406369,1.17868,1.17868,0.036794,8.5e-05,0.023059,0.84855,0.083928,-0.843911,4.671295,0.976275,1.102794,20.828201,20.897951,0.392054,15360.0,1.43345,20.637047,21.034332,1.053745,1008.0,14995.587891,1024.0,1024.0,41.193867,246600,64.0,1997.2
247400,15150,5320.655,5.707402,2.21891,0.522968,0.020442,1.324767,1.324767,1.057162,1.057162,0.025204,8.2e-05,0.00326,0.7427,0.077502,-0.733374,4.686453,0.976209,1.081035,20.775568,20.746632,0.363211,15360.0,1.345143,20.790144,20.652061,0.903712,1008.0,14994.572266,1024.0,1024.0,36.070751,247400,64.0,1997.2
248200,15200,5337.677,5.801976,2.129675,0.56101,0.020442,1.494323,1.494323,1.274959,1.274959,0.024486,8.3e-05,0.046132,0.836615,0.084669,-0.839729,4.759783,0.976316,0.978732,21.344212,21.507666,0.403006,15360.0,1.40743,21.303421,21.980322,1.098537,1008.0,14996.208984,1024.0,1024.0,51.73103,248200,64.0,1997.2
249000,15250,5354.822,7.167855,2.64086,0.700193,0.020443,2.09752,2.09752,1.819115,1.819115,0.044824,8.5e-05,0.05863,0.842186,0.093738,-0.836836,4.758095,0.976305,0.976335,21.347446,21.601213,0.446016,15360.0,1.547076,21.31316,22.258453,1.393326,1008.0,14996.042969,1024.0,1024.0,34.271496,249000,64.0,1997.2
249800,15300,5371.777,5.149234,1.690408,0.534524,0.020442,1.447551,1.447551,1.190386,1.190386,0.02839,7.8e-05,0.060196,0.936269,0.08091,-0.94087,4.718403,0.976146,0.86169,21.837732,22.085382,0.381768,15360.0,1.298896,21.804487,22.276691,1.030935,1008.0,14993.598633,1024.0,1024.0,43.743835,249800,64.0,1997.2
250600,15350,5410.773,5.94557,1.931313,0.624911,0.020442,1.755257,1.755257,1.614367,1.614367,0.035738,7.2e-05,0.01699,0.668682,0.084086,-0.678043,4.77039,0.97622,1.046585,21.250313,21.303833,0.401121,15360.0,1.248484,21.238615,21.741449,0.854691,1008.0,14994.736328,1024.0,1024.0,61.901478,250600,64.0,1997.2
251400,15400,5427.87,7.231452,3.129115,0.556752,0.020443,1.911373,1.911373,1.710336,1.710336,0.030991,8.4e-05,0.044995,0.695547,0.09236,-0.704218,4.671413,0.97628,0.947232,21.373768,21.554024,0.431452,15360.0,1.434683,21.364326,22.164522,1.224429,1008.0,14995.660156,1024.0,1024.0,41.335178,251400,64.0,1997.2
252200,15450,5444.896,6.527522,2.78205,0.604889,0.020442,1.695174,1.695174,1.453535,1.453535,0.032293,8.2e-05,0.004657,0.687027,0.083804,-0.694161,4.567373,0.976274,0.905406,21.751987,21.734266,0.382764,15360.0,1.151287,21.715435,22.096355,0.852352,1008.0,14995.568359,1024.0,1024.0,27.670353,252200,64.0,1997.2
253000,15500,5462.017,5.660872,2.210886,0.543887,0.020442,1.481178,1.481178,1.314209,1.314209,0.025865,7.5e-05,0.011579,0.50882,0.07332,-0.506503,4.771063,0.976263,0.885143,20.336649,20.382154,0.349813,15360.0,1.198796,20.329601,20.338392,0.786584,1008.0,14995.391602,1024.0,1024.0,29.171751,253000,64.0,1997.2
253800,15550,5479.076,6.596941,3.174415,0.583772,0.020442,1.519467,1.519467,1.258422,1.258422,0.03267,8e-05,0.013624,0.8073,0.058879,-0.813641,4.682816,0.976208,0.791309,21.315088,21.404253,0.275722,15360.0,1.139883,21.210737,21.496916,0.791188,1008.0,14994.560547,1024.0,1024.0,50.5452,253800,64.0,1997.2
254600,15600,5496.168,5.457146,2.04829,0.544622,0.020442,1.486948,1.486948,1.243456,1.243456,0.031296,7.4e-05,0.055959,0.682328,0.086629,-0.679172,4.713196,0.976138,0.841665,21.999445,22.332106,0.408302,15360.0,1.035082,21.834511,22.373308,0.82265,1008.0,14993.480469,1024.0,1024.0,53.901031,254600,64.0,1997.2
255400,15650,5513.344,8.37733,3.908327,0.560901,0.020443,2.108282,2.108282,1.926177,1.926177,0.029914,8.5e-05,0.039585,0.613969,0.108286,-0.617341,4.731213,0.976212,1.0847,21.278866,21.457497,0.512324,15360.0,1.48088,21.305462,21.793133,1.207873,1008.0,14994.621094,1024.0,1024.0,34.26746,255400,64.0,1997.2
256200,15700,5530.456,7.244943,2.807918,0.719701,0.020442,1.996569,1.996569,1.796108,1.796108,0.042671,7.4e-05,0.020267,0.585292,0.106896,-0.58018,4.805527,0.976404,1.04122,21.651035,21.67445,0.513694,15360.0,1.463893,21.742323,22.614578,1.29713,1008.0,14997.572266,1024.0,1024.0,47.724064,256200,64.0,1997.2
257000,15750,5547.4,4.999583,1.554516,0.673892,0.020442,1.337215,1.337215,1.058561,1.058561,0.038759,6.4e-05,0.020937,0.536155,0.056538,-0.533948,4.835394,0.976199,0.880618,22.407761,22.588186,0.273384,15360.0,1.26081,22.343472,23.289131,1.082753,1008.0,14994.419922,1024.0,1024.0,38.356438,257000,64.0,1997.2
257800,15800,5564.463,5.908281,2.082302,0.591314,0.020442,1.71845,1.71845,1.494322,1.494322,0.031976,6.5e-05,0.043033,0.613906,0.079167,-0.604455,4.801994,0.976338,0.913639,22.490753,22.738588,0.380158,15360.0,1.22419,22.416786,23.263903,1.082219,1008.0,14996.554688,1024.0,1024.0,39.517601,257800,64.0,1997.2
258600,15850,5581.251,5.80199,2.492612,0.523017,0.020442,1.399224,1.399224,1.10712,1.10712,0.022181,6.9e-05,0.009269,0.564743,0.058532,-0.560378,4.790747,0.976217,0.910771,22.27936,22.373606,0.280414,15360.0,1.022449,22.161772,22.529825,0.620047,1008.0,14994.689453,1024.0,1024.0,41.064861,258600,64.0,1997.2
259400,15900,5598.15,6.807258,2.931704,0.54115,0.020442,1.723911,1.723911,1.52651,1.52651,0.025417,7.8e-05,0.042756,0.626395,0.090503,-0.630181,4.791368,0.976277,1.010311,22.295113,22.540716,0.433633,15360.0,1.215309,22.169714,22.702936,1.00567,1008.0,14995.618164,1024.0,1024.0,31.577721,259400,64.0,1997.2
260200,15950,5615.139,5.764249,2.041078,0.653245,0.020442,1.517038,1.517038,1.312762,1.312762,0.036878,6.4e-05,0.00118,0.476319,0.082149,-0.471076,4.82962,0.976211,0.979387,21.443157,21.415113,0.396749,15360.0,1.333921,21.532913,22.161705,1.0166,1008.0,14994.604492,1024.0,1024.0,41.875431,260200,64.0,1997.2
261000,16000,5632.314,5.73717,2.462762,0.619354,0.020442,1.360927,1.360927,1.193527,1.193527,0.030923,7e-05,0.020306,0.770506,0.052389,-0.768053,4.796782,0.976104,0.80751,22.482334,22.603403,0.251299,15360.0,1.032588,22.447437,22.898731,0.699011,1008.0,14992.955078,1024.0,1024.0,53.825592,261000,64.0,1997.2
261800,16050,5649.332,4.627568,1.381617,0.528557,0.020441,1.301909,1.301909,1.026168,1.026168,0.02343,6.1e-05,0.015206,0.640787,0.057489,-0.640805,4.76811,0.976171,0.921429,22.741348,22.805689,0.274112,15360.0,1.094062,22.609459,23.027252,0.76386,1008.0,14993.980469,1024.0,1024.0,32.769325,261800,64.0,1997.2
262600,16100,5666.302,5.786201,2.606409,0.523656,0.020442,1.401629,1.401629,1.127965,1.127965,0.020522,6.3e-05,-0.006196,0.614517,0.041419,-0.616813,4.791159,0.976228,0.809998,22.710258,22.689772,0.198443,15360.0,0.967003,22.653248,22.668711,0.472336,1008.0,14994.861328,1024.0,1024.0,41.413582,262600,64.0,1997.2
263400,16150,5683.434,6.706859,2.602815,0.548371,0.020442,1.858223,1.858223,1.643458,1.643458,0.026972,7.1e-05,0.030879,0.668649,0.076797,-0.670511,4.736677,0.976273,1.076814,23.135178,23.321218,0.363761,15360.0,1.27831,23.027193,23.852077,0.997056,1008.0,14995.548828,1024.0,1024.0,37.126247,263400,64.0,1997.2
264200,16200,5700.529,5.618691,2.163709,0.499678,0.020441,1.491315,1.491315,1.213068,1.213068,0.019639,6.3e-05,0.010815,0.516612,0.060112,-0.514484,4.835276,0.976279,0.954454,22.975754,23.064352,0.29066,15360.0,1.097156,22.898706,23.261047,0.692046,1008.0,14995.650391,1024.0,1024.0,38.629341,264200,64.0,1997.2
265000,16250,5717.52,5.609103,2.235539,0.452466,0.020442,1.424012,1.424012,1.136637,1.136637,0.014843,6.5e-05,0.033091,0.692323,0.058495,-0.68781,5.127535,0.976296,0.962856,22.827124,23.035801,0.299934,15360.0,1.127652,22.640495,23.307667,0.785905,1008.0,14995.90332,1024.0,1024.0,24.427452,265000,64.0,1997.2
265800,16300,5734.229,6.1017,2.275632,0.533652,0.020442,1.691155,1.691155,1.496103,1.496103,0.024417,6.6e-05,0.021273,0.695757,0.08229,-0.70308,5.092054,0.976281,1.029864,23.270355,23.322308,0.419025,15360.0,1.201891,23.243673,23.78912,0.868125,1008.0,14995.669922,1024.0,1024.0,32.316338,265800,64.0,1997.2
266600,16350,5751.367,5.875527,1.991051,0.574143,0.020441,1.738344,1.738344,1.434528,1.434528,0.02734,6e-05,0.016598,0.738205,0.051216,-0.750557,5.109108,0.97625,1.007945,23.52986,23.638283,0.26167,15360.0,1.177238,23.45162,23.883095,0.710509,1008.0,14995.198242,1024.0,1024.0,40.220295,266600,64.0,1997.2
267400,16400,5768.096,6.259363,2.568715,0.612913,0.020442,1.378573,1.378573,1.113928,1.113928,0.034455,7e-05,0.051121,0.772064,0.075622,-0.774404,4.874783,0.976275,1.029507,23.417795,23.638559,0.368641,15360.0,1.534116,23.238722,24.165789,1.176425,1008.0,14995.585938,1024.0,1024.0,27.308229,267400,64.0,1997.2
268200,16450,5785.216,6.361,2.477008,0.621837,0.020441,1.542254,1.542254,1.292877,1.292877,0.03287,6e-05,0.035064,0.831318,0.068859,-0.84107,5.151033,0.97634,1.031769,23.698944,23.846857,0.354696,15360.0,1.594668,23.663681,24.716637,1.290354,1008.0,14996.578125,1024.0,1024.0,37.59993,268200,64.0,1997.2
269000,16500,5801.865,6.085305,2.047922,0.53899,0.020441,1.697233,1.697233,1.482464,1.482464,0.027261,6.2e-05,0.023821,0.691132,0.069622,-0.692765,5.282488,0.976285,1.143756,23.649057,23.820246,0.367777,15360.0,1.478063,23.546015,23.938854,0.951542,1008.0,14995.743164,1024.0,1024.0,40.690254,269000,64.0,1997.2
269800,16550,5818.639,5.96766,2.154935,0.640853,0.020441,1.417343,1.417343,1.135576,1.135576,0.040994,5.8e-05,0.034987,0.876226,0.068416,-0.869781,5.215092,0.976337,1.131702,23.55694,23.738974,0.356797,15360.0,1.418883,23.49749,24.166859,1.053548,1008.0,14996.537109,1024.0,1024.0,18.950628,269800,64.0,1997.2
270600,16600,5835.656,6.607154,2.698424,0.598557,0.020441,1.567099,1.567099,1.297302,1.297302,0.032675,5.9e-05,0.039436,0.765079,0.073605,-0.774828,5.023096,0.976232,1.08226,23.631809,23.877031,0.369726,15360.0,1.480754,23.575033,24.435925,1.172375,1008.0,14994.924805,1024.0,1024.0,53.881012,270600,64.0,1997.2
271400,16650,5852.74,5.536833,1.845854,0.589162,0.020441,1.532723,1.532723,1.252323,1.252323,0.028909,5.7e-05,-0.000561,0.629165,0.059647,-0.628064,5.156027,0.976209,1.04938,23.506674,23.527374,0.30754,15360.0,1.155208,23.442129,23.623398,0.662689,1008.0,14994.573242,1024.0,1024.0,29.903669,271400,64.0,1997.2
272200,16700,5869.896,5.469927,1.849322,0.492943,0.020441,1.363134,1.363134,1.07676,1.07676,0.017941,4.9e-05,0.042932,0.724804,0.071684,-0.720921,5.142378,0.976242,1.111342,24.137522,24.371246,0.368628,15360.0,1.511662,24.080048,24.622068,1.058269,1008.0,14995.070312,1024.0,1024.0,42.837879,272200,64.0,1997.2
273000,16750,5887.094,7.037762,3.152142,0.571581,0.020442,1.599287,1.599287,1.338895,1.338895,0.028961,6.3e-05,0.005961,0.612604,0.077891,-0.612381,5.069284,0.976191,1.094244,23.484751,23.475052,0.394851,15360.0,1.447254,23.392956,23.873899,0.988341,1008.0,14994.289062,1024.0,1024.0,34.028854,273000,64.0,1997.2
273800,16800,5904.094,6.333822,2.395438,0.629225,0.020441,1.590737,1.590737,1.322264,1.322264,0.037368,5.5e-05,0.005453,0.633837,0.069067,-0.62492,5.201736,0.976205,1.101403,23.974678,24.05714,0.359267,15360.0,1.44017,23.930817,24.567427,0.969168,1008.0,14994.507812,1024.0,1024.0,38.073814,273800,64.0,1997.2
274600,16850,5921.188,5.777552,1.722104,0.787227,0.020441,1.423527,1.423527,1.099315,1.099315,0.052218,5.5e-05,0.039978,0.947934,0.075736,-0.950343,5.298611,0.976272,1.158607,24.268084,24.467283,0.401294,15360.0,1.611049,24.253962,25.050215,1.185612,1008.0,14995.542969,1024.0,1024.0,30.899275,274600,64.0,1997.2
275400,16900,5960.829,6.724863,2.913385,0.480923,0.020441,1.609712,1.609712,1.386306,1.386306,0.020928,5.8e-05,-0.007114,0.740603,0.079397,-0.740378,5.41062,0.976349,1.134226,23.43819,23.400953,0.429588,15360.0,1.374396,23.394148,23.645287,0.842183,1008.0,14996.726562,1024.0,1024.0,50.638657,275400,64.0,1997.2
276200,16950,5977.809,5.478867,1.773266,0.620542,0.020441,1.419142,1.419142,1.220907,1.220907,0.035827,4.9e-05,0.006916,0.790506,0.05735,-0.788391,5.471832,0.976227,1.065954,23.755714,23.804918,0.31381,15360.0,1.435645,23.730106,23.697233,0.911916,1008.0,14994.852539,1024.0,1024.0,65.849243,276200,64.0,1997.2
277000,17000,5994.451,5.326852,1.759646,0.550984,0.020441,1.442082,1.442082,1.304497,1.304497,0.031823,5.1e-05,0.017905,0.96315,0.066942,-0.964647,5.689592,0.976263,1.005705,24.087355,24.211679,0.380874,15360.0,1.286265,24.035526,24.456106,0.864322,1008.0,14995.404297,1024.0,1024.0,105.420685,277000,64.0,1997.2
277800,17050,6011.2,5.930076,2.146114,0.694827,0.020441,1.437701,1.437701,1.133003,1.133003,0.044761,5.2e-05,0.026927,0.877533,0.055352,-0.8685,5.648218,0.976249,1.048128,23.925676,24.082781,0.312639,15360.0,1.373892,23.918282,24.230434,0.904679,1008.0,14995.179688,1024.0,1024.0,34.288738,277800,64.0,1997.2
278600,17100,6027.818,5.386141,1.684325,0.562509,0.020441,1.391842,1.391842,1.120713,1.120713,0.036232,5.4e-05,0.019861,0.753222,0.057528,-0.756389,5.482355,0.976273,1.139481,23.792767,23.91799,0.315389,15360.0,1.428324,23.719852,23.983116,0.870549,1008.0,14995.544922,1024.0,1024.0,25.119524,278600,64.0,1997.2
279400,17150,6044.539,5.473919,1.922649,0.592011,0.020441,1.582296,1.582296,1.295709,1.295709,0.029054,5.3e-05,0.018533,0.830175,0.061373,-0.834264,5.47226,0.976222,0.827878,23.985756,24.057653,0.335848,15360.0,1.172938,23.952787,24.327534,0.86991,1008.0,14994.772461,1024.0,1024.0,25.34314,279400,64.0,1997.2
280200,17200,6061.19,5.610466,1.991643,0.514031,0.020441,1.503101,1.503101,1.297526,1.297526,0.023589,4.8e-05,0.009014,0.730754,0.059054,-0.731426,5.518269,0.976233,1.057846,24.374708,24.478113,0.325876,15360.0,1.213599,24.337473,24.480577,0.626526,1008.0,14994.944336,1024.0,1024.0,44.475815,280200,64.0,1997.2
281000,17250,6077.961,6.804541,2.756182,0.712869,0.020441,1.616485,1.616485,1.386869,1.386869,0.046569,5.3e-05,0.043909,0.914104,0.081814,-0.914046,5.403925,0.97632,1.056786,24.438108,24.665211,0.442117,15360.0,1.454063,24.430008,25.372641,1.194888,1008.0,14996.277344,1024.0,1024.0,45.560379,281000,64.0,1997.2
281800,17300,6094.623,6.359545,2.529308,0.567424,0.020441,1.693195,1.693195,1.45905,1.45905,0.031389,5e-05,0.019091,0.869124,0.070168,-0.86578,5.22332,0.976386,1.005448,24.416639,24.539032,0.366512,15360.0,1.184393,24.450596,24.750095,0.798906,1008.0,14997.28418,1024.0,1024.0,70.201706,281800,64.0,1997.2
282600,17350,6111.409,4.834722,1.306758,0.65188,0.020441,1.277908,1.277908,0.964758,0.964758,0.038792,4.6e-05,0.010773,0.756656,0.053974,-0.753835,5.075663,0.97634,1.0656,24.012049,24.114052,0.273952,15360.0,1.245231,24.010437,24.359318,0.712895,1008.0,14996.583984,1024.0,1024.0,26.039909,282600,64.0,1997.2
283400,17400,6128.253,7.218452,3.176499,0.653417,0.020442,1.732339,1.732339,1.537364,1.537364,0.035642,5.9e-05,0.017517,0.884319,0.076591,-0.884298,5.210938,0.976182,1.04929,24.34952,24.441093,0.399112,15360.0,1.319053,24.270195,24.734814,0.987691,1008.0,14994.162109,1024.0,1024.0,38.787098,283400,64.0,1997.2
284200,17450,6145.137,5.212464,1.621722,0.564042,0.020441,1.471495,1.471495,1.157677,1.157677,0.024725,4.5e-05,0.006292,0.834555,0.05417,-0.831346,5.252239,0.976378,1.02901,24.648813,24.704315,0.284512,15360.0,1.174373,24.656891,24.927238,0.613147,1008.0,14997.169922,1024.0,1024.0,25.818665,284200,64.0,1997.2
285000,17500,6162.269,5.673146,2.148935,0.481547,0.020441,1.451492,1.451492,1.190484,1.190484,0.018032,4.9e-05,0.016945,0.827303,0.081735,-0.831523,5.317747,0.976259,0.999409,24.672779,24.753338,0.434648,15360.0,1.364092,24.647455,24.838209,0.946728,1008.0,14995.333984,1024.0,1024.0,39.2314,285000,64.0,1997.2
285800,17550,6179.339,6.271785,2.377527,0.60105,0.020441,1.581803,1.581803,1.289262,1.289262,0.03463,5.1e-05,0.012211,0.806138,0.072704,-0.808606,5.43626,0.976318,1.099688,24.661411,24.719101,0.395238,15360.0,1.402945,24.636057,25.050968,1.09838,1008.0,14996.244141,1024.0,1024.0,41.595158,285800,64.0,1997.2
286600,17600,6196.435,5.823508,2.100277,0.581012,0.020441,1.614812,1.614812,1.342978,1.342978,0.031485,4.4e-05,0.013209,0.831685,0.07314,-0.83777,5.238972,0.97628,0.945892,24.674784,24.758093,0.383179,15360.0,1.287946,24.697289,25.1514,0.951196,1008.0,14995.658203,1024.0,1024.0,34.123402,286600,64.0,1997.2
287400,17650,6213.603,6.192343,2.508747,0.510751,0.020441,1.573411,1.573411,1.350185,1.350185,0.021454,4.4e-05,0.024847,0.740813,0.09001,-0.74172,5.509771,0.976322,0.989761,24.705278,24.900345,0.495936,15360.0,1.356812,24.676548,25.359287,1.124451,1008.0,14996.306641,1024.0,1024.0,39.741814,287400,64.0,1997.2
288200,17700,6230.765,6.222046,2.399558,0.584228,0.020441,1.694081,1.694081,1.491009,1.491009,0.030275,4.7e-05,0.015723,0.924727,0.080421,-0.917373,5.802101,0.976238,0.952339,24.573467,24.685385,0.466609,15360.0,1.287555,24.53756,24.919399,1.13487,1008.0,14995.017578,1024.0,1024.0,49.930351,288200,64.0,1997.2
289000,17750,6247.973,6.037206,2.355751,0.624943,0.020441,1.448783,1.448783,1.217193,1.217193,0.036585,4.8e-05,0.049398,1.007749,0.075817,-1.010697,5.903435,0.976226,0.992011,24.90485,25.18969,0.447579,15360.0,1.336665,24.8251,25.762352,1.106163,1008.0,14994.837891,1024.0,1024.0,34.059887,289000,64.0,1997.2
289800,17800,6265.324,6.057656,2.237128,0.602103,0.020441,1.694899,1.694899,1.505741,1.505741,0.028351,4.5e-05,0.008774,0.892995,0.074512,-0.887945,5.627367,0.976303,0.942132,24.622665,24.66176,0.419307,15360.0,1.275627,24.689219,25.17312,1.055719,1008.0,14996.013672,1024.0,1024.0,46.014534,289800,64.0,1997.2
290600,17850,6285.108,6.450655,2.589296,0.633888,0.020441,1.604476,1.604476,1.308562,1.308562,0.038018,4.9e-05,0.001475,0.670815,0.061223,-0.669223,5.500032,0.976238,1.040677,24.794687,24.869125,0.336731,15360.0,1.333181,24.753006,25.456783,1.031072,1008.0,14995.009766,1024.0,1024.0,33.779163,290600,64.0,1997.2
291400,17900,6305.044,4.768378,1.226657,0.63398,0.020441,1.384485,1.384485,1.044162,1.044162,0.037389,4.3e-05,-0.001377,0.689918,0.054803,-0.694727,5.479294,0.976215,1.001298,24.731153,24.699171,0.300279,15360.0,1.214816,24.807446,25.078646,0.771715,1008.0,14994.654297,1024.0,1024.0,37.134983,291400,64.0,1997.2
292200,17950,6323.166,6.006709,2.45043,0.542011,0.020441,1.542678,1.542678,1.309383,1.309383,0.0275,4.7e-05,0.017421,0.852899,0.064913,-0.848783,5.658529,0.97634,0.935763,25.182911,25.284441,0.367314,15360.0,1.145656,25.143929,25.627714,0.781747,1008.0,14996.577148,1024.0,1024.0,28.32448,292200,64.0,1997.2
293000,18000,6344.524,4.841172,1.534134,0.522662,0.020441,1.365657,1.365657,1.120739,1.120739,0.020537,3.9e-05,0.006315,0.783292,0.061544,-0.775822,5.746414,0.976262,0.904793,24.463409,24.502476,0.353659,15360.0,1.168678,24.520884,24.795694,0.803584,1008.0,14995.384766,1024.0,1024.0,48.243603,293000,64.0,1997.2
293800,18050,6362.961,4.288693,1.148673,0.579534,0.020441,1.230721,1.230721,0.814277,0.814277,0.026713,4.2e-05,-0.005946,0.799781,0.045255,-0.803306,5.677528,0.97626,0.855415,24.664789,24.634474,0.256937,15360.0,1.122611,24.684042,24.752058,0.605686,1008.0,14995.353516,1024.0,1024.0,48.220665,293800,64.0,1997.2
294600,18100,6379.778,6.009055,2.287415,0.599144,0.020441,1.468612,1.468612,1.23786,1.23786,0.03684,4.7e-05,0.02162,0.88613,0.078837,-0.894715,5.643345,0.97632,1.026188,25.055944,25.167534,0.444907,15360.0,1.462579,24.94622,25.657078,1.297207,1008.0,14996.276367,1024.0,1024.0,30.016325,294600,64.0,1997.2
295400,18150,6396.837,4.937613,1.717632,0.572273,0.020441,1.281789,1.281789,1.08174,1.08174,0.025176,3.9e-05,-0.005108,0.864538,0.058224,-0.873202,5.641279,0.976254,0.917753,24.774763,24.753733,0.328457,15360.0,1.015514,24.909378,25.025097,0.636546,1008.0,14995.262695,1024.0,1024.0,40.820255,295400,64.0,1997.2
296200,18200,6414.075,4.697619,1.336136,0.577073,0.020441,1.325978,1.325978,0.998048,0.998048,0.030278,4.1e-05,0.013212,1.005043,0.050798,-0.996937,5.795584,0.976329,0.937591,24.810789,24.865128,0.294405,15360.0,1.181969,24.795021,25.039757,0.754407,1008.0,14996.411133,1024.0,1024.0,19.419319,296200,64.0,1997.2
297000,18250,6433.696,6.872157,3.049199,0.559527,0.020441,1.693678,1.693678,1.496448,1.496448,0.029448,4.7e-05,0.004701,0.685502,0.079398,-0.695045,5.905005,0.976273,0.961381,24.040174,24.142555,0.468847,15360.0,1.379537,23.986019,24.513319,1.146273,1008.0,14995.550781,1024.0,1024.0,44.352905,297000,64.0,1997.2
297800,18300,6453.052,6.358035,2.542818,0.638973,0.020441,1.688827,1.688827,1.479255,1.479255,0.033517,3.9e-05,-0.013139,0.819559,0.06446,-0.820375,5.912785,0.976332,0.93313,24.08201,24.017988,0.38114,15360.0,1.260341,24.183084,24.462807,0.870681,1008.0,14996.459961,1024.0,1024.0,32.806255,297800,64.0,1997.2
298600,18350,6472.406,5.017262,1.49816,0.630489,0.020441,1.406778,1.406778,1.074558,1.074558,0.033909,3.9e-05,0.023584,0.739898,0.058985,-0.735143,5.759439,0.976294,0.917757,25.174444,25.343239,0.339721,15360.0,1.264585,25.086195,25.877737,0.967196,1008.0,14995.880859,1024.0,1024.0,25.624001,298600,64.0,1997.2
299400,18400,6490.868,5.153612,1.757175,0.536298,0.020441,1.415825,1.415825,1.120234,1.120234,0.02021,3.8e-05,0.001361,0.740803,0.044727,-0.735724,5.751524,0.976255,0.965299,25.093422,25.096657,0.257247,15360.0,1.052101,25.060019,25.115166,0.466729,1008.0,14995.277344,1024.0,1024.0,31.11694,299400,64.0,1997.2
300200,18450,6533.276,5.463437,2.055363,0.508491,0.020441,1.423113,1.423113,1.16563,1.16563,0.021738,4.1e-05,-0.010948,0.734425,0.054216,-0.730198,5.908634,0.976362,0.957302,24.131472,24.079306,0.320343,15360.0,1.224545,24.054245,23.874571,0.655898,1008.0,14996.919922,1024.0,1024.0,53.853378,300200,64.0,1997.2
301000,18500,6552.181,5.18041,1.919894,0.525614,0.020441,1.351675,1.351675,1.107248,1.107248,0.017776,3.9e-05,-0.00855,0.730698,0.047341,-0.724688,6.019342,0.976347,0.92747,25.040228,24.999224,0.284961,15360.0,1.028992,25.017437,25.022629,0.534301,1008.0,14996.683594,1024.0,1024.0,33.46542,301000,64.0,1997.2
301800,18550,6571.969,5.260391,1.954319,0.47159,0.020441,1.450878,1.450878,1.189097,1.189097,0.020044,4.2e-05,-0.004626,0.718743,0.051209,-0.720001,6.046656,0.976296,0.823238,23.927254,23.894886,0.309644,15360.0,1.331542,23.86754,23.885635,0.916761,1008.0,14995.898438,1024.0,1024.0,26.639843,301800,64.0,1997.2
302600,18600,6589.951,4.76863,1.35224,0.620608,0.020441,1.294041,1.294041,1.090759,1.090759,0.032334,3.7e-05,-0.001465,0.943676,0.053133,-0.938843,6.071537,0.976296,0.995937,25.473278,25.467058,0.3226,15360.0,1.191415,25.511961,25.937731,0.774858,1008.0,14995.904297,1024.0,1024.0,37.810143,302600,64.0,1997.2
303400,18650,6607.865,5.317816,1.944696,0.500194,0.020441,1.494468,1.494468,1.252926,1.252926,0.024103,4.1e-05,0.018256,0.781787,0.050051,-0.775322,6.221903,0.976355,0.855759,25.432606,25.57505,0.311412,15360.0,1.115188,25.211483,25.363329,0.758894,1008.0,14996.813477,1024.0,1024.0,38.398933,303400,64.0,1997.2
304200,18700,6626.883,6.437953,2.742124,0.566839,0.020441,1.5109,1.5109,1.23765,1.23765,0.033635,4.2e-05,-0.002352,0.782848,0.069666,-0.775785,6.287916,0.976251,1.052569,25.072412,25.108585,0.438053,15360.0,1.321141,25.01646,25.398039,0.98859,1008.0,14995.216797,1024.0,1024.0,46.320107,304200,64.0,1997.2
305000,18750,6647.721,6.213912,2.643947,0.524538,0.020441,1.525093,1.525093,1.197304,1.197304,0.021241,3.8e-05,0.007999,0.751509,0.067003,-0.746871,6.160982,0.976331,0.959814,24.813673,24.869707,0.412803,15360.0,1.265234,24.850389,25.212036,0.996774,1008.0,14996.439453,1024.0,1024.0,45.674675,305000,64.0,1997.2
305800,18800,6667.652,7.100218,2.987224,0.560975,0.020441,1.93563,1.93563,1.665833,1.665833,0.031195,4.1e-05,0.005898,0.868736,0.059413,-0.856419,6.090384,0.976332,1.024352,25.027388,25.103188,0.361849,15360.0,1.24045,24.999334,25.219112,0.829996,1008.0,14996.462891,1024.0,1024.0,26.121492,305800,64.0,1997.2
306600,18850,6685.799,4.664377,1.362158,0.599184,0.020441,1.359087,1.359087,1.033596,1.033596,0.029107,3.3e-05,-0.008398,0.83414,0.04861,-0.84063,6.038769,0.976369,0.885033,25.190191,25.146366,0.293547,15360.0,1.03655,25.251514,25.617575,0.718095,1008.0,14997.025391,1024.0,1024.0,53.68507,306600,64.0,1997.2
307400,18900,6705.328,5.049674,1.53643,0.598756,0.020441,1.325487,1.325487,1.044834,1.044834,0.035416,3.4e-05,-5.8e-05,0.95228,0.063505,-0.954327,6.268211,0.976308,1.062504,25.460976,25.438644,0.398062,15360.0,1.245217,25.55496,25.611834,0.986842,1008.0,14996.083984,1024.0,1024.0,30.629463,307400,64.0,1997.2
308200,18950,6725.951,6.220609,2.265525,0.62288,0.020441,1.729004,1.729004,1.473595,1.473595,0.033688,3.6e-05,0.000677,0.973562,0.069373,-0.97498,6.290215,0.976343,1.047294,26.025974,26.041611,0.43637,15360.0,1.206291,26.06229,26.533644,0.955504,1008.0,14996.625,1024.0,1024.0,39.454082,308200,64.0,1997.2
309000,19000,6747.364,6.9072,3.257078,0.479447,0.020441,1.529784,1.529784,1.233979,1.233979,0.018944,4.3e-05,0.031602,0.960191,0.065565,-0.968871,6.359755,0.976257,1.05264,25.380842,25.545238,0.416976,15360.0,1.277435,25.168638,25.476503,0.914382,1008.0,14995.301758,1024.0,1024.0,51.584488,309000,64.0,1997.2
309800,19050,6764.793,5.905028,2.414355,0.521845,0.020441,1.454406,1.454406,1.214725,1.214725,0.021736,3.3e-05,0.016741,0.923243,0.053311,-0.922056,6.613636,0.976265,0.99657,25.49087,25.589113,0.352579,15360.0,1.117432,25.445946,25.67362,0.671078,1008.0,14995.426758,1024.0,1024.0,38.880299,309800,64.0,1997.2
310600,19100,6782.379,5.665333,2.045654,0.664355,0.020441,1.375163,1.375163,1.097104,1.097104,0.034922,3.7e-05,0.000235,0.77122,0.052105,-0.767367,6.723476,0.976365,1.039912,24.745558,24.775421,0.350326,15360.0,1.273527,24.697861,24.984814,0.896573,1008.0,14996.960938,1024.0,1024.0,39.761978,310600,64.0,1997.2
311400,19150,6799.596,6.638907,2.729985,0.586951,0.020441,1.68142,1.68142,1.443145,1.443145,0.031966,3.6e-05,-0.005324,0.671759,0.077812,-0.673463,6.73143,0.97625,1.027185,25.342676,25.356764,0.523788,15360.0,1.433688,25.377253,25.744196,1.303231,1008.0,14995.201172,1024.0,1024.0,44.666683,311400,64.0,1997.2
312200,19200,6816.67,5.852666,2.151809,0.633077,0.020441,1.439394,1.439394,1.187349,1.187349,0.039167,3.6e-05,0.025539,0.917186,0.051896,-0.925289,6.835497,0.976257,1.03668,25.990627,26.189837,0.354735,15360.0,1.33929,26.024778,26.83094,1.026305,1008.0,14995.299805,1024.0,1024.0,37.998051,312200,64.0,1997.2
313000,19250,6835.425,5.015418,1.656,0.568571,0.020441,1.295342,1.295342,1.014928,1.014928,0.032376,3.3e-05,-0.000316,0.773815,0.04921,-0.770084,6.771822,0.976319,0.981533,24.919842,24.923077,0.333238,15360.0,1.214378,24.954157,25.189648,0.815336,1008.0,14996.251953,1024.0,1024.0,33.291965,313000,64.0,1997.2
313800,19300,6855.655,6.097933,2.455642,0.513221,0.020441,1.465648,1.465648,1.215797,1.215797,0.022386,3.8e-05,0.025119,0.877772,0.058572,-0.881323,6.770992,0.976321,1.079538,25.331434,25.484911,0.39659,15360.0,1.305864,25.239115,25.823004,0.950535,1008.0,14996.294922,1024.0,1024.0,33.931915,313800,64.0,1997.2
314600,19350,6874.353,7.000209,3.170187,0.630469,0.020441,1.521001,1.521001,1.251902,1.251902,0.045908,3.7e-05,0.012856,0.810825,0.059372,-0.809419,6.805161,0.976303,1.063103,25.876272,26.000597,0.404034,15360.0,1.433504,25.849785,26.63887,1.357886,1008.0,14996.019531,1024.0,1024.0,37.124634,314600,64.0,1997.2
315400,19400,6891.835,6.060358,2.195256,0.573132,0.020441,1.566486,1.566486,1.308338,1.308338,0.032271,3.5e-05,0.015352,0.760818,0.061673,-0.767235,6.815086,0.976318,1.115252,25.45915,25.54904,0.420306,15360.0,1.392637,25.382229,25.811657,1.09574,1008.0,14996.246094,1024.0,1024.0,40.795158,315400,64.0,1997.2
316200,19450,6909.439,5.122551,1.690548,0.554976,0.020441,1.373853,1.373853,1.075076,1.075076,0.026098,3.1e-05,0.002736,0.849613,0.043832,-0.860836,6.917866,0.976312,0.984977,25.595463,25.594282,0.303227,15360.0,1.192116,25.623974,25.742191,0.757326,1008.0,14996.152344,1024.0,1024.0,24.071884,316200,64.0,1997.2
317000,19500,6926.878,5.053928,1.545176,0.548111,0.020441,1.357785,1.357785,1.034724,1.034724,0.026176,3.1e-05,0.003652,1.05833,0.047517,-1.053211,6.915169,0.976302,1.06615,25.471155,25.504831,0.32859,15360.0,1.256115,25.495558,25.80821,0.803008,1008.0,14995.996094,1024.0,1024.0,29.673128,317000,64.0,1997.2
317800,19550,6946.78,5.684661,2.028737,0.596616,0.020441,1.433898,1.433898,1.190142,1.190142,0.033599,3.1e-05,0.011664,0.974892,0.055969,-0.972941,7.076572,0.976271,1.035792,25.183201,25.279192,0.396066,15360.0,1.380411,25.222738,25.6429,1.133101,1008.0,14995.521484,1024.0,1024.0,33.398357,317800,64.0,1997.2
318600,19600,6969.637,6.767019,2.850291,0.704185,0.020441,1.650473,1.650473,1.432575,1.432575,0.03765,3.6e-05,-0.006011,0.927474,0.058589,-0.924375,7.078381,0.976296,0.985281,26.28138,26.273966,0.414718,15360.0,1.324372,26.237951,26.5392,0.970209,1008.0,14995.899414,1024.0,1024.0,54.678768,318600,64.0,1997.2
319400,19650,6992.196,4.859556,1.35349,0.525102,0.020441,1.423379,1.423379,1.104481,1.104481,0.023542,3e-05,0.006768,0.843882,0.042118,-0.837688,7.094006,0.976342,1.037052,26.411671,26.482603,0.298785,15360.0,1.169955,26.350012,26.720491,0.687644,1008.0,14996.605469,1024.0,1024.0,42.839741,319400,64.0,1997.2
320200,19700,7012.756,6.42743,2.510453,0.676342,0.020441,1.605196,1.605196,1.318464,1.318464,0.039451,3.1e-05,0.007886,0.809049,0.048738,-0.81173,7.159161,0.976285,1.055244,26.924339,27.007336,0.348926,15360.0,1.304495,26.900043,27.564688,0.908635,1008.0,14995.741211,1024.0,1024.0,34.490681,320200,64.0,1997.2
321000,19750,7030.208,5.683832,2.089667,0.479014,0.020441,1.470277,1.470277,1.219937,1.219937,0.020066,3.2e-05,0.013085,0.766003,0.056956,-0.766604,7.141865,0.976324,1.022075,25.879213,26.018057,0.406772,15360.0,1.474158,25.745401,25.607721,1.088885,1008.0,14996.34375,1024.0,1024.0,44.228836,321000,64.0,1997.2
321800,19800,7047.153,4.941891,1.800387,0.479151,0.020441,1.326164,1.326164,1.012837,1.012837,0.017418,2.7e-05,-0.008073,0.671613,0.041103,-0.671153,7.090071,0.976284,0.888668,25.839724,25.770042,0.291425,15360.0,1.008453,25.886854,25.847719,0.476476,1008.0,14995.720703,1024.0,1024.0,42.471577,321800,64.0,1997.2
322600,19850,7064.062,5.142528,1.759987,0.518456,0.020441,1.423233,1.423233,1.114757,1.114757,0.020775,2.7e-05,-0.003243,0.828014,0.048106,-0.837145,6.87537,0.976293,0.959988,26.248877,26.272816,0.330749,15360.0,1.071145,26.22534,26.444153,0.656253,1008.0,14995.853516,1024.0,1024.0,49.051559,322600,64.0,1997.2
323400,19900,7081.068,5.291448,1.979196,0.513269,0.020441,1.330811,1.330811,1.018444,1.018444,0.022406,3e-05,-0.011603,0.701941,0.045508,-0.700311,6.90263,0.976355,0.994734,25.846901,25.797377,0.314124,15360.0,1.105066,25.788651,25.684462,0.627384,1008.0,14996.811523,1024.0,1024.0,32.797859,323400,64.0,1997.2
324200,19950,7098.096,6.041721,2.277058,0.548674,0.020441,1.528393,1.528393,1.150321,1.150321,0.03054,2.9e-05,0.002575,0.775421,0.052227,-0.771581,6.98629,0.976327,1.1151,25.503746,25.535378,0.364876,15360.0,1.322136,25.427996,25.521355,1.065213,1008.0,14996.387695,1024.0,1024.0,31.892342,324200,64.0,1997.2
325000,20000,7115.981,5.157214,1.582187,0.51772,0.020441,1.53853,1.53853,1.225561,1.225561,0.023171,2.6e-05,-0.005548,0.656459,0.044411,-0.660334,6.998463,0.976279,1.009898,26.113073,26.067593,0.310807,15360.0,1.133777,26.135349,26.105816,0.652748,1008.0,14995.645508,1024.0,1024.0,43.277889,325000,64.0,1997.2
325800,20050,7161.049,5.020004,1.57791,0.565447,0.020441,1.293838,1.293838,1.014625,1.014625,0.025915,2.8e-05,-0.009062,0.723734,0.052784,-0.738238,6.958025,0.976337,1.077252,25.722738,25.625473,0.367272,15360.0,1.215984,25.765871,25.682104,0.767107,1008.0,14996.542969,1024.0,1024.0,31.42627,325800,64.0,1997.2
326600,20100,7180.326,4.6387,1.192007,0.57868,0.020441,1.384941,1.384941,1.015376,1.015376,0.031704,2.6e-05,0.009053,0.788513,0.039005,-0.791093,6.961613,0.976273,0.976792,26.800646,26.896067,0.271537,15360.0,1.127643,26.711653,27.15464,0.683464,1008.0,14995.548828,1024.0,1024.0,38.414753,326600,64.0,1997.2
327400,20150,7199.004,6.378346,2.507872,0.707583,0.020441,1.463371,1.463371,1.225158,1.225158,0.04718,3.3e-05,-0.005511,0.71592,0.072259,-0.716373,6.854267,0.976218,1.072965,25.947336,25.892584,0.495285,15360.0,1.550962,25.969791,26.710566,1.501582,1008.0,14994.708984,1024.0,1024.0,37.441341,327400,64.0,1997.2
328200,20200,7218.385,5.050344,1.296984,0.768663,0.020441,1.370966,1.370966,1.014915,1.014915,0.050257,2.6e-05,0.000745,0.743452,0.046249,-0.74476,7.000128,0.97639,1.064734,25.604218,25.613127,0.323751,15360.0,1.302385,25.730156,25.991545,0.959775,1008.0,14997.353516,1024.0,1024.0,56.624054,328200,64.0,1997.2
329000,20250,7238.333,5.206118,1.631381,0.617641,0.020441,1.473776,1.473776,1.241618,1.241618,0.033747,2.9e-05,0.003991,0.752806,0.054164,-0.761263,6.948328,0.976276,0.985528,27.016407,27.022223,0.37635,15360.0,1.086609,27.036083,27.143675,0.646229,1008.0,14995.603516,1024.0,1024.0,41.779991,329000,64.0,1997.2
329800,20300,7259.019,6.475245,2.596596,0.656974,0.020441,1.589026,1.589026,1.323583,1.323583,0.032494,3e-05,-0.015736,0.589315,0.07713,-0.582709,6.921507,0.976311,1.094386,25.791363,25.661638,0.533856,15360.0,1.248853,25.886145,25.923784,0.967657,1008.0,14996.128906,1024.0,1024.0,82.953087,329800,64.0,1997.2
330600,20350,7277.48,5.943726,2.317001,0.484939,0.020441,1.560333,1.560333,1.272987,1.272987,0.022224,3.1e-05,0.005716,0.57262,0.052663,-0.568863,7.052216,0.976235,1.007372,24.986393,25.027239,0.371388,15360.0,1.306302,24.884134,24.924252,0.989166,1008.0,14994.966797,1024.0,1024.0,47.26598,330600,64.0,1997.2
331400,20400,7295.935,5.171121,1.70637,0.551467,0.020441,1.375774,1.375774,0.948594,0.948594,0.023543,2.8e-05,-0.000204,0.723161,0.042651,-0.729132,7.103653,0.976262,1.042768,25.527634,25.54998,0.302975,15360.0,1.123093,25.536232,25.666613,0.526107,1008.0,14995.386719,1024.0,1024.0,42.233452,331400,64.0,1997.2
332200,20450,7314.458,4.280672,1.029775,0.639487,0.020441,1.293924,1.293924,0.899148,0.899148,0.034057,2.4e-05,-0.007879,0.851852,0.034704,-0.842799,7.111086,0.976297,0.866252,26.599236,26.534006,0.246783,15360.0,1.030934,26.692451,26.621712,0.609022,1008.0,14995.914062,1024.0,1024.0,30.232943,332200,64.0,1997.2
333000,20500,7333.925,5.754802,2.156351,0.527538,0.020441,1.533002,1.533002,1.358793,1.358793,0.025835,3e-05,0.002946,0.668281,0.057568,-0.675643,7.314335,0.976239,0.992615,26.588287,26.571266,0.421074,15360.0,1.228694,26.562183,26.590361,0.949035,1008.0,14995.037109,1024.0,1024.0,75.114563,333000,64.0,1997.2
333800,20550,7352.467,4.585188,1.205686,0.714184,0.020441,1.310805,1.310805,0.908051,0.908051,0.042522,2.7e-05,0.001063,0.741629,0.035934,-0.747509,7.147268,0.976405,0.862344,26.749302,26.75115,0.256833,15360.0,1.131946,26.782894,27.142941,0.720837,1008.0,14997.574219,1024.0,1024.0,24.398895,333800,64.0,1997.2
334600,20600,7371.526,4.407931,0.988819,0.588649,0.020441,1.327543,1.327543,1.020581,1.020581,0.032091,2.6e-05,-0.007575,0.793363,0.047478,-0.796414,7.003653,0.976356,1.008611,26.294964,26.262264,0.332516,15360.0,1.1623,26.332315,26.147917,0.847428,1008.0,14996.822266,1024.0,1024.0,26.567631,334600,64.0,1997.2
335400,20650,7389.196,6.177118,2.552603,0.524693,0.020441,1.600827,1.600827,1.322121,1.322121,0.021333,2.7e-05,0.021499,0.840612,0.055836,-0.835759,6.993025,0.976331,0.958242,27.231581,27.380836,0.390463,15360.0,1.129098,27.223665,27.592144,0.724182,1008.0,14996.439453,1024.0,1024.0,37.95015,335400,64.0,1997.2
336200,20700,7406.269,5.691263,2.104398,0.602455,0.020441,1.465545,1.465545,1.233019,1.233019,0.028569,2.7e-05,-0.020249,0.673894,0.05765,-0.674821,7.163595,0.976331,1.029197,25.313066,25.081882,0.41298,15360.0,1.143073,25.524792,25.136345,0.757195,1008.0,14996.445312,1024.0,1024.0,27.911337,336200,64.0,1997.2
337000,20750,7423.346,6.001825,2.231754,0.61916,0.020441,1.546285,1.546285,1.250115,1.250115,0.030289,2.8e-05,0.00924,0.836876,0.058802,-0.836299,7.093552,0.976254,1.026006,26.312777,26.365416,0.417114,15360.0,1.314372,26.347879,26.763403,1.003991,1008.0,14995.260742,1024.0,1024.0,49.821167,337000,64.0,1997.2
337800,20800,7440.138,5.298131,1.61733,0.622947,0.020441,1.565217,1.565217,1.297461,1.297461,0.034913,2.6e-05,-0.015894,0.792207,0.052415,-0.78588,7.282688,0.976336,0.957954,25.959476,25.830202,0.381722,15360.0,1.245379,26.05191,26.179279,1.001734,1008.0,14996.517578,1024.0,1024.0,47.915886,337800,64.0,1997.2
338600,20850,7457.045,4.956058,1.575397,0.576837,0.02044,1.42575,1.42575,1.231248,1.231248,0.026568,2.2e-05,0.006088,0.879545,0.041645,-0.877007,7.4168,0.976298,0.870623,26.900595,26.936937,0.30887,15360.0,1.12782,26.967529,27.104532,0.677957,1008.0,14995.9375,1024.0,1024.0,66.732559,338600,64.0,1997.2
339400,20900,7474.089,4.5962,1.328708,0.569514,0.02044,1.306473,1.306473,0.971061,0.971061,0.025541,2.2e-05,-0.010591,0.849666,0.034554,-0.846512,7.183584,0.976263,0.935948,27.724419,27.65983,0.248219,15360.0,1.050202,27.720303,27.715294,0.498788,1008.0,14995.398438,1024.0,1024.0,24.757622,339400,64.0,1997.2
340200,20950,7491.235,4.715468,1.242617,0.638739,0.020441,1.284624,1.284624,0.90398,0.90398,0.035495,2.4e-05,0.00343,0.762679,0.050618,-0.754647,7.299158,0.976379,1.02691,25.918901,25.899614,0.369471,15360.0,1.234153,26.045944,26.208599,0.834491,1008.0,14997.175781,1024.0,1024.0,27.622593,340200,64.0,1997.2
341000,21000,7508.176,4.427299,1.058453,0.595965,0.02044,1.329402,1.329402,0.919807,0.919807,0.031961,2.1e-05,-0.000666,0.71257,0.038907,-0.713981,7.457687,0.976302,0.921302,26.384359,26.344748,0.29016,15360.0,1.231537,26.43609,26.496075,0.886398,1008.0,14995.993164,1024.0,1024.0,63.036037,341000,64.0,1997.2
341800,21050,7525.082,5.670923,2.135705,0.551472,0.020441,1.55137,1.55137,1.270085,1.270085,0.030966,2.7e-05,0.005072,0.841305,0.053347,-0.831667,7.328463,0.976322,0.920557,26.073414,26.105654,0.390953,15360.0,1.103894,26.091179,26.066896,0.762235,1008.0,14996.302734,1024.0,1024.0,30.905111,341800,64.0,1997.2
342600,21100,7542.089,4.038813,0.834797,0.531245,0.02044,1.16836,1.16836,0.884524,0.884524,0.023251,2.2e-05,-0.005755,0.815603,0.041182,-0.80621,7.282413,0.976274,1.051564,26.551085,26.521496,0.299903,15360.0,1.071084,26.555166,26.674686,0.509858,1008.0,14995.560547,1024.0,1024.0,32.176128,342600,64.0,1997.2
343400,21150,7559.186,5.415631,1.792289,0.608024,0.020441,1.527641,1.527641,1.318095,1.318095,0.031889,2.2e-05,-0.001966,0.863447,0.055895,-0.863649,7.306185,0.976257,0.965459,26.363094,26.364784,0.408383,15360.0,1.169933,26.468649,26.602238,0.864738,1008.0,14995.303711,1024.0,1024.0,38.003998,343400,64.0,1997.2
344200,21200,7576.134,4.357769,1.072968,0.499926,0.020441,1.280441,1.280441,0.839845,0.839845,0.022218,2.3e-05,-0.021624,0.948382,0.048602,-0.950029,7.549904,0.976357,1.031549,25.744499,25.599321,0.366944,15360.0,1.15341,25.90049,25.753595,0.739586,1008.0,14996.836914,1024.0,1024.0,24.190619,344200,64.0,1997.2
345000,21250,7593.176,5.226153,1.87327,0.486563,0.020441,1.35169,1.35169,0.992433,0.992433,0.022721,2.4e-05,0.002344,1.162631,0.050257,-1.165248,7.648386,0.976275,0.996759,26.289906,26.312756,0.384382,15360.0,1.199729,26.307695,26.135731,0.74444,1008.0,14995.581055,1024.0,1024.0,24.727139,345000,64.0,1997.2
345800,21300,7610.048,4.73123,1.299321,0.596728,0.020441,1.252964,1.252964,0.984436,0.984436,0.027849,2.3e-05,0.055922,1.1591,0.070442,-1.154662,7.677845,0.976293,0.994721,28.271597,28.652727,0.540841,15360.0,1.286119,27.845379,28.809603,1.130728,1008.0,14995.853516,1024.0,1024.0,31.327696,345800,64.0,1997.2
346600,21350,7627.077,5.067265,1.567099,0.56755,0.02044,1.298206,1.298206,0.969074,0.969074,0.024768,2.2e-05,-0.02825,1.075983,0.087425,-1.072374,7.3274,0.976284,1.069891,26.188242,26.068455,0.640599,15360.0,1.475026,26.257721,25.868034,1.260236,1008.0,14995.728516,1024.0,1024.0,33.859348,346600,64.0,1997.2
347400,21400,7644.178,5.056826,1.874057,0.536227,0.02044,1.358001,1.358001,1.051636,1.051636,0.016872,2.2e-05,0.004451,1.069859,0.043489,-1.088921,7.037853,0.976267,0.826308,27.863844,27.903599,0.306066,15360.0,1.005138,27.809618,28.158369,0.617485,1008.0,14995.462891,1024.0,1024.0,26.135939,347400,64.0,1997.2
348200,21450,7661.113,6.117227,2.568863,0.538142,0.020441,1.467855,1.467855,1.239507,1.239507,0.020347,2.5e-05,0.030291,1.06846,0.059182,-1.072074,7.092739,0.976341,0.97515,27.449047,27.641533,0.419763,15360.0,1.232331,27.266665,27.853304,0.843271,1008.0,14996.59375,1024.0,1024.0,54.719334,348200,64.0,1997.2
349000,21500,7678.022,6.441457,2.770551,0.569419,0.020441,1.548534,1.548534,1.398414,1.398414,0.025075,2.7e-05,0.002628,1.019586,0.072789,-1.017945,7.376356,0.976356,1.028147,26.800587,26.849525,0.536916,15360.0,1.156283,26.744038,26.661619,0.823849,1008.0,14996.832031,1024.0,1024.0,52.910107,349000,64.0,1997.2
349800,21550,7695.178,4.845333,1.342977,0.626846,0.02044,1.367388,1.367388,1.077659,1.077659,0.033221,2.1e-05,0.011216,1.174981,0.058226,-1.167941,7.644783,0.976271,0.936987,26.070141,26.130594,0.445125,15360.0,1.342461,26.197607,26.564716,1.001433,1008.0,14995.527344,1024.0,1024.0,31.271465,349800,64.0,1997.2
350600,21600,7736.103,5.281737,1.48904,0.578336,0.020441,1.543395,1.543395,1.177846,1.177846,0.033303,2.3e-05,0.012498,1.19196,0.079807,-1.18954,7.42873,0.976247,1.111595,26.568474,26.679092,0.592864,15360.0,1.240309,26.605373,26.682074,0.866648,1008.0,14995.158203,1024.0,1024.0,31.161564,350600,64.0,1997.2
351400,21650,7753.191,5.274415,1.59287,0.61014,0.02044,1.465692,1.465692,1.158281,1.158281,0.034118,2.1e-05,0.065461,1.162229,0.081292,-1.158219,7.434807,0.976273,1.000025,27.579912,27.978806,0.604392,15360.0,1.244058,27.420927,27.911871,1.069966,1008.0,14995.550781,1024.0,1024.0,40.562435,351400,64.0,1997.2
352200,21700,7770.336,4.692283,1.439471,0.491233,0.02044,1.27502,1.27502,0.895618,0.895618,0.015465,2.1e-05,0.039051,1.1284,0.065601,-1.122163,7.27043,0.976312,0.961706,28.148865,28.421515,0.476949,15360.0,1.126199,27.908913,28.310284,0.731453,1008.0,14996.152344,1024.0,1024.0,34.873135,352200,64.0,1997.2
353000,21750,7787.577,6.278965,2.531697,0.494384,0.020441,1.485942,1.485942,1.206538,1.206538,0.020351,2.5e-05,0.010413,1.112869,0.084497,-1.114302,7.351639,0.976356,1.133279,27.042559,27.125687,0.621193,15360.0,1.514046,27.058174,27.163528,1.392636,1008.0,14996.825195,1024.0,1024.0,30.159363,353000,64.0,1997.2
353800,21800,7804.566,6.989333,2.881466,0.805817,0.020441,1.582928,1.582928,1.290964,1.290964,0.052357,2.5e-05,0.031379,1.099701,0.078338,-1.10285,7.367371,0.976321,1.058004,26.475559,26.669331,0.577147,15360.0,1.50335,26.506207,27.214523,1.498324,1008.0,14996.294922,1024.0,1024.0,45.13974,353800,64.0,1997.2
354600,21850,7821.54,6.402364,2.531666,0.583727,0.020441,1.648309,1.648309,1.371223,1.371223,0.026368,2.3e-05,0.009613,1.107168,0.070033,-1.099472,7.406277,0.976313,1.048034,27.690565,27.777748,0.518683,15360.0,1.319146,27.780752,28.272339,1.155275,1008.0,14996.165039,1024.0,1024.0,27.62261,354600,64.0,1997.2
355400,21900,7838.585,5.637563,1.909496,0.587748,0.02044,1.396157,1.396157,1.12934,1.12934,0.028432,2.1e-05,0.040438,1.10905,0.067984,-1.115451,7.760654,0.976269,1.145633,27.466179,27.752964,0.5276,15360.0,1.326781,27.457546,27.987221,0.883703,1008.0,14995.487305,1024.0,1024.0,36.06356,355400,64.0,1997.2
356200,21950,7855.596,5.096654,1.612391,0.586864,0.02044,1.306202,1.306202,0.912965,0.912965,0.02872,2.1e-05,0.015335,1.117952,0.065461,-1.119672,7.749813,0.976274,1.054572,27.419727,27.535271,0.507311,15360.0,1.234095,27.581154,27.745825,0.917219,1008.0,14995.568359,1024.0,1024.0,23.527988,356200,64.0,1997.2
357000,22000,7872.804,6.695273,2.700157,0.673495,0.020441,1.62676,1.62676,1.33758,1.33758,0.040061,2.4e-05,0.045648,1.03629,0.075755,-1.032019,7.759329,0.976253,1.113095,27.734222,28.067001,0.587807,15360.0,1.176668,27.64012,28.13538,0.807604,1008.0,14995.246094,1024.0,1024.0,33.726135,357000,64.0,1997.2
357800,22050,7889.644,6.271185,2.433426,0.516495,0.020441,1.686357,1.686357,1.330359,1.330359,0.024132,2.4e-05,0.061678,0.988595,0.083714,-0.992577,7.511292,0.976304,1.034561,28.284393,28.759674,0.628803,15360.0,1.165305,27.917524,28.511618,0.911338,1008.0,14996.027344,1024.0,1024.0,33.448093,357800,64.0,1997.2
358600,22100,7906.85,5.168811,1.58079,0.544677,0.02044,1.412493,1.412493,1.180449,1.180449,0.023571,1.9e-05,0.040686,0.839582,0.071181,-0.83487,7.694679,0.976293,1.073679,27.702377,28.069405,0.547717,15360.0,1.182651,27.417786,27.791691,0.74398,1008.0,14995.859375,1024.0,1024.0,27.338173,358600,64.0,1997.2
359400,22150,7923.957,5.049129,1.579051,0.566694,0.02044,1.285627,1.285627,0.948521,0.948521,0.026607,1.9e-05,0.018283,0.707572,0.060267,-0.711959,7.506643,0.976267,1.089687,27.740528,27.962831,0.452405,15360.0,1.202613,27.570288,27.88073,0.610606,1008.0,14995.453125,1024.0,1024.0,39.689529,359400,64.0,1997.2
360200,22200,7941.119,6.229629,2.286196,0.631951,0.02044,1.58181,1.58181,1.250955,1.250955,0.035318,2e-05,0.005637,0.668681,0.066897,-0.66483,7.193382,0.976327,1.12278,28.56286,28.655178,0.481218,15360.0,1.408774,28.639275,29.257318,1.127946,1008.0,14996.383789,1024.0,1024.0,45.001781,360200,64.0,1997.2
361000,22250,7958.245,7.338892,3.039565,0.687492,0.020441,1.832485,1.832485,1.673004,1.673004,0.051696,2.3e-05,0.038836,0.612568,0.105617,-0.620585,7.261934,0.976308,1.091572,29.552065,30.062061,0.766983,15360.0,1.484178,29.27244,30.617275,1.545659,1008.0,14996.095703,1024.0,1024.0,52.851955,361000,64.0,1997.2
361800,22300,7975.355,4.902782,1.474501,0.642874,0.02044,1.222133,1.222133,0.873764,0.873764,0.032864,1.9e-05,0.015421,0.535742,0.057128,-0.532321,7.075811,0.976286,1.025776,29.016281,29.248684,0.404226,15360.0,1.264745,28.76758,29.25713,0.858586,1008.0,14995.751953,1024.0,1024.0,40.760925,361800,64.0,1997.2
362600,22350,7992.469,4.732288,1.298857,0.563153,0.02044,1.265328,1.265328,0.889449,0.889449,0.028726,2e-05,0.02979,0.461765,0.086581,-0.462248,6.744671,0.976247,1.055498,29.213266,29.678082,0.583959,15360.0,1.242292,28.750765,29.429472,0.807539,1008.0,14995.150391,1024.0,1024.0,28.880999,362600,64.0,1997.2
363400,22400,8009.543,5.414998,1.725186,0.604767,0.02044,1.3629,1.3629,1.041796,1.041796,0.032997,2.1e-05,0.024644,0.479271,0.086426,-0.478767,6.760733,0.976312,1.096696,29.50458,29.891209,0.584304,15360.0,1.48025,29.221727,30.303484,1.311206,1008.0,14996.15625,1024.0,1024.0,25.608135,363400,64.0,1997.2
364200,22450,8026.689,5.170318,1.495497,0.667049,0.02044,1.361059,1.361059,1.166624,1.166624,0.037511,1.8e-05,0.01094,0.420434,0.05823,-0.423383,6.755959,0.976291,1.085139,29.185223,29.354519,0.393402,15360.0,1.313624,28.921347,29.566315,1.011403,1008.0,14995.825195,1024.0,1024.0,40.000301,364200,64.0,1997.2
365000,22500,8043.889,5.772961,1.926871,0.569521,0.02044,1.625975,1.625975,1.37784,1.37784,0.027253,1.9e-05,0.016899,0.388242,0.078131,-0.391231,6.76156,0.976264,1.085712,29.18046,29.542231,0.528288,15360.0,1.216482,28.963968,29.389685,0.735987,1008.0,14995.418945,1024.0,1024.0,29.214859,365000,64.0,1997.2
365800,22550,8060.751,6.718699,2.703834,0.605132,0.020441,1.711997,1.711997,1.455943,1.455943,0.03195,2.4e-05,0.014031,0.303948,0.1041,-0.311453,6.926373,0.97629,1.080305,29.129848,29.493908,0.721037,15360.0,1.37253,28.784418,29.100706,1.172705,1008.0,14995.806641,1024.0,1024.0,47.622627,365800,64.0,1997.2
366600,22600,8077.889,6.141454,2.39079,0.532818,0.020441,1.576922,1.576922,1.313784,1.313784,0.02539,2.3e-05,0.0265,0.365546,0.099389,-0.365009,7.360733,0.976285,1.038189,30.291807,30.874147,0.731578,15360.0,1.327011,29.842339,30.831121,1.277884,1008.0,14995.740234,1024.0,1024.0,21.164431,366600,64.0,1997.2
367400,22650,8094.936,6.21349,2.374408,0.474336,0.02044,1.698704,1.698704,1.498445,1.498445,0.019531,2.1e-05,0.011952,0.325265,0.074166,-0.329141,7.483643,0.97624,1.075995,28.957163,29.236446,0.555032,15360.0,1.292611,28.585217,28.570923,0.93201,1008.0,14995.043945,1024.0,1024.0,36.72047,367400,64.0,1997.2
368200,22700,8112.021,6.601615,2.795528,0.550381,0.02044,1.628109,1.628109,1.306638,1.306638,0.02375,1.9e-05,0.006781,0.424537,0.060581,-0.421719,7.693205,0.976307,1.071486,30.106272,30.316681,0.466062,15360.0,1.220262,29.969769,30.435154,0.85072,1008.0,14996.080078,1024.0,1024.0,31.159241,368200,64.0,1997.2
369000,22750,8128.995,5.774191,1.993929,0.628047,0.02044,1.551504,1.551504,1.235351,1.235351,0.030859,2e-05,0.012971,0.403724,0.068275,-0.403525,7.854162,0.976278,1.04573,29.453543,29.750204,0.536239,15360.0,1.221404,29.078964,29.447647,0.853039,1008.0,14995.632812,1024.0,1024.0,64.954269,369000,64.0,1997.2
369800,22800,8145.762,6.2526,2.430619,0.529092,0.02044,1.694044,1.694044,1.414861,1.414861,0.020821,2e-05,0.010161,0.424875,0.068341,-0.43457,7.672735,0.976302,1.035552,29.802923,30.050058,0.52436,15360.0,1.210953,29.604288,30.016775,0.891461,1008.0,14996.004883,1024.0,1024.0,37.248257,369800,64.0,1997.2
370600,22850,8162.68,5.493001,1.715803,0.653176,0.02044,1.449268,1.449268,1.142528,1.142528,0.038251,1.8e-05,0.032002,0.48786,0.085417,-0.492052,7.912777,0.976319,1.067865,29.730711,30.246277,0.675883,15360.0,1.365067,29.4531,30.314419,1.259071,1008.0,14996.251953,1024.0,1024.0,31.372805,370600,64.0,1997.2
371400,22900,8179.451,6.948491,2.619261,0.679671,0.02044,1.855073,1.855073,1.556658,1.556658,0.044223,2.1e-05,0.022039,0.392687,0.098609,-0.399028,7.8654,0.976276,1.105443,30.567625,31.157724,0.775598,15360.0,1.536853,30.318369,31.111437,1.495892,1008.0,14995.59375,1024.0,1024.0,27.811491,371400,64.0,1997.2
372200,22950,8196.558,6.411318,2.672801,0.565066,0.02044,1.607773,1.607773,1.263063,1.263063,0.02712,2.1e-05,0.019955,0.391181,0.070511,-0.389732,7.850708,0.97628,1.02274,31.376337,31.78911,0.55356,15360.0,1.139219,31.052227,31.559509,0.901036,1008.0,14995.658203,1024.0,1024.0,43.449001,372200,64.0,1997.2
373000,23000,8213.276,6.072586,2.358394,0.560761,0.020441,1.522418,1.522418,1.251084,1.251084,0.031725,2.3e-05,0.01649,0.416097,0.066071,-0.409238,7.975637,0.976264,1.054962,30.813005,31.13743,0.526958,15360.0,1.289593,30.514992,31.026672,1.061117,1008.0,14995.416992,1024.0,1024.0,24.014145,373000,64.0,1997.2
373800,23050,8230.057,5.989348,2.247099,0.557661,0.02044,1.641524,1.641524,1.411103,1.411103,0.026611,2.1e-05,0.008588,0.364267,0.058687,-0.369095,7.679144,0.97627,0.990228,30.992828,31.25703,0.450667,15360.0,1.198849,30.622259,31.064007,0.883407,1008.0,14995.511719,1024.0,1024.0,34.000614,373800,64.0,1997.2
374600,23100,8246.966,5.321508,1.86753,0.548067,0.02044,1.452168,1.452168,1.086537,1.086537,0.024188,1.8e-05,0.018012,0.409171,0.069152,-0.402975,7.477108,0.976262,0.94101,31.088413,31.471607,0.517059,15360.0,1.096876,30.752033,31.085882,0.889942,1008.0,14995.379883,1024.0,1024.0,30.199369,374600,64.0,1997.2
375400,23150,8288.341,4.75285,1.214737,0.608358,0.02044,1.390908,1.390908,1.139051,1.139051,0.033437,1.6e-05,0.013142,0.39066,0.075348,-0.394503,7.44524,0.976315,1.021543,30.614012,30.967548,0.560985,15360.0,1.14877,30.313786,30.583443,0.878771,1008.0,14996.201172,1024.0,1024.0,33.238605,375400,64.0,1997.2
376200,23200,8305.15,6.370794,2.677951,0.599508,0.02044,1.611755,1.611755,1.275489,1.275489,0.033645,1.8e-05,0.010205,0.399134,0.083694,-0.402499,7.369606,0.976273,0.924826,31.443825,31.876377,0.616789,15360.0,1.216444,31.257214,32.148163,1.37604,1008.0,14995.558594,1024.0,1024.0,41.171043,376200,64.0,1997.2
377000,23250,8321.848,6.768393,2.793513,0.830063,0.02044,1.526883,1.526883,1.228046,1.228046,0.052584,2.1e-05,0.007598,0.353683,0.078817,-0.352562,7.423655,0.976309,1.046839,30.825144,30.996519,0.585108,15360.0,1.301223,30.600164,31.333551,1.176824,1008.0,14996.098633,1024.0,1024.0,37.233601,377000,64.0,1997.2
377800,23300,8338.74,5.239319,1.845005,0.496988,0.02044,1.373881,1.373881,1.041537,1.041537,0.025313,1.9e-05,0.009671,0.346934,0.070509,-0.351167,7.392981,0.976333,1.004746,31.300905,31.583782,0.521272,15360.0,1.170662,30.921652,31.147984,0.896899,1008.0,14996.470703,1024.0,1024.0,34.347214,377800,64.0,1997.2
378600,23350,8355.666,7.726493,3.668099,0.538633,0.02044,1.995115,1.995115,1.808061,1.808061,0.026035,2.1e-05,0.012365,0.352917,0.081782,-0.35212,7.465666,0.976307,0.937102,31.553761,31.98082,0.61056,15360.0,1.184091,31.28443,32.468128,1.322176,1008.0,14996.073242,1024.0,1024.0,45.219681,378600,64.0,1997.2
379400,23400,8372.627,6.335728,2.731279,0.54344,0.02044,1.615967,1.615967,1.307996,1.307996,0.021926,2e-05,0.003941,0.378139,0.061216,-0.377697,7.550365,0.976294,0.951338,31.58745,31.699041,0.462206,15360.0,1.025751,31.470079,31.611826,0.609012,1008.0,14995.881836,1024.0,1024.0,34.275898,379400,64.0,1997.2
380200,23450,8389.537,5.452119,1.855155,0.589549,0.02044,1.519589,1.519589,1.183503,1.183503,0.02979,1.7e-05,0.001138,0.319541,0.074227,-0.320575,7.303835,0.976294,0.990182,30.918503,30.987511,0.542142,15360.0,1.080354,30.826931,30.823996,0.767314,1008.0,14995.875,1024.0,1024.0,24.105097,380200,64.0,1997.2
381000,23500,8406.332,6.069199,2.361367,0.563998,0.02044,1.56638,1.56638,1.292178,1.292178,0.02644,1.9e-05,0.018628,0.382958,0.090382,-0.386457,7.218126,0.976259,1.044148,32.390114,32.882622,0.65239,15360.0,1.125328,31.880251,32.449429,1.009995,1008.0,14995.331055,1024.0,1024.0,40.637505,381000,64.0,1997.2
381800,23550,8422.999,4.522187,1.19242,0.495318,0.02044,1.324399,1.324399,0.989601,0.989601,0.024859,1.6e-05,0.016621,0.38087,0.085593,-0.379101,7.050728,0.976293,1.042104,31.878706,32.335087,0.603493,15360.0,0.994817,31.389793,31.796919,0.720761,1008.0,14995.861328,1024.0,1024.0,25.428062,381800,64.0,1997.2
382600,23600,8439.925,4.838206,1.456781,0.56722,0.02044,1.288503,1.288503,0.908421,0.908421,0.02952,1.9e-05,0.015183,0.372115,0.073194,-0.362232,7.006506,0.976301,1.015499,32.785431,33.203186,0.512833,15360.0,1.152435,32.250515,32.880642,0.873512,1008.0,14995.976562,1024.0,1024.0,26.913687,382600,64.0,1997.2
383400,23650,8456.894,6.299522,2.590132,0.584058,0.02044,1.596201,1.596201,1.326801,1.326801,0.02739,1.9e-05,0.007334,0.334282,0.083378,-0.317721,6.754868,0.976308,1.030744,32.716492,32.933983,0.563209,15360.0,1.036645,32.281418,32.628677,0.812265,1008.0,14996.086914,1024.0,1024.0,28.41317,383400,64.0,1997.2
384200,23700,8473.952,6.598431,2.704508,0.555426,0.02044,1.664211,1.664211,1.383029,1.383029,0.02902,1.9e-05,0.014572,0.394482,0.07908,-0.390014,6.717976,0.976256,1.115197,33.773926,34.020058,0.531256,15360.0,1.192191,33.497814,34.019436,0.890147,1008.0,14995.294922,1024.0,1024.0,34.012115,384200,64.0,1997.2
385000,23750,8490.918,5.861346,2.211752,0.579817,0.02044,1.525019,1.525019,1.19843,1.19843,0.03702,1.6e-05,0.006926,0.427576,0.075348,-0.41378,6.918869,0.97629,0.995695,32.013565,32.152931,0.52132,15360.0,1.230649,31.814766,32.525402,1.240483,1008.0,14995.817383,1024.0,1024.0,50.749847,385000,64.0,1997.2
385800,23800,8507.709,4.836946,1.48718,0.506198,0.02044,1.398789,1.398789,1.071433,1.071433,0.018113,1.7e-05,0.008821,0.429516,0.050701,-0.418188,7.217434,0.97637,0.965664,32.876778,33.096294,0.365935,15360.0,1.033251,32.605522,32.760471,0.506895,1008.0,14997.041992,1024.0,1024.0,25.213497,385800,64.0,1997.2
386600,23850,8524.767,6.714158,2.650217,0.582112,0.02044,1.795543,1.795543,1.469239,1.469239,0.033433,1.9e-05,0.017022,0.400563,0.106803,-0.403419,7.16522,0.976273,1.096731,33.062283,33.619038,0.765264,15360.0,1.241794,32.671112,33.467026,1.124578,1008.0,14995.554688,1024.0,1024.0,48.609863,386600,64.0,1997.2
387400,23900,8541.798,4.830903,1.477335,0.550668,0.02044,1.287169,1.287169,0.958733,0.958733,0.025281,1.5e-05,0.017918,0.373675,0.093611,-0.364877,7.194773,0.97627,1.024567,32.200409,32.76601,0.673509,15360.0,1.080291,31.627781,31.865414,0.770369,1008.0,14995.511719,1024.0,1024.0,30.939697,387400,64.0,1997.2
388200,23950,8558.757,5.806744,2.160274,0.561834,0.02044,1.439272,1.439272,1.105862,1.105862,0.026932,1.8e-05,0.01549,0.341126,0.082888,-0.344801,7.294895,0.976327,1.089498,32.442806,32.825005,0.604657,15360.0,1.253364,32.067581,32.308056,0.868086,1008.0,14996.384766,1024.0,1024.0,27.520281,388200,64.0,1997.2
389000,24000,8575.617,5.741449,2.074296,0.539518,0.02044,1.53685,1.53685,1.282578,1.282578,0.029424,1.7e-05,0.005953,0.371966,0.081811,-0.377211,7.5574,0.976259,1.069265,32.178669,32.493164,0.61828,15360.0,1.138139,31.873037,31.729691,1.01511,1008.0,14995.334961,1024.0,1024.0,32.349304,389000,64.0,1997.2
389800,24050,8592.66,6.105812,2.515136,0.53597,0.02044,1.47604,1.47604,1.179323,1.179323,0.024211,1.6e-05,0.013852,0.418737,0.066541,-0.420825,7.126585,0.976278,1.050332,32.867714,33.182377,0.474208,15360.0,1.154794,32.434879,32.770279,0.700571,1008.0,14995.636719,1024.0,1024.0,47.307236,389800,64.0,1997.2
390600,24100,8609.753,5.30771,1.789602,0.47599,0.02044,1.447373,1.447373,1.159123,1.159123,0.01838,1.7e-05,0.003486,0.339463,0.06352,-0.347426,6.985565,0.976322,1.071403,33.211761,33.345875,0.443722,15360.0,1.182263,32.959389,32.950127,0.71943,1008.0,14996.305664,1024.0,1024.0,22.434708,390600,64.0,1997.2
391400,24150,8626.825,5.579993,2.0598,0.558613,0.02044,1.352757,1.352757,1.047851,1.047851,0.023178,1.7e-05,0.003877,0.290495,0.073299,-0.290514,6.913836,0.976324,1.085979,32.912197,33.089958,0.506777,15360.0,1.21084,32.48196,32.547581,0.853935,1008.0,14996.330078,1024.0,1024.0,29.093248,391400,64.0,1997.2
392200,24200,8643.752,7.269675,3.284337,0.556271,0.02044,1.803374,1.803374,1.617092,1.617092,0.02393,1.9e-05,0.009513,0.383535,0.083423,-0.37069,6.908125,0.976329,1.071188,33.421158,33.671272,0.5763,15360.0,1.147382,33.201542,33.502422,0.79673,1008.0,14996.408203,1024.0,1024.0,48.019318,392200,64.0,1997.2
393000,24250,8660.896,4.936496,1.521969,0.563732,0.02044,1.349436,1.349436,0.973279,0.973279,0.022663,1.5e-05,0.007972,0.318562,0.071835,-0.322208,6.719921,0.976326,1.000794,33.318573,33.533386,0.482724,15360.0,1.124031,33.018204,33.204304,0.754023,1008.0,14996.367188,1024.0,1024.0,28.896992,393000,64.0,1997.2
393800,24300,8677.771,6.323419,2.495711,0.630146,0.02044,1.51034,1.51034,1.298089,1.298089,0.031224,1.7e-05,0.014633,0.345375,0.081199,-0.33982,6.689285,0.976304,1.11413,33.554794,33.907417,0.543162,15360.0,1.289948,33.105709,33.535236,1.001209,1008.0,14996.033203,1024.0,1024.0,32.665428,393800,64.0,1997.2
394600,24350,8694.648,5.578007,1.740538,0.644856,0.02044,1.51816,1.51816,1.189424,1.189424,0.037667,1.5e-05,0.015224,0.350215,0.087633,-0.356403,6.794008,0.976285,1.093337,34.528023,34.912636,0.595379,15360.0,1.312121,34.133492,34.823959,1.167085,1008.0,14995.738281,1024.0,1024.0,22.269732,394600,64.0,1997.2
395400,24400,8711.611,5.912646,1.992147,0.59452,0.02044,1.667342,1.667342,1.510858,1.510858,0.037941,1.6e-05,0.022449,0.332431,0.10999,-0.333596,6.670349,0.976297,1.071405,33.782597,34.332653,0.733671,15360.0,1.258692,33.226185,33.910164,1.170223,1008.0,14995.924805,1024.0,1024.0,31.280933,395400,64.0,1997.2
396200,24450,8728.36,5.376911,1.77299,0.55909,0.02044,1.444662,1.444662,1.13886,1.13886,0.024858,1.5e-05,0.01325,0.358342,0.080438,-0.359289,6.770945,0.976273,1.065917,34.323219,34.643688,0.544641,15360.0,1.186983,33.927666,34.436878,0.829146,1008.0,14995.544922,1024.0,1024.0,20.04624,396200,64.0,1997.2
397000,24500,8745.293,7.437139,3.251788,0.64134,0.02044,1.881925,1.881925,1.654733,1.654733,0.041692,1.8e-05,0.005963,0.415147,0.077176,-0.408432,6.7325,0.976295,1.072655,33.993938,34.104828,0.51959,15360.0,1.249453,33.887165,33.767921,0.966633,1008.0,14995.882812,1024.0,1024.0,42.088852,397000,64.0,1997.2
397800,24550,8761.971,5.485505,1.650126,0.692474,0.02044,1.456175,1.456175,1.140163,1.140163,0.03854,1.5e-05,0.017552,0.38388,0.086733,-0.375529,6.881901,0.976313,1.090439,34.43729,34.82777,0.59689,15360.0,1.375603,34.096165,34.811455,1.287295,1008.0,14996.169922,1024.0,1024.0,55.759682,397800,64.0,1997.2
398600,24600,8778.798,7.378502,3.449366,0.526699,0.02044,1.819272,1.819272,1.483168,1.483168,0.026494,1.9e-05,0.010768,0.27515,0.096734,-0.284586,6.858871,0.976331,1.015248,33.890697,34.209572,0.663489,15360.0,1.182602,33.533714,33.909481,1.082227,1008.0,14996.445312,1024.0,1024.0,33.546398,398600,64.0,1997.2
399400,24650,8795.572,6.595266,2.724891,0.609701,0.02044,1.539217,1.539217,1.278343,1.278343,0.031991,1.7e-05,0.012045,0.347603,0.089304,-0.347175,7.078447,0.976308,1.106712,33.841427,34.268238,0.632131,15360.0,1.427799,33.462444,34.54472,1.525287,1008.0,14996.084961,1024.0,1024.0,42.784378,399400,64.0,1997.2
400200,24700,8837.316,5.677556,1.988295,0.563488,0.02044,1.485535,1.485535,1.249067,1.249067,0.031225,1.8e-05,0.010574,0.313349,0.073588,-0.316069,7.162529,0.976349,1.093178,33.328751,33.592018,0.527074,15360.0,1.224972,32.877304,32.901321,0.928468,1008.0,14996.716797,1024.0,1024.0,47.352249,400200,64.0,1997.2
401000,24750,8854.057,5.133164,1.457395,0.603032,0.02044,1.48136,1.48136,1.108239,1.108239,0.029277,1.5e-05,0.016752,0.345496,0.073311,-0.351295,7.268526,0.976275,1.058348,34.288242,34.688984,0.532866,15360.0,1.159002,33.675095,34.080147,0.799966,1008.0,14995.583984,1024.0,1024.0,49.130032,401000,64.0,1997.2
401800,24800,8870.82,5.024961,1.589129,0.513527,0.02044,1.380741,1.380741,1.081391,1.081391,0.018087,1.5e-05,0.014274,0.403533,0.071187,-0.394842,7.231787,0.976312,1.014462,34.128319,34.451004,0.51481,15360.0,1.181045,33.775982,33.865673,0.827562,1008.0,14996.152344,1024.0,1024.0,41.946426,401800,64.0,1997.2
402600,24850,8887.87,8.614934,4.041259,0.587434,0.02044,2.025975,2.025975,1.790048,1.790048,0.030237,1.8e-05,0.015368,0.336036,0.116678,-0.336127,7.389479,0.976304,1.231346,34.833843,35.316422,0.86219,15360.0,1.635049,34.48875,35.80941,1.846987,1008.0,14996.027344,1024.0,1024.0,50.978252,402600,64.0,1997.2
403400,24900,8904.941,4.330513,0.951535,0.567804,0.02044,1.216077,1.216077,0.838873,0.838873,0.028463,1.2e-05,0.016393,0.340841,0.07969,-0.338012,7.368855,0.976291,1.071191,34.06057,34.545765,0.587224,15360.0,1.218217,33.500748,33.705338,0.820073,1008.0,14995.829102,1024.0,1024.0,21.117546,403400,64.0,1997.2
404200,24950,8922.036,6.785815,2.912577,0.575461,0.02044,1.725283,1.725283,1.475553,1.475553,0.035012,1.7e-05,0.008565,0.405551,0.075061,-0.407893,7.451033,0.976335,0.964304,34.532581,34.741524,0.559284,15360.0,1.355519,34.326374,34.902622,1.474919,1008.0,14996.501953,1024.0,1024.0,39.737907,404200,64.0,1997.2
405000,25000,8939.196,4.5086,1.091317,0.710879,0.02044,1.225282,1.225282,0.924089,0.924089,0.040847,1.4e-05,0.0003,0.333552,0.061813,-0.326963,7.588142,0.976324,0.98226,33.742695,33.818253,0.469049,15360.0,1.185314,33.420967,33.049706,0.828501,1008.0,14996.330078,1024.0,1024.0,26.772572,405000,64.0,1997.2
405800,25050,8956.123,6.061058,2.346684,0.595838,0.02044,1.453168,1.453168,1.192726,1.192726,0.030664,1.7e-05,0.008627,0.372673,0.071321,-0.371839,7.702475,0.976377,1.071781,34.30312,34.485306,0.549349,15360.0,1.39734,34.017006,34.501701,1.196565,1008.0,14997.149414,1024.0,1024.0,25.214882,405800,64.0,1997.2
406600,25100,8973.11,6.384627,2.739295,0.554864,0.02044,1.405762,1.405762,1.107082,1.107082,0.025595,1.5e-05,0.013977,0.459667,0.067423,-0.468655,7.759233,0.976305,1.094988,34.70406,34.984444,0.52315,15360.0,1.382412,34.367302,34.901859,1.195848,1008.0,14996.045898,1024.0,1024.0,34.71529,406600,64.0,1997.2
407400,25150,8990.029,6.013458,2.293423,0.507098,0.02044,1.578876,1.578876,1.327422,1.327422,0.025554,1.6e-05,0.00297,0.390674,0.069339,-0.392511,7.989239,0.976275,1.080166,34.298759,34.451473,0.55397,15360.0,1.24199,33.918575,33.537102,0.906366,1008.0,14995.579102,1024.0,1024.0,36.329647,407400,64.0,1997.2
408200,25200,9006.898,8.013704,3.771119,0.623889,0.02044,1.992203,1.992203,1.790258,1.790258,0.036816,1.8e-05,0.013854,0.416247,0.082805,-0.413915,8.189663,0.976308,0.96996,35.228802,35.553913,0.678149,15360.0,1.410062,35.007778,36.117905,1.926182,1008.0,14996.088867,1024.0,1024.0,38.279926,408200,64.0,1997.2
409000,25250,9023.716,5.565277,2.006213,0.529306,0.02044,1.461136,1.461136,1.105295,1.105295,0.023388,1.5e-05,0.003077,0.390772,0.065855,-0.396986,8.317591,0.976327,1.031996,34.53743,34.674683,0.547759,15360.0,1.223321,34.204769,34.122135,0.926173,1008.0,14996.382812,1024.0,1024.0,32.464558,409000,64.0,1997.2
409800,25300,9040.525,7.337809,3.189838,0.553266,0.02044,1.852862,1.852862,1.636157,1.636157,0.025916,1.6e-05,0.004349,0.356074,0.087858,-0.35706,8.537712,0.976338,1.110746,35.368694,35.662411,0.750104,15360.0,1.403406,35.08252,35.586163,1.555831,1008.0,14996.556641,1024.0,1024.0,36.221256,409800,64.0,1997.2
410600,25350,9057.665,5.060215,1.703298,0.454482,0.02044,1.3617,1.3617,1.084028,1.084028,0.011887,1.4e-05,0.014288,0.402445,0.068293,-0.400366,8.466282,0.976295,1.019759,35.156853,35.564034,0.578186,15360.0,1.166926,34.568268,35.095989,0.897732,1008.0,14995.895508,1024.0,1024.0,40.080761,410600,64.0,1997.2
411400,25400,9074.86,7.147168,3.290443,0.533682,0.02044,1.731316,1.731316,1.521569,1.521569,0.023754,1.5e-05,0.008133,0.377931,0.075686,-0.373282,8.396376,0.976324,1.051841,36.305344,36.609604,0.635492,15360.0,1.127274,35.937927,36.069012,0.855851,1008.0,14996.341797,1024.0,1024.0,41.567963,411400,64.0,1997.2
412200,25450,9091.931,5.021492,1.402084,0.644505,0.02044,1.453259,1.453259,1.113893,1.113893,0.034828,1.3e-05,0.004501,0.392827,0.052509,-0.389098,8.320335,0.976338,0.974201,35.125095,35.353188,0.436895,15360.0,1.257251,34.716938,35.030388,0.919252,1008.0,14996.547852,1024.0,1024.0,32.796806,412200,64.0,1997.2
413000,25500,9109.149,6.208482,2.469869,0.516424,0.02044,1.693223,1.693223,1.40879,1.40879,0.020512,1.4e-05,0.011031,0.379432,0.069486,-0.382425,8.342516,0.976313,0.985029,35.961678,36.24852,0.579688,15360.0,1.143808,35.54863,36.090481,1.006147,1008.0,14996.167969,1024.0,1024.0,38.43512,413000,64.0,1997.2
413800,25550,9126.097,6.681715,2.759737,0.613707,0.02044,1.672912,1.672912,1.429521,1.429521,0.035805,1.5e-05,0.010519,0.363934,0.080486,-0.368764,8.539202,0.976287,1.038241,35.78912,36.13369,0.687288,15360.0,1.329558,35.337368,36.162933,1.491871,1008.0,14995.765625,1024.0,1024.0,27.33856,413800,64.0,1997.2
414600,25600,9143.269,6.82305,3.046066,0.617261,0.02044,1.702151,1.702151,1.461405,1.461405,0.032721,1.4e-05,0.005923,0.413024,0.062661,-0.3995,8.793184,0.976315,0.905731,35.887657,36.089771,0.550993,15360.0,1.184208,35.649811,35.851147,1.267945,1008.0,14996.203125,1024.0,1024.0,35.785141,414600,64.0,1997.2
415400,25650,9160.38,5.04379,1.840091,0.524661,0.02044,1.286052,1.286052,0.997776,0.997776,0.022277,1.3e-05,0.006569,0.446986,0.05097,-0.44517,8.718075,0.976278,0.909806,35.953999,36.092812,0.444359,15360.0,1.091885,35.647419,35.713078,0.873277,1008.0,14995.623047,1024.0,1024.0,48.631794,415400,64.0,1997.2
416200,25700,9177.543,6.175308,2.468513,0.540381,0.02044,1.588028,1.588028,1.317998,1.317998,0.024148,1.3e-05,0.010682,0.390083,0.064714,-0.391298,8.770851,0.97633,1.006106,36.779312,37.078281,0.5676,15360.0,1.274514,36.432137,36.841961,1.330935,1008.0,14996.429688,1024.0,1024.0,37.136795,416200,64.0,1997.2
417000,25750,9194.673,6.728625,2.705947,0.642818,0.02044,1.778333,1.778333,1.564722,1.564722,0.039977,1.5e-05,0.009638,0.334248,0.081502,-0.335395,8.712494,0.976316,0.993325,36.911919,37.384815,0.710082,15360.0,1.334301,36.447113,37.278416,1.411704,1008.0,14996.210938,1024.0,1024.0,27.353645,417000,64.0,1997.2
417800,25800,9211.758,5.736887,2.294488,0.51627,0.02044,1.49695,1.49695,1.258512,1.258512,0.022476,1.4e-05,0.002014,0.4122,0.051912,-0.40297,8.665379,0.976296,0.926845,36.487297,36.590443,0.44984,15360.0,1.100618,36.101471,36.005558,0.865244,1008.0,14995.901367,1024.0,1024.0,39.553349,417800,64.0,1997.2
418600,25850,9228.861,6.190371,2.296365,0.59094,0.02044,1.70594,1.70594,1.453193,1.453193,0.030635,1.4e-05,0.014118,0.368395,0.081262,-0.372278,8.870712,0.976324,1.010187,37.517532,37.937157,0.72085,15360.0,1.272622,36.968712,37.706059,1.295582,1008.0,14996.333008,1024.0,1024.0,33.049564,418600,64.0,1997.2
419400,25900,9245.961,5.085572,1.727339,0.49083,0.02044,1.443066,1.443066,1.138528,1.138528,0.019288,1.3e-05,0.015569,0.417791,0.067581,-0.409896,8.641033,0.976311,0.923782,37.780544,38.230217,0.583967,15360.0,1.067468,37.189392,37.835129,0.964709,1008.0,14996.134766,1024.0,1024.0,32.078506,419400,64.0,1997.2
420200,25950,9262.915,6.51002,2.70747,0.651775,0.02044,1.58469,1.58469,1.39739,1.39739,0.03641,1.3e-05,0.016179,0.328397,0.103119,-0.316384,8.352577,0.976297,0.976002,37.525402,38.210922,0.861307,15360.0,1.31665,37.007416,38.422863,1.685371,1008.0,14995.920898,1024.0,1024.0,29.062546,420200,64.0,1997.2
421000,26000,9280.064,5.432041,1.896353,0.664461,0.02044,1.551905,1.551905,1.214702,1.214702,0.036843,1.2e-05,0.000555,0.39018,0.062651,-0.394862,8.311802,0.976283,0.836494,37.885998,38.041378,0.520746,15360.0,1.02214,37.525898,37.93549,0.967383,1008.0,14995.708984,1024.0,1024.0,35.3204,421000,64.0,1997.2
421800,26050,9296.677,8.087369,4.006158,0.645521,0.02044,1.927543,1.927543,1.762913,1.762913,0.037847,1.6e-05,0.012429,0.361071,0.090372,-0.375863,8.300411,0.976327,0.922061,37.536053,37.914459,0.750127,15360.0,1.201539,37.113926,37.9244,1.4902,1008.0,14996.376953,1024.0,1024.0,46.409718,421800,64.0,1997.2
422600,26100,9313.508,6.221553,2.437362,0.615147,0.02044,1.826453,1.826453,1.571563,1.571563,0.034276,1.3e-05,0.004711,0.380593,0.07438,-0.382481,8.18996,0.976332,0.844714,37.614594,37.853172,0.609172,15360.0,0.966937,37.307251,37.53587,0.876219,1008.0,14996.460938,1024.0,1024.0,30.526932,422600,64.0,1997.2
423400,26150,9330.431,7.117274,3.114119,0.627527,0.02044,1.856945,1.856945,1.605437,1.605437,0.03275,1.5e-05,0.009046,0.363605,0.091991,-0.371585,8.362404,0.976271,0.949299,37.74765,38.151382,0.769265,15360.0,1.180675,37.369293,38.03157,1.248651,1008.0,14995.517578,1024.0,1024.0,31.545189,423400,64.0,1997.2
424200,26200,9347.403,7.704704,3.836163,0.571253,0.02044,1.822488,1.822488,1.623921,1.623921,0.029483,1.6e-05,0.007886,0.433132,0.082605,-0.433275,8.693878,0.97631,0.909922,37.41692,37.726067,0.718155,15360.0,1.181011,37.128933,37.631012,1.381989,1008.0,14996.125977,1024.0,1024.0,53.140915,424200,64.0,1997.2
425000,26250,9364.308,5.797213,2.292026,0.555259,0.02044,1.439522,1.439522,1.09229,1.09229,0.023233,1.3e-05,0.013662,0.408129,0.076685,-0.403345,8.804932,0.976294,0.984914,37.576488,38.02454,0.675206,15360.0,1.158122,36.958591,37.520885,1.005777,1008.0,14995.871094,1024.0,1024.0,29.196735,425000,64.0,1997.2
425800,26300,9406.535,6.397393,2.720246,0.582596,0.02044,1.566191,1.566191,1.336804,1.336804,0.029985,1.4e-05,0.01548,0.413686,0.075875,-0.413651,8.699871,0.976339,0.998676,37.426418,37.804031,0.660099,15360.0,1.12382,36.991825,37.230816,0.946237,1008.0,14996.563477,1024.0,1024.0,31.849241,425800,64.0,1997.2
426600,26350,9423.616,6.043272,2.445475,0.627753,0.02044,1.596523,1.596523,1.388695,1.388695,0.031337,1.2e-05,0.000345,0.493415,0.064712,-0.495086,8.821228,0.976297,0.85437,36.522934,36.635288,0.570838,15360.0,1.129043,36.424541,36.809826,1.214433,1008.0,14995.916016,1024.0,1024.0,46.689991,426600,64.0,1997.2
427400,26400,9440.519,5.596957,2.039886,0.631715,0.02044,1.433552,1.433552,1.122189,1.122189,0.0329,1.2e-05,0.011075,0.467936,0.072836,-0.477066,9.152088,0.976327,1.005323,37.13253,37.443508,0.666599,15360.0,1.0387,36.688976,36.663395,0.730058,1008.0,14996.378906,1024.0,1024.0,30.162733,427400,64.0,1997.2
428200,26450,9457.458,7.632335,3.632403,0.57574,0.02044,1.747004,1.747004,1.540151,1.540151,0.03324,1.6e-05,0.007463,0.379689,0.082343,-0.381582,9.444603,0.976296,1.066267,36.780632,37.053871,0.777696,15360.0,1.361055,36.418373,37.365192,1.904816,1008.0,14995.901367,1024.0,1024.0,37.360054,428200,64.0,1997.2
429000,26500,9474.39,4.607561,1.367772,0.539379,0.02044,1.28601,1.28601,0.943042,0.943042,0.024416,1.2e-05,0.012099,0.396153,0.060828,-0.404088,9.57209,0.976321,0.947767,36.821144,37.172722,0.582249,15360.0,1.018303,36.197098,36.33276,0.683997,1008.0,14996.296875,1024.0,1024.0,18.214792,429000,64.0,1997.2
429800,26550,9491.052,5.893591,2.401071,0.544353,0.02044,1.503755,1.503755,1.219661,1.219661,0.021436,1.2e-05,0.011566,0.501152,0.064601,-0.495267,9.325127,0.976328,0.947219,37.345543,37.687275,0.602417,15360.0,1.049373,36.815792,36.95216,0.783775,1008.0,14996.393555,1024.0,1024.0,38.641956,429800,64.0,1997.2
430600,26600,9508.209,8.253386,3.826523,0.653972,0.02044,2.153852,2.153852,1.886757,1.886757,0.038479,1.6e-05,0.008355,0.366423,0.096237,-0.370669,8.94862,0.976327,1.006504,39.349781,39.742775,0.861192,15360.0,1.227845,39.027416,40.12133,1.591096,1008.0,14996.381836,1024.0,1024.0,30.497131,430600,64.0,1997.2
431400,26650,9525.036,6.187622,2.6968,0.577218,0.02044,1.443595,1.443595,1.265358,1.265358,0.028641,1.3e-05,0.009649,0.408441,0.067826,-0.423441,8.771854,0.976307,0.967983,37.490387,37.757977,0.594959,15360.0,1.09192,37.022812,37.026642,0.887783,1008.0,14996.070312,1024.0,1024.0,52.290966,431400,64.0,1997.2
432200,26700,9541.973,5.019327,1.447363,0.600476,0.02044,1.387594,1.387594,1.056699,1.056699,0.028678,1e-05,0.012687,0.371227,0.074037,-0.36383,8.496834,0.976313,1.071671,38.430874,38.838112,0.629084,15360.0,1.134454,37.797169,38.195255,0.921475,1008.0,14996.172852,1024.0,1024.0,37.034019,432200,64.0,1997.2
433000,26750,9558.79,7.280503,3.373377,0.571102,0.02044,1.70866,1.70866,1.462308,1.462308,0.027117,1.4e-05,0.004699,0.37163,0.09085,-0.374881,8.564999,0.976309,1.049033,38.282402,38.491997,0.778129,15360.0,1.274416,37.935299,38.101284,1.327746,1008.0,14996.105469,1024.0,1024.0,55.142685,433000,64.0,1997.2
433800,26800,9575.471,5.914948,2.278014,0.547985,0.02044,1.515718,1.515718,1.156883,1.156883,0.026815,1.3e-05,0.007338,0.365047,0.070442,-0.349013,9.001083,0.976281,1.043823,38.050148,38.400528,0.634051,15360.0,1.166857,37.550007,38.063286,1.083884,1008.0,14995.673828,1024.0,1024.0,26.63055,433800,64.0,1997.2
434600,26850,9592.4,6.677281,2.848535,0.598553,0.02044,1.689162,1.689162,1.417368,1.417368,0.035518,1.3e-05,0.013377,0.336516,0.095928,-0.34048,9.302879,0.976307,0.97701,38.420284,39.019379,0.892403,15360.0,1.204291,38.014397,39.05706,1.611335,1008.0,14996.072266,1024.0,1024.0,29.966583,434600,64.0,1997.2
435400,26900,9609.412,5.208228,1.624896,0.537504,0.02044,1.437915,1.437915,1.122299,1.122299,0.025002,1.2e-05,0.003784,0.43162,0.051054,-0.424218,9.489624,0.976313,1.079901,37.586086,37.68737,0.484486,15360.0,1.199991,37.224766,37.027252,0.850883,1008.0,14996.166992,1024.0,1024.0,33.101917,435400,64.0,1997.2
436200,26950,9626.313,6.478538,2.54166,0.652242,0.02044,1.634539,1.634539,1.41583,1.41583,0.046504,1.2e-05,0.014673,0.413793,0.078961,-0.41458,9.406723,0.976288,1.067958,38.478256,38.929478,0.742768,15360.0,1.278571,38.144131,38.549278,1.395112,1008.0,14995.77832,1024.0,1024.0,39.364025,436200,64.0,1997.2
437000,27000,9643.339,6.061852,2.23769,0.619034,0.02044,1.647746,1.647746,1.459035,1.459035,0.03348,1.2e-05,0.013793,0.434647,0.076993,-0.430995,9.359241,0.976332,1.006603,38.388748,38.819317,0.720594,15360.0,1.172568,37.946095,38.549038,1.05541,1008.0,14996.458984,1024.0,1024.0,45.650467,437000,64.0,1997.2
437800,27050,9660.448,6.823128,2.979938,0.58478,0.02044,1.711688,1.711688,1.481539,1.481539,0.02975,1.2e-05,0.004641,0.408911,0.068226,-0.411646,9.484409,0.976312,0.96527,38.609669,38.842461,0.647081,15360.0,1.284006,38.367577,38.754589,1.408981,1008.0,14996.157227,1024.0,1024.0,28.990314,437800,64.0,1997.2
438600,27100,9677.549,6.514068,2.565595,0.574652,0.02044,1.749302,1.749302,1.542845,1.542845,0.033965,1.3e-05,0.004678,0.365976,0.073125,-0.373395,9.542393,0.976328,1.041839,38.893063,39.200451,0.697783,15360.0,1.275436,38.553806,38.759243,1.132021,1008.0,14996.398438,1024.0,1024.0,32.468716,438600,64.0,1997.2
439400,27150,9694.693,5.370804,1.769081,0.64588,0.02044,1.47063,1.47063,1.159672,1.159672,0.035526,1.1e-05,0.001941,0.420077,0.053713,-0.42213,9.593838,0.976334,0.973143,38.078014,38.169941,0.515318,15360.0,1.142083,37.778881,37.782036,0.881837,1008.0,14996.492188,1024.0,1024.0,44.61145,439400,64.0,1997.2
440200,27200,9711.845,6.376464,2.625137,0.530518,0.02044,1.596309,1.596309,1.310865,1.310865,0.021834,1.1e-05,0.010923,0.470453,0.074618,-0.465447,9.776985,0.976309,1.057943,39.351021,39.782116,0.729536,15360.0,1.251877,38.967731,39.722,1.247509,1008.0,14996.107422,1024.0,1024.0,30.124542,440200,64.0,1997.2
441000,27250,9728.936,6.398929,2.759911,0.630056,0.02044,1.468348,1.468348,1.206473,1.206473,0.032782,1.2e-05,0.004677,0.375769,0.076255,-0.384027,9.736794,0.976305,1.015324,37.33379,37.574867,0.742477,15360.0,1.177793,36.77734,37.013229,1.21495,1008.0,14996.051758,1024.0,1024.0,33.741879,441000,64.0,1997.2
441800,27300,9745.879,5.178289,1.617359,0.594734,0.02044,1.367698,1.367698,0.997505,0.997505,0.027725,1.2e-05,0.012442,0.361193,0.087529,-0.355914,9.618607,0.976331,1.077451,38.578194,39.11808,0.84191,15360.0,1.171313,37.946789,38.291924,0.878195,1008.0,14996.447266,1024.0,1024.0,23.208656,441800,64.0,1997.2
442600,27350,9762.7,5.735326,1.952738,0.634522,0.02044,1.575908,1.575908,1.327319,1.327319,0.036911,1.1e-05,0.018986,0.445601,0.076187,-0.447333,9.822861,0.976305,1.016569,39.05991,39.591324,0.748378,15360.0,1.19524,38.537994,39.190392,1.161419,1008.0,14996.039062,1024.0,1024.0,48.163902,442600,64.0,1997.2
443400,27400,9779.629,5.164958,1.601807,0.676268,0.02044,1.396091,1.396091,1.10963,1.10963,0.043362,1.1e-05,0.005716,0.417484,0.064844,-0.417432,9.59771,0.976278,0.983553,38.103092,38.444473,0.622356,15360.0,1.138245,37.591667,37.963142,0.984675,1008.0,14995.635742,1024.0,1024.0,31.557417,443400,64.0,1997.2
444200,27450,9796.661,6.457324,2.603625,0.559457,0.02044,1.692968,1.692968,1.468518,1.468518,0.031909,1.3e-05,0.008841,0.385894,0.082915,-0.389885,9.712914,0.976257,1.045884,39.15184,39.539055,0.805348,15360.0,1.189374,38.858009,39.293488,1.212374,1008.0,14995.30957,1024.0,1024.0,32.961037,444200,64.0,1997.2
445000,27500,9813.538,7.209069,3.351955,0.567273,0.02044,1.63722,1.63722,1.47872,1.47872,0.035134,1.3e-05,0.009051,0.385446,0.076929,-0.38933,9.888184,0.976319,1.089255,37.304527,37.608833,0.760692,15360.0,1.233843,36.917915,36.891262,1.207389,1008.0,14996.257812,1024.0,1024.0,53.034336,445000,64.0,1997.2
445800,27550,9830.315,5.812001,2.022377,0.601943,0.02044,1.476892,1.476892,1.286522,1.286522,0.032081,1.1e-05,0.019794,0.520985,0.068507,-0.519376,10.212776,0.976317,1.131654,38.718563,39.185612,0.69965,15360.0,1.304035,38.164242,38.668098,1.153272,1008.0,14996.220703,1024.0,1024.0,46.827919,445800,64.0,1997.2
446600,27600,9847.039,6.075772,2.403428,0.534954,0.02044,1.59457,1.59457,1.355052,1.355052,0.022099,1.1e-05,0.01235,0.453708,0.067332,-0.449248,10.408447,0.976319,1.00789,39.753315,40.191715,0.700821,15360.0,1.142272,39.236172,39.719498,0.924681,1008.0,14996.251953,1024.0,1024.0,29.623672,446600,64.0,1997.2
447400,27650,9863.864,6.591838,2.65116,0.588444,0.02044,1.681781,1.681781,1.380747,1.380747,0.031401,1.1e-05,0.013921,0.390276,0.080192,-0.389661,10.291477,0.976316,1.091456,39.824345,40.419361,0.825299,15360.0,1.254861,39.117096,39.811958,1.162076,1008.0,14996.21875,1024.0,1024.0,37.822399,447400,64.0,1997.2
448200,27700,9880.918,5.790437,2.156218,0.589254,0.02044,1.346188,1.346188,1.110607,1.110607,0.030579,1e-05,0.013338,0.379887,0.077707,-0.381345,10.492214,0.976294,1.123773,40.347519,40.903923,0.815317,15360.0,1.355359,39.678322,40.335575,1.442452,1008.0,14995.880859,1024.0,1024.0,37.915794,448200,64.0,1997.2
449000,27750,9897.856,7.647334,3.387634,0.664211,0.02044,1.913,1.913,1.721441,1.721441,0.042332,1.3e-05,0.014699,0.424997,0.078238,-0.437787,10.271065,0.976284,1.048871,39.850227,40.358662,0.803586,15360.0,1.357262,39.464363,40.661942,1.714572,1008.0,14995.714844,1024.0,1024.0,37.673458,449000,64.0,1997.2
449800,27800,9914.969,6.194217,2.345491,0.584658,0.02044,1.638979,1.638979,1.456443,1.456443,0.03226,1.2e-05,0.010081,0.335774,0.08286,-0.343794,10.091309,0.976258,1.050069,39.699265,40.196274,0.836165,15360.0,1.268672,38.940643,39.447548,1.233199,1008.0,14995.318359,1024.0,1024.0,39.793446,449800,64.0,1997.2
450600,27850,9957.557,5.811233,1.931976,0.632826,0.02044,1.610567,1.610567,1.270908,1.270908,0.040376,1.2e-05,0.008515,0.349137,0.073313,-0.353695,10.062637,0.976306,1.078668,39.509987,39.895054,0.737726,15360.0,1.223946,39.024261,38.896145,1.143202,1008.0,14996.060547,1024.0,1024.0,40.230717,450600,64.0,1997.2
451400,27900,9974.33,6.880005,3.006642,0.575533,0.02044,1.563468,1.563468,1.387002,1.387002,0.02794,1.2e-05,0.000553,0.449801,0.067734,-0.451976,10.007755,0.976339,1.149674,40.088936,40.3297,0.677868,15360.0,1.357829,39.796207,40.223698,1.266342,1008.0,14996.570312,1024.0,1024.0,55.611843,451400,64.0,1997.2
452200,27950,9991.033,6.066933,2.222253,0.611953,0.02044,1.584044,1.584044,1.34664,1.34664,0.031247,1.1e-05,0.008104,0.39656,0.067755,-0.398288,10.372738,0.976298,1.036805,40.3251,40.610538,0.702801,15360.0,1.416431,39.739609,40.047295,1.527403,1008.0,14995.933594,1024.0,1024.0,31.982836,452200,64.0,1997.2
453000,28000,10008.059,5.647199,1.999378,0.658346,0.02044,1.470924,1.470924,1.206241,1.206241,0.036586,1.1e-05,0.001559,0.401199,0.052455,-0.402031,10.170296,0.976316,0.993651,39.901817,39.99678,0.533485,15360.0,1.186028,39.518356,39.585072,0.929468,1008.0,14996.217773,1024.0,1024.0,42.119678,453000,64.0,1997.2
453800,28050,10024.797,6.285434,2.441598,0.72863,0.02044,1.544993,1.544993,1.316059,1.316059,0.04961,1.1e-05,0.009945,0.428356,0.063438,-0.428854,10.149612,0.976302,0.987062,39.818214,40.150051,0.643873,15360.0,1.327558,39.463757,40.264236,1.370484,1008.0,14995.992188,1024.0,1024.0,24.552446,453800,64.0,1997.2
454600,28100,10041.654,6.605451,2.930474,0.598304,0.02044,1.619808,1.619808,1.334831,1.334831,0.035557,1.2e-05,0.007166,0.344082,0.070404,-0.342465,10.306103,0.976287,0.91107,40.86483,41.189175,0.725595,15360.0,1.18736,40.544117,40.952621,1.29975,1008.0,14995.761719,1024.0,1024.0,22.799135,454600,64.0,1997.2
455400,28150,10058.458,7.987701,3.837095,0.616508,0.02044,1.779545,1.779545,1.583712,1.583712,0.033301,1.4e-05,0.009622,0.460406,0.072634,-0.449945,10.560177,0.976333,1.126811,40.374001,40.634392,0.767026,15360.0,1.399081,39.929531,40.430309,1.421927,1008.0,14996.474609,1024.0,1024.0,37.968689,455400,64.0,1997.2
456200,28200,10075.457,7.360668,3.396269,0.582564,0.02044,1.711623,1.711623,1.479476,1.479476,0.030189,1.3e-05,0.013616,0.443389,0.070455,-0.444015,10.783741,0.976298,1.050104,40.668083,41.09148,0.759766,15360.0,1.382963,40.151905,40.775513,1.533595,1008.0,14995.941406,1024.0,1024.0,43.727669,456200,64.0,1997.2
457000,28250,10092.321,6.396607,2.676682,0.553398,0.02044,1.634144,1.634144,1.353301,1.353301,0.025022,1e-05,0.008242,0.470641,0.057061,-0.470009,10.964741,0.976312,0.919597,41.284958,41.631756,0.625661,15360.0,1.402298,40.882404,41.889957,1.871443,1008.0,14996.143555,1024.0,1024.0,43.672348,457000,64.0,1997.2
457800,28300,10109.254,5.618294,2.107412,0.527141,0.02044,1.426576,1.426576,1.218797,1.218797,0.020747,1e-05,0.00927,0.476273,0.052826,-0.482998,10.807201,0.976324,1.04149,40.717598,40.987103,0.570901,15360.0,1.144355,40.188725,40.234253,0.827026,1008.0,14996.337891,1024.0,1024.0,33.568764,457800,64.0,1997.2
458600,28350,10126.406,5.672409,1.982249,0.530325,0.02044,1.592398,1.592398,1.336683,1.336683,0.021416,1e-05,0.015122,0.462173,0.067573,-0.471349,11.075752,0.976304,1.000149,42.162815,42.684181,0.748418,15360.0,1.241622,41.536968,42.39537,1.376772,1008.0,14996.033203,1024.0,1024.0,38.918785,458600,64.0,1997.2
459400,28400,10143.595,6.178495,2.587355,0.580889,0.02044,1.498778,1.498778,1.176489,1.176489,0.026694,1.1e-05,0.009382,0.371002,0.075229,-0.362737,11.300026,0.976289,0.988725,40.261345,40.715702,0.850089,15360.0,1.143496,39.556858,39.823818,1.225765,1008.0,14995.802734,1024.0,1024.0,41.118942,459400,64.0,1997.2
460200,28450,10160.687,5.491371,1.614451,0.736982,0.02044,1.514701,1.514701,1.236731,1.236731,0.046949,9e-06,0.006994,0.448584,0.059259,-0.453864,11.233028,0.976315,1.078231,40.148506,40.498405,0.665663,15360.0,1.227009,39.589737,40.025379,1.196771,1008.0,14996.201172,1024.0,1024.0,27.014679,460200,64.0,1997.2
461000,28500,10177.923,5.861624,2.15518,0.53864,0.02044,1.617579,1.617579,1.30067,1.30067,0.023716,1e-05,0.008647,0.406716,0.06659,-0.397931,11.207211,0.976338,1.006846,41.966969,42.336575,0.746291,15360.0,1.175114,41.085449,41.38393,1.146719,1008.0,14996.550781,1024.0,1024.0,32.245556,461000,64.0,1997.2
461800,28550,10194.879,5.792019,2.284869,0.506715,0.02044,1.54838,1.54838,1.303847,1.303847,0.016981,1.2e-05,0.003515,0.403241,0.05656,-0.398454,11.605164,0.976287,0.974602,41.842632,42.028347,0.656388,15360.0,0.995529,41.353027,41.091892,0.802348,1008.0,14995.774414,1024.0,1024.0,35.54113,461800,64.0,1997.2
462600,28600,10212.033,6.018757,2.171709,0.567382,0.02044,1.78779,1.78779,1.5168,1.5168,0.03022,1e-05,0.009315,0.423264,0.059629,-0.427594,11.763573,0.976326,0.932011,41.486576,41.784836,0.701447,15360.0,1.171105,41.03199,41.373909,1.164297,1008.0,14996.370117,1024.0,1024.0,41.543262,462600,64.0,1997.2
463400,28650,10229.097,5.798903,2.216421,0.512221,0.02044,1.466567,1.466567,1.193274,1.193274,0.025413,1.1e-05,0.013394,0.43822,0.071923,-0.435687,11.795757,0.976288,1.068252,41.413708,41.931473,0.84839,15360.0,1.183172,40.589901,41.082436,1.396321,1008.0,14995.789062,1024.0,1024.0,37.844784,463400,64.0,1997.2
464200,28700,10246.337,7.694776,3.559089,0.838669,0.02044,1.663192,1.663192,1.417535,1.417535,0.055749,1.2e-05,0.016089,0.358212,0.078583,-0.353101,12.042358,0.976323,0.99131,43.600456,44.330002,0.94632,15360.0,1.465557,42.877922,44.490524,2.023206,1008.0,14996.316406,1024.0,1024.0,56.838043,464200,64.0,1997.2
465000,28750,10263.387,5.587046,2.038976,0.628097,0.02044,1.514241,1.514241,1.271897,1.271897,0.034903,1e-05,0.002703,0.434805,0.064472,-0.428788,12.193649,0.976288,0.91487,41.376225,41.659416,0.786147,15360.0,1.054311,40.866272,41.00174,1.161472,1008.0,14995.787109,1024.0,1024.0,34.358177,465000,64.0,1997.2
465800,28800,10280.254,6.15605,2.529919,0.532433,0.02044,1.612591,1.612591,1.35315,1.35315,0.025053,1e-05,0.007064,0.434126,0.053896,-0.4375,12.054531,0.976291,0.968656,42.407349,42.736866,0.649697,15360.0,1.07896,41.729401,42.076,0.985245,1008.0,14995.828125,1024.0,1024.0,32.348755,465800,64.0,1997.2
466600,28850,10297.142,6.979799,3.18245,0.586453,0.02044,1.669741,1.669741,1.439967,1.439967,0.030305,1e-05,0.007281,0.409438,0.073351,-0.412749,11.919804,0.976333,0.966728,43.40807,43.840488,0.87433,15360.0,1.265769,42.990505,43.751793,1.807487,1008.0,14996.480469,1024.0,1024.0,28.084747,466600,64.0,1997.2
467400,28900,10313.965,5.774707,2.392833,0.497353,0.02044,1.471314,1.471314,1.243181,1.243181,0.022054,1.1e-05,0.01001,0.395287,0.057508,-0.39566,12.207977,0.976337,0.915215,42.801476,43.271935,0.702059,15360.0,1.068035,42.140652,42.816158,1.254812,1008.0,14996.541016,1024.0,1024.0,44.898041,467400,64.0,1997.2
468200,28950,10330.945,5.917194,2.288147,0.617404,0.02044,1.610026,1.610026,1.362105,1.362105,0.03098,1e-05,0.003592,0.438382,0.050577,-0.44391,12.0881,0.976306,0.904685,42.674393,42.854313,0.611377,15360.0,1.039656,42.176792,42.394619,1.008836,1008.0,14996.06543,1024.0,1024.0,36.7962,468200,64.0,1997.2
469000,29000,10347.847,6.423599,2.786544,0.608755,0.02044,1.706116,1.706116,1.492591,1.492591,0.03038,1e-05,0.007542,0.513879,0.063093,-0.519263,11.825985,0.97634,0.844156,43.316807,43.640121,0.746139,15360.0,0.93145,42.892441,43.499691,1.132083,1008.0,14996.574219,1024.0,1024.0,40.649601,469000,64.0,1997.2
469800,29050,10364.86,5.975564,2.267483,0.623166,0.02044,1.584212,1.584212,1.224548,1.224548,0.032116,1.1e-05,0.010002,0.384545,0.064521,-0.38677,12.222321,0.976272,0.980601,43.992771,44.488773,0.7886,15360.0,1.104134,43.215107,43.398056,1.293846,1008.0,14995.535156,1024.0,1024.0,36.737259,469800,64.0,1997.2
470600,29100,10381.635,6.389906,2.667945,0.645642,0.02044,1.716485,1.716485,1.433751,1.433751,0.03337,9e-06,0.00913,0.490409,0.057688,-0.487316,12.237915,0.976286,0.835174,44.236706,44.679703,0.705981,15360.0,1.078138,43.686111,44.766998,1.545436,1008.0,14995.751953,1024.0,1024.0,46.01244,470600,64.0,1997.2
471400,29150,10398.784,6.123491,2.433637,0.546787,0.02044,1.58061,1.58061,1.379211,1.379211,0.025414,9e-06,0.009149,0.405235,0.073874,-0.395021,12.196217,0.976324,1.017475,45.503853,46.102493,0.900988,15360.0,1.191102,44.898361,46.02496,1.676978,1008.0,14996.331055,1024.0,1024.0,47.716091,471400,64.0,1997.2
472200,29200,10415.53,6.457104,2.602165,0.63923,0.02044,1.692452,1.692452,1.507645,1.507645,0.032953,1.1e-05,0.003989,0.368396,0.059355,-0.371765,12.35524,0.976345,0.976082,43.520348,43.70697,0.733342,15360.0,1.178337,42.952301,43.353405,1.244133,1008.0,14996.666016,1024.0,1024.0,33.296299,472200,64.0,1997.2
473000,29250,10432.406,6.348525,2.412005,0.683743,0.02044,1.744658,1.744658,1.531375,1.531375,0.040419,1e-05,0.006678,0.368441,0.071753,-0.369123,12.133713,0.976282,0.939341,44.527615,44.929337,0.870635,15360.0,1.223981,44.021763,44.435589,1.485388,1008.0,14995.692383,1024.0,1024.0,27.267815,473000,64.0,1997.2
473800,29300,10448.979,7.197292,3.237844,0.533546,0.02044,1.881326,1.881326,1.668878,1.668878,0.029041,1e-05,0.010117,0.429667,0.07127,-0.435301,12.261017,0.976312,0.983774,43.563774,44.070293,0.873844,15360.0,1.140372,42.93998,43.662102,1.361462,1008.0,14996.152344,1024.0,1024.0,38.539375,473800,64.0,1997.2
474600,29350,10465.896,5.10921,1.396409,0.575552,0.02044,1.534857,1.534857,1.157062,1.157062,0.0307,9e-06,0.009439,0.335545,0.063146,-0.336696,12.352211,0.9763,1.048592,43.901783,44.298004,0.779997,15360.0,1.234782,43.076134,43.34972,1.117488,1008.0,14995.970703,1024.0,1024.0,33.962631,474600,64.0,1997.2
475400,29400,10508.882,6.988609,2.966187,0.730642,0.02044,1.668067,1.668067,1.393793,1.393793,0.052939,9e-06,0.014462,0.377983,0.080965,-0.381616,12.38245,0.976329,1.041688,43.844543,44.54081,1.002551,15360.0,1.267722,43.309765,44.220596,1.55981,1008.0,14996.408203,1024.0,1024.0,30.007324,475400,64.0,1997.2
476200,29450,10526.004,6.538374,2.614246,0.590833,0.02044,1.731255,1.731255,1.483908,1.483908,0.031391,9e-06,0.013821,0.451982,0.060003,-0.45384,12.566128,0.976283,1.013409,45.710941,46.181728,0.75401,15360.0,1.270814,45.147804,45.887714,1.464753,1008.0,14995.703125,1024.0,1024.0,41.214039,476200,64.0,1997.2
477000,29500,10543.208,7.475361,3.407905,0.551323,0.02044,1.978779,1.978779,1.741217,1.741217,0.024993,1.1e-05,0.006504,0.426018,0.069536,-0.421535,12.822109,0.976311,1.002801,43.043671,43.471611,0.8916,15360.0,1.032436,42.552216,42.754311,1.152497,1008.0,14996.142578,1024.0,1024.0,40.459858,477000,64.0,1997.2
477800,29550,10560.151,5.465058,1.806088,0.683048,0.02044,1.440585,1.440585,1.182892,1.182892,0.043755,8e-06,0.008047,0.365482,0.066519,-0.361765,13.281662,0.97631,1.008403,43.173294,43.675373,0.883484,15360.0,1.181296,42.450081,43.111248,1.540146,1008.0,14996.115234,1024.0,1024.0,27.543119,477800,64.0,1997.2
478600,29600,10577.313,7.157977,3.202956,0.587487,0.02044,1.744284,1.744284,1.511238,1.511238,0.031928,1e-05,0.004587,0.38892,0.067396,-0.39953,13.192654,0.976293,1.039183,43.935562,44.154976,0.889129,15360.0,1.282037,43.574894,43.554531,1.441815,1008.0,14995.858398,1024.0,1024.0,33.854958,478600,64.0,1997.2
479400,29650,10594.38,6.68481,2.961773,0.4602,0.02044,1.658089,1.658089,1.386212,1.386212,0.016086,1e-05,0.006411,0.469382,0.049523,-0.464742,13.292259,0.976308,1.05542,44.561543,44.808289,0.658278,15360.0,1.188895,43.861603,43.92292,0.958115,1008.0,14996.083984,1024.0,1024.0,50.108604,479400,64.0,1997.2
480200,29700,10611.485,5.400926,1.854727,0.534382,0.02044,1.522446,1.522446,1.265411,1.265411,0.022687,8e-06,0.009021,0.528316,0.054917,-0.533123,13.314545,0.976307,0.99968,44.170006,44.649509,0.731196,15360.0,1.02662,43.483124,43.752369,0.882529,1008.0,14996.078125,1024.0,1024.0,40.487583,480200,64.0,1997.2
481000,29750,10628.79,8.679449,4.432885,0.60587,0.02044,2.056376,2.056376,1.882393,1.882393,0.028076,1.1e-05,0.004415,0.426923,0.069142,-0.423067,13.349281,0.976316,1.025903,44.901596,45.108463,0.923002,15360.0,1.093071,44.775372,45.4464,1.381848,1008.0,14996.207031,1024.0,1024.0,51.167603,481000,64.0,1997.2
481800,29800,10645.78,6.51837,2.782745,0.444091,0.02044,1.700679,1.700679,1.454049,1.454049,0.017889,1e-05,0.008497,0.482008,0.049938,-0.484472,13.140839,0.976301,1.02685,44.149162,44.535267,0.656222,15360.0,1.216663,43.471027,44.047668,1.193686,1008.0,14995.980469,1024.0,1024.0,32.081837,481800,64.0,1997.2
482600,29850,10662.684,6.169342,2.500607,0.468532,0.02044,1.639824,1.639824,1.335335,1.335335,0.018185,1e-05,0.007447,0.458119,0.052342,-0.454945,13.185783,0.976315,1.045699,45.129906,45.512562,0.690173,15360.0,1.076034,44.388248,44.402737,1.009104,1008.0,14996.198242,1024.0,1024.0,50.688686,482600,64.0,1997.2
483400,29900,10679.605,5.675556,2.088543,0.471163,0.02044,1.576597,1.576597,1.385215,1.385215,0.017558,9e-06,0.000776,0.447428,0.051719,-0.449433,13.33857,0.976314,1.02292,42.491016,42.543152,0.689857,15360.0,1.124855,41.982086,41.611275,1.050137,1008.0,14996.189453,1024.0,1024.0,45.813873,483400,64.0,1997.2
484200,29950,10696.603,6.333659,2.448076,0.65172,0.02044,1.566545,1.566545,1.323523,1.323523,0.036268,9e-06,0.009934,0.380502,0.071852,-0.385238,13.545448,0.976287,1.113189,43.78595,44.323433,0.973266,15360.0,1.223669,43.240269,44.085064,1.417983,1008.0,14995.763672,1024.0,1024.0,41.755772,484200,64.0,1997.2
485000,30000,10713.54,6.170468,2.534714,0.524344,0.02044,1.610698,1.610698,1.384852,1.384852,0.020778,9e-06,0.011246,0.489621,0.047774,-0.494375,13.824257,0.976337,0.955263,44.801861,45.246288,0.660438,15360.0,1.175639,44.155869,45.034832,1.347498,1008.0,14996.52832,1024.0,1024.0,100.127602,485000,64.0,1997.2
485800,30050,10730.462,7.910608,3.829551,0.581727,0.02044,1.868934,1.868934,1.629386,1.629386,0.02952,1e-05,0.004795,0.468948,0.066482,-0.470593,13.481949,0.976303,1.087826,44.326012,44.461834,0.896303,15360.0,1.101469,44.164326,44.450264,1.141762,1008.0,14996.019531,1024.0,1024.0,36.52277,485800,64.0,1997.2
486600,30100,10747.43,5.744227,2.12457,0.589541,0.02044,1.39528,1.39528,1.092457,1.092457,0.034383,8e-06,0.005521,0.455685,0.048908,-0.457788,13.407524,0.976322,1.099843,44.670647,44.928509,0.655741,15360.0,1.23168,44.033455,44.639713,1.264736,1008.0,14996.308594,1024.0,1024.0,33.721661,486600,64.0,1997.2
487400,30150,10764.283,6.40994,2.700568,0.579475,0.02044,1.593457,1.593457,1.322698,1.322698,0.0388,1e-05,0.004763,0.375737,0.064312,-0.372094,13.291756,0.976307,1.020398,42.769119,43.106693,0.85482,15360.0,1.104976,42.263107,41.869804,1.233895,1008.0,14996.076172,1024.0,1024.0,43.558487,487400,64.0,1997.2
488200,30200,10781.102,6.34632,2.525699,0.542474,0.02044,1.594117,1.594117,1.414994,1.414994,0.023643,9e-06,0.009035,0.497547,0.060856,-0.506311,13.442352,0.976315,1.133095,46.367321,46.681625,0.818054,15360.0,1.206823,45.89381,46.722073,1.372079,1008.0,14996.198242,1024.0,1024.0,50.860054,488200,64.0,1997.2
489000,30250,10797.953,6.524947,2.808874,0.542227,0.02044,1.481024,1.481024,1.178577,1.178577,0.03469,1e-05,0.006857,0.371686,0.058937,-0.372342,13.845074,0.976286,1.131836,43.731125,44.153633,0.815993,15360.0,1.285293,42.851597,42.58625,1.618408,1008.0,14995.749023,1024.0,1024.0,34.918152,489000,64.0,1997.2
489800,30300,10814.561,6.811274,2.830362,0.642855,0.02044,1.637709,1.637709,1.426576,1.426576,0.038196,9e-06,0.011308,0.461778,0.064871,-0.458722,14.155296,0.976296,1.121925,43.723877,44.209614,0.918261,15360.0,1.276345,43.329903,43.532223,1.503094,1008.0,14995.899414,1024.0,1024.0,44.592995,489800,64.0,1997.2
490600,30350,10831.324,6.607265,2.672413,0.585118,0.02044,1.738162,1.738162,1.418137,1.418137,0.026519,1e-05,0.010853,0.470123,0.05107,-0.476603,14.31789,0.976278,1.030468,45.720993,46.170177,0.731216,15360.0,1.253312,44.974098,45.567272,1.490622,1008.0,14995.625,1024.0,1024.0,38.61903,490600,64.0,1997.2
491400,30400,10848.21,6.618478,2.710106,0.655839,0.02044,1.645129,1.645129,1.410544,1.410544,0.039786,8e-06,0.002903,0.419708,0.052309,-0.427286,14.116268,0.976293,1.064369,44.258427,44.439495,0.738408,15360.0,1.18393,44.083374,43.845802,1.48987,1008.0,14995.853516,1024.0,1024.0,32.135147,491400,64.0,1997.2
492200,30450,10865.191,7.788827,3.71928,0.510012,0.02044,1.913837,1.913837,1.731036,1.731036,0.024603,1e-05,0.009949,0.453703,0.069923,-0.45342,13.902027,0.976287,1.085719,44.915928,45.467655,0.972065,15360.0,1.127354,44.295437,44.782997,1.17806,1008.0,14995.761719,1024.0,1024.0,53.7855,492200,64.0,1997.2
493000,30500,10882.041,6.859075,2.803742,0.638782,0.02044,1.80342,1.80342,1.618964,1.618964,0.037152,1e-05,0.00044,0.464783,0.058096,-0.462236,13.971474,0.976272,1.027794,43.531986,43.590534,0.811681,15360.0,1.280381,43.285648,43.857964,1.838995,1008.0,14995.535156,1024.0,1024.0,40.081654,493000,64.0,1997.2
493800,30550,10899.153,5.838042,2.105503,0.55975,0.02044,1.482231,1.482231,1.185759,1.185759,0.021616,8e-06,0.004566,0.524698,0.043496,-0.516938,14.297592,0.976292,1.144194,46.430008,46.589058,0.621888,15360.0,1.24378,45.800095,46.103008,1.001388,1008.0,14995.841797,1024.0,1024.0,55.269142,493800,64.0,1997.2
494600,30600,10916.227,5.852072,1.944742,0.655414,0.02044,1.621846,1.621846,1.426288,1.426288,0.038662,9e-06,0.00995,0.438693,0.062387,-0.435966,14.682259,0.976293,1.046301,44.641396,45.108547,0.915984,15360.0,1.30398,44.139656,44.79023,1.682143,1008.0,14995.852539,1024.0,1024.0,26.433483,494600,64.0,1997.2
495400,30650,10933.404,5.550516,1.765869,0.634831,0.02044,1.56802,1.56802,1.331551,1.331551,0.03748,8e-06,0.008462,0.49712,0.038817,-0.501581,15.126888,0.976308,1.019951,45.472492,45.811005,0.587182,15360.0,1.253802,44.781612,45.233269,1.065186,1008.0,14996.09375,1024.0,1024.0,37.629559,495400,64.0,1997.2
496200,30700,10950.582,7.210029,3.071706,0.703362,0.02044,1.707312,1.707312,1.476301,1.476301,0.046352,9e-06,0.010132,0.413639,0.076289,-0.409955,15.323334,0.976327,1.146473,44.796791,45.266705,1.168997,15360.0,1.266241,44.525219,45.038414,1.481221,1008.0,14996.389648,1024.0,1024.0,40.357277,496200,64.0,1997.2
497000,30750,10967.799,5.492541,1.888677,0.508759,0.02044,1.558431,1.558431,1.331334,1.331334,0.020265,8e-06,0.009864,0.456277,0.053099,-0.457204,14.94598,0.976307,1.030598,45.018719,45.491035,0.793624,15360.0,1.066431,44.225521,44.427124,0.950648,1008.0,14996.082031,1024.0,1024.0,52.92345,497000,64.0,1997.2
497800,30800,10984.748,6.114351,2.067485,0.815251,0.02044,1.59059,1.59059,1.351625,1.351625,0.052204,8e-06,0.010236,0.400599,0.067799,-0.409216,15.087502,0.9763,1.048634,44.81282,45.406059,1.022921,15360.0,1.342188,43.727985,43.726719,1.667245,1008.0,14995.973633,1024.0,1024.0,39.098846,497800,64.0,1997.2
498600,30850,11001.811,5.889272,2.158735,0.653866,0.02044,1.439413,1.439413,1.20793,1.20793,0.036276,8e-06,0.008693,0.38353,0.051978,-0.382483,15.359062,0.976299,1.085653,45.446236,45.870312,0.798333,15360.0,1.261768,44.65152,44.874836,1.300401,1008.0,14995.947266,1024.0,1024.0,28.094437,498600,64.0,1997.2
499400,30900,11018.978,8.1476,3.378737,0.991996,0.02044,1.895123,1.895123,1.725812,1.725812,0.076163,9e-06,0.010307,0.394498,0.079095,-0.402387,15.522942,0.976329,1.182746,46.791389,47.137402,1.227789,15360.0,1.595794,46.242531,47.354347,2.454969,1008.0,14996.414062,1024.0,1024.0,42.883877,499400,64.0,1997.2
