env_step,gradient_step,elapsed_s,total,rec,rew,con,dyn,rep,dyn_raw,rep_raw,reward_mae,cont_mae,policy,policy_entropy,policy_adv_mag,policy_logp_mean,policy_retnorm_scale,policy_weight_mean,value,value_value_mean,value_target_mean,value_value_mae,value_positions,repval,repval_value_mean,repval_target_mean,repval_value_mae,repval_positions,weight_sum,imagination_starts,train_positions,grad_norm,replay_occupancy,realized_train_ratio,peak_vram_mib
5800,50,23.785,783.695984,765.174316,5.538446,0.924218,7.450034,7.450034,7.450034,7.450034,0.029973,0.588649,-0.000127,7.83485,3e-05,-7.84237,1.0,0.048872,0.541296,3.6e-05,6e-06,3e-05,15360.0,11.076083,3.6e-05,0.396072,0.396037,1008.0,750.667847,1024.0,1024.0,4053.158691,5800,64.0,1999.3
6600,100,40.783,769.756653,752.163147,5.523715,0.826986,6.612758,6.612758,6.612758,6.612758,0.029092,0.548821,-0.000232,7.837069,0.000185,-7.851342,1.0,0.059432,0.656233,0.000236,5.1e-05,0.000185,15360.0,11.04262,0.000236,0.392494,0.392258,1008.0,912.869873,1024.0,1024.0,4164.65625,6600,64.0,1999.3
7400,150,58.011,738.163574,721.194275,5.493139,0.705017,6.093964,6.093964,6.093964,6.093964,0.028869,0.494341,-0.000471,7.841379,0.000505,-7.836679,1.0,0.070757,0.776348,0.00067,0.000166,0.000505,15360.0,10.972872,0.000679,0.407302,0.406623,1008.0,1086.822754,1024.0,1024.0,4223.004395,7400,64.0,1999.3
8200,200,74.911,620.887146,604.563354,5.439316,0.538938,5.516784,5.516784,5.516784,5.516784,0.029812,0.407092,-0.001027,7.850042,0.000981,-7.844348,1.0,0.094061,1.021139,0.001393,0.000411,0.000981,15360.0,10.856234,0.001431,0.406503,0.405072,1008.0,1444.771484,1024.0,1024.0,3865.571777,8200,64.0,1999.3
9000,250,91.697,470.139801,454.023193,5.357675,0.349945,5.038638,5.038638,5.038638,5.038638,0.031689,0.287435,-0.002281,7.868851,0.00139,-7.846006,1.0,0.155137,1.659328,0.002379,0.000989,0.00139,15360.0,10.698143,0.002437,0.430178,0.427741,1008.0,2382.911621,1024.0,1024.0,3050.242188,9000,64.0,1999.3
9800,300,108.507,392.807587,376.359772,5.250201,0.205298,4.604263,4.604263,4.604263,4.604263,0.027686,0.177887,-0.004223,7.900867,0.001472,-7.885173,1.0,0.265032,2.781107,0.003807,0.002335,0.001472,15360.0,10.502456,0.003866,0.385205,0.381339,1008.0,4070.88623,1024.0,1024.0,2199.863525,9800,64.0,1999.3
10600,350,125.3,325.476898,308.948364,5.118053,0.137235,3.877456,3.877456,3.877456,3.877456,0.02735,0.119634,-0.004702,7.940516,0.001068,-7.944564,1.0,0.383425,3.930378,0.005531,0.004464,0.001068,15360.0,10.274527,0.00557,0.385318,0.379748,1008.0,5889.408203,1024.0,1024.0,1379.018188,10600,64.0,1999.3
11400,400,141.878,284.188477,266.981384,4.966087,0.106833,3.88008,3.88008,3.88008,3.88008,0.031801,0.091919,-0.002181,7.981058,0.000315,-7.999569,1.0,0.488152,4.864132,0.007373,0.007145,0.000315,15360.0,10.013817,0.007403,0.4512,0.443797,1008.0,7498.014648,1024.0,1024.0,863.87384,11400,64.0,1999.3
12200,450,158.607,224.85524,207.347168,4.794478,0.071256,3.395654,3.395654,3.395654,3.395654,0.034351,0.057953,0.007034,8.021541,0.001554,-8.008492,1.0,0.621729,5.985439,0.009946,0.011499,0.001554,15360.0,9.715447,0.009972,0.483808,0.473835,1008.0,9549.763672,1024.0,1024.0,689.528259,12200,64.0,1999.3
13000,500,175.283,209.4608,192.087189,4.613451,0.052704,3.010599,3.010599,3.010599,3.010599,0.030851,0.039345,0.019374,8.06106,0.00343,-8.046289,1.0,0.710303,6.569071,0.012953,0.016383,0.00343,15360.0,9.357862,0.012982,0.447425,0.434443,1008.0,10910.246094,1024.0,1024.0,437.001343,13000,64.0,1999.3
13800,550,192.018,194.757767,178.231064,4.422482,0.042148,2.282589,2.282589,2.282589,2.282589,0.030619,0.02829,0.037163,8.096685,0.005891,-8.092978,1.0,0.772291,6.824026,0.016312,0.022204,0.005891,15360.0,8.966778,0.016344,0.469668,0.453324,1008.0,11862.386719,1024.0,1024.0,345.168915,13800,64.0,1999.3
14600,600,209.085,196.03743,180.533768,4.220402,0.037198,1.668201,1.668201,1.668201,1.668201,0.026505,0.022929,0.058671,8.130835,0.00873,-8.170451,1.0,0.808785,6.792675,0.020427,0.029157,0.00873,15360.0,8.53233,0.020452,0.443894,0.423442,1008.0,12422.933594,1024.0,1024.0,424.738434,14600,64.0,1999.3
15400,650,226.218,182.008408,167.239929,4.006276,0.034193,1.442836,1.442836,1.442821,1.442821,0.030152,0.019585,0.083827,8.160195,0.012156,-8.133374,1.0,0.832098,6.607013,0.025544,0.0377,0.012156,15360.0,8.166804,0.025559,0.49697,0.471411,1008.0,12781.022461,1024.0,1024.0,223.451279,15400,64.0,1999.3
16200,700,243.234,178.201508,162.390594,3.778978,0.033348,2.971086,2.971086,2.971086,2.971086,0.026916,0.018619,0.116353,8.185384,0.016512,-8.168469,1.0,0.845091,6.300506,0.031909,0.048421,0.016512,15360.0,7.711864,0.031908,0.473166,0.441258,1008.0,12980.599609,1024.0,1024.0,132.02623,16200,64.0,1999.3
17000,750,260.348,168.861481,152.400864,3.538464,0.032479,4.199513,4.199513,4.199513,4.199513,0.027677,0.017631,0.161137,8.207943,0.022481,-8.203493,1.0,0.854857,5.9257,0.039323,0.061804,0.022481,15360.0,7.277892,0.039319,0.51694,0.477621,1008.0,13130.601562,1024.0,1024.0,274.651337,17000,64.0,1999.3
17800,800,277.197,158.239136,142.557312,3.285657,0.032556,4.238115,4.238115,4.238115,4.238115,0.024758,0.017694,0.215754,8.227941,0.029848,-8.226963,1.0,0.855329,5.443872,0.048588,0.078436,0.029848,15360.0,6.806842,0.048592,0.506531,0.457939,1008.0,13137.849609,1024.0,1024.0,121.11013,17800,64.0,1999.3
18600,850,294.127,149.009003,134.83847,3.016484,0.0306,3.590149,3.590149,3.590149,3.590149,0.02348,0.015454,0.298293,8.246155,0.040707,-8.235804,1.0,0.86676,4.976292,0.060765,0.101472,0.040707,15360.0,6.332409,0.060768,0.547559,0.486791,1008.0,13313.4375,1024.0,1024.0,203.800522,18600,64.0,1999.3
19400,900,310.867,141.690796,128.10257,2.742446,0.03042,3.81721,3.81721,3.81721,3.81721,0.022231,0.015166,0.402405,8.260753,0.054543,-8.230895,1.0,0.872464,4.411551,0.075569,0.130112,0.054543,15360.0,6.008226,0.07557,0.606053,0.530482,1008.0,13401.052734,1024.0,1024.0,101.65126,19400,64.0,1999.3
20200,950,327.844,131.37059,118.464828,2.469883,0.034441,4.090178,4.090178,4.090178,4.090178,0.0159,0.019545,0.503418,8.273724,0.069024,-8.285566,1.0,0.850068,3.758008,0.093052,0.162077,0.069024,15360.0,5.469381,0.093057,0.59419,0.501133,1008.0,13057.044922,1024.0,1024.0,150.454712,20200,64.0,1999.3
21000,1000,344.771,129.27269,117.070694,2.194597,0.030231,3.826329,3.826329,3.826329,3.826329,0.016711,0.014823,0.691264,8.288649,0.0925,-8.289924,1.0,0.875797,3.500953,0.115438,0.207938,0.0925,15360.0,5.253298,0.115441,0.695636,0.580194,1008.0,13452.236328,1024.0,1024.0,195.670624,21000,64.0,1999.3
21800,1050,361.631,142.070831,129.737488,2.003843,0.030565,4.326485,4.326485,4.326485,4.326485,0.024219,0.015308,0.860715,8.297669,0.115154,-8.307997,1.0,0.873884,3.17675,0.145483,0.260636,0.115154,15360.0,5.007763,0.145478,0.826734,0.681256,1008.0,13422.856445,1024.0,1024.0,135.859573,21800,64.0,1999.3
22600,1100,378.86,124.253189,113.013184,1.701519,0.031954,3.922213,3.922213,3.922213,3.922213,0.013898,0.01678,0.997769,8.302916,0.134586,-8.310665,1.0,0.863679,2.806712,0.177636,0.312222,0.134586,15360.0,4.625427,0.177639,0.801441,0.623802,1008.0,13266.115234,1024.0,1024.0,151.373688,22600,64.0,1999.3
23400,1150,396.084,124.854622,113.829422,1.491537,0.02757,3.821397,3.821397,3.821397,3.821397,0.015624,0.011708,1.235409,8.310341,0.161409,-8.337966,1.0,0.895287,2.731561,0.213756,0.375164,0.161409,15360.0,4.451921,0.213753,0.905092,0.691339,1008.0,13751.609375,1024.0,1024.0,94.377357,23400,64.0,1999.3
24200,1200,412.957,118.712067,107.471031,1.324409,0.028201,4.048356,4.048356,4.048356,4.048356,0.017544,0.012454,1.311632,8.311837,0.172145,-8.322964,1.0,0.89016,2.728779,0.254627,0.426772,0.172145,15360.0,4.649408,0.254625,1.002123,0.747499,1008.0,13672.851562,1024.0,1024.0,99.50676,24200,64.0,1999.3
25000,1250,429.75,119.881432,109.008888,1.152454,0.028782,3.930339,3.930339,3.930339,3.930339,0.016433,0.013101,1.327345,8.315727,0.174826,-8.315051,1.0,0.886863,2.667627,0.294804,0.469629,0.174826,15360.0,4.576535,0.294799,1.009837,0.715038,1008.0,13622.214844,1024.0,1024.0,82.25737,25000,64.0,1999.3
25800,1300,463.385,115.11187,104.181908,1.035243,0.026973,4.038767,4.038767,4.038767,4.038767,0.019638,0.010906,1.373523,8.31571,0.178762,-8.326969,1.0,0.900977,2.620531,0.329475,0.508237,0.178762,15360.0,4.770179,0.32947,1.096947,0.767477,1008.0,13839.003906,1024.0,1024.0,89.362915,25800,64.0,1999.3
26600,1350,480.321,111.733772,101.497116,0.896776,0.026488,3.776315,3.776315,3.776315,3.776315,0.014667,0.010326,1.338246,8.320371,0.173512,-8.343317,1.0,0.901422,2.485408,0.360673,0.534185,0.173512,15360.0,4.452646,0.360672,1.053739,0.693068,1008.0,13845.834961,1024.0,1024.0,218.327698,26600,64.0,1999.3
27400,1400,497.467,113.424606,102.992798,0.884572,0.025531,4.007088,4.007088,4.007088,4.007088,0.021382,0.009127,1.338928,8.325123,0.172756,-8.323534,1.0,0.912051,2.355845,0.388132,0.560888,0.172756,15360.0,4.730443,0.388131,1.218861,0.830731,1008.0,14009.110352,1024.0,1024.0,81.036018,27400,64.0,1999.3
28200,1450,514.542,113.317093,102.973412,0.76865,0.026589,4.333381,4.333381,4.333381,4.333381,0.015222,0.010346,1.26289,8.327932,0.163846,-8.326943,1.0,0.904113,2.245953,0.413082,0.576928,0.163846,15360.0,4.242949,0.413085,1.111838,0.698753,1008.0,13887.168945,1024.0,1024.0,112.402817,28200,64.0,1999.3
29000,1500,531.474,106.03244,95.739037,0.7165,0.025874,4.314084,4.314084,4.314084,4.314084,0.014017,0.009472,1.275018,8.327904,0.164208,-8.341666,1.0,0.911799,2.27888,0.444111,0.608319,0.164208,15360.0,4.172117,0.444113,1.111332,0.667219,1008.0,14005.224609,1024.0,1024.0,87.648987,29000,64.0,1999.3
29800,1550,548.444,112.720444,102.385864,0.704456,0.025146,4.309135,4.309135,4.309135,4.309135,0.017076,0.008602,1.269071,8.333405,0.162864,-8.338608,1.0,0.914682,2.297017,0.479801,0.642666,0.162864,15360.0,4.329485,0.47981,1.177831,0.698021,1008.0,14049.512695,1024.0,1024.0,118.882454,29800,64.0,1999.3
30600,1600,565.105,104.897232,94.338654,0.654728,0.023959,4.547961,4.547961,4.547961,4.547961,0.012977,0.007008,1.29666,8.3351,0.164943,-8.347323,1.0,0.926525,2.324433,0.516678,0.681621,0.164943,15360.0,4.186828,0.516696,1.171437,0.654741,1008.0,14231.424805,1024.0,1024.0,100.424881,30600,64.0,1999.3
31400,1650,582.103,101.827377,91.62236,0.631223,0.024285,4.313511,4.313511,4.313511,4.313511,0.012951,0.007388,1.291921,8.339231,0.164565,-8.340519,1.0,0.924578,2.265111,0.552839,0.717404,0.164565,15360.0,4.158716,0.552862,1.199899,0.647037,1008.0,14201.517578,1024.0,1024.0,88.871483,31400,64.0,1999.3
32200,1700,598.881,104.991928,94.400772,0.641309,0.023973,4.664376,4.664376,4.664376,4.664376,0.017099,0.006966,1.319039,8.341208,0.167295,-8.349794,1.0,0.928779,2.178451,0.587458,0.754753,0.167295,15360.0,4.32524,0.58749,1.289935,0.702445,1008.0,14266.042969,1024.0,1024.0,132.160721,32200,64.0,1999.3
33000,1750,615.792,103.919785,93.659554,0.703619,0.024114,4.480782,4.480782,4.480782,4.480782,0.021627,0.007089,1.2886,8.343274,0.163881,-8.337775,1.0,0.927285,2.009267,0.618549,0.782429,0.163881,15360.0,4.352558,0.618601,1.369429,0.750828,1008.0,14243.103516,1024.0,1024.0,138.039337,33000,64.0,1999.3
33800,1800,632.436,94.899452,84.765732,0.59733,0.022911,4.552742,4.552742,4.552742,4.552742,0.01664,0.005505,1.349211,8.347016,0.169836,-8.353945,1.0,0.937111,1.953727,0.644907,0.814743,0.169836,15360.0,4.008405,0.644954,1.296067,0.651113,1008.0,14394.029297,1024.0,1024.0,94.780281,33800,64.0,1999.3
34600,1850,649.12,102.035988,91.666328,0.645956,0.022651,4.561101,4.561101,4.561101,4.561101,0.019924,0.005058,1.348983,8.350174,0.169468,-8.356608,1.0,0.941401,1.986674,0.677602,0.847069,0.169468,15360.0,4.493933,0.67764,1.440944,0.763304,1008.0,14459.916992,1024.0,1024.0,84.363144,34600,64.0,1999.3
35400,1900,666.138,92.866531,82.631737,0.568346,0.022351,4.534303,4.534303,4.534303,4.534303,0.014211,0.004635,1.372214,8.352665,0.172168,-8.3526,1.0,0.943961,2.03668,0.710607,0.882775,0.172168,15360.0,4.158232,0.710661,1.369404,0.658743,1008.0,14499.237305,1024.0,1024.0,206.174835,35400,64.0,1999.3
36200,1950,682.993,96.608414,85.757843,0.617371,0.022442,4.940955,4.940955,4.940955,4.940955,0.018325,0.004734,1.368926,8.354953,0.171208,-8.375972,1.0,0.942747,2.057582,0.743183,0.914391,0.171208,15360.0,4.497314,0.743229,1.494186,0.750956,1008.0,14480.599609,1024.0,1024.0,98.885971,36200,64.0,1999.3
37000,2000,700.181,95.050034,84.458939,0.607231,0.022543,4.81716,4.81716,4.81716,4.81716,0.016891,0.004878,1.337677,8.356368,0.167718,-8.355738,1.0,0.941584,2.044319,0.774978,0.942696,0.167718,15360.0,4.268157,0.774984,1.490707,0.715723,1008.0,14462.722656,1024.0,1024.0,67.197639,37000,64.0,1999.3
37800,2050,717.165,95.223846,84.535149,0.610214,0.022103,4.874218,4.874218,4.874218,4.874218,0.021511,0.004164,1.376756,8.360182,0.171255,-8.386794,1.0,0.947939,2.047917,0.805348,0.976603,0.171255,15360.0,4.233559,0.805292,1.538508,0.733216,1008.0,14560.347656,1024.0,1024.0,96.264992,37800,64.0,1999.3
38600,2100,734.068,89.578026,78.816261,0.553077,0.022131,5.12248,5.12248,5.12248,5.12248,0.013941,0.004192,1.361567,8.362667,0.170051,-8.355163,1.0,0.947564,1.989885,0.834264,1.004315,0.170051,15360.0,4.00126,0.834223,1.512781,0.678557,1008.0,14554.576172,1024.0,1024.0,126.818207,38600,64.0,1999.3
39400,2150,751.066,84.221642,73.981651,0.535677,0.021676,4.796228,4.796228,4.796228,4.796228,0.015338,0.003475,1.352157,8.36487,0.1686,-8.344877,1.0,0.951194,1.906638,0.861039,1.029639,0.1686,15360.0,3.826647,0.860926,1.519,0.658074,1008.0,14610.337891,1024.0,1024.0,124.427582,39400,64.0,1999.3
40200,2200,767.918,88.587311,78.039925,0.53365,0.02178,5.194093,5.194093,5.194093,5.194093,0.01386,0.003607,1.371935,8.366552,0.170502,-8.373352,1.0,0.951821,1.800172,0.885399,1.055901,0.170502,15360.0,3.687832,0.885337,1.545308,0.659971,1008.0,14619.970703,1024.0,1024.0,131.37294,40200,64.0,1999.3
41000,2250,784.852,94.0839,83.417137,0.52306,0.021511,5.375055,5.375055,5.375055,5.375055,0.01555,0.003166,1.392572,8.367006,0.172775,-8.369766,1.0,0.953961,1.741797,0.907655,1.08043,0.172775,15360.0,3.584241,0.907445,1.562476,0.655031,1008.0,14652.84375,1024.0,1024.0,149.75209,41000,64.0,1999.3
41800,2300,801.403,90.949303,80.103577,0.574376,0.021632,5.37885,5.37885,5.37885,5.37885,0.018301,0.003342,1.396349,8.369469,0.17313,-8.371722,1.0,0.953946,1.798938,0.930157,1.103287,0.17313,15360.0,3.792281,0.929594,1.630517,0.700924,1008.0,14652.607422,1024.0,1024.0,118.174438,41800,64.0,1999.3
42600,2350,818.203,93.489799,82.758347,0.513253,0.02149,5.352087,5.352087,5.352087,5.352087,0.016119,0.003058,1.385558,8.37104,0.171935,-8.364406,1.0,0.955331,1.842597,0.95405,1.125985,0.171935,15360.0,3.604183,0.952822,1.58034,0.627518,1008.0,14673.882812,1024.0,1024.0,118.352203,42600,64.0,1999.3
43400,2400,834.849,86.593422,75.641708,0.548693,0.021318,5.382207,5.382207,5.382207,5.382207,0.017855,0.002757,1.402939,8.372984,0.173436,-8.370985,1.0,0.957032,1.880381,0.979423,1.152858,0.173436,15360.0,3.926527,0.978633,1.682091,0.703458,1008.0,14700.017578,1024.0,1024.0,120.258881,43400,64.0,1999.3
44200,2450,851.563,88.051178,77.180878,0.529117,0.02144,5.329858,5.329858,5.329858,5.329858,0.014953,0.003,1.408774,8.375389,0.174173,-8.376056,1.0,0.95661,1.904485,1.005639,1.179812,0.174173,15360.0,3.812151,1.004111,1.662598,0.658487,1008.0,14693.521484,1024.0,1024.0,109.692123,44200,64.0,1999.3
45000,2500,868.361,82.99678,71.61142,0.535813,0.021056,5.77161,5.77161,5.77161,5.77161,0.01655,0.002247,1.397115,8.377698,0.171956,-8.384365,1.0,0.960026,1.911978,1.03267,1.204626,0.171956,15360.0,3.902111,1.032239,1.712216,0.679977,1008.0,14745.994141,1024.0,1024.0,141.403,45000,64.0,1999.3
45800,2550,884.955,81.602547,70.464012,0.543397,0.021211,5.525299,5.525299,5.525299,5.525299,0.015434,0.002512,1.392441,8.379501,0.172344,-8.365995,1.0,0.959068,1.911611,1.059737,1.232081,0.172344,15360.0,3.973489,1.059664,1.759619,0.699955,1008.0,14731.291016,1024.0,1024.0,109.951981,45800,64.0,1999.3
46600,2600,902.011,87.02729,75.917091,0.544868,0.021149,5.600327,5.600327,5.600327,5.600327,0.016551,0.002396,1.37342,8.380797,0.169149,-8.387011,1.0,0.959454,1.892349,1.086648,1.255797,0.169149,15360.0,3.726824,1.085036,1.736245,0.651209,1008.0,14737.205078,1024.0,1024.0,87.319252,46600,64.0,1999.3
47400,2650,918.949,82.336113,70.957489,0.584594,0.021003,5.740327,5.740327,5.740327,5.740327,0.021087,0.002073,1.393096,8.381864,0.17212,-8.348155,1.0,0.961904,1.880844,1.11288,1.285,0.17212,15360.0,3.949079,1.111271,1.861132,0.749861,1008.0,14774.848633,1024.0,1024.0,99.379265,47400,64.0,1999.3
48200,2700,935.978,77.643143,66.483971,0.475203,0.020837,5.785226,5.785226,5.785226,5.785226,0.013216,0.001712,1.419322,8.383498,0.173943,-8.397366,1.0,0.964087,1.849556,1.139157,1.3131,0.173943,15360.0,3.435032,1.138461,1.736104,0.597644,1008.0,14808.382812,1024.0,1024.0,224.976944,48200,64.0,1999.3
49000,2750,953.021,77.769058,66.620308,0.516101,0.020942,5.759725,5.759725,5.759725,5.759725,0.015456,0.001881,1.414426,8.385338,0.17312,-8.417727,1.0,0.963272,1.790258,1.164118,1.337238,0.17312,15360.0,3.571081,1.163007,1.830234,0.667228,1008.0,14795.855469,1024.0,1024.0,91.2892,49000,64.0,1999.3
49800,2800,970.055,78.852676,67.625961,0.559708,0.020919,5.820805,5.820805,5.820805,5.820805,0.019615,0.00187,1.402248,8.386397,0.172374,-8.386276,1.0,0.963323,1.712647,1.188471,1.360844,0.172374,15360.0,3.761043,1.187657,1.944548,0.75689,1008.0,14796.635742,1024.0,1024.0,95.834175,49800,64.0,1999.3
50600,2850,1004.436,78.671669,67.608063,0.54176,0.02099,5.900084,5.900084,5.900084,5.900084,0.017773,0.001956,1.384681,8.387753,0.170315,-8.386156,1.0,0.962991,1.603327,1.210667,1.380982,0.170315,15360.0,3.409181,1.210232,1.902583,0.692351,1008.0,14791.533203,1024.0,1024.0,137.007874,50600,64.0,1999.3
51400,2900,1021.014,77.775856,66.800346,0.512263,0.02094,5.912766,5.912766,5.912766,5.912766,0.015072,0.001888,1.36834,8.389068,0.168191,-8.386794,1.0,0.962987,1.595307,1.231928,1.400119,0.168191,15360.0,3.248712,1.230904,1.88862,0.657716,1008.0,14791.478516,1024.0,1024.0,116.928787,51400,64.0,1999.3
52200,2950,1038.068,79.120552,68.265785,0.480514,0.021008,5.828742,5.828742,5.828742,5.828742,0.014966,0.001906,1.347377,8.389932,0.165262,-8.401283,1.0,0.963291,1.65061,1.253761,1.419023,0.165262,15360.0,3.145464,1.25309,1.861288,0.608198,1008.0,14796.143555,1024.0,1024.0,120.311096,52200,64.0,1999.3
53000,3000,1054.699,77.298706,66.198654,0.494045,0.020793,5.969113,5.969113,5.969113,5.969113,0.014148,0.00152,1.328417,8.390941,0.16366,-8.348773,1.0,0.965488,1.69912,1.276832,1.440492,0.16366,15360.0,3.305513,1.276575,1.913337,0.636763,1008.0,14829.900391,1024.0,1024.0,102.491348,53000,64.0,1999.3
53800,3050,1071.302,74.673607,63.583939,0.477551,0.020755,5.924561,5.924561,5.924561,5.924561,0.015022,0.001363,1.357722,8.390098,0.165946,-8.401793,1.0,0.966808,1.732584,1.301365,1.46731,0.165946,15360.0,3.280123,1.30141,1.911949,0.610539,1008.0,14850.167969,1024.0,1024.0,106.020882,53800,64.0,1999.3
54600,3100,1088.376,75.014076,63.546303,0.494918,0.020746,6.202703,6.202703,6.202703,6.202703,0.015868,0.001408,1.375518,8.392886,0.168127,-8.390596,1.0,0.966628,1.746356,1.326666,1.494793,0.168127,15360.0,3.357546,1.325861,1.945336,0.619475,1008.0,14847.413086,1024.0,1024.0,99.050362,54600,64.0,1999.3
55400,3150,1105.508,76.864716,65.407257,0.504546,0.020729,6.129584,6.129584,6.129584,6.129584,0.013635,0.001353,1.378109,8.394417,0.168852,-8.382985,1.0,0.966972,1.759113,1.35426,1.523112,0.168852,15360.0,3.508044,1.353451,1.999371,0.64592,1008.0,14852.695312,1024.0,1024.0,76.236526,55400,64.0,1999.3
56200,3200,1122.626,74.353401,62.698353,0.482551,0.02062,6.323011,6.323011,6.323011,6.323011,0.013419,0.001,1.397576,8.395584,0.170565,-8.410925,1.0,0.969465,1.76795,1.382367,1.552932,0.170565,15360.0,3.436787,1.381341,2.003341,0.622,1008.0,14890.976562,1024.0,1024.0,124.316116,56200,64.0,1999.3
57000,3250,1139.728,74.58226,63.09367,0.504445,0.020692,6.190562,6.190562,6.190562,6.190562,0.017014,0.001215,1.357402,8.396611,0.165898,-8.406063,1.0,0.967825,1.736937,1.409364,1.575262,0.165898,15360.0,3.531674,1.408492,2.052216,0.643724,1008.0,14865.785156,1024.0,1024.0,71.764755,57000,64.0,1999.3
57800,3300,1156.514,65.255928,53.780205,0.514241,0.020581,6.189018,6.189018,6.189018,6.189018,0.016722,0.000873,1.357922,8.397379,0.165766,-8.384071,1.0,0.970241,1.721813,1.436422,1.602188,0.165766,15360.0,3.51081,1.435538,2.081148,0.64561,1008.0,14902.908203,1024.0,1024.0,128.806213,57800,64.0,1999.3
58600,3350,1173.576,74.987862,63.455727,0.516695,0.020642,6.309173,6.309173,6.309173,6.309173,0.014855,0.001046,1.325777,8.397578,0.161971,-8.401707,1.0,0.969069,1.680866,1.462812,1.624783,0.161971,15360.0,3.493538,1.461275,2.109834,0.648559,1008.0,14884.896484,1024.0,1024.0,108.911919,58600,64.0,1999.3
59400,3400,1190.653,75.339439,63.690975,0.556781,0.02066,6.306571,6.306571,6.306571,6.306571,0.018182,0.000983,1.358361,8.399969,0.16538,-8.422774,1.0,0.96991,1.662681,1.488995,1.654375,0.16538,15360.0,3.709173,1.487435,2.225581,0.738146,1008.0,14897.818359,1024.0,1024.0,113.41188,59400,64.0,1999.3
60200,3450,1207.72,67.075844,55.740475,0.467912,0.020585,6.317106,6.317106,6.317106,6.317106,0.018015,0.000837,1.325157,8.39964,0.162233,-8.378088,1.0,0.970415,1.600727,1.513753,1.675986,0.162233,15360.0,3.240595,1.513184,2.129785,0.616601,1008.0,14905.581055,1024.0,1024.0,92.493843,60200,64.0,1999.3
61000,3500,1224.767,69.674904,58.13031,0.530861,0.020597,6.384203,6.384203,6.384203,6.384203,0.017872,0.000863,1.352924,8.402248,0.164841,-8.41585,1.0,0.970371,1.559435,1.538373,1.703213,0.164841,15360.0,3.52716,1.535914,2.254158,0.718244,1008.0,14904.896484,1024.0,1024.0,101.130615,61000,64.0,1999.3
61800,3550,1241.717,69.351753,57.677849,0.546355,0.020559,6.588794,6.588794,6.588794,6.588794,0.019541,0.000736,1.339311,8.403628,0.163024,-8.402882,1.0,0.971223,1.490899,1.561195,1.724219,0.163024,15360.0,3.430355,1.558909,2.291761,0.732852,1008.0,14917.979492,1024.0,1024.0,94.736908,61800,64.0,1999.3
62600,3600,1258.7,74.87381,63.460011,0.542508,0.020589,6.516904,6.516904,6.516904,6.516904,0.020782,0.000805,1.30212,8.402286,0.159535,-8.365316,1.0,0.970958,1.396915,1.581587,1.741123,0.159535,15360.0,3.276889,1.577474,2.301459,0.723985,1008.0,14913.916016,1024.0,1024.0,113.980186,62600,64.0,1999.3
63400,3650,1275.838,74.163086,62.361816,0.504656,0.020554,6.951541,6.951541,6.951541,6.951541,0.01497,0.000711,1.334015,8.4014,0.162621,-8.393965,1.0,0.971774,1.39811,1.602598,1.765219,0.162621,15360.0,2.990812,1.601722,2.249265,0.647543,1008.0,14926.449219,1024.0,1024.0,111.333092,63400,64.0,1999.3
64200,3700,1292.922,60.890793,49.801456,0.421871,0.020515,6.48739,6.48739,6.48739,6.48739,0.012429,0.000524,1.28459,8.391032,0.15651,-8.398273,1.0,0.97274,1.449219,1.623812,1.780322,0.15651,15360.0,2.590059,1.623315,2.141171,0.517856,1008.0,14941.289062,1024.0,1024.0,135.537079,64200,64.0,1999.3
65000,3750,1310.003,76.159546,64.00705,0.474082,0.020584,7.188522,7.188522,7.188522,7.188522,0.013149,0.000758,1.327514,8.380369,0.162441,-8.371196,1.0,0.971278,1.533496,1.647705,1.810146,0.162441,15360.0,2.964823,1.646412,2.258046,0.611634,1008.0,14918.827148,1024.0,1024.0,102.063126,65000,64.0,1999.3
65800,3800,1327.034,69.159668,57.290268,0.469834,0.020559,6.870524,6.870524,6.870524,6.870524,0.013303,0.000702,1.331489,8.288899,0.164602,-8.268709,1.0,0.971517,1.592653,1.673255,1.837856,0.164602,15360.0,2.990983,1.672547,2.277854,0.605307,1008.0,14922.50293,1024.0,1024.0,105.08271,65800,64.0,1999.3
66600,3850,1344.097,74.237206,62.073345,0.505604,0.020698,6.844199,6.844199,6.844199,6.844199,0.015001,0.001026,1.449259,8.14672,0.182676,-8.156124,1.0,0.969931,1.65506,1.700956,1.883632,0.182676,15360.0,3.348744,1.699069,2.398514,0.699445,1008.0,14898.141602,1024.0,1024.0,88.831612,66600,64.0,1999.3
67400,3900,1361.178,73.833946,61.168365,0.49264,0.02057,7.247499,7.247499,7.247499,7.247499,0.016021,0.000721,1.512754,7.98476,0.19552,-7.967331,1.0,0.970893,1.696565,1.730558,1.926078,0.19552,15360.0,3.235999,1.728658,2.375967,0.647309,1008.0,14912.913086,1024.0,1024.0,102.487877,67400,64.0,1999.3
68200,3950,1378.194,62.285145,50.126228,0.476799,0.020527,6.873817,6.873817,6.873817,6.873817,0.013998,0.00056,1.448111,7.962086,0.1876,-7.95019,1.0,0.972601,1.680092,1.762826,1.950426,0.1876,15360.0,3.240623,1.762245,2.402514,0.64027,1008.0,14939.152344,1024.0,1024.0,95.595825,68200,64.0,1999.3
69000,4000,1395.123,70.338539,57.655224,0.510225,0.020522,7.263572,7.263572,7.263572,7.263572,0.014124,0.000546,1.468468,8.161407,0.18487,-8.15187,1.0,0.972921,1.676625,1.793903,1.978773,0.18487,15360.0,3.391835,1.793143,2.46359,0.670447,1008.0,14944.070312,1024.0,1024.0,75.351799,69000,64.0,1999.3
69800,4050,1412.068,68.420059,55.90963,0.516068,0.020532,6.944473,6.944473,6.944473,6.944473,0.017364,0.000553,1.538907,7.78832,0.20347,-7.788799,1.0,0.972231,1.713167,1.821099,2.024558,0.20347,15360.0,3.609436,1.81784,2.587205,0.769364,1008.0,14933.470703,1024.0,1024.0,99.12532,69800,64.0,1999.3
70600,4100,1429.038,70.015839,57.239853,0.520377,0.020564,7.170232,7.170232,7.170232,7.170232,0.017518,0.000653,1.568897,8.000919,0.200056,-8.018725,1.0,0.972235,1.693444,1.850489,2.050537,0.200056,15360.0,3.618159,1.84685,2.617715,0.770865,1008.0,14933.527344,1024.0,1024.0,121.593048,70600,64.0,1999.3
71400,4150,1445.986,67.040863,54.624184,0.472441,0.020511,7.120107,7.120107,7.120107,7.120107,0.013695,0.000508,1.471428,7.610055,0.19856,-7.635542,1.0,0.972252,1.656676,1.880517,2.079077,0.19856,15360.0,3.211683,1.879396,2.528933,0.649537,1008.0,14933.795898,1024.0,1024.0,146.234344,71400,64.0,1999.3
72200,4200,1462.972,81.152893,67.956429,0.505141,0.020556,7.645305,7.645305,7.645305,7.645305,0.015706,0.000704,1.612463,8.058537,0.203827,-8.083427,1.0,0.972016,1.65515,1.905512,2.109339,0.203827,15360.0,3.311059,1.898925,2.603377,0.704452,1008.0,14930.169922,1024.0,1024.0,148.258759,72200,64.0,1999.3
73000,4250,1480.051,71.806618,58.803307,0.517839,0.02055,7.195485,7.195485,7.195485,7.195485,0.015968,0.000637,1.799666,7.894405,0.2325,-7.903183,1.0,0.972302,1.702134,1.927748,2.160242,0.2325,15360.0,3.493628,1.918632,2.708992,0.79036,1008.0,14934.564453,1024.0,1024.0,96.05233,73000,64.0,1999.3
73800,4300,1497.084,70.61396,57.862007,0.526098,0.020536,7.192934,7.192934,7.192934,7.192934,0.01761,0.000582,1.687619,8.029881,0.215255,-8.021688,1.0,0.97244,1.602436,1.957974,2.173229,0.215255,15360.0,3.343442,1.952439,2.707796,0.755356,1008.0,14936.670898,1024.0,1024.0,118.470268,73800,64.0,1999.3
74600,4350,1514.124,69.454659,56.272575,0.508364,0.020508,7.530692,7.530692,7.530692,7.530692,0.017467,0.000496,1.789088,7.919083,0.231527,-7.900876,1.0,0.973478,1.603953,1.981689,2.213212,0.231527,15360.0,3.254707,1.973739,2.760528,0.786789,1008.0,14952.624023,1024.0,1024.0,158.542084,74600,64.0,1999.3
75400,4400,1549.241,72.49884,59.660492,0.544363,0.020507,7.599404,7.599404,7.599404,7.599404,0.01897,0.000489,1.583248,7.737059,0.209501,-7.729784,1.0,0.972776,1.472983,2.008855,2.218356,0.209501,15360.0,2.859677,2.009338,2.704965,0.695627,1008.0,14941.841797,1024.0,1024.0,95.492584,75400,64.0,1999.3
76200,4450,1566.33,66.532295,53.937878,0.48142,0.020492,7.198848,7.198848,7.198848,7.198848,0.01465,0.000432,1.824977,7.857287,0.236794,-7.850611,1.0,0.973965,1.472427,2.036193,2.272985,0.236794,15360.0,2.921235,2.034862,2.770007,0.735145,1008.0,14960.105469,1024.0,1024.0,119.006592,76200,64.0,1999.3
77000,4500,1583.324,67.139488,55.028618,0.457806,0.020509,7.161415,7.161415,7.161415,7.161415,0.018595,0.000493,1.512797,7.609238,0.204209,-7.582705,1.0,0.972967,1.44871,2.0645,2.268709,0.204209,15360.0,2.644983,2.064876,2.72674,0.661864,1008.0,14944.765625,1024.0,1024.0,143.070084,77000,64.0,1999.3
77800,4550,1600.247,65.728691,53.119522,0.482614,0.0205,7.017587,7.017587,7.017587,7.017587,0.01535,0.000468,1.869546,7.782048,0.24411,-7.780388,1.0,0.973353,1.618907,2.098851,2.342961,0.24411,15360.0,2.994209,2.101012,2.869855,0.768843,1008.0,14950.701172,1024.0,1024.0,114.677803,77800,64.0,1999.3
78600,4600,1617.344,65.070107,51.975311,0.542442,0.020502,7.372848,7.372848,7.372848,7.372848,0.017415,0.00048,1.805863,7.946386,0.231101,-7.952003,1.0,0.973688,1.65764,2.132779,2.363879,0.231101,15360.0,3.194038,2.135031,2.949734,0.814703,1008.0,14955.854492,1024.0,1024.0,100.658997,78600,64.0,1999.3
79400,4650,1634.447,71.574883,57.636505,0.522154,0.020521,7.836706,7.836706,7.836706,7.836706,0.015268,0.000537,2.078043,8.01685,0.263416,-8.051956,1.0,0.974072,1.762622,2.168212,2.431628,0.263416,15360.0,3.115547,2.162635,2.944808,0.782173,1008.0,14961.742188,1024.0,1024.0,127.819969,79400,64.0,1999.3
80200,4700,1651.386,62.886551,50.21043,0.457111,0.020504,7.208224,7.208224,7.208224,7.208224,0.013767,0.000476,1.719193,7.591695,0.231986,-7.584128,1.0,0.973737,1.733567,2.207405,2.439391,0.231986,15360.0,2.722339,2.210825,2.843776,0.632951,1008.0,14956.603516,1024.0,1024.0,147.86264,80200,64.0,1999.3
81000,4750,1668.273,71.016792,57.360405,0.538698,0.020513,7.624207,7.624207,7.624207,7.624207,0.016797,0.000505,1.960019,8.123239,0.245251,-8.119381,1.0,0.974401,1.766035,2.245742,2.490993,0.245251,15360.0,3.281646,2.249612,3.066583,0.816971,1008.0,14966.793945,1024.0,1024.0,152.69101,81000,64.0,1999.3
81800,4800,1685.184,65.384926,51.759377,0.515885,0.020508,7.758711,7.758711,7.758711,7.758711,0.016669,0.000506,1.836745,7.761308,0.239561,-7.763162,1.0,0.973931,1.749344,2.282375,2.521936,0.239561,15360.0,3.228283,2.285773,3.089252,0.803479,1008.0,14959.574219,1024.0,1024.0,125.189194,81800,64.0,1999.3
82600,4850,1702.21,65.859398,52.128128,0.486091,0.020487,7.789413,7.789413,7.789413,7.789413,0.014803,0.000418,1.964291,7.911263,0.253054,-7.892533,1.0,0.975183,1.764845,2.324582,2.577636,0.253054,15360.0,3.09068,2.325336,3.086897,0.761562,1008.0,14978.810547,1024.0,1024.0,111.495285,82600,64.0,1999.3
83400,4900,1719.173,68.509331,55.489887,0.513234,0.020571,7.099478,7.099478,7.099478,7.099478,0.015674,0.000716,1.990316,8.06513,0.252744,-8.041253,1.0,0.972159,1.739172,2.361003,2.613747,0.252744,15360.0,3.155747,2.360157,3.158569,0.798412,1008.0,14932.367188,1024.0,1024.0,151.216736,83400,64.0,1999.3
84200,4950,1736.204,65.543922,52.655746,0.481969,0.020536,7.372105,7.372105,7.372105,7.372105,0.013516,0.000586,1.769812,7.805158,0.230413,-7.820315,1.0,0.973616,1.64552,2.396804,2.627215,0.230413,15360.0,2.870093,2.401019,3.095147,0.694128,1008.0,14954.735352,1024.0,1024.0,136.648621,84200,64.0,1999.3
85000,5000,1753.198,67.063812,54.06736,0.425494,0.020508,7.613886,7.613886,7.613886,7.613886,0.013445,0.000468,1.778437,7.503191,0.240282,-7.513079,1.0,0.97455,1.627766,2.434766,2.675045,0.240282,15360.0,2.563244,2.437495,3.044411,0.606917,1008.0,14969.091797,1024.0,1024.0,147.126511,85000,64.0,1999.3
85800,5050,1770.13,60.299583,47.567848,0.427031,0.020515,7.402671,7.402671,7.402671,7.402671,0.011876,0.000482,1.827393,7.646805,0.243981,-7.64149,1.0,0.975228,1.589417,2.473535,2.717514,0.243981,15360.0,2.414788,2.474502,3.066763,0.592261,1008.0,14979.503906,1024.0,1024.0,101.911728,85800,64.0,1999.3
86600,5100,1787.072,64.670189,51.440147,0.490666,0.020479,7.920009,7.920009,7.920009,7.920009,0.013893,0.000387,1.757253,7.62798,0.233147,-7.629714,1.0,0.975612,1.472395,2.498461,2.731607,0.233147,15360.0,2.590781,2.508023,3.183014,0.674991,1008.0,14985.400391,1024.0,1024.0,106.132874,86600,64.0,1999.3
87400,5150,1804.097,63.958336,50.405052,0.504468,0.020509,7.785688,7.785688,7.785688,7.785688,0.013892,0.000492,2.125732,7.770403,0.276726,-7.752967,1.0,0.97478,1.491805,2.534868,2.811594,0.276726,15360.0,2.821728,2.529478,3.362058,0.83258,1008.0,14972.620117,1024.0,1024.0,105.59626,87400,64.0,1999.3
88200,5200,1820.966,65.290619,52.47271,0.52591,0.020511,7.176558,7.176558,7.176558,7.176558,0.013248,0.000512,2.097506,8.038709,0.264716,-8.055449,1.0,0.973962,1.440823,2.5647,2.829416,0.264716,15360.0,2.796496,2.563398,3.403002,0.839604,1008.0,14960.0625,1024.0,1024.0,159.997711,88200,64.0,1999.3
89000,5250,1837.975,63.499767,50.325562,0.51156,0.02049,7.529015,7.529015,7.529015,7.529015,0.015212,0.000431,2.045044,7.639007,0.270688,-7.628876,1.0,0.975312,1.502045,2.591393,2.862081,0.270688,15360.0,2.710503,2.593218,3.403382,0.810164,1008.0,14980.786133,1024.0,1024.0,101.557648,89000,64.0,1999.3
89800,5300,1854.915,66.859177,53.244335,0.474339,0.02053,8.011005,8.011005,8.011005,8.011005,0.012721,0.000563,2.009806,7.633147,0.263932,-7.65864,1.0,0.974283,1.535894,2.619553,2.883485,0.263932,15360.0,2.540542,2.619983,3.349148,0.729164,1008.0,14964.987305,1024.0,1024.0,121.652473,89800,64.0,1999.3
90600,5350,1871.591,62.21328,48.948547,0.509919,0.020497,7.609664,7.609664,7.609664,7.609664,0.015128,0.000471,1.923834,7.659277,0.254089,-7.667895,1.0,0.974695,1.589559,2.65671,2.910799,0.254089,15360.0,2.834306,2.657378,3.485687,0.82831,1008.0,14971.314453,1024.0,1024.0,111.039047,90600,64.0,1999.3
91400,5400,1888.457,65.897484,52.309441,0.53695,0.020498,7.501085,7.501085,7.501085,7.501085,0.01479,0.000474,2.203609,8.036068,0.278083,-8.025431,1.0,0.975262,1.67379,2.69752,2.975602,0.278083,15360.0,3.006671,2.698252,3.56133,0.863078,1008.0,14980.017578,1024.0,1024.0,112.952103,91400,64.0,1999.3
92200,5450,1905.444,65.799904,51.890923,0.511818,0.020513,8.070616,8.070616,8.070616,8.070616,0.015695,0.000484,1.964382,7.311764,0.272224,-7.305797,1.0,0.97437,1.680759,2.730407,3.002629,0.272224,15360.0,2.846109,2.728935,3.531496,0.80256,1008.0,14966.316406,1024.0,1024.0,103.236458,92200,64.0,1999.3
93000,5500,1922.194,64.963318,51.421253,0.5065,0.020497,7.849912,7.849912,7.849912,7.849912,0.01458,0.000465,1.897169,7.549111,0.255981,-7.544097,1.0,0.974908,1.673908,2.768502,3.02448,0.255981,15360.0,2.696975,2.769974,3.488425,0.718451,1008.0,14974.585938,1024.0,1024.0,202.69545,93000,64.0,1999.3
93800,5550,1938.985,77.08931,62.51812,0.688654,0.020529,7.99634,7.99634,7.99634,7.99634,0.029242,0.000522,2.213093,7.466928,0.297723,-7.472495,1.0,0.974278,1.748469,2.807353,3.105076,0.297723,15360.0,3.681561,2.80492,3.973651,1.168731,1008.0,14964.912109,1024.0,1024.0,185.390442,93800,64.0,1999.3
94600,5600,1956.146,56.1819,42.785965,0.55975,0.02049,7.033697,7.033697,7.033697,7.033697,0.014787,0.000437,2.355507,7.98957,0.300313,-7.986664,1.0,0.975222,1.755982,2.848618,3.148926,0.300313,15360.0,3.223814,2.841181,3.765113,0.923932,1008.0,14979.411133,1024.0,1024.0,94.61145,94600,64.0,1999.3
95400,5650,1973.073,55.565647,42.043556,0.486351,0.020485,7.401101,7.401101,7.401101,7.401101,0.015762,0.000418,2.238708,7.639257,0.296177,-7.619874,1.0,0.975578,1.726182,2.88324,3.179418,0.296177,15360.0,3.030519,2.884135,3.734769,0.850634,1008.0,14984.876953,1024.0,1024.0,125.856285,95400,64.0,1999.3
96200,5700,1990.148,60.753895,47.156036,0.486344,0.020483,7.905574,7.905574,7.905574,7.905574,0.015732,0.000405,1.904157,7.210376,0.267854,-7.20939,1.0,0.975855,1.650201,2.920506,3.188359,0.267854,15360.0,2.801795,2.920612,3.692512,0.7719,1008.0,14989.130859,1024.0,1024.0,130.386993,96200,64.0,1999.3
97000,5750,2007.033,60.163265,46.941345,0.520316,0.020504,7.203485,7.203485,7.203485,7.203485,0.014985,0.000487,2.188955,7.719681,0.287038,-7.744102,1.0,0.974871,1.669021,2.962585,3.249621,0.287038,15360.0,2.997631,2.96004,3.824343,0.864304,1008.0,14974.014648,1024.0,1024.0,92.490791,97000,64.0,1999.3
97800,5800,2024.002,57.9702,45.085396,0.503747,0.020511,7.263241,7.263241,7.263241,7.263241,0.014747,0.000479,1.955085,7.356215,0.268251,-7.384398,1.0,0.974947,1.595151,3.000581,3.268828,0.268251,15360.0,2.735815,3.005916,3.776328,0.770411,1008.0,14975.1875,1024.0,1024.0,116.607872,97800,64.0,1999.3
98600,5850,2040.838,58.044254,44.893631,0.495999,0.020505,7.614738,7.614738,7.614738,7.614738,0.015291,0.00047,1.924425,7.506124,0.260903,-7.51484,1.0,0.97535,1.542905,3.048275,3.309175,0.260903,15360.0,2.635261,3.051185,3.812853,0.761667,1008.0,14981.376953,1024.0,1024.0,104.4813,98600,64.0,1999.3
99400,5900,2057.905,71.63269,58.008259,0.56069,0.020515,7.753551,7.753551,7.753505,7.753505,0.023381,0.000521,2.159838,7.878923,0.278669,-7.880058,1.0,0.97405,1.51025,3.09993,3.378593,0.278669,15360.0,2.814109,3.103353,4.016001,0.912648,1008.0,14961.399414,1024.0,1024.0,128.8004,99400,64.0,1999.3
100200,5950,2093.495,62.138851,48.866932,0.505836,0.020473,7.852482,7.852482,7.852482,7.852482,0.016149,0.00035,1.988865,7.534451,0.26962,-7.547333,1.0,0.976171,1.387389,3.144937,3.414556,0.26962,15360.0,2.438747,3.156599,3.949778,0.793179,1008.0,14993.984375,1024.0,1024.0,149.243515,100200,64.0,1999.3
101000,6000,2110.493,60.826588,47.69648,0.485906,0.020503,7.669815,7.669815,7.669815,7.669815,0.015587,0.000483,2.097714,7.432815,0.284654,-7.408345,1.0,0.974796,1.381756,3.186949,3.471595,0.284654,15360.0,2.358104,3.202059,3.962467,0.760408,1008.0,14972.869141,1024.0,1024.0,120.082741,101000,64.0,1999.3
101800,6050,2127.483,58.716225,45.33577,0.569209,0.020479,7.562387,7.562387,7.562387,7.562387,0.018526,0.00038,2.152726,7.810422,0.27717,-7.848719,1.0,0.975756,1.476702,3.250723,3.527883,0.27717,15360.0,2.809044,3.25681,4.189371,0.932561,1008.0,14987.614258,1024.0,1024.0,101.024864,101800,64.0,1999.3
102600,6100,2144.61,59.17577,44.855164,0.545714,0.020489,7.995047,7.995047,7.995047,7.995047,0.018007,0.000424,2.477365,7.672458,0.32286,-7.689963,1.0,0.975605,1.609557,3.309136,3.631979,0.32286,15360.0,2.909776,3.322258,4.286415,0.964156,1008.0,14985.292969,1024.0,1024.0,91.895866,102600,64.0,1999.3
103400,6150,2161.625,56.661205,43.24926,0.58814,0.02049,7.353664,7.353664,7.353664,7.353664,0.017197,0.000419,2.179107,7.86587,0.28011,-7.858581,1.0,0.97552,1.615184,3.378325,3.65839,0.28011,15360.0,3.066651,3.389778,4.365981,0.976204,1008.0,14983.979492,1024.0,1024.0,125.787071,103400,64.0,1999.3
104200,6200,2178.628,59.195869,45.888756,0.503468,0.020489,7.698178,7.698178,7.698178,7.698178,0.01426,0.000427,1.953753,7.688248,0.257495,-7.685404,1.0,0.975342,1.599255,3.437587,3.695007,0.257495,15360.0,2.540506,3.457384,4.199909,0.742525,1008.0,14981.251953,1024.0,1024.0,131.073898,104200,64.0,1999.3
105000,6250,2195.795,51.73439,38.780991,0.569456,0.020487,7.2257,7.2257,7.225579,7.225579,0.015858,0.000419,1.970265,7.869961,0.252839,-7.86972,1.0,0.975338,1.592613,3.503023,3.755796,0.252839,15360.0,2.841045,3.51738,4.374249,0.856869,1008.0,14981.18457,1024.0,1024.0,129.976349,105000,64.0,1999.3
105800,6300,2212.831,64.098213,49.908928,0.551683,0.020506,7.88788,7.88788,7.887592,7.887592,0.01865,0.000494,2.373604,7.86442,0.306243,-7.874858,1.0,0.97535,1.645477,3.571077,3.877296,0.306243,15360.0,3.071175,3.57484,4.54787,0.97303,1008.0,14981.375,1024.0,1024.0,101.489098,105800,64.0,1999.3
106600,6350,2229.871,58.575462,44.798622,0.544057,0.020479,8.065617,8.065617,8.06525,8.06525,0.015904,0.000383,1.963258,7.588753,0.259034,-7.616211,1.0,0.976162,1.537826,3.610909,3.869828,0.259034,15360.0,2.796808,3.624029,4.481941,0.857911,1008.0,14993.853516,1024.0,1024.0,129.428116,106600,64.0,1999.3
107400,6400,2247.0,70.271805,56.196968,0.541693,0.020489,8.781833,8.781833,8.781833,8.781833,0.01933,0.000423,1.692705,7.381922,0.234072,-7.390531,1.0,0.975265,1.422323,3.665663,3.899628,0.234072,15360.0,2.458709,3.679117,4.391523,0.712406,1008.0,14980.066406,1024.0,1024.0,134.982986,107400,64.0,1999.3
108200,6450,2264.054,54.128147,41.404121,0.519046,0.020478,7.321286,7.321286,7.32076,7.32076,0.013563,0.000366,1.947876,7.539843,0.26351,-7.525805,1.0,0.975863,1.400887,3.724961,3.988436,0.26351,15360.0,2.607749,3.730314,4.550271,0.819956,1008.0,14989.25293,1024.0,1024.0,113.426033,108200,64.0,1999.3
109000,6500,2281.239,62.264614,47.9636,0.54662,0.020483,8.301267,8.301267,8.301267,8.301267,0.016178,0.000397,2.369687,7.407892,0.319294,-7.42914,1.0,0.975669,1.438591,3.770298,4.089578,0.319294,15360.0,2.64748,3.765118,4.654456,0.889338,1008.0,14986.28125,1024.0,1024.0,127.00544,109000,64.0,1999.3
109800,6550,2298.191,56.790218,43.223423,0.488593,0.020476,8.357939,8.357939,8.357939,8.357939,0.014033,0.000364,1.947851,7.424188,0.268246,-7.431256,1.0,0.976257,1.256133,3.812353,4.080595,0.268246,15360.0,2.200035,3.806583,4.545068,0.738485,1008.0,14995.305664,1024.0,1024.0,92.376335,109800,64.0,1999.3
110600,6600,2315.081,59.101349,45.627083,0.500883,0.020517,7.96665,7.96665,7.96665,7.96665,0.013795,0.000453,2.306804,7.563713,0.311996,-7.555624,1.0,0.975727,1.241609,3.843584,4.155579,0.311996,15360.0,2.137138,3.831768,4.5963,0.764531,1008.0,14987.169922,1024.0,1024.0,134.139496,110600,64.0,1999.3
111400,6650,2332.187,57.015606,43.551537,0.48326,0.020476,8.195243,8.195243,8.1951,8.1951,0.012952,0.000362,2.131503,7.404284,0.294805,-7.405555,1.0,0.976165,1.185805,3.869443,4.164247,0.294805,15360.0,2.094191,3.852678,4.651347,0.798669,1008.0,14993.887695,1024.0,1024.0,111.254707,111400,64.0,1999.3
112200,6700,2348.894,56.458073,43.351929,0.523963,0.020476,7.651238,7.651238,7.651123,7.651123,0.014807,0.000367,2.196838,7.298097,0.305456,-7.298152,1.0,0.975952,1.261128,3.901335,4.206791,0.305456,15360.0,2.291252,3.888292,4.776435,0.888143,1008.0,14990.621094,1024.0,1024.0,102.26799,112200,64.0,1999.3
113000,6750,2365.773,59.648964,45.890804,0.543067,0.020489,8.073477,8.073477,8.073477,8.073477,0.01791,0.000398,2.285331,7.610779,0.303905,-7.610646,1.0,0.975716,1.332419,3.939766,4.243671,0.303905,15360.0,2.320082,3.92606,4.800297,0.874237,1008.0,14986.991211,1024.0,1024.0,106.168091,113000,64.0,1999.3
113800,6800,2382.714,47.439823,35.599789,0.561326,0.020471,6.741675,6.741675,6.741343,6.741343,0.013576,0.00034,1.808354,7.304969,0.251349,-7.301964,1.0,0.975868,1.347528,3.981938,4.233287,0.251349,15360.0,2.288376,3.977721,4.808329,0.830607,1008.0,14989.333984,1024.0,1024.0,105.730179,113800,64.0,1999.3
114600,6850,2399.801,55.286644,42.118198,0.517507,0.020484,7.803398,7.803398,7.803396,7.803396,0.015689,0.000374,1.883548,6.825549,0.281176,-6.823402,1.0,0.975301,1.425871,4.020393,4.30157,0.281176,15360.0,2.45767,4.021509,4.874539,0.85303,1008.0,14980.618164,1024.0,1024.0,130.180862,114600,64.0,1999.3
115400,6900,2416.917,53.332085,41.767105,0.564759,0.020479,6.255716,6.255716,6.255045,6.255045,0.015851,0.00038,1.904211,7.481437,0.261658,-7.489105,1.0,0.975009,1.467857,4.068481,4.330138,0.261658,15360.0,2.421278,4.062479,4.918722,0.856244,1008.0,14976.136719,1024.0,1024.0,116.54924,115400,64.0,1999.3
116200,6950,2433.828,56.473789,43.065147,0.485804,0.020472,8.276006,8.276006,8.276006,8.276006,0.012669,0.00034,1.712719,6.906123,0.254463,-6.889326,1.0,0.975966,1.481633,4.108799,4.363258,0.254463,15360.0,2.014691,4.112824,4.772575,0.659751,1008.0,14990.832031,1024.0,1024.0,127.865768,116200,64.0,1999.3
117000,7000,2450.638,57.982361,43.928513,0.552924,0.020469,8.402685,8.402685,8.402578,8.402578,0.0168,0.000326,1.983475,7.239336,0.277994,-7.232503,1.0,0.97644,1.527099,4.15769,4.43567,0.277994,15360.0,2.423085,4.154709,4.964461,0.809752,1008.0,14998.117188,1024.0,1024.0,138.298233,117000,64.0,1999.3
117800,7050,2467.583,58.381729,44.476372,0.472951,0.020468,8.584069,8.584069,8.584069,8.584069,0.014091,0.00032,1.808117,6.994052,0.265256,-6.984639,1.0,0.976243,1.509939,4.206211,4.471465,0.265256,15360.0,2.171372,4.204525,4.891788,0.687262,1008.0,14995.091797,1024.0,1024.0,126.82029,117800,64.0,1999.3
118600,7100,2484.661,49.34549,36.294662,0.551753,0.020473,7.168334,7.168334,7.167918,7.167918,0.014593,0.000345,2.239585,7.4479,0.304788,-7.474376,1.0,0.975947,1.52887,4.255029,4.559809,0.304788,15360.0,2.749919,4.247906,5.165925,0.918019,1008.0,14990.552734,1024.0,1024.0,176.334564,118600,64.0,1999.3
119400,7150,2501.772,50.952805,38.225521,0.499562,0.020469,7.63564,7.63564,7.634966,7.634966,0.011241,0.000328,1.700982,7.197891,0.240744,-7.237495,1.0,0.976069,1.448765,4.295481,4.536199,0.240744,15360.0,2.19434,4.297845,4.977539,0.679693,1008.0,14992.414062,1024.0,1024.0,108.850998,119400,64.0,1999.3
120200,7200,2518.805,54.971405,41.492538,0.513411,0.020467,7.85451,7.85451,7.854336,7.854336,0.0145,0.000313,2.090979,7.209348,0.291,-7.216803,1.0,0.976417,1.481203,4.33819,4.629176,0.291,15360.0,2.442812,4.326316,5.124061,0.797745,1008.0,14997.761719,1024.0,1024.0,102.799545,120200,64.0,1999.3
121000,7250,2535.945,56.070194,42.477264,0.51283,0.020469,8.026596,8.026596,8.026596,8.026596,0.013651,0.000334,2.070127,7.268661,0.294755,-7.237111,1.0,0.975936,1.438454,4.381686,4.676428,0.294755,15360.0,2.405996,4.372364,5.16307,0.790705,1008.0,14990.370117,1024.0,1024.0,117.531075,121000,64.0,1999.3
121800,7300,2553.001,55.630119,42.043751,0.46639,0.020474,8.229758,8.229758,8.229474,8.229474,0.014214,0.000321,1.951364,6.903811,0.290034,-6.901974,1.0,0.975737,1.403642,4.420367,4.710384,0.290034,15360.0,2.305878,4.413862,5.155988,0.742125,1008.0,14987.316406,1024.0,1024.0,131.439285,121800,64.0,1999.3
122600,7350,2570.075,51.682163,38.795227,0.563926,0.020469,7.494994,7.494994,7.494884,7.494884,0.016301,0.000329,1.93341,7.096449,0.280064,-7.104332,1.0,0.97577,1.354015,4.460891,4.740938,0.280064,15360.0,2.568732,4.452282,5.336735,0.884453,1008.0,14987.826172,1024.0,1024.0,103.253189,122600,64.0,1999.3
123400,7400,2587.165,43.586559,32.443962,0.561588,0.020469,5.999157,5.999157,5.998814,5.998814,0.012257,0.00032,1.928331,7.317323,0.269431,-7.30481,1.0,0.975898,1.303415,4.509681,4.779104,0.269431,15360.0,2.4324,4.506324,5.346801,0.840478,1008.0,14989.786133,1024.0,1024.0,165.722122,123400,64.0,1999.3
124200,7450,2604.233,52.328899,39.333305,0.509233,0.020468,7.682803,7.682803,7.682499,7.682499,0.012762,0.000317,2.0592,7.243858,0.288703,-7.265514,1.0,0.975893,1.28943,4.548586,4.837282,0.288703,15360.0,2.220593,4.542382,5.317335,0.774953,1008.0,14989.720703,1024.0,1024.0,108.860855,124200,64.0,1999.3
125000,7500,2621.221,55.780247,43.010708,0.572406,0.02047,7.721654,7.721654,7.721514,7.721514,0.019404,0.000325,1.778587,6.942547,0.264852,-6.961544,1.0,0.97571,1.205954,4.589776,4.854615,0.264852,15360.0,2.327669,4.590144,5.455523,0.865379,1008.0,14986.902344,1024.0,1024.0,113.601814,125000,64.0,1999.3
125800,7550,2657.307,41.522552,29.878824,0.502294,0.020469,6.723916,6.723916,6.723119,6.723119,0.010396,0.000316,1.972296,6.964529,0.292037,-6.936711,1.0,0.975713,1.18572,4.638911,4.930926,0.292037,15360.0,1.888813,4.643942,5.359161,0.715219,1008.0,14986.951172,1024.0,1024.0,109.375557,125800,64.0,1999.3
126600,7600,2674.077,60.544754,46.853722,0.539442,0.020481,8.863272,8.863272,8.863262,8.863262,0.016036,0.000361,1.761388,7.141602,0.248985,-7.145392,1.0,0.975819,1.022254,4.669071,4.918035,0.248985,15360.0,1.992903,4.670513,5.444078,0.773565,1008.0,14988.573242,1024.0,1024.0,137.479645,126600,64.0,1999.3
127400,7650,2691.215,48.428509,36.516808,0.51586,0.020472,6.998895,6.998895,6.998878,6.998878,0.010803,0.000341,1.995973,6.924441,0.293815,-6.908709,1.0,0.975621,1.110583,4.714511,5.008306,0.293815,15360.0,1.900092,4.721165,5.500338,0.779173,1008.0,14985.530273,1024.0,1024.0,95.920509,127400,64.0,1999.3
128200,7700,2708.23,57.404423,43.969498,0.472843,0.020464,8.712328,8.712328,8.712105,8.712105,0.011813,0.000301,1.756497,6.87208,0.261471,-6.867166,1.0,0.975936,1.118898,4.751266,5.012687,0.261471,15360.0,1.60887,4.767075,5.364834,0.597759,1008.0,14990.380859,1024.0,1024.0,162.017288,128200,64.0,1999.3
129000,7750,2725.224,59.011074,45.249851,0.5967,0.020471,8.319338,8.319338,8.319334,8.319334,0.021402,0.000325,2.036623,6.853865,0.303487,-6.846205,1.0,0.975382,1.266154,4.804336,5.107771,0.303487,15360.0,2.300032,4.819286,5.735828,0.916542,1008.0,14981.868164,1024.0,1024.0,111.031921,129000,64.0,1999.3
129800,7800,2742.13,51.951656,38.508099,0.530059,0.020463,8.106174,8.106174,8.105898,8.105898,0.013856,0.0003,1.973362,6.843836,0.290511,-6.843821,1.0,0.976054,1.343141,4.858375,5.148818,0.290511,15360.0,2.199149,4.879518,5.695705,0.816187,1008.0,14992.183594,1024.0,1024.0,100.262184,129800,64.0,1999.3
130600,7850,2758.813,56.333157,42.875153,0.52616,0.020469,7.936709,7.936709,7.936709,7.936709,0.014541,0.000323,2.11331,6.763313,0.31447,-6.747914,1.0,0.976048,1.417661,4.914534,5.228867,0.31447,15360.0,2.166741,4.941027,5.745086,0.804058,1008.0,14992.100586,1024.0,1024.0,109.126678,130600,64.0,1999.3
131400,7900,2775.623,52.623764,39.056946,0.518123,0.020467,8.1281,8.1281,8.128006,8.128006,0.012787,0.00031,2.008102,6.92046,0.295321,-6.938333,1.0,0.975537,1.446498,4.985923,5.281039,0.295321,15360.0,2.109052,5.013646,5.753389,0.739743,1008.0,14984.251953,1024.0,1024.0,112.140739,131400,64.0,1999.3
132200,7950,2792.345,61.436188,47.201221,0.571947,0.020462,8.680105,8.680105,8.679611,8.679611,0.019545,0.000279,1.936444,6.79179,0.289274,-6.787481,1.0,0.975838,1.469962,5.038197,5.327193,0.289274,15360.0,2.293434,5.058063,5.860746,0.802683,1008.0,14988.876953,1024.0,1024.0,154.16803,132200,64.0,1999.3
133000,8000,2809.003,54.823608,41.099274,0.549139,0.02046,8.246751,8.246751,8.246232,8.246232,0.013508,0.000273,1.917074,6.929012,0.280626,-6.920911,1.0,0.976157,1.48541,5.109227,5.389612,0.280626,15360.0,2.26941,5.127722,5.930145,0.802423,1008.0,14993.771484,1024.0,1024.0,119.28727,133000,64.0,1999.3
133800,8050,2825.657,53.865643,40.454914,0.541399,0.020466,7.959546,7.959546,7.95875,7.95875,0.014909,0.000303,1.970671,6.723693,0.298659,-6.730606,1.0,0.975706,1.462198,5.161402,5.459738,0.298659,15360.0,2.201634,5.179752,5.93293,0.753178,1008.0,14986.838867,1024.0,1024.0,127.320969,133800,64.0,1999.3
134600,8100,2842.366,57.792953,43.44529,0.561526,0.020464,8.47904,8.47904,8.478625,8.478625,0.018091,0.000287,2.175348,6.742159,0.325909,-6.746076,1.0,0.97577,1.495996,5.222204,5.547684,0.325909,15360.0,2.557955,5.235161,6.176241,0.94108,1008.0,14987.823242,1024.0,1024.0,119.275696,134600,64.0,1999.3
135400,8150,2859.15,58.989563,44.410347,0.565572,0.020461,8.955372,8.955372,8.955325,8.955325,0.018117,0.000276,1.982568,6.792496,0.297874,-6.781539,1.0,0.976044,1.457382,5.266352,5.563582,0.297874,15360.0,2.341075,5.275147,6.125951,0.850804,1008.0,14992.033203,1024.0,1024.0,150.752777,135400,64.0,1999.3
136200,8200,2876.021,52.815342,39.115093,0.600375,0.020463,8.308867,8.308867,8.308867,8.308867,0.019851,0.000282,1.890445,6.682708,0.296422,-6.661465,1.0,0.975776,1.390129,5.324605,5.620138,0.296422,15360.0,2.196936,5.335644,6.144055,0.808411,1008.0,14987.923828,1024.0,1024.0,148.140732,136200,64.0,1999.3
137000,8250,2892.889,41.178032,29.749939,0.556171,0.020461,6.266778,6.266778,6.266374,6.266374,0.014034,0.000277,1.933309,6.661854,0.300462,-6.684655,1.0,0.975931,1.362184,5.37169,5.671602,0.300462,15360.0,2.208367,5.335338,6.201869,0.866531,1008.0,14990.297852,1024.0,1024.0,78.11116,137000,64.0,1999.3
137800,8300,2909.406,49.900841,36.28083,0.478982,0.020458,8.311136,8.311136,8.310949,8.310949,0.013537,0.000261,2.041062,6.419706,0.32493,-6.438359,1.0,0.975737,1.332759,5.425782,5.750469,0.32493,15360.0,2.014999,5.425929,6.166456,0.740528,1008.0,14987.318359,1024.0,1024.0,109.944633,137800,64.0,1999.3
138600,8350,2926.372,54.316288,41.381088,0.489353,0.020464,8.143187,8.143187,8.142882,8.142882,0.011528,0.000287,1.745503,6.640396,0.270907,-6.621165,1.0,0.975788,1.186509,5.465536,5.736224,0.270907,15360.0,1.786201,5.465127,6.10604,0.640913,1008.0,14988.101562,1024.0,1024.0,177.309357,138600,64.0,1999.3
139400,8400,2943.01,40.617054,28.924898,0.521319,0.020459,6.231559,6.231559,6.230421,6.230421,0.011743,0.000266,2.375955,6.404367,0.38293,-6.391994,1.0,0.976038,1.288625,5.517923,5.900823,0.38293,15360.0,2.103603,5.453866,6.375294,0.921428,1008.0,14991.941406,1024.0,1024.0,130.689285,139400,64.0,1999.3
140200,8450,2959.84,57.942238,43.104424,0.49964,0.020457,9.326178,9.326178,9.326082,9.326082,0.012587,0.000246,2.332536,6.671294,0.356736,-6.652142,1.0,0.97568,1.186344,5.558711,5.915375,0.356736,15360.0,1.800146,5.548688,6.273552,0.724864,1008.0,14986.446289,1024.0,1024.0,152.91124,140200,64.0,1999.3
141000,8500,2976.547,54.611576,40.577892,0.487675,0.02046,8.808213,8.808213,8.808125,8.808125,0.012866,0.000268,2.171818,6.36405,0.348033,-6.396977,1.0,0.975714,1.105772,5.592118,5.940087,0.348033,15360.0,1.863083,5.591561,6.381243,0.789682,1008.0,14986.96875,1024.0,1024.0,147.360229,141000,64.0,1999.3
141800,8550,2993.345,48.01593,35.345779,0.516235,0.02046,7.925586,7.925586,7.925148,7.925148,0.013364,0.000267,1.93272,6.273865,0.317087,-6.268511,1.0,0.976017,0.98528,5.621729,5.938781,0.317087,15360.0,1.657719,5.624043,6.380233,0.75619,1008.0,14991.617188,1024.0,1024.0,154.018494,141800,64.0,1999.3
142600,8600,3010.425,50.573307,37.617161,0.522835,0.020459,7.832487,7.832487,7.831079,7.831079,0.013862,0.000264,2.238963,6.472557,0.352646,-6.464825,1.0,0.975568,1.024631,5.654687,6.007298,0.352646,15360.0,1.778397,5.656866,6.487173,0.830308,1008.0,14984.720703,1024.0,1024.0,101.688225,142600,64.0,1999.3
143400,8650,3027.513,48.448299,35.542633,0.541153,0.02046,7.453299,7.453299,7.453224,7.453224,0.014448,0.000268,2.401688,6.262877,0.388318,-6.253561,1.0,0.975907,1.159189,5.710809,6.099114,0.388318,15360.0,1.948484,5.718464,6.659367,0.940903,1008.0,14989.923828,1024.0,1024.0,119.63295,143400,64.0,1999.3
144200,8700,3044.54,44.843452,32.502281,0.501793,0.020456,7.420172,7.420172,7.419209,7.419209,0.010198,0.000235,2.034948,6.231181,0.333436,-6.252299,1.0,0.97571,1.138604,5.745344,6.078709,0.333436,15360.0,1.6106,5.764613,6.474107,0.709495,1008.0,14986.912109,1024.0,1024.0,88.347931,144200,64.0,1999.3
145000,8750,3061.632,52.791569,38.92392,0.530084,0.020464,8.114801,8.114801,8.114441,8.114441,0.016253,0.000284,2.489146,6.402493,0.399732,-6.39783,1.0,0.97547,1.271933,5.797799,6.197293,0.399732,15360.0,2.099146,5.816226,6.741732,0.925507,1008.0,14983.217773,1024.0,1024.0,122.971611,145000,64.0,1999.3
145800,8800,3078.549,44.692657,31.927013,0.581788,0.020457,7.544328,7.544328,7.543806,7.543806,0.016555,0.00025,1.952632,6.170369,0.325175,-6.16716,1.0,0.975816,1.292986,5.858453,6.183515,0.325175,15360.0,2.063402,5.888091,6.782192,0.894102,1008.0,14988.537109,1024.0,1024.0,145.567688,145800,64.0,1999.3
146600,8850,3095.679,50.021065,37.027775,0.505714,0.020458,7.761604,7.761604,7.759771,7.759771,0.012633,0.000255,2.027525,6.331289,0.32369,-6.34377,1.0,0.975731,1.327198,5.898699,6.222122,0.32369,15360.0,1.915437,5.915784,6.667981,0.752197,1008.0,14987.226562,1024.0,1024.0,138.303177,146600,64.0,1999.3
147400,8900,3112.687,49.55809,36.049477,0.510819,0.020454,8.199883,8.199883,8.19949,8.19949,0.011765,0.00023,2.014665,6.274601,0.327861,-6.261827,1.0,0.975884,1.383368,5.968801,6.296456,0.327861,15360.0,1.864786,6.003322,6.678532,0.675211,1008.0,14989.580078,1024.0,1024.0,134.776627,147400,64.0,1999.3
148200,8950,3129.835,51.828499,37.962364,0.497177,0.020455,8.505021,8.505021,8.504623,8.504623,0.012797,0.000231,2.042776,6.264036,0.332382,-6.249499,1.0,0.975818,1.409462,6.025862,6.357721,0.332382,15360.0,1.802468,6.065986,6.701923,0.635937,1008.0,14988.570312,1024.0,1024.0,103.342522,148200,64.0,1999.3
149000,9000,3146.996,56.752323,41.754288,0.523581,0.020455,9.521636,9.521636,9.521636,9.521636,0.015954,0.000238,1.932412,6.322632,0.310598,-6.329949,1.0,0.975995,1.467174,6.11693,6.426781,0.310598,15360.0,1.935372,6.146598,6.876403,0.729805,1008.0,14991.288086,1024.0,1024.0,111.175224,149000,64.0,1999.3
149800,9050,3163.97,44.528137,31.84873,0.50666,0.020454,7.081936,7.081936,7.081601,7.081601,0.011946,0.000225,2.276983,6.275919,0.371387,-6.298236,1.0,0.975763,1.47772,6.194643,6.565384,0.371387,15360.0,2.02487,6.220428,6.969322,0.748894,1008.0,14987.720703,1024.0,1024.0,135.279251,149800,64.0,1999.3
150600,9100,3200.6,46.422947,33.939564,0.536877,0.020456,7.109895,7.109895,7.109364,7.109364,0.014986,0.000233,1.951852,6.17888,0.324602,-6.197521,1.0,0.976271,1.477436,6.250734,6.574659,0.324602,15360.0,2.252919,6.259569,7.147101,0.887532,1008.0,14995.522461,1024.0,1024.0,122.355255,150600,64.0,1999.3
151400,9150,3217.537,52.390335,38.55822,0.574557,0.020458,8.035799,8.035799,8.035213,8.035213,0.01884,0.000257,2.233623,6.332711,0.362409,-6.329353,1.0,0.975834,1.472492,6.312222,6.673459,0.362409,15360.0,2.305352,6.318388,7.277838,0.95945,1008.0,14988.813477,1024.0,1024.0,218.293625,151400,64.0,1999.3
152200,9200,3234.563,46.859871,33.496475,0.504467,0.020455,7.724562,7.724562,7.723496,7.723496,0.016231,0.000234,2.22122,6.163824,0.366829,-6.152761,1.002578,0.975849,1.459176,6.380852,6.747795,0.367775,15360.0,2.203526,6.395795,7.289091,0.893296,1008.0,14989.042969,1024.0,1024.0,133.801102,152200,64.0,1999.3
153000,9250,3251.577,51.470711,37.346256,0.513984,0.020456,8.551918,8.551918,8.551914,8.551914,0.015869,0.000233,2.208591,6.378808,0.354502,-6.386043,1.0,0.975992,1.384593,6.458516,6.812282,0.354502,15360.0,1.965744,6.470133,7.262156,0.792022,1008.0,14991.235352,1024.0,1024.0,124.763802,153000,64.0,1999.3
153800,9300,3268.377,53.704651,39.592499,0.532058,0.020455,8.634861,8.634861,8.634861,8.634861,0.016099,0.000235,2.146819,6.137613,0.361736,-6.141071,1.0,0.975949,1.328242,6.521768,6.882784,0.361736,15360.0,1.954101,6.537586,7.367208,0.829621,1008.0,14990.575195,1024.0,1024.0,102.613716,153800,64.0,1999.3
154600,9350,3285.404,46.046783,33.770725,0.569701,0.020454,7.321084,7.321084,7.320766,7.320766,0.014522,0.000224,1.867072,6.208837,0.309943,-6.224049,1.0,0.976017,1.220515,6.578991,6.888447,0.309943,15360.0,1.817085,6.579115,7.347685,0.768569,1008.0,14991.626953,1024.0,1024.0,126.724442,154600,64.0,1999.3
155400,9400,3302.486,58.08757,43.389076,0.531896,0.020456,9.870914,9.870914,9.870914,9.870914,0.01582,0.000239,1.726987,6.138402,0.286386,-6.142336,1.0,0.975987,1.08053,6.647609,6.933549,0.286386,15360.0,1.602062,6.66557,7.312517,0.646947,1008.0,14991.152344,1024.0,1024.0,146.877365,155400,64.0,1999.3
156200,9450,3319.443,46.816105,33.826958,0.537,0.020453,8.225285,8.225285,8.224754,8.224754,0.014477,0.000215,1.916952,5.990551,0.330144,-5.982588,1.0,0.976044,1.022713,6.735959,7.065999,0.330144,15360.0,1.480707,6.746147,7.426844,0.680698,1008.0,14992.035156,1024.0,1024.0,113.967331,156200,64.0,1999.3
157000,9500,3336.353,51.857689,38.508484,0.52692,0.020451,8.834367,8.834367,8.833971,8.833971,0.014873,0.000196,1.7436,5.875593,0.305669,-5.872731,1.0,0.976051,0.930026,6.790537,7.096126,0.305669,15360.0,1.368017,6.805429,7.468202,0.662772,1008.0,14992.146484,1024.0,1024.0,223.29361,157000,64.0,1999.3
157800,9550,3353.001,53.587944,39.552402,0.545931,0.020455,9.087631,9.087631,9.087631,9.087631,0.017471,0.000234,1.937223,6.037394,0.331501,-6.028794,1.0,0.975898,1.014037,6.869225,7.200673,0.331501,15360.0,1.738338,6.882621,7.7336,0.850979,1008.0,14989.798828,1024.0,1024.0,141.329941,157800,64.0,1999.3
158600,9600,3369.647,58.056396,43.474628,0.493945,0.020453,9.361803,9.361803,9.361221,9.361221,0.013709,0.00021,2.17697,5.991895,0.370744,-5.968579,1.0,0.975704,1.147883,6.953723,7.324378,0.370744,15360.0,1.48178,6.965631,7.592231,0.626601,1008.0,14986.820312,1024.0,1024.0,120.918625,158600,64.0,1999.3
159400,9650,3386.455,51.531826,36.881966,0.520243,0.020452,8.905523,8.905523,8.90545,8.90545,0.015031,0.000206,2.457308,5.734237,0.432531,-5.74158,1.009822,0.975799,1.323696,7.083405,7.520061,0.436779,15360.0,1.773614,7.115609,7.88864,0.773031,1008.0,14988.264648,1024.0,1024.0,114.742073,159400,64.0,1999.3
160200,9700,3403.088,49.657719,35.216187,0.536657,0.020452,8.80584,8.80584,8.805548,8.805548,0.018363,0.000203,2.131975,5.802207,0.37491,-5.77405,1.070197,0.97581,1.374049,7.176969,7.578033,0.401227,15360.0,2.306593,7.200883,8.199784,0.998902,1008.0,14988.433594,1024.0,1024.0,122.939087,160200,64.0,1999.3
161000,9750,3420.033,51.351891,37.679512,0.584485,0.020451,8.323961,8.323961,8.321869,8.321869,0.020504,0.000197,1.857324,5.757996,0.330601,-5.751631,1.122998,0.975961,1.384019,7.27144,7.642138,0.371264,15360.0,2.232481,7.304043,8.315165,1.011122,1008.0,14990.753906,1024.0,1024.0,115.000694,161000,64.0,1999.3
161800,9800,3436.633,53.302498,39.962845,0.523967,0.020453,8.584082,8.584082,8.583863,8.583863,0.015677,0.000208,1.431296,5.837945,0.254373,-5.858402,1.160567,0.97581,1.379537,7.279819,7.572311,0.295217,15360.0,1.806363,7.31035,7.957798,0.647828,1008.0,14988.441406,1024.0,1024.0,127.153023,161800,64.0,1999.3
162600,9850,3453.497,53.798027,40.470318,0.495548,0.020452,8.507235,8.507235,8.507227,8.507227,0.013745,0.000205,1.506879,5.847697,0.266698,-5.845288,1.200522,0.976204,1.415179,7.398416,7.717278,0.320177,15360.0,1.772309,7.428941,8.04661,0.617963,1008.0,14994.496094,1024.0,1024.0,108.493935,162600,64.0,1999.3
163400,9900,3470.408,45.399693,31.969294,0.5719,0.020451,8.085554,8.085554,8.084927,8.084927,0.017232,0.000199,1.844738,5.685901,0.331742,-5.676566,1.230937,0.975997,1.460434,7.577875,7.984071,0.408354,15360.0,2.129214,7.602882,8.532713,0.930088,1008.0,14991.310547,1024.0,1024.0,120.840248,163400,64.0,1999.3
164200,9950,3487.301,57.353161,42.469353,0.545844,0.020455,9.567078,9.567078,9.567078,9.567078,0.014804,0.000227,1.823332,5.967386,0.313435,-5.971757,1.220726,0.975691,1.414814,7.678416,8.058785,0.382618,15360.0,1.851915,7.693166,8.44474,0.751968,1008.0,14986.617188,1024.0,1024.0,143.336639,164200,64.0,1999.3
165000,10000,3504.277,49.7976,35.647575,0.580143,0.020451,8.741022,8.741022,8.741022,8.741022,0.020421,0.000203,1.955421,5.812575,0.343299,-5.824888,1.188431,0.975955,1.306657,7.842335,8.249869,0.407987,15360.0,2.240762,7.842627,9.000046,1.157419,1008.0,14990.666016,1024.0,1024.0,111.01075,165000,64.0,1999.3
165800,10050,3521.238,51.917118,37.90255,0.570617,0.020452,8.774195,8.774195,8.774195,8.774195,0.018485,0.000208,1.985411,5.815488,0.344908,-5.792538,1.128219,0.975917,1.206572,7.89687,8.285399,0.389131,15360.0,1.933015,7.894133,8.851915,0.960945,1008.0,14990.085938,1024.0,1024.0,136.214798,165800,64.0,1999.3
166600,10100,3538.389,42.834129,30.765465,0.540321,0.02045,6.93721,6.93721,6.935813,6.935813,0.013516,0.000189,2.234375,5.673831,0.402099,-5.670215,1.08607,0.97606,1.151843,8.019455,8.455865,0.436708,15360.0,1.635809,8.015142,8.865084,0.849944,1008.0,14992.277344,1024.0,1024.0,127.58213,166600,64.0,1999.3
167400,10150,3555.421,52.576115,39.175442,0.56152,0.020451,8.535606,8.535606,8.535606,8.535606,0.018338,0.0002,1.929013,5.613614,0.352946,-5.624579,1.067909,0.975905,0.998646,8.077591,8.454282,0.376915,15360.0,1.672926,8.083013,8.986369,0.903358,1008.0,14989.894531,1024.0,1024.0,126.285431,167400,64.0,1999.3
168200,10200,3572.583,52.432919,39.179722,0.525891,0.02045,8.8411,8.8411,8.838067,8.838067,0.014937,0.000186,1.701416,5.625034,0.311547,-5.632237,1.041249,0.975916,0.912337,8.12955,8.453768,0.324398,15360.0,1.226309,8.133719,8.741072,0.607351,1008.0,14990.075195,1024.0,1024.0,118.653908,168200,64.0,1999.3
169000,10250,3589.633,57.108128,42.783501,0.507776,0.02045,9.487908,9.487908,9.487744,9.487744,0.015151,0.000189,1.956981,5.528752,0.361111,-5.511952,1.033627,0.975915,1.011962,8.238628,8.611743,0.373254,15360.0,1.302512,8.245716,8.855493,0.609776,1008.0,14990.049805,1024.0,1024.0,189.912811,169000,64.0,1999.3
169800,10300,3606.714,51.519524,37.599709,0.566489,0.02045,8.943067,8.943067,8.942733,8.942733,0.017959,0.000188,1.881383,5.580275,0.348727,-5.560045,1.040343,0.975778,1.114667,8.329389,8.691817,0.362796,15360.0,1.664847,8.345553,9.22466,0.879107,1008.0,14987.947266,1024.0,1024.0,119.971016,169800,64.0,1999.3
170600,10350,3623.771,48.320831,34.27726,0.556414,0.02045,8.661407,8.661407,8.660591,8.660591,0.016223,0.000193,2.14894,5.404145,0.403897,-5.391893,1.083662,0.976052,1.266988,8.457752,8.894994,0.437688,15360.0,1.744087,8.474816,9.353194,0.878382,1008.0,14992.150391,1024.0,1024.0,139.873032,170600,64.0,1999.3
171400,10400,3640.935,43.217403,30.26436,0.551797,0.020449,7.825651,7.825651,7.823756,7.823756,0.020264,0.000178,1.823842,5.256518,0.353167,-5.260977,1.114907,0.976018,1.31526,8.559035,8.952275,0.393749,15360.0,2.111584,8.58827,9.537288,0.952101,1008.0,14991.634766,1024.0,1024.0,145.804657,171400,64.0,1999.3
172200,10450,3658.08,37.042076,25.365248,0.573408,0.020449,6.406597,6.406597,6.405985,6.405985,0.01549,0.000178,2.025362,5.200069,0.396536,-5.204682,1.16558,0.976094,1.377349,8.738458,9.200163,0.462195,15360.0,2.110023,8.74744,9.814793,1.067353,1008.0,14992.804688,1024.0,1024.0,130.879776,172200,64.0,1999.3
173000,10500,3675.202,51.267269,37.461739,0.494743,0.02045,8.30233,8.30233,8.302328,8.302328,0.018087,0.000186,2.10144,5.343754,0.398433,-5.372117,1.203373,0.97596,1.448912,8.834477,9.313087,0.479463,15360.0,2.024732,8.839508,9.66154,0.82224,1008.0,14990.751953,1024.0,1024.0,131.02626,173000,64.0,1999.3
173800,10550,3692.249,49.937443,37.058453,0.507042,0.020448,8.062147,8.062147,8.061934,8.061934,0.013367,0.000174,1.603202,5.299996,0.309818,-5.332202,1.217724,0.976014,1.391095,8.904217,9.280366,0.377273,15360.0,1.629485,8.931471,9.505057,0.576745,1008.0,14991.572266,1024.0,1024.0,137.727234,173800,64.0,1999.3
174600,10600,3709.323,48.822517,34.431461,0.574771,0.020449,9.152088,9.152088,9.151527,9.151527,0.021572,0.000182,1.704091,5.171466,0.339108,-5.174192,1.239465,0.976097,1.394089,9.014145,9.431632,0.420312,15360.0,2.1012,9.037465,10.02598,0.989961,1008.0,14992.853516,1024.0,1024.0,110.371521,174600,64.0,1999.3
175400,10650,3746.978,46.928799,33.591576,0.529406,0.020449,8.555225,8.555225,8.555113,8.555113,0.014422,0.000181,1.544835,5.310206,0.301485,-5.308172,1.232233,0.976005,1.33377,9.132609,9.500867,0.3715,15360.0,1.660043,9.159937,9.834195,0.675038,1008.0,14991.438477,1024.0,1024.0,140.66925,175400,64.0,1999.3
176200,10700,3763.961,47.737667,34.273872,0.559798,0.020448,8.297196,8.297196,8.296635,8.296635,0.017653,0.000171,1.915625,5.193277,0.374281,-5.188703,1.202918,0.975945,1.281584,9.303542,9.753122,0.45023,15360.0,1.86475,9.309558,10.280531,0.971676,1008.0,14990.507812,1024.0,1024.0,109.097458,176200,64.0,1999.3
177000,10750,3780.979,43.737701,31.590286,0.500531,0.020448,7.530935,7.530935,7.528952,7.528952,0.01275,0.000172,1.70861,5.030331,0.349967,-5.02412,1.146546,0.976018,1.172767,9.39159,9.792101,0.401254,15360.0,1.536776,9.405044,10.163695,0.758653,1008.0,14991.636719,1024.0,1024.0,131.689911,177000,64.0,1999.3
177800,10800,3797.914,55.141457,40.417099,0.488636,0.020448,10.181421,10.181421,10.181421,10.181421,0.014507,0.000167,1.589392,5.223691,0.31117,-5.229043,1.131012,0.97602,1.08175,9.431014,9.778909,0.351937,15360.0,1.148549,9.447688,9.892404,0.447925,1008.0,14991.666992,1024.0,1024.0,108.932129,177800,64.0,1999.3
178600,10850,3814.804,52.135456,38.341015,0.564717,0.020449,9.231239,9.231239,9.231239,9.231239,0.018639,0.000178,1.654744,5.241388,0.329086,-5.234133,1.120801,0.975919,0.945761,9.581462,9.948401,0.36884,15360.0,1.51469,9.58611,10.461545,0.878403,1008.0,14990.115234,1024.0,1024.0,160.662659,178600,64.0,1999.3
179400,10900,3831.584,46.749138,33.784008,0.588494,0.020451,8.103227,8.103227,8.102701,8.102701,0.020651,0.000193,2.012631,5.087895,0.406991,-5.051962,1.111965,0.975831,0.985461,9.712777,10.164997,0.452559,15360.0,1.481823,9.706978,10.685422,0.978446,1008.0,14988.763672,1024.0,1024.0,121.066216,179400,64.0,1999.3
180200,10950,3848.413,41.958206,29.332867,0.580055,0.020447,7.623155,7.623155,7.622936,7.622936,0.016495,0.000163,2.125474,4.940455,0.434458,-4.916058,1.101929,0.976068,1.099826,9.861254,10.339714,0.478741,15360.0,1.380234,9.861497,10.750217,0.890152,1008.0,14992.404297,1024.0,1024.0,104.419449,180200,64.0,1999.3
181000,11000,3865.22,44.025665,31.027199,0.513967,0.020448,8.395816,8.395816,8.394579,8.394579,0.015073,0.00016,1.727344,4.772851,0.374528,-4.763526,1.12923,0.97597,1.093506,9.910151,10.331732,0.422928,15360.0,1.359354,9.933512,10.652954,0.727343,1008.0,14990.900391,1024.0,1024.0,173.391724,181000,64.0,1999.3
181800,11050,3882.008,51.341396,37.411583,0.584993,0.020448,9.252449,9.252449,9.252449,9.252449,0.024664,0.000166,1.436574,4.718881,0.316341,-4.716549,1.174711,0.976038,1.156435,10.03016,10.400328,0.37161,15360.0,1.845575,10.054716,11.016381,0.962265,1008.0,14991.949219,1024.0,1024.0,109.128914,181800,64.0,1999.3
182600,11100,3899.027,50.918289,36.731621,0.523994,0.020447,9.29555,9.29555,9.29555,9.29555,0.016746,0.000156,1.619001,4.631905,0.357071,-4.635041,1.241569,0.975941,1.316062,10.21716,10.659977,0.443328,15360.0,1.606861,10.225388,10.937766,0.713724,1008.0,14990.457031,1024.0,1024.0,117.317673,182600,64.0,1999.3
183400,11150,3916.004,48.823925,34.925144,0.555799,0.020447,9.081741,9.081741,9.081732,9.081732,0.022244,0.000153,1.470835,4.615468,0.327936,-4.60673,1.301226,0.976061,1.333263,10.359915,10.78521,0.426719,15360.0,1.761748,10.381435,11.169966,0.795229,1008.0,14992.300781,1024.0,1024.0,105.842178,183400,64.0,1999.3
184200,11200,3932.901,45.518181,31.992758,0.516651,0.020447,8.660702,8.660702,8.659411,8.659411,0.015947,0.000156,1.568816,4.720099,0.336141,-4.723965,1.361941,0.975884,1.372635,10.532628,10.988959,0.457804,15360.0,1.733669,10.540336,11.248533,0.71593,1008.0,14989.576172,1024.0,1024.0,124.767967,184200,64.0,1999.3
185000,11250,3949.748,49.437263,35.613647,0.609216,0.020447,8.890593,8.890593,8.889933,8.889933,0.024186,0.000156,1.445201,4.576262,0.327491,-4.57249,1.393482,0.97607,1.36509,10.67662,11.130209,0.456353,15360.0,2.013362,10.705791,11.691097,0.99738,1008.0,14992.435547,1024.0,1024.0,123.963966,185000,64.0,1999.3
185800,11300,3966.542,47.230305,33.345028,0.580691,0.020446,8.820678,8.820678,8.820678,8.820678,0.022553,0.000151,1.582954,4.523564,0.353211,-4.533132,1.442377,0.976076,1.362184,10.872886,11.379879,0.509464,15360.0,2.120839,10.879688,12.021031,1.155274,1008.0,14992.525391,1024.0,1024.0,119.240494,185800,64.0,1999.3
186600,11350,3983.658,42.770554,29.923784,0.582707,0.020446,8.108683,8.108683,8.106562,8.106562,0.019551,0.00015,1.457073,4.454093,0.333166,-4.472693,1.442985,0.975997,1.287237,10.986676,11.464514,0.480754,15360.0,1.93251,10.991809,12.075459,1.092314,1008.0,14991.319336,1024.0,1024.0,160.036453,186600,64.0,1999.3
187400,11400,4000.311,46.114262,33.137844,0.504579,0.020446,8.82024,8.82024,8.819399,8.819399,0.012855,0.000146,1.168922,4.488626,0.267486,-4.499344,1.405345,0.976129,1.164104,11.06601,11.438727,0.37591,15360.0,1.387017,11.060416,11.582171,0.531124,1008.0,14993.333008,1024.0,1024.0,175.11644,187400,64.0,1999.3
188200,11450,4017.119,51.606747,38.006847,0.513536,0.020446,9.309696,9.309696,9.30959,9.30959,0.015594,0.00015,1.358531,4.445152,0.311389,-4.459081,1.340978,0.976098,1.075064,11.239444,11.654609,0.417566,15360.0,1.305531,11.238557,11.886621,0.652729,1008.0,14992.862305,1024.0,1024.0,102.164688,188200,64.0,1999.3
189000,11500,4034.068,43.235504,30.243757,0.617302,0.020446,8.618521,8.618521,8.618521,8.618521,0.02412,0.00014,1.435635,4.319977,0.340521,-4.31661,1.27926,0.976087,0.963764,11.378668,11.813004,0.435614,15360.0,1.580767,11.372723,12.461467,1.089089,1008.0,14992.697266,1024.0,1024.0,127.686829,189000,64.0,1999.3
189800,11550,4051.046,42.184059,30.06542,0.622757,0.020446,7.712388,7.712388,7.710188,7.710188,0.024845,0.000148,1.598416,4.272892,0.382662,-4.279609,1.233067,0.976064,0.924017,11.513174,11.984268,0.471848,15360.0,1.564574,11.503534,12.701246,1.199146,1008.0,14992.34375,1024.0,1024.0,111.621773,189800,64.0,1999.3
190600,11600,4068.167,44.384094,31.664074,0.566213,0.020446,8.3528,8.3528,8.351486,8.351486,0.018332,0.000138,1.610584,4.17843,0.393909,-4.174541,1.181082,0.976069,0.9395,11.592687,12.057507,0.465238,15360.0,1.31733,11.585252,12.494893,0.91064,1008.0,14992.421875,1024.0,1024.0,122.558075,190600,64.0,1999.3
191400,11650,4085.24,51.206036,37.42009,0.586926,0.020446,9.001713,9.001713,9.001251,9.001251,0.021835,0.000149,1.741331,4.23642,0.420085,-4.25433,1.179603,0.97594,1.092225,11.741327,12.234606,0.495534,15360.0,1.477116,11.73993,12.750918,1.013549,1008.0,14990.431641,1024.0,1024.0,93.784775,191400,64.0,1999.3
192200,11700,4102.35,50.693272,37.280777,0.569619,0.020446,8.773082,8.773082,8.772772,8.772772,0.018223,0.000148,1.581522,4.228776,0.379835,-4.230273,1.201544,0.976007,1.157141,11.857667,12.312137,0.456388,15360.0,1.444589,11.849383,12.695269,0.852383,1008.0,14991.461914,1024.0,1024.0,133.022125,192200,64.0,1999.3
193000,11750,4119.41,51.877666,38.06237,0.557992,0.020446,9.210703,9.210703,9.210148,9.210148,0.018703,0.000147,1.462858,4.111299,0.359205,-4.109486,1.25985,0.975872,1.23221,11.989279,12.44072,0.452545,15360.0,1.36673,11.98912,12.626286,0.645934,1008.0,14989.392578,1024.0,1024.0,149.568558,193000,64.0,1999.3
193800,11800,4136.483,47.10186,33.528061,0.580768,0.020446,8.744146,8.744146,8.743431,8.743431,0.020353,0.000144,1.5045,4.069804,0.371191,-4.074421,1.309834,0.976002,1.32533,12.221169,12.70533,0.486199,15360.0,1.747308,12.213008,13.195577,0.989248,1008.0,14991.386719,1024.0,1024.0,108.080055,193800,64.0,1999.3
194600,11850,4153.478,46.691071,33.944988,0.612288,0.020447,8.117281,8.117281,8.116146,8.116146,0.025062,0.000153,1.296166,3.859982,0.345378,-3.866011,1.381635,0.976094,1.332314,12.343015,12.81894,0.477186,15360.0,1.852851,12.322917,13.239831,0.931462,1008.0,14992.802734,1024.0,1024.0,118.872162,194600,64.0,1999.3
195400,11900,4170.636,51.937588,38.493855,0.640245,0.020447,8.842222,8.842222,8.841936,8.841936,0.02649,0.000157,1.163046,3.79879,0.320743,-3.799119,1.444609,0.976002,1.312399,12.500021,12.957037,0.463348,15360.0,1.937178,12.50422,13.57962,1.08496,1008.0,14991.388672,1024.0,1024.0,149.04657,195400,64.0,1999.3
196200,11950,4187.619,46.289989,32.447716,0.495473,0.020446,9.22161,9.22161,9.221157,9.221157,0.014802,0.000138,1.318714,3.906435,0.334867,-3.908128,1.482758,0.976093,1.346939,12.704375,13.198956,0.496527,15360.0,1.723099,12.651705,13.309211,0.692126,1008.0,14992.789062,1024.0,1024.0,202.569061,196200,64.0,1999.3
197000,12000,4204.78,45.846703,32.305729,0.602869,0.020445,8.96106,8.96106,8.960796,8.960796,0.022906,0.000131,1.241741,3.76362,0.333033,-3.770373,1.472502,0.976069,1.237602,12.95099,13.439447,0.490392,15360.0,1.93717,12.927642,14.028995,1.112299,1008.0,14992.423828,1024.0,1024.0,150.34494,197000,64.0,1999.3
197800,12050,4221.832,45.534046,32.495346,0.564347,0.020446,8.674351,8.674351,8.672462,8.672462,0.020092,0.000142,1.196649,3.912179,0.313321,-3.904305,1.453789,0.976128,1.198729,13.032316,13.483355,0.455503,15360.0,1.722476,13.000884,13.891518,0.922077,1008.0,14993.318359,1024.0,1024.0,104.752968,197800,64.0,1999.3
198600,12100,4238.788,51.133923,37.371937,0.502221,0.020446,9.713853,9.713853,9.713618,9.713618,0.012629,0.000134,0.981343,3.927247,0.27376,-3.918798,1.436971,0.975987,1.166594,13.081086,13.453329,0.393385,15360.0,1.353814,13.062492,13.468879,0.474803,1008.0,14991.166016,1024.0,1024.0,142.86087,198600,64.0,1999.3
199400,12150,4255.93,42.758774,30.123112,0.539358,0.020445,8.504628,8.504628,8.503845,8.503845,0.017341,0.000128,1.250402,3.77043,0.338881,-3.777829,1.375481,0.975996,1.05092,13.299096,13.764141,0.466125,15360.0,1.398147,13.263581,14.016255,0.770751,1008.0,14991.303711,1024.0,1024.0,117.739601,199400,64.0,1999.3
200200,12200,4294.14,46.141033,33.002522,0.623334,0.020445,8.78442,8.78442,8.784067,8.784067,0.026165,0.00013,1.415006,3.709244,0.375812,-3.718407,1.306547,0.976024,0.950529,13.440255,13.929436,0.491017,15360.0,1.554448,13.417707,14.466829,1.068263,1008.0,14991.728516,1024.0,1024.0,139.103348,200200,64.0,1999.3
201000,12250,4311.188,43.693668,31.557268,0.599173,0.020444,8.341393,8.341393,8.340635,8.340635,0.022352,0.000124,1.157334,3.652501,0.324479,-3.652183,1.236962,0.976184,0.796154,13.526923,13.925164,0.401368,15360.0,1.292553,13.50473,14.33733,0.860046,1008.0,14994.182617,1024.0,1024.0,145.488297,201000,64.0,1999.3
201800,12300,4328.233,41.284706,29.337776,0.574446,0.020444,8.027738,8.027738,8.027679,8.027679,0.017324,0.000119,1.414269,3.698894,0.384862,-3.669216,1.177928,0.976075,0.787382,13.623743,14.075961,0.453339,15360.0,1.066256,13.603998,14.399296,0.810976,1008.0,14992.510742,1024.0,1024.0,140.680374,201800,64.0,1999.3
202600,12350,4345.263,49.487648,35.998314,0.523533,0.020446,9.803696,9.803696,9.803515,9.803515,0.015534,0.00014,1.154113,3.545559,0.334155,-3.545987,1.136696,0.976006,0.751483,13.686422,14.06372,0.379832,15360.0,0.85231,13.662449,14.230663,0.581018,1008.0,14991.446289,1024.0,1024.0,111.02269,202600,64.0,1999.3
203400,12400,4362.404,46.470692,33.723335,0.537551,0.020445,8.631175,8.631175,8.630812,8.630812,0.016698,0.000133,1.455743,3.738155,0.386739,-3.745316,1.136239,0.976097,0.910471,13.809327,14.246138,0.439428,15360.0,1.096169,13.792889,14.50631,0.751521,1008.0,14992.845703,1024.0,1024.0,132.318207,203400,64.0,1999.3
204200,12450,4379.378,47.447945,33.968262,0.575467,0.020445,9.144684,9.144684,9.144684,9.144684,0.02151,0.00013,1.384517,3.533149,0.404615,-3.52571,1.15518,0.976087,1.041818,13.921256,14.387677,0.467403,15360.0,1.327613,13.895243,14.887156,1.000141,1008.0,14992.700195,1024.0,1024.0,147.28624,204200,64.0,1999.3
205000,12500,4396.403,49.286865,35.408169,0.602175,0.020445,9.300047,9.300047,9.299961,9.299961,0.02567,0.000134,1.423095,3.485361,0.414759,-3.486619,1.200367,0.976043,1.152716,14.070942,14.566862,0.497863,15360.0,1.500691,14.04234,15.077414,1.04806,1008.0,14992.017578,1024.0,1024.0,120.061905,205000,64.0,1999.3
205800,12550,4413.267,53.944767,39.779255,0.563082,0.020445,10.096351,10.096351,10.095163,10.095163,0.021362,0.000136,0.993915,3.526243,0.283565,-3.49859,1.267119,0.976024,1.111657,14.089994,14.444765,0.359311,15360.0,1.234746,14.052442,14.607287,0.585279,1008.0,14991.734375,1024.0,1024.0,123.592484,205800,64.0,1999.3
206600,12600,4429.982,36.821274,25.057316,0.611306,0.020444,7.149011,7.149011,7.147549,7.147549,0.020939,0.00012,1.427464,3.421642,0.412859,-3.413514,1.353667,0.976025,1.335823,14.480596,15.038457,0.558874,15360.0,1.683368,14.454122,15.505043,1.069676,1008.0,14991.736328,1024.0,1024.0,146.401367,206600,64.0,1999.3
207400,12650,4446.86,52.026314,38.122154,0.593347,0.020444,9.543703,9.543703,9.542755,9.542755,0.021661,0.00012,1.04433,3.389551,0.306042,-3.381016,1.41751,0.976048,1.294453,14.464355,14.893012,0.433818,15360.0,1.511718,14.4036,15.11295,0.725456,1008.0,14992.098633,1024.0,1024.0,159.541763,207400,64.0,1999.3
208200,12700,4463.729,51.789791,37.73225,0.532853,0.020444,9.69795,9.69795,9.697248,9.697248,0.01891,0.000122,1.004968,3.309355,0.29824,-3.320844,1.477725,0.976032,1.326578,14.659197,15.09607,0.440717,15360.0,1.683167,14.582533,15.330315,0.800067,1008.0,14991.853516,1024.0,1024.0,131.96579,208200,64.0,1999.3
209000,12750,4480.924,45.108379,31.797552,0.561606,0.020444,8.963589,8.963589,8.963226,8.963226,0.021878,0.000122,0.98823,3.082947,0.318039,-3.098499,1.52258,0.976013,1.315301,14.855856,15.338004,0.48424,15360.0,1.884335,14.789785,15.759686,1.01399,1008.0,14991.56543,1024.0,1024.0,159.452026,209000,64.0,1999.3
209800,12800,4497.905,52.652813,38.181835,0.608763,0.020444,9.925279,9.925279,9.925279,9.925279,0.02596,0.000118,1.134674,3.192249,0.349404,-3.209562,1.561871,0.975969,1.254599,15.116526,15.656457,0.545724,15360.0,1.782303,15.068029,16.11618,1.064011,1008.0,14990.876953,1024.0,1024.0,187.180344,209800,64.0,1999.3
210600,12850,4515.063,43.877617,31.192741,0.543307,0.020444,8.686666,8.686666,8.685959,8.685959,0.017215,0.00012,0.804528,2.915123,0.27778,-2.907067,1.615803,0.976021,1.229162,15.147753,15.59241,0.448838,15360.0,1.77365,15.106281,15.992301,0.93928,1008.0,14991.677734,1024.0,1024.0,121.826759,210600,64.0,1999.3
211400,12900,4532.099,52.633236,38.633888,0.589696,0.020444,9.862756,9.862756,9.862479,9.862479,0.025067,0.00012,0.777382,2.911987,0.271146,-2.888207,1.572969,0.976199,1.265136,15.186941,15.605515,0.426504,15360.0,1.658877,15.116454,15.868901,0.782247,1008.0,14994.416016,1024.0,1024.0,125.515862,211400,64.0,1999.3
212200,12950,4549.234,45.53096,32.479637,0.564437,0.020444,9.102098,9.102098,9.101991,9.101991,0.020687,0.000117,0.866555,2.769318,0.317033,-2.772016,1.518257,0.976024,1.131184,15.476217,15.955025,0.481337,15360.0,1.521326,15.434054,16.154989,0.759717,1008.0,14991.729492,1024.0,1024.0,139.198593,212200,64.0,1999.3
213000,13000,4566.262,49.770782,36.831295,0.548239,0.020444,9.112885,9.112885,9.112734,9.112734,0.01728,0.000119,0.836905,2.93075,0.289936,-2.932325,1.477959,0.976091,1.080101,15.503935,15.929595,0.428514,15360.0,1.432078,15.425478,15.947524,0.567219,1008.0,14992.763672,1024.0,1024.0,90.225746,213000,64.0,1999.3
213800,13050,4583.111,46.71352,33.806923,0.539719,0.020445,9.269831,9.269831,9.269813,9.269813,0.016469,0.000124,0.758995,2.730209,0.284759,-2.726681,1.436677,0.976192,0.984479,15.644043,16.049419,0.409107,15360.0,1.353824,15.589656,16.186769,0.665782,1008.0,14994.308594,1024.0,1024.0,129.20462,213800,64.0,1999.3
214600,13100,4599.824,39.447414,27.596769,0.57531,0.020444,8.259208,8.259208,8.257206,8.257206,0.018755,0.000111,0.908833,2.655007,0.336002,-2.656149,1.386974,0.976137,0.893201,15.824158,16.28739,0.466026,15360.0,1.225777,15.784105,16.499132,0.768204,1008.0,14993.470703,1024.0,1024.0,127.713425,214600,64.0,1999.3
215400,13150,4616.678,59.467175,45.44944,0.630622,0.020446,10.237526,10.237526,10.237297,10.237297,0.0273,0.000137,0.849564,2.805588,0.318623,-2.782537,1.319099,0.976121,0.811558,15.889715,16.304033,0.420295,15360.0,1.48088,15.848006,16.799948,1.05348,1008.0,14993.212891,1024.0,1024.0,135.221664,215400,64.0,1999.3
216200,13200,4633.548,48.202763,34.688519,0.531918,0.020444,9.831005,9.831005,9.831005,9.831005,0.017364,0.000112,1.070651,2.722644,0.384387,-2.715749,1.284389,0.976035,0.758301,16.017836,16.508862,0.493703,15360.0,1.062744,15.979482,16.829107,0.88458,1008.0,14991.892578,1024.0,1024.0,171.287613,216200,64.0,1999.3
217000,13250,4650.712,48.313347,35.014256,0.591211,0.020444,9.713684,9.713684,9.713684,9.713684,0.023459,0.00011,1.006101,2.745574,0.355087,-2.750903,1.241195,0.97612,0.687783,16.075653,16.513079,0.440732,15360.0,1.028343,16.050343,16.910393,0.904229,1008.0,14993.199219,1024.0,1024.0,147.776947,217000,64.0,1999.3
217800,13300,4667.681,47.984634,35.553757,0.532773,0.020445,8.929857,8.929857,8.92907,8.92907,0.016863,0.000123,1.044028,2.616098,0.390815,-2.602816,1.2323,0.976217,0.762153,16.161602,16.640846,0.481602,15360.0,0.828797,16.125885,16.659889,0.603598,1008.0,14994.6875,1024.0,1024.0,135.691544,217800,64.0,1999.3
218600,13350,4684.836,38.210484,26.404797,0.628114,0.020443,8.08308,8.08308,8.08204,8.08204,0.025317,0.000104,0.953948,2.183662,0.431486,-2.19198,1.234506,0.976162,0.900688,16.282343,16.814095,0.532672,15360.0,1.370343,16.269438,17.561951,1.308764,1008.0,14993.84082,1024.0,1024.0,194.7845,218600,64.0,1999.3
219400,13400,4701.972,49.544243,37.126087,0.633049,0.020444,8.754404,8.754404,8.753852,8.753852,0.030742,0.000114,0.869765,2.352947,0.380028,-2.336077,1.267513,0.976186,0.909655,16.345161,16.825182,0.481691,15360.0,1.184677,16.294064,17.136984,0.905775,1008.0,14994.212891,1024.0,1024.0,188.363663,219400,64.0,1999.3
220200,13450,4719.018,42.462364,30.517506,0.562338,0.020444,8.351311,8.351311,8.351232,8.351232,0.018618,0.000108,0.815019,2.287886,0.352959,-2.283422,1.317654,0.976164,1.015581,16.497398,16.959782,0.465078,15360.0,1.150104,16.461914,17.291529,0.89131,1008.0,14993.873047,1024.0,1024.0,146.614304,220200,64.0,1999.3
221000,13500,4736.155,49.75666,36.04937,0.54534,0.020443,9.955051,9.955051,9.955051,9.955051,0.020739,0.000105,0.726845,2.314975,0.315306,-2.307595,1.36445,0.976097,1.096482,16.626476,17.052082,0.430219,15360.0,1.225403,16.554834,17.328663,0.863935,1008.0,14992.841797,1024.0,1024.0,115.074654,221000,64.0,1999.3
221800,13550,4753.195,53.948231,39.684715,0.662689,0.020443,10.087645,10.087645,10.087645,10.087645,0.035269,0.000101,0.798727,2.111731,0.369402,-2.115911,1.435423,0.976073,1.215953,16.806398,17.332848,0.530248,15360.0,1.564313,16.745535,17.827078,1.091319,1008.0,14992.484375,1024.0,1024.0,183.948334,221800,64.0,1999.3
222600,13600,4770.231,41.510368,28.752775,0.613479,0.020443,8.792843,8.792843,8.792818,8.792818,0.024932,9.9e-05,0.688416,2.002207,0.344826,-2.007861,1.501993,0.976186,1.279373,16.999231,17.515036,0.517926,15360.0,1.612506,16.944832,18.057327,1.160468,1008.0,14994.220703,1024.0,1024.0,144.015625,222600,64.0,1999.3
223400,13650,4787.284,48.696365,35.09021,0.532929,0.020444,9.824041,9.824041,9.823531,9.823531,0.017243,0.000108,0.570866,2.156261,0.265323,-2.172729,1.581722,0.976105,1.236215,17.023979,17.438713,0.419667,15360.0,1.46421,16.905771,17.61665,0.784732,1008.0,14992.976562,1024.0,1024.0,153.342392,223400,64.0,1999.3
224200,13700,4804.125,45.660469,33.236736,0.648849,0.020444,8.407086,8.407086,8.405411,8.405411,0.036551,0.000107,0.621309,1.900971,0.327413,-1.892251,1.659143,0.976107,1.319824,17.370178,17.907398,0.543225,15360.0,1.885052,17.265039,18.478239,1.284527,1008.0,14993.0,1024.0,1024.0,110.605972,224200,64.0,1999.3
225000,13750,4821.065,37.924801,26.0189,0.608785,0.020443,8.094034,8.094034,8.092155,8.092155,0.02389,9.5e-05,0.579279,1.828988,0.320578,-1.826758,1.71423,0.976138,1.271053,17.648293,18.195143,0.549544,15360.0,1.743012,17.578548,18.797676,1.234206,1008.0,14993.485352,1024.0,1024.0,145.586563,225000,64.0,1999.3
225800,13800,4859.506,45.367153,32.454979,0.591546,0.020443,9.155443,9.155443,9.155413,9.155413,0.020825,9.9e-05,0.503623,1.887181,0.272613,-1.874153,1.735016,0.976089,1.252102,17.737537,18.20446,0.472989,15360.0,1.578239,17.652077,18.522738,0.899584,1008.0,14992.72168,1024.0,1024.0,126.809448,225800,64.0,1999.3
226600,13850,4876.616,54.937351,40.327553,0.659595,0.020443,10.504619,10.504619,10.504619,10.504619,0.034637,0.000101,0.532386,1.872885,0.293659,-1.844172,1.731445,0.976081,1.233154,17.881016,18.381193,0.508454,15360.0,2.030457,17.773653,19.040676,1.312719,1008.0,14992.598633,1024.0,1024.0,132.438812,226600,64.0,1999.3
227400,13900,4893.631,39.864243,27.297092,0.596452,0.020443,8.902176,8.902176,8.901824,8.901824,0.021624,9.3e-05,0.514269,1.711627,0.29417,-1.709136,1.720842,0.976172,1.149681,18.070042,18.573549,0.50622,15360.0,1.646374,17.973766,18.941021,1.001688,1008.0,14994.007812,1024.0,1024.0,127.113441,227400,64.0,1999.3
228200,13950,4910.748,41.741005,30.064451,0.554819,0.020443,8.252244,8.252244,8.249872,8.249872,0.017249,9.8e-05,0.490629,1.730469,0.288,-1.733119,1.683735,0.976119,1.116256,18.173454,18.655031,0.484917,15360.0,1.389794,18.063246,18.711868,0.705159,1008.0,14993.18457,1024.0,1024.0,122.75193,228200,64.0,1999.3
229000,14000,4927.921,51.27919,38.517281,0.605551,0.020443,9.089252,9.089252,9.089171,9.089171,0.027978,0.000103,0.539134,1.701177,0.332263,-1.704353,1.63703,0.976114,1.117287,18.270834,18.810553,0.543924,15360.0,1.604394,18.175379,19.127771,1.033805,1008.0,14993.107422,1024.0,1024.0,166.375031,229000,64.0,1999.3
229800,14050,4944.978,47.545422,35.244884,0.650524,0.020443,8.783934,8.783934,8.783428,8.783428,0.030109,9.7e-05,0.542022,1.630321,0.337122,-1.645083,1.579403,0.976106,0.976738,18.497517,19.026579,0.532452,15360.0,1.494938,18.42474,19.397581,1.010009,1008.0,14992.992188,1024.0,1024.0,140.648926,229800,64.0,1999.3
230600,14100,4962.068,40.843136,28.689857,0.535304,0.020443,8.847237,8.847237,8.846416,8.846416,0.018043,9.5e-05,0.556086,1.578804,0.345443,-1.599173,1.513153,0.976172,0.914997,18.634645,19.155039,0.522709,15360.0,1.31495,18.544582,19.293531,0.852628,1008.0,14994.003906,1024.0,1024.0,168.691986,230600,64.0,1999.3
231400,14150,4979.217,41.80854,29.790802,0.576412,0.020442,8.896031,8.896031,8.895661,8.895661,0.026414,8.6e-05,0.426868,1.277431,0.316082,-1.303939,1.455511,0.976198,0.805983,18.757353,19.212795,0.460061,15360.0,1.341335,18.69561,19.683447,1.08687,1008.0,14994.398438,1024.0,1024.0,160.54657,231400,64.0,1999.3
232200,14200,4996.371,44.929321,32.888493,0.537704,0.020443,9.099195,9.099195,9.098814,9.098814,0.018558,9.2e-05,0.434174,1.442873,0.315713,-1.457901,1.404503,0.976168,0.726523,18.831903,19.271523,0.44342,15360.0,1.04289,18.74225,19.321648,0.695314,1008.0,14993.939453,1024.0,1024.0,142.618362,232200,64.0,1999.3
233000,14250,5013.503,48.250938,35.557648,0.536665,0.020443,9.859921,9.859921,9.859888,9.859888,0.017255,9.1e-05,0.372906,1.30281,0.298397,-1.297473,1.360668,0.976137,0.635972,18.901255,19.30138,0.40602,15360.0,0.937969,18.820032,19.314056,0.64641,1008.0,14993.464844,1024.0,1024.0,165.578003,233000,64.0,1999.3
233800,14300,5030.546,39.795784,28.646873,0.570691,0.020443,8.153873,8.153873,8.153106,8.153106,0.019925,9.1e-05,0.528683,1.352686,0.397178,-1.350507,1.323885,0.976085,0.741774,19.067173,19.590567,0.525818,15360.0,1.060187,19.018637,19.958288,1.049845,1008.0,14992.667969,1024.0,1024.0,158.316711,233800,64.0,1999.3
234600,14350,5047.652,37.683441,26.488701,0.538293,0.020443,8.408863,8.408863,8.407165,8.407165,0.01656,9e-05,0.411245,1.172751,0.333627,-1.196922,1.315863,0.976151,0.710189,19.135311,19.570087,0.439008,15360.0,0.882749,19.084251,19.63275,0.758802,1008.0,14993.685547,1024.0,1024.0,104.308388,234600,64.0,1999.3
235400,14400,5064.809,44.309647,31.997696,0.556064,0.020442,9.368574,9.368574,9.368279,9.368279,0.021268,8.5e-05,0.376488,1.142909,0.334092,-1.133015,1.33473,0.976157,0.771701,19.217653,19.658388,0.445922,15360.0,0.939391,19.157898,19.815542,0.81592,1008.0,14993.776367,1024.0,1024.0,160.139175,235400,64.0,1999.3
236200,14450,5081.846,45.046455,32.524956,0.569089,0.020443,9.533041,9.533041,9.53221,9.53221,0.020909,9.4e-05,0.3761,1.327163,0.284273,-1.312269,1.377541,0.976204,0.823811,19.299641,19.686792,0.391598,15360.0,0.819029,19.21858,19.612436,0.596152,1008.0,14994.496094,1024.0,1024.0,108.278816,236200,64.0,1999.3
237000,14500,5099.009,39.806293,28.592991,0.561902,0.020443,7.952896,7.952896,7.950119,7.950119,0.018948,9.4e-05,0.485617,1.343034,0.350247,-1.323352,1.414799,0.976189,1.054032,19.543125,20.037493,0.495528,15360.0,1.143736,19.479347,20.434603,1.05071,1008.0,14994.264648,1024.0,1024.0,144.708008,237000,64.0,1999.3
237800,14550,5115.932,47.126396,33.969261,0.607226,0.020442,9.820988,9.820988,9.820042,9.820042,0.026424,8.5e-05,0.362717,1.256466,0.287267,-1.289943,1.462875,0.976183,0.996906,19.536272,19.952719,0.420235,15360.0,1.222516,19.461676,20.361376,1.068268,1008.0,14994.167969,1024.0,1024.0,195.413467,237800,64.0,1999.3
238600,14600,5132.887,48.045315,35.190033,0.536914,0.020442,9.456802,9.456802,9.453899,9.453899,0.016496,8.7e-05,0.398966,1.304814,0.29061,-1.317992,1.533516,0.976096,1.149832,19.788805,20.229778,0.445654,15360.0,1.155485,19.672871,20.291178,0.752761,1008.0,14992.833984,1024.0,1024.0,146.697235,238600,64.0,1999.3
239400,14650,5149.748,37.677872,26.108053,0.616476,0.020443,7.920557,7.920557,7.920074,7.920074,0.022269,9.1e-05,0.441794,1.327148,0.336308,-1.324733,1.594084,0.976145,1.308164,20.119671,20.652502,0.536103,15360.0,1.567765,20.045191,21.258194,1.27962,1008.0,14993.582031,1024.0,1024.0,194.302734,239400,64.0,1999.3
240200,14700,5166.636,43.839409,31.003784,0.573252,0.020442,9.197784,9.197784,9.197784,9.197784,0.020795,8.8e-05,0.399738,1.259098,0.319804,-1.251487,1.663191,0.976167,1.308097,20.23871,20.767147,0.531896,15360.0,1.38843,20.129639,20.991789,0.91626,1008.0,14993.918945,1024.0,1024.0,149.28096,240200,64.0,1999.3
241000,14750,5183.774,53.390057,40.098427,0.656453,0.020443,9.47696,9.47696,9.475926,9.475926,0.031749,9.1e-05,0.345832,1.200482,0.28881,-1.188317,1.732065,0.976212,1.311659,20.287529,20.781357,0.500238,15360.0,1.775292,20.146791,21.236458,1.152421,1008.0,14994.617188,1024.0,1024.0,158.092285,241000,64.0,1999.3
241800,14800,5200.709,33.639027,22.95022,0.623944,0.020442,7.221828,7.221828,7.21978,7.21978,0.022327,8e-05,0.33805,1.197422,0.274803,-1.190059,1.755886,0.976227,1.302075,20.709263,21.188198,0.482522,15360.0,1.53428,20.587431,21.471243,0.918777,1008.0,14994.839844,1024.0,1024.0,141.266174,241800,64.0,1999.3
242600,14850,5217.849,43.198399,30.190155,0.63998,0.020442,9.344522,9.344522,9.344448,9.344448,0.027441,8.3e-05,0.305459,1.09356,0.290325,-1.054085,1.82069,0.976269,1.269398,20.854136,21.376421,0.528592,15360.0,1.646638,20.746229,21.956316,1.224523,1008.0,14995.498047,1024.0,1024.0,192.415848,242600,64.0,1999.3
243400,14900,5234.878,48.879772,35.576805,0.576202,0.020442,9.720389,9.720389,9.720116,9.720116,0.022419,8.8e-05,0.27676,1.159402,0.2385,-1.13898,1.836378,0.976192,1.261485,20.867573,21.294752,0.437976,15360.0,1.58549,20.698526,21.406178,0.791111,1008.0,14994.300781,1024.0,1024.0,163.966812,243400,64.0,1999.3
244200,14950,5251.951,48.140705,34.819794,0.630366,0.020442,9.724251,9.724251,9.724251,9.724251,0.030732,8e-05,0.258777,0.991778,0.277071,-0.978092,1.836084,0.976169,1.206864,21.145908,21.648146,0.508726,15360.0,1.692623,21.05724,22.134771,1.140728,1008.0,14993.947266,1024.0,1024.0,138.679626,244200,64.0,1999.3
245000,15000,5269.125,37.419956,25.989601,0.622111,0.020442,8.139554,8.139554,8.138999,8.138999,0.025354,8.5e-05,0.290526,1.03353,0.27647,-1.050496,1.817869,0.97629,1.076076,21.412029,21.908867,0.502587,15360.0,1.558965,21.331354,22.368397,1.073599,1008.0,14995.810547,1024.0,1024.0,106.19149,245000,64.0,1999.3
245800,15050,5286.065,47.652828,34.675285,0.629248,0.020442,9.46034,9.46034,9.46034,9.46034,0.032935,8.1e-05,0.305865,0.962696,0.310924,-0.968516,1.782927,0.976104,1.0891,21.475433,22.024824,0.554355,15360.0,1.755038,21.345324,22.502804,1.238388,1008.0,14992.963867,1024.0,1024.0,135.70549,245800,64.0,1999.3
246600,15100,5303.221,47.678673,34.628487,0.631423,0.020442,9.705101,9.705101,9.704344,9.704344,0.029154,8.4e-05,0.27876,0.959854,0.27905,-0.958962,1.728815,0.97617,0.999927,21.626472,22.102316,0.482426,15360.0,1.48008,21.517836,22.32045,0.919219,1008.0,14993.963867,1024.0,1024.0,185.049713,246600,64.0,1999.3
247400,15150,5320.247,50.137959,37.208019,0.572532,0.020443,9.64456,9.64456,9.644224,9.644224,0.024448,8.9e-05,0.289192,0.920192,0.278969,-0.923835,1.668337,0.976179,0.971471,21.707949,22.167473,0.465414,15360.0,1.557613,21.549532,22.338448,0.958411,1008.0,14994.110352,1024.0,1024.0,147.237564,247400,64.0,1999.3
248200,15200,5337.39,46.826126,34.23967,0.603485,0.020442,9.426033,9.426033,9.425153,9.425153,0.023541,8.1e-05,0.265161,0.899084,0.286832,-0.917984,1.60746,0.976155,0.90816,21.813345,22.268385,0.461072,15360.0,1.401904,21.710032,22.592501,1.011377,1008.0,14993.744141,1024.0,1024.0,133.809784,248200,64.0,1999.3
249000,15250,5354.436,34.70993,24.064629,0.575955,0.020442,7.816547,7.816547,7.815436,7.815436,0.019891,7.5e-05,0.264908,0.838464,0.310006,-0.829319,1.548309,0.97623,0.79721,21.981842,22.457785,0.479985,15360.0,1.295296,21.85516,22.721073,0.959777,1008.0,14994.884766,1024.0,1024.0,146.293991,249000,64.0,1999.3
249800,15300,5371.369,42.752529,30.378403,0.620872,0.020442,9.381918,9.381918,9.381918,9.381918,0.025599,7.7e-05,0.286486,0.7538,0.337447,-0.768439,1.475233,0.976187,0.751916,22.104713,22.596119,0.497813,15360.0,1.247668,22.04941,22.980358,1.059001,1008.0,14994.229492,1024.0,1024.0,152.90921,249800,64.0,1999.3
250600,15350,5410.705,34.999947,24.108543,0.595341,0.020442,8.151819,8.151819,8.15039,8.15039,0.021154,6.7e-05,0.317247,0.78578,0.359362,-0.798968,1.424295,0.976249,0.672731,22.226353,22.736231,0.511838,15360.0,1.06214,22.169559,23.06039,0.969043,1008.0,14995.183594,1024.0,1024.0,155.892532,250600,64.0,1999.3
251400,15400,5427.802,37.343548,26.176487,0.629881,0.020442,8.385069,8.385069,8.384863,8.384863,0.024963,7.5e-05,0.307308,0.842471,0.348846,-0.857896,1.38859,0.976279,0.629377,22.273996,22.754753,0.484405,15360.0,1.188266,22.207771,23.341801,1.235411,1008.0,14995.648438,1024.0,1024.0,134.944977,251400,64.0,1999.3
252200,15450,5444.95,43.258018,31.467585,0.529115,0.020442,9.24694,9.24694,9.245915,9.245915,0.017778,7.6e-05,0.246841,0.641687,0.322236,-0.647558,1.342194,0.976243,0.551914,22.314791,22.739212,0.432504,15360.0,0.90161,22.225506,22.843964,0.821589,1008.0,14995.09082,1024.0,1024.0,139.692993,252200,64.0,1999.3
253000,15500,5462.055,47.376968,34.626564,0.551148,0.020442,10.142612,10.142612,10.142612,10.142612,0.022436,7.4e-05,0.196415,0.534317,0.312818,-0.535336,1.319376,0.97621,0.562282,22.398214,22.801998,0.412724,15360.0,0.877478,22.309181,22.847185,0.798351,1008.0,14994.580078,1024.0,1024.0,115.676315,253000,64.0,1999.3
253800,15550,5479.01,44.217102,32.144161,0.560965,0.020442,9.539197,9.539197,9.538929,9.538929,0.017683,7.5e-05,0.16569,0.465393,0.31297,-0.461684,1.323883,0.976226,0.623833,22.49926,22.910158,0.414335,15360.0,0.696305,22.385035,22.710989,0.501689,1008.0,14994.835938,1024.0,1024.0,204.032303,253800,64.0,1999.3
254600,15600,5496.222,48.470562,35.768166,0.652195,0.020442,9.774417,9.774417,9.773766,9.773766,0.030509,7.6e-05,0.200691,0.496168,0.361476,-0.479679,1.36466,0.976232,0.738967,22.624962,23.111546,0.493291,15360.0,1.127471,22.549341,23.5982,1.224915,1008.0,14994.916016,1024.0,1024.0,139.476105,254600,64.0,1999.3
255400,15650,5513.397,43.372124,30.958847,0.586439,0.020442,9.486363,9.486363,9.486363,9.486363,0.024604,6.9e-05,0.13186,0.319143,0.349376,-0.311386,1.435013,0.976273,0.88922,22.821795,23.316803,0.50136,15360.0,1.167731,22.758406,23.980324,1.382982,1008.0,14995.558594,1024.0,1024.0,193.722595,255400,64.0,1999.3
256200,15700,5530.51,39.883514,28.668608,0.639906,0.020442,8.306343,8.306343,8.305742,8.305742,0.030351,7.4e-05,0.117689,0.350038,0.342069,-0.345778,1.512148,0.976243,0.982183,22.96677,23.482105,0.51726,15360.0,1.059021,22.833601,23.761688,1.052804,1008.0,14995.091797,1024.0,1024.0,128.895782,256200,64.0,1999.3
257000,15750,5547.543,48.374302,35.339275,0.543984,0.020442,10.215998,10.215998,10.21562,10.21562,0.021414,7.1e-05,0.085797,0.21921,0.268409,-0.225082,1.611031,0.976209,0.90481,22.921148,23.350142,0.432416,15360.0,0.807996,22.742832,23.039915,0.510087,1008.0,14994.572266,1024.0,1024.0,171.020096,257000,64.0,1999.3
257800,15800,5564.517,50.783329,37.351543,0.583962,0.020442,10.412294,10.412294,10.412294,10.412294,0.028612,7.6e-05,0.056311,0.172608,0.242331,-0.202498,1.718004,0.976191,0.98386,23.08938,23.497955,0.416325,15360.0,1.112294,22.966751,23.802567,1.089025,1008.0,14994.289062,1024.0,1024.0,154.582825,257800,64.0,1999.3
258600,15850,5581.409,39.449532,27.653206,0.597068,0.020442,8.645859,8.645859,8.645859,8.645859,0.022225,6.6e-05,0.04467,0.062538,0.313203,-0.074832,1.822527,0.976308,1.234003,23.601316,24.168039,0.57082,15360.0,1.299002,23.442713,24.351671,1.094753,1008.0,14996.087891,1024.0,1024.0,142.859863,258600,64.0,1999.3
259400,15900,5598.307,40.020016,28.724792,0.59787,0.020442,8.126487,8.126487,8.126287,8.126287,0.01852,7e-05,0.017763,0.026359,0.288949,-0.046774,1.9578,0.97632,1.306724,23.849436,24.407827,0.565705,15360.0,1.377644,23.637096,24.497303,0.874992,1008.0,14996.28125,1024.0,1024.0,137.092346,259400,64.0,1999.3
260200,15950,5615.194,44.211948,32.183632,0.671832,0.020442,8.720503,8.720503,8.718453,8.718453,0.030595,6.6e-05,-0.005102,-0.025725,0.269906,0.027411,2.077459,0.976208,1.293523,24.047304,24.596292,0.560718,15360.0,1.516876,23.901772,24.89806,1.049247,1008.0,14994.548828,1024.0,1024.0,159.515884,260200,64.0,1999.3
261000,16000,5632.362,42.904053,30.170282,0.617185,0.020442,9.43238,9.43238,9.43238,9.43238,0.031859,6.8e-05,0.00053,-0.058252,0.226644,0.039923,2.145138,0.976242,1.263862,24.18939,24.665255,0.486182,15360.0,1.520446,24.016083,25.172623,1.267708,1008.0,14995.072266,1024.0,1024.0,142.21022,261000,64.0,1999.3
261800,16050,5649.386,47.222221,34.311718,0.541838,0.020442,9.70163,9.70163,9.701132,9.701132,0.023252,7.5e-05,-0.0015,-0.055605,0.209976,0.075808,2.192377,0.976099,1.273448,24.14065,24.585203,0.460347,15360.0,1.348261,23.892885,24.476437,0.730168,1008.0,14992.875977,1024.0,1024.0,145.487381,261800,64.0,1999.3
262600,16100,5666.462,46.468864,33.727364,0.56282,0.020442,9.514295,9.514295,9.514226,9.514226,0.019282,7.4e-05,0.013056,-0.006623,0.248881,-0.000228,2.234772,0.976228,1.256278,24.571301,25.113611,0.556192,15360.0,1.410601,24.292055,24.996799,0.823978,1008.0,14994.861328,1024.0,1024.0,171.866257,262600,64.0,1999.3
263400,16150,5683.489,44.594353,31.85474,0.607369,0.020441,9.570511,9.570511,9.570511,9.570511,0.023754,6.6e-05,-0.016994,-0.092934,0.251882,0.10637,2.244221,0.976237,1.160774,24.837107,25.395287,0.565278,15360.0,1.468199,24.572779,25.437471,0.950035,1008.0,14995.0,1024.0,1024.0,93.068939,263400,64.0,1999.3
264200,16200,5700.682,46.536324,33.890324,0.653898,0.020442,9.474854,9.474854,9.474854,9.474854,0.031788,7.2e-05,-0.019003,-0.173655,0.236042,0.170671,2.232279,0.976166,1.126124,25.097153,25.61323,0.526913,15360.0,1.473988,24.943624,25.900154,1.015561,1008.0,14993.907227,1024.0,1024.0,170.763351,264200,64.0,1999.3
265000,16250,5717.56,42.61298,30.275902,0.598907,0.020442,9.318066,9.318066,9.316967,9.316967,0.023964,6.5e-05,0.004822,-0.066352,0.211728,0.068904,2.193485,0.976203,1.04855,25.207691,25.656857,0.464422,15360.0,1.381602,24.98333,25.621267,0.78845,1008.0,14994.472656,1024.0,1024.0,140.55162,265000,64.0,1999.3
265800,16300,5734.387,37.982018,26.966148,0.553678,0.020441,8.284801,8.284801,8.283356,8.283356,0.01719,6.3e-05,-0.026334,-0.230286,0.209095,0.230378,2.130527,0.976245,0.974953,25.365015,25.798147,0.445482,15360.0,1.266164,25.097483,25.526886,0.608364,1008.0,14995.126953,1024.0,1024.0,123.912849,265800,64.0,1999.3
266600,16350,5751.423,34.640556,23.654751,0.611872,0.020441,8.33563,8.33563,8.33563,8.33563,0.024694,6.2e-05,-0.04667,-0.239178,0.264542,0.210131,2.056648,0.976285,0.835089,25.732277,26.270485,0.544069,15360.0,1.319599,25.639784,26.689171,1.114038,1008.0,14995.738281,1024.0,1024.0,147.541077,266600,64.0,1999.3
267400,16400,5768.252,41.340286,29.423061,0.644447,0.020441,9.092323,9.092323,9.091418,9.091418,0.027196,6.3e-05,-0.041178,-0.244303,0.276691,0.22107,2.000057,0.976239,0.911211,25.678631,26.224525,0.553399,15360.0,1.269146,25.526403,26.457949,0.99318,1008.0,14995.032227,1024.0,1024.0,146.966415,267400,64.0,1999.3
268200,16450,5785.368,44.075397,32.099789,0.584267,0.020441,9.335502,9.335502,9.335502,9.335502,0.022877,6e-05,-0.06213,-0.368029,0.253519,0.317527,1.896729,0.976239,0.825464,25.787363,26.262844,0.480857,15360.0,1.128371,25.622618,26.19545,0.747532,1008.0,14995.033203,1024.0,1024.0,177.180771,268200,64.0,1999.3
269000,16500,5802.007,38.060215,27.44875,0.601899,0.020442,8.164587,8.164587,8.164409,8.164409,0.026718,6.5e-05,-0.089931,-0.372217,0.277001,0.358397,1.788292,0.976208,0.740699,25.972677,26.459782,0.495358,15360.0,1.191037,25.836634,26.676823,0.996435,1008.0,14994.556641,1024.0,1024.0,131.009171,269000,64.0,1999.3
269800,16550,5818.8,38.565876,27.789272,0.557003,0.020441,8.407274,8.407274,8.405714,8.405714,0.014839,6.3e-05,-0.041842,-0.211003,0.262875,0.219612,1.697058,0.976269,0.679086,25.987211,26.429153,0.446114,15360.0,1.046369,25.675564,26.012213,0.54569,1008.0,14995.494141,1024.0,1024.0,119.582947,269800,64.0,1999.3
270600,16600,5835.812,39.326317,27.930683,0.598187,0.020441,8.978661,8.978661,8.978312,8.978312,0.022877,5.9e-05,-0.0715,-0.361406,0.290746,0.337012,1.601803,0.976255,0.621746,26.130836,26.59203,0.465717,15360.0,1.167454,25.947813,26.870611,1.099756,1008.0,14995.273438,1024.0,1024.0,179.701828,270600,64.0,1999.3
271400,16650,5852.791,47.728867,35.305248,0.61182,0.020441,10.093068,10.093068,10.092943,10.092943,0.025144,6.3e-05,-0.118746,-0.510075,0.297504,0.502705,1.552271,0.976228,0.548844,26.268997,26.720892,0.461807,15360.0,0.862936,26.142365,26.686932,0.767062,1008.0,14994.855469,1024.0,1024.0,138.181076,271400,64.0,1999.3
272200,16700,5869.95,43.181286,31.594753,0.588229,0.020441,9.294071,9.294071,9.293569,9.293569,0.023465,5.9e-05,-0.099214,-0.384995,0.31745,0.402388,1.519495,0.976231,0.575134,26.3428,26.821335,0.482364,15360.0,0.928201,26.182673,26.882904,0.907232,1008.0,14994.910156,1024.0,1024.0,178.187424,272200,64.0,1999.3
273000,16750,5887.047,42.794415,31.434261,0.64152,0.020441,9.090664,9.090664,9.090664,9.090664,0.02339,6.1e-05,-0.119469,-0.446642,0.325675,0.434283,1.498137,0.976289,0.600342,26.462408,26.939907,0.487906,15360.0,0.725288,26.363911,26.818256,0.656162,1008.0,14995.796875,1024.0,1024.0,150.819534,273000,64.0,1999.3
273800,16800,5904.149,45.089851,33.236202,0.616418,0.020441,9.486352,9.486352,9.485014,9.485014,0.026661,6.4e-05,-0.149896,-0.436597,0.313633,0.478004,1.502802,0.976232,0.617399,26.493404,26.953077,0.471328,15360.0,1.047667,26.334625,27.276237,1.12069,1008.0,14994.919922,1024.0,1024.0,171.383606,273800,64.0,1999.3
274600,16850,5921.12,38.865585,28.718109,0.600629,0.020441,7.904067,7.904067,7.903631,7.903631,0.021544,6.3e-05,-0.113596,-0.507108,0.294649,0.491598,1.519846,0.97632,0.661018,26.587872,27.027632,0.447822,15360.0,0.948373,26.413713,27.05382,0.836203,1008.0,14996.269531,1024.0,1024.0,163.262848,274600,64.0,1999.3
275400,16900,5960.881,44.37077,31.984684,0.689558,0.020441,9.700732,9.700732,9.700599,9.700599,0.032976,5.9e-05,-0.171222,-0.545729,0.348111,0.56421,1.577595,0.976215,0.853633,26.839006,27.381418,0.549179,15360.0,1.076228,26.745743,27.955,1.28156,1008.0,14994.667969,1024.0,1024.0,142.835007,275400,64.0,1999.3
276200,16950,5977.97,45.023136,32.567249,0.542657,0.020441,9.961798,9.961798,9.961151,9.961151,0.018072,5.7e-05,-0.161355,-0.636766,0.292108,0.624549,1.648706,0.976256,0.822284,26.848595,27.326038,0.4816,15360.0,0.912929,26.543552,27.077755,0.874659,1008.0,14995.297852,1024.0,1024.0,140.233536,276200,64.0,1999.3
277000,17000,5994.589,41.994301,30.446207,0.586455,0.020441,8.885962,8.885962,8.885674,8.885674,0.021376,5.5e-05,-0.168587,-0.6164,0.291863,0.616617,1.741344,0.976284,1.041091,27.237469,27.740704,0.508234,15360.0,0.980449,27.004101,27.52924,0.723506,1008.0,14995.722656,1024.0,1024.0,139.386734,277000,64.0,1999.3
277800,17050,6011.355,48.194084,35.205559,0.626003,0.020441,10.230843,10.230843,10.230743,10.230743,0.026385,6e-05,-0.080314,-0.513697,0.200903,0.511165,1.855307,0.9763,0.892579,27.096703,27.4405,0.372737,15360.0,0.91964,26.876839,27.489876,0.710078,1008.0,14995.963867,1024.0,1024.0,132.202148,277800,64.0,1999.3
278600,17100,6027.978,40.989799,28.719929,0.609055,0.020441,9.430844,9.430844,9.430844,9.430844,0.025331,5.3e-05,-0.141168,-0.691542,0.231684,0.674634,1.941242,0.976262,1.075318,27.406637,27.837524,0.449755,15360.0,1.107645,27.224838,28.108685,1.021849,1008.0,14995.379883,1024.0,1024.0,136.682281,278600,64.0,1999.3
279400,17150,6044.694,42.071316,30.14831,0.542591,0.020441,9.250552,9.250552,9.250552,9.250552,0.019651,5.5e-05,-0.125611,-0.744684,0.19924,0.738787,2.053791,0.976227,1.018801,27.373539,27.76902,0.409197,15360.0,0.970587,27.088287,27.716511,0.832234,1008.0,14994.850586,1024.0,1024.0,227.608566,279400,64.0,1999.3
280200,17200,6061.344,49.544315,36.58371,0.590607,0.020441,9.972542,9.972542,9.972542,9.972542,0.020291,5.6e-05,-0.153951,-0.852666,0.20898,0.857354,2.141037,0.976251,1.207398,27.856342,28.285891,0.447433,15360.0,1.087716,27.546059,27.964598,0.58577,1008.0,14995.219727,1024.0,1024.0,145.302841,280200,64.0,1999.3
281000,17250,6078.105,41.168728,28.561871,0.624589,0.020441,9.582693,9.582693,9.582136,9.582136,0.028677,5.4e-05,-0.156281,-0.874107,0.197958,0.89121,2.239639,0.976278,1.214282,27.95348,28.3794,0.443354,15360.0,1.209542,27.744576,28.583847,1.004201,1008.0,14995.633789,1024.0,1024.0,153.912262,281000,64.0,1999.3
281800,17300,6094.677,43.555759,31.40667,0.606682,0.020441,9.156448,9.156448,9.156448,9.156448,0.026762,5.4e-05,-0.13793,-0.797969,0.200441,0.835061,2.320337,0.976259,1.234212,28.089373,28.536861,0.465091,15360.0,1.178625,27.813635,28.530127,0.850926,1008.0,14995.339844,1024.0,1024.0,202.582031,281800,64.0,1999.3
282600,17350,6111.567,42.175449,30.406181,0.568553,0.020441,8.845389,8.845389,8.845259,8.845259,0.022151,5.5e-05,-0.141703,-0.764443,0.200765,0.782633,2.426434,0.976287,1.246095,28.384899,28.852156,0.487143,15360.0,1.153176,27.971062,28.435129,0.662059,1008.0,14995.772461,1024.0,1024.0,139.960831,282600,64.0,1999.3
283400,17400,6128.412,43.580452,31.257214,0.641364,0.020441,9.153327,9.153327,9.152977,9.152977,0.031859,5.7e-05,-0.160675,-0.897661,0.205956,0.889726,2.503864,0.976278,1.264082,28.631163,29.127613,0.515687,15360.0,1.631233,28.36091,29.553991,1.333253,1008.0,14995.632812,1024.0,1024.0,226.451797,283400,64.0,1999.3
284200,17450,6145.191,35.986988,24.394888,0.590142,0.020441,8.72954,8.72954,8.72954,8.72954,0.024839,5e-05,-0.170687,-0.963222,0.196475,0.970185,2.535124,0.976204,1.173351,29.150576,29.632977,0.498088,15360.0,1.254533,28.930977,29.793839,0.940233,1008.0,14994.486328,1024.0,1024.0,166.191818,284200,64.0,1999.3
285000,17500,6162.321,40.751225,29.157261,0.562932,0.020441,8.691947,8.691947,8.690616,8.690616,0.023121,5.1e-05,-0.159263,-1.174805,0.165939,1.151204,2.536253,0.976281,1.214468,28.941572,29.331968,0.420863,15360.0,1.314145,28.652431,29.244783,0.738802,1008.0,14995.675781,1024.0,1024.0,144.535599,285000,64.0,1999.3
285800,17550,6179.394,42.453678,30.410576,0.646383,0.020441,9.026855,9.026855,9.026855,9.026855,0.030156,5.6e-05,-0.13474,-1.085247,0.166712,1.077119,2.541204,0.97613,1.152376,29.37752,29.760557,0.423649,15360.0,1.430332,29.159103,29.94969,0.948191,1008.0,14993.363281,1024.0,1024.0,236.874344,285800,64.0,1999.3
286600,17600,6196.488,41.370884,29.466805,0.571991,0.020441,9.116983,9.116983,9.11606,9.11606,0.018083,4.8e-05,-0.163627,-1.079431,0.179996,1.061053,2.519096,0.976232,1.055254,29.563013,29.99304,0.453427,15360.0,1.304463,29.240913,29.648655,0.663063,1008.0,14994.919922,1024.0,1024.0,142.18486,286600,64.0,1999.3
287400,17650,6213.656,36.298313,25.713293,0.616916,0.020441,7.99684,7.99684,7.995188,7.995188,0.023234,5e-05,-0.16513,-0.966609,0.201459,0.979386,2.498264,0.976297,0.915093,29.942242,30.43008,0.503299,15360.0,1.337254,29.710018,30.532671,0.914593,1008.0,14995.921875,1024.0,1024.0,186.843857,287400,64.0,1999.3
288200,17700,6230.819,43.82914,31.264551,0.570902,0.020441,9.712578,9.712578,9.712578,9.712578,0.02111,5.2e-05,-0.146961,-0.985205,0.188747,0.981446,2.462627,0.976255,1.028864,29.720001,30.161087,0.464814,15360.0,1.358357,29.320004,29.831858,0.776083,1008.0,14995.269531,1024.0,1024.0,152.520279,288200,64.0,1999.3
289000,17750,6247.926,38.049759,26.997257,0.553629,0.020441,8.470471,8.470471,8.470039,8.470039,0.019214,5e-05,-0.17088,-1.095925,0.187193,1.094025,2.41131,0.976248,0.960933,29.855289,30.286898,0.45138,15360.0,1.2362,29.53298,29.898499,0.58159,1008.0,14995.162109,1024.0,1024.0,127.395821,289000,64.0,1999.3
289800,17800,6265.261,41.788033,29.948576,0.633444,0.020441,9.114983,9.114983,9.114478,9.114478,0.028979,4.9e-05,-0.181648,-1.184191,0.200585,1.192807,2.33638,0.976247,0.953249,29.951483,30.381876,0.468643,15360.0,1.291632,29.721945,30.395138,0.866975,1008.0,14995.151367,1024.0,1024.0,120.24984,289800,64.0,1999.3
290600,17850,6284.854,43.853531,32.07399,0.654916,0.020441,9.042673,9.042673,9.042409,9.042409,0.032957,5e-05,-0.153137,-1.25879,0.169297,1.254684,2.191833,0.976206,0.936122,30.022005,30.350595,0.371071,15360.0,1.247547,29.713614,30.053352,0.615772,1008.0,14994.519531,1024.0,1024.0,151.841721,290600,64.0,1999.3
291400,17900,6304.859,40.957047,30.032413,0.679325,0.020441,8.428141,8.428141,8.427096,8.427096,0.033804,5.1e-05,-0.240747,-1.199943,0.230863,1.191879,2.108267,0.976227,0.789056,30.338198,30.790594,0.48672,15360.0,1.352005,30.176434,30.971352,1.114569,1008.0,14994.841797,1024.0,1024.0,146.747101,291400,64.0,1999.3
292200,17950,6323.045,34.551662,24.518501,0.639912,0.020441,7.862693,7.862693,7.861898,7.861898,0.025142,4.7e-05,-0.256619,-1.222662,0.239306,1.21854,2.003731,0.976236,0.697211,30.513071,30.974838,0.479505,15360.0,0.944181,30.373676,30.867113,0.666106,1008.0,14994.984375,1024.0,1024.0,164.579224,292200,64.0,1999.3
293000,18000,6344.59,40.936745,29.732845,0.600012,0.020441,8.951053,8.951053,8.951053,8.951053,0.025171,4.8e-05,-0.304627,-1.288597,0.25829,1.324687,1.906282,0.976282,0.720736,30.503092,30.972878,0.492374,15360.0,1.070604,30.240866,30.931925,0.869094,1008.0,14995.683594,1024.0,1024.0,142.330307,293000,64.0,1999.3
293800,18050,6363.12,42.210735,30.601246,0.616696,0.020441,9.358474,9.358474,9.358474,9.358474,0.024779,4.5e-05,-0.306251,-1.273948,0.261107,1.288198,1.830055,0.976224,0.670034,30.568367,31.035511,0.477839,15360.0,1.047495,30.236183,30.72768,0.71259,1008.0,14994.794922,1024.0,1024.0,118.502151,293800,64.0,1999.3
294600,18100,6379.935,42.993694,31.437792,0.542241,0.020441,9.390862,9.390862,9.390862,9.390862,0.021103,5.1e-05,-0.283435,-1.469781,0.240643,1.468587,1.769056,0.976221,0.64556,30.646379,31.040956,0.425712,15360.0,1.003811,30.373783,30.72364,0.704952,1008.0,14994.757812,1024.0,1024.0,145.309982,294600,64.0,1999.3
295400,18150,6396.998,45.859406,33.653385,0.575306,0.020441,10.003431,10.003431,10.003145,10.003145,0.02152,5.2e-05,-0.232453,-1.221366,0.236897,1.190792,1.707409,0.976279,0.562593,30.741343,31.120012,0.40448,15360.0,0.921196,30.414085,30.603224,0.581066,1008.0,14995.640625,1024.0,1024.0,123.920784,295400,64.0,1999.3
296200,18200,6414.717,44.862389,32.741753,0.667134,0.020441,9.900963,9.900963,9.90077,9.90077,0.033942,4.9e-05,-0.267935,-1.376892,0.230576,1.401841,1.667274,0.976296,0.503067,30.822138,31.177818,0.384433,15360.0,1.022915,30.568691,31.339796,1.001922,1008.0,14995.90918,1024.0,1024.0,173.521088,296200,64.0,1999.3
297000,18250,6434.543,42.609692,30.772831,0.586906,0.020441,9.774044,9.774044,9.774044,9.774044,0.024194,4.5e-05,-0.254951,-1.418992,0.218249,1.402418,1.631826,0.976242,0.4752,30.931126,31.249718,0.356144,15360.0,0.859385,30.711857,31.039297,0.784161,1008.0,14995.081055,1024.0,1024.0,137.734695,297000,64.0,1999.3
297800,18300,6454.47,39.825863,28.84919,0.616171,0.020441,8.917505,8.917505,8.916945,8.916945,0.025671,4.7e-05,-0.295391,-1.427284,0.247588,1.419922,1.629084,0.976222,0.514253,31.032764,31.409342,0.403341,15360.0,1.039823,30.787399,31.613369,1.208775,1008.0,14994.773438,1024.0,1024.0,127.491371,297800,64.0,1999.3
298600,18350,6473.875,40.310764,29.17606,0.515654,0.020441,9.171259,9.171259,9.171259,9.171259,0.01779,4.5e-05,-0.296871,-1.427198,0.239094,1.437208,1.613474,0.976249,0.520297,31.028959,31.401592,0.385772,15360.0,0.955995,30.64439,30.986176,0.814208,1008.0,14995.175781,1024.0,1024.0,181.083282,298600,64.0,1999.3
299400,18400,6492.616,44.140373,32.462906,0.631249,0.020441,9.583937,9.583937,9.583937,9.583937,0.03132,4.6e-05,-0.373984,-1.52222,0.282186,1.52417,1.646341,0.976284,0.599204,31.209785,31.644699,0.464575,15360.0,0.860764,31.059673,31.771269,0.948032,1008.0,14995.71875,1024.0,1024.0,143.244293,299400,64.0,1999.3
300200,18450,6536.268,46.354057,34.027168,0.607835,0.020441,10.1529,10.1529,10.1529,10.1529,0.026953,4.5e-05,-0.466811,-1.501689,0.331688,1.524001,1.69516,0.97629,0.734536,31.405363,31.954298,0.562264,15360.0,0.87568,31.226198,31.994349,1.007321,1008.0,14995.807617,1024.0,1024.0,134.345688,300200,64.0,1999.3
301000,18500,6556.723,45.781029,33.784275,0.598757,0.020441,9.748852,9.748852,9.747697,9.747697,0.024871,4.5e-05,-0.291711,-1.453291,0.234625,1.441938,1.756966,0.976279,0.683727,31.430401,31.815432,0.412227,15360.0,0.87269,31.203917,31.748278,0.88475,1008.0,14995.644531,1024.0,1024.0,132.206985,301000,64.0,1999.3
301800,18550,6576.935,41.294701,29.729885,0.579296,0.020441,9.332707,9.332707,9.331551,9.331551,0.022129,4.4e-05,-0.34919,-1.51823,0.253572,1.523458,1.821625,0.976222,0.808763,31.639681,32.084831,0.461913,15360.0,0.798428,31.380661,31.862532,0.756552,1008.0,14994.772461,1024.0,1024.0,188.63063,301800,64.0,1999.3
302600,18600,6594.862,50.923824,37.944031,0.650705,0.020441,10.446224,10.446224,10.446049,10.446049,0.039483,4.8e-05,-0.263296,-1.462156,0.206008,1.462787,1.933828,0.976215,0.800103,31.677134,32.04512,0.398383,15360.0,0.936661,31.384756,31.759563,0.861665,1008.0,14994.660156,1024.0,1024.0,208.752304,302600,64.0,1999.3
303400,18650,6612.828,42.80611,30.312092,0.623162,0.020441,9.928499,9.928499,9.928499,9.928499,0.027815,4.1e-05,-0.312441,-1.582044,0.220847,1.56172,2.022913,0.976312,0.959828,31.973845,32.404797,0.446755,15360.0,0.938921,31.692869,32.44194,0.929469,1008.0,14996.158203,1024.0,1024.0,141.416534,303400,64.0,1999.3
304200,18700,6631.198,48.330406,35.10984,0.648498,0.020441,10.445617,10.445617,10.445303,10.445303,0.02878,4.4e-05,-0.297733,-1.550365,0.219396,1.543502,2.108521,0.976276,1.054688,32.190449,32.630169,0.4626,15360.0,1.014982,31.913685,32.532269,0.873907,1008.0,14995.601562,1024.0,1024.0,176.865128,304200,64.0,1999.3
305000,18750,6649.608,41.567951,29.961395,0.579084,0.020441,9.010547,9.010547,9.01032,9.01032,0.018571,4.4e-05,-0.258979,-1.41664,0.203752,1.407411,2.237116,0.976262,1.060403,32.272335,32.695446,0.455818,15360.0,0.980009,31.912964,32.438591,0.78326,1008.0,14995.37793,1024.0,1024.0,135.88562,305000,64.0,1999.3
305800,18800,6666.84,40.987411,28.946369,0.591156,0.020441,9.29462,9.29462,9.294017,9.294017,0.027302,4e-05,-0.317487,-1.586813,0.229996,1.59528,2.376492,0.976232,1.151561,32.602448,33.121937,0.546583,15360.0,1.237633,32.210121,33.045849,1.123571,1008.0,14994.927734,1024.0,1024.0,124.965843,305800,64.0,1999.3
306600,18850,6685.917,44.973038,32.636887,0.677303,0.020441,9.426291,9.426291,9.425715,9.425715,0.032642,4.1e-05,-0.182956,-1.52209,0.1582,1.534101,2.469135,0.976197,1.114108,32.530609,32.856762,0.390617,15360.0,1.127788,32.240837,32.899994,0.870823,1008.0,14994.384766,1024.0,1024.0,125.609131,306600,64.0,1999.3
307400,18900,6705.386,43.742531,31.700031,0.61025,0.020441,9.253283,9.253283,9.252676,9.252676,0.02788,3.9e-05,-0.237514,-1.634216,0.172424,1.626473,2.563416,0.976255,1.15721,32.732605,33.131935,0.441994,15360.0,1.045019,32.392292,32.563248,0.513753,1008.0,14995.274414,1024.0,1024.0,131.845123,307400,64.0,1999.3
308200,18950,6725.873,40.690533,28.939993,0.670703,0.020441,8.822998,8.822998,8.822641,8.822641,0.035147,3.9e-05,-0.259735,-1.485638,0.199017,1.478892,2.681772,0.976263,1.248687,33.407028,33.902489,0.533718,15360.0,1.217144,33.151894,34.163578,1.217431,1008.0,14995.404297,1024.0,1024.0,143.662842,308200,64.0,1999.3
309000,19000,6747.192,44.704021,31.846077,0.572227,0.020441,9.922178,9.922178,9.921337,9.921337,0.019976,3.9e-05,-0.27179,-1.526186,0.205418,1.502895,2.764874,0.97629,1.275091,33.549309,34.094872,0.567954,15360.0,1.158604,32.97237,33.556164,0.757509,1008.0,14995.817383,1024.0,1024.0,157.707596,309000,64.0,1999.3
309800,19050,6764.622,38.096863,26.60556,0.533613,0.020441,8.762127,8.762127,8.761328,8.761328,0.017265,3.7e-05,-0.243716,-1.675382,0.16972,1.669774,2.872726,0.976244,1.225678,33.620243,34.069408,0.48756,15360.0,1.056494,33.074631,33.491989,0.743424,1008.0,14995.114258,1024.0,1024.0,165.4729,309800,64.0,1999.3
310600,19100,6782.775,44.538261,31.757769,0.552849,0.020441,9.845266,9.845266,9.845266,9.845266,0.019096,3.9e-05,-0.230125,-1.678022,0.163497,1.683953,2.960556,0.976273,1.238323,33.779507,34.205711,0.484041,15360.0,1.230705,33.332211,33.615345,0.615982,1008.0,14995.547852,1024.0,1024.0,139.384262,310600,64.0,1999.3
311400,19150,6803.648,39.480671,28.041786,0.644119,0.020441,8.524017,8.524017,8.523769,8.523769,0.030518,4.1e-05,-0.21857,-1.590828,0.160761,1.598472,3.00943,0.976213,1.17944,34.030563,34.462391,0.483799,15360.0,1.456791,33.712116,34.576569,1.066236,1008.0,14994.623047,1024.0,1024.0,138.701935,311400,64.0,1999.3
312200,19200,6824.622,39.665794,28.169785,0.666275,0.020441,8.564209,8.564209,8.563881,8.563881,0.03129,3.8e-05,-0.195345,-1.541918,0.156692,1.528804,3.099651,0.97623,1.1457,34.05526,34.46582,0.485691,15360.0,1.461028,33.727161,34.490765,1.084483,1008.0,14994.898438,1024.0,1024.0,151.152466,312200,64.0,1999.3
313000,19250,6844.416,38.757786,27.744511,0.653019,0.020441,8.265376,8.265376,8.26416,8.26416,0.030042,3.8e-05,-0.201634,-1.617379,0.150674,1.629938,3.1371,0.976233,1.073264,34.639877,35.051296,0.472678,15360.0,1.254237,34.370506,34.971714,0.817079,1008.0,14994.944336,1024.0,1024.0,163.483322,313000,64.0,1999.3
313800,19300,6863.464,41.214996,29.03833,0.534488,0.020441,9.364605,9.364605,9.363722,9.363722,0.017184,3.7e-05,-0.174073,-1.582113,0.135903,1.584478,3.17598,0.976291,1.136227,34.238892,34.603565,0.431626,15360.0,1.19506,33.675751,33.767857,0.459093,1008.0,14995.823242,1024.0,1024.0,162.688095,313800,64.0,1999.3
314600,19350,6881.36,38.264545,26.477148,0.569181,0.020441,9.123765,9.123765,9.123745,9.123745,0.021801,3.4e-05,-0.173315,-1.628455,0.131586,1.62812,3.205662,0.976282,0.973267,34.876686,35.250576,0.421821,15360.0,1.205603,34.489269,34.727104,0.645829,1008.0,14995.685547,1024.0,1024.0,156.357346,314600,64.0,1999.3
315400,19400,6898.87,46.37524,33.385326,0.588745,0.020441,10.04758,10.04758,10.04758,10.04758,0.027061,4.1e-05,-0.13063,-1.630594,0.121492,1.64851,3.193096,0.976222,1.078373,34.620228,34.898838,0.387935,15360.0,1.268828,34.18626,34.394787,0.676692,1008.0,14994.767578,1024.0,1024.0,148.259018,315400,64.0,1999.3
316200,19450,6917.307,39.248684,28.165092,0.616016,0.020441,8.434865,8.434865,8.434427,8.434427,0.02923,3.9e-05,-0.179397,-1.459234,0.151237,1.449919,3.141159,0.97625,0.986196,34.819466,35.234306,0.475059,15360.0,1.206603,34.364235,34.734909,0.694545,1008.0,14995.191406,1024.0,1024.0,116.464859,316200,64.0,1999.3
317000,19500,6935.387,34.654438,24.011377,0.572562,0.020441,8.276184,8.276184,8.275636,8.275636,0.020149,3.2e-05,-0.23341,-1.615309,0.163274,1.623007,3.106895,0.976232,0.81643,35.270294,35.750214,0.507276,15360.0,1.210783,34.86771,35.53138,0.909968,1008.0,14994.921875,1024.0,1024.0,165.139236,317000,64.0,1999.3
317800,19550,6958.05,40.845367,29.20562,0.590445,0.020441,9.135515,9.135515,9.135222,9.135222,0.023212,3.7e-05,-0.230469,-1.603744,0.166212,1.606164,3.039589,0.976253,0.854203,35.219666,35.683235,0.505215,15360.0,1.186875,34.734596,35.207397,0.819735,1008.0,14995.245117,1024.0,1024.0,152.411514,317800,64.0,1999.3
318600,19600,6980.665,39.255535,27.69945,0.617776,0.020441,9.044486,9.044486,9.044486,9.044486,0.02516,3.6e-05,-0.186503,-1.598384,0.14325,1.591752,2.975548,0.976283,0.819349,35.426292,35.789021,0.426246,15360.0,1.120287,35.198292,35.646626,0.750168,1008.0,14995.707031,1024.0,1024.0,122.571968,318600,64.0,1999.3
319400,19650,7003.49,40.462029,28.998112,0.560389,0.020441,8.907331,8.907331,8.907234,8.907234,0.018881,3.4e-05,-0.181331,-1.543957,0.151497,1.561651,2.880043,0.976285,0.884022,35.354958,35.730827,0.436318,15360.0,1.274446,34.851883,35.351059,0.892846,1008.0,14995.732422,1024.0,1024.0,161.076355,319400,64.0,1999.3
320200,19700,7021.832,43.189968,31.408249,0.553595,0.020441,9.22681,9.22681,9.226408,9.226408,0.019191,3.9e-05,-0.185476,-1.554244,0.158288,1.540861,2.827324,0.976248,0.889352,35.349213,35.73777,0.447531,15360.0,1.181059,34.831669,35.098427,0.681021,1008.0,14995.174805,1024.0,1024.0,121.114311,320200,64.0,1999.3
321000,19750,7038.896,46.215893,33.285496,0.621477,0.020441,10.217597,10.217597,10.217597,10.217597,0.028483,3.6e-05,-0.19883,-1.647851,0.159489,1.633881,2.76112,0.976266,0.850751,35.487598,35.855995,0.440368,15360.0,1.324023,35.04644,35.663048,1.111587,1008.0,14995.451172,1024.0,1024.0,133.067123,321000,64.0,1999.3
321800,19800,7055.689,35.575977,24.600605,0.601049,0.020441,8.688862,8.688862,8.688862,8.688862,0.02607,3.2e-05,-0.225885,-1.649266,0.162176,1.650938,2.633656,0.976276,0.720196,35.781288,36.164658,0.427115,15360.0,1.006076,35.604229,36.137375,0.867564,1008.0,14995.591797,1024.0,1024.0,213.815201,321800,64.0,1999.3
322600,19850,7072.574,40.126343,28.281876,0.613069,0.020441,9.372699,9.372699,9.372699,9.372699,0.028563,3.3e-05,-0.194718,-1.548933,0.157225,1.557162,2.496376,0.976261,0.754928,35.742283,36.071884,0.392493,15360.0,1.13591,35.431808,36.007969,0.909029,1008.0,14995.370117,1024.0,1024.0,146.317993,322600,64.0,1999.3
323400,19900,7089.656,48.700733,35.561165,0.616268,0.020441,10.672819,10.672819,10.672819,10.672819,0.027879,3.5e-05,-0.205807,-1.740876,0.165952,1.738276,2.410267,0.976276,0.660967,35.912392,36.227573,0.399989,15360.0,1.025335,35.649132,36.014549,0.839441,1008.0,14995.594727,1024.0,1024.0,142.362717,323400,64.0,1999.3
324200,19950,7109.97,41.260769,29.598783,0.607276,0.020441,9.382277,9.382277,9.382277,9.382277,0.02969,3.3e-05,-0.261075,-1.662951,0.192444,1.663842,2.291306,0.976287,0.636451,36.033352,36.429565,0.440947,15360.0,1.127944,35.635162,36.090405,0.962287,1008.0,14995.774414,1024.0,1024.0,185.882248,324200,64.0,1999.3
325000,20000,7126.16,43.090988,30.974716,0.616003,0.020441,9.879748,9.879748,9.879748,9.879748,0.027273,3.3e-05,-0.196771,-1.709695,0.153748,1.707071,2.189056,0.976284,0.567978,36.134193,36.404739,0.336564,15360.0,0.802983,35.97517,36.316044,0.650151,1008.0,14995.714844,1024.0,1024.0,190.168915,325000,64.0,1999.3
325800,20050,7170.034,40.554283,28.685089,0.624977,0.020441,9.653526,9.653526,9.653526,9.653526,0.027521,3.4e-05,-0.228847,-1.619042,0.189246,1.588973,2.107128,0.97628,0.553127,36.257015,36.599541,0.398765,15360.0,0.935403,35.908321,36.458309,0.932156,1008.0,14995.657227,1024.0,1024.0,164.342361,325800,64.0,1999.3
326600,20100,7188.41,39.048092,27.78614,0.578812,0.020441,9.192682,9.192682,9.191147,9.191147,0.023731,3.1e-05,-0.252608,-1.544453,0.196921,1.551576,2.036816,0.976287,0.543413,36.365002,36.733685,0.401093,15360.0,0.866467,36.002144,36.324745,0.740265,1008.0,14995.761719,1024.0,1024.0,154.931564,326600,64.0,1999.3
327400,20150,7206.336,46.08057,34.332115,0.62522,0.020441,9.618711,9.618711,9.618379,9.618379,0.027781,3.6e-05,-0.322147,-1.574163,0.250856,1.546925,2.042206,0.976274,0.559577,36.504868,36.971012,0.512299,15360.0,0.949261,36.164425,36.795422,1.090368,1008.0,14995.564453,1024.0,1024.0,132.737244,327400,64.0,1999.3
328200,20200,7225.249,47.378433,34.763771,0.694188,0.020441,10.292006,10.292006,10.291838,10.291838,0.034854,3.7e-05,-0.28734,-1.484547,0.231933,1.489029,2.027729,0.976276,0.559549,36.497665,36.915455,0.470296,15360.0,1.022076,36.174061,37.100433,1.235679,1008.0,14995.599609,1024.0,1024.0,159.910095,328200,64.0,1999.3
329000,20250,7244.543,38.126144,26.641722,0.631751,0.020441,9.302064,9.302064,9.301959,9.301959,0.027973,3.1e-05,-0.343596,-1.540565,0.24599,1.521663,2.026836,0.976258,0.673239,36.825409,37.3064,0.498581,15360.0,0.901061,36.608658,37.400101,1.078047,1008.0,14995.31543,1024.0,1024.0,160.071136,329000,64.0,1999.3
329800,20300,7264.036,41.000343,29.007475,0.574357,0.020441,9.774991,9.774991,9.774991,9.774991,0.023983,3.2e-05,-0.260251,-1.582232,0.198642,1.605492,2.062901,0.976301,0.620771,36.691887,37.060226,0.409779,15360.0,0.950194,36.32251,36.689331,0.88538,1008.0,14995.990234,1024.0,1024.0,128.190811,329800,64.0,1999.3
330600,20350,7283.125,37.79842,26.4193,0.548882,0.020441,9.164097,9.164097,9.164097,9.164097,0.020761,3e-05,-0.292819,-1.647435,0.207018,1.645957,2.117435,0.976213,0.723268,36.938915,37.345646,0.438348,15360.0,0.996145,36.566772,37.033188,0.979885,1008.0,14994.628906,1024.0,1024.0,162.585693,330600,64.0,1999.3
331400,20400,7302.142,49.082298,36.047184,0.646134,0.020441,10.602001,10.602001,10.601571,10.601571,0.030081,3.2e-05,-0.257172,-1.49595,0.196244,1.506495,2.181164,0.976295,0.68549,36.965065,37.356285,0.42804,15360.0,0.926745,36.587631,37.221027,0.984486,1008.0,14995.882812,1024.0,1024.0,139.581131,331400,64.0,1999.3
332200,20450,7321.587,38.614529,27.272724,0.655322,0.020441,8.970504,8.970504,8.970411,8.970411,0.028504,3.2e-05,-0.283104,-1.543699,0.210438,1.520181,2.269295,0.976308,0.802569,37.184216,37.619373,0.477545,15360.0,0.930069,36.794235,37.354084,0.812718,1008.0,14996.092773,1024.0,1024.0,152.820145,332200,64.0,1999.3
333000,20500,7341.775,38.229263,26.931839,0.573027,0.020441,8.960129,8.960129,8.960129,8.960129,0.022233,3.2e-05,-0.226148,-1.63554,0.168544,1.612262,2.349922,0.976305,0.795671,37.257294,37.602436,0.396066,15360.0,0.927649,36.896694,37.244507,0.856121,1008.0,14996.037109,1024.0,1024.0,171.282639,333000,64.0,1999.3
333800,20550,7361.207,36.825748,26.243813,0.533351,0.020441,8.398981,8.398981,8.397299,8.397299,0.016564,3e-05,-0.183159,-1.624388,0.142523,1.625804,2.464298,0.976249,0.71012,37.115589,37.416569,0.35122,15360.0,0.874346,36.537842,36.349705,0.567894,1008.0,14995.19043,1024.0,1024.0,184.68898,333800,64.0,1999.3
334600,20600,7379.672,45.092865,32.673294,0.508168,0.020441,10.071903,10.071903,10.071903,10.071903,0.018508,3e-05,-0.202305,-1.738135,0.157339,1.734064,2.56179,0.976253,0.769784,37.278988,37.606728,0.40307,15360.0,0.814641,36.722328,36.934822,0.740147,1008.0,14995.244141,1024.0,1024.0,168.46431,334600,64.0,1999.3
335400,20650,7396.587,38.835457,27.308739,0.592112,0.020441,9.005974,9.005974,9.005873,9.005873,0.01966,2.7e-05,-0.231239,-1.59981,0.170345,1.589269,2.721798,0.97628,0.969367,37.717499,38.139763,0.463646,15360.0,0.898222,37.196499,37.347813,0.617691,1008.0,14995.658203,1024.0,1024.0,157.633896,335400,64.0,1999.3
336200,20700,7413.638,44.159557,31.753613,0.610311,0.020441,9.73192,9.73192,9.731092,9.731092,0.023962,3e-05,-0.202525,-1.759992,0.163698,1.753531,2.826962,0.976304,1.015935,37.911354,38.28315,0.462769,15360.0,0.8556,37.3335,37.730804,0.654382,1008.0,14996.025391,1024.0,1024.0,141.169449,336200,64.0,1999.3
337000,20750,7430.65,39.697296,27.902599,0.632249,0.020441,9.096656,9.096656,9.096136,9.096136,0.025324,2.9e-05,-0.251554,-1.67707,0.182975,1.679644,2.964226,0.976307,1.086465,38.18021,38.661144,0.542379,15360.0,1.00259,37.682571,38.334663,1.008525,1008.0,14996.076172,1024.0,1024.0,143.071838,337000,64.0,1999.3
337800,20800,7447.319,35.054115,23.689898,0.67984,0.020441,8.42548,8.42548,8.42548,8.42548,0.032613,3e-05,-0.245122,-1.680396,0.16496,1.662681,3.122585,0.97624,1.244569,38.843647,39.314266,0.515101,15360.0,1.321537,38.571671,39.610847,1.17744,1008.0,14995.041016,1024.0,1024.0,146.532898,337800,64.0,1999.3
338600,20850,7464.357,41.944248,29.64867,0.575239,0.020441,9.535906,9.535906,9.535118,9.535118,0.019982,3e-05,-0.204069,-1.695196,0.164372,1.687726,3.258781,0.976253,1.11595,38.396954,38.823818,0.535652,15360.0,0.995061,37.829166,38.177223,0.75186,1008.0,14995.245117,1024.0,1024.0,125.0186,338600,64.0,1999.3
339400,20900,7481.467,34.970516,23.576019,0.608707,0.020441,8.44646,8.44646,8.446131,8.446131,0.023762,2.6e-05,-0.169005,-1.70674,0.133121,1.732981,3.370163,0.976314,1.269025,39.260086,39.620308,0.44864,15360.0,1.2474,38.923981,39.451366,0.691134,1008.0,14996.175781,1024.0,1024.0,155.198517,339400,64.0,1999.3
340200,20950,7498.453,36.942833,25.210361,0.619974,0.020441,8.826485,8.826485,8.826485,8.826485,0.026122,2.6e-05,-0.137068,-1.708942,0.140923,1.718247,3.501186,0.976264,1.185758,39.114525,39.444359,0.493397,15360.0,1.114109,38.765495,39.34827,0.964131,1008.0,14995.421875,1024.0,1024.0,130.458023,340200,64.0,1999.3
341000,21000,7515.49,39.885738,27.66169,0.615867,0.020441,9.323126,9.323126,9.321596,9.321596,0.028011,2.8e-05,-0.195885,-1.706568,0.146346,1.673483,3.6404,0.976243,1.186753,39.138641,39.591206,0.532757,15360.0,1.138121,38.625343,39.069393,0.817312,1008.0,14995.085938,1024.0,1024.0,124.057053,341000,64.0,1999.3
341800,21050,7532.268,39.164711,27.083977,0.657341,0.020441,9.154778,9.154778,9.154743,9.154743,0.033528,2.6e-05,-0.188688,-1.726354,0.139086,1.722063,3.821388,0.97627,1.184321,39.63731,40.059052,0.531503,15360.0,1.123538,39.255753,39.852306,0.890807,1008.0,14995.509766,1024.0,1024.0,129.749069,341800,64.0,1999.3
342600,21100,7549.284,43.776005,31.13736,0.65629,0.020441,9.612305,9.612305,9.612261,9.612261,0.036043,2.8e-05,-0.186055,-1.716346,0.146524,1.736521,3.983082,0.97625,1.165613,39.523293,39.979462,0.583616,15360.0,1.362741,39.177067,40.165672,1.315215,1008.0,14995.196289,1024.0,1024.0,182.982147,342600,64.0,1999.3
343400,21150,7566.466,44.82127,32.102856,0.568749,0.020441,9.777994,9.777994,9.777994,9.777994,0.023857,3.1e-05,-0.108814,-1.553778,0.132086,1.536246,4.101833,0.976283,1.182155,39.191299,39.544079,0.541796,15360.0,1.000308,38.461197,38.946831,0.876476,1008.0,14995.701172,1024.0,1024.0,132.108109,343400,64.0,1999.3
344200,21200,7583.347,39.112663,26.997307,0.684812,0.020441,9.172272,9.172272,9.172272,9.172272,0.036318,2.7e-05,-0.144809,-1.594864,0.126581,1.599468,4.150047,0.976252,1.124824,40.24189,40.617085,0.525315,15360.0,1.135286,39.989796,40.566097,0.831494,1008.0,14995.228516,1024.0,1024.0,169.394409,344200,64.0,1999.3
345000,21250,7600.367,37.37112,25.768494,0.607131,0.020441,8.895346,8.895346,8.895343,8.895343,0.027846,2.4e-05,-0.188392,-1.74343,0.128501,1.735088,4.190727,0.976292,1.041378,40.712273,41.176113,0.538512,15360.0,1.123962,40.258343,40.769215,0.946526,1008.0,14995.839844,1024.0,1024.0,122.688538,345000,64.0,1999.3
345800,21300,7617.254,38.879745,26.873859,0.589997,0.020441,9.241683,9.241683,9.241683,9.241683,0.022733,2.5e-05,-0.131044,-1.626436,0.117556,1.626688,4.302357,0.976269,1.034715,40.52256,40.896938,0.505766,15360.0,1.086423,39.947392,40.1749,0.749449,1008.0,14995.493164,1024.0,1024.0,161.82785,345800,64.0,1999.3
346600,21350,7634.3,43.682602,30.541407,0.599238,0.020441,10.14726,10.14726,10.14726,10.14726,0.028,2.8e-05,-0.102099,-1.666999,0.119111,1.681198,4.330681,0.976256,1.103508,40.096806,40.400383,0.515831,15360.0,1.193745,39.563873,40.003334,0.963772,1008.0,14995.285156,1024.0,1024.0,176.296799,346600,64.0,1999.3
347400,21400,7651.305,35.655209,24.991484,0.726961,0.020441,8.03914,8.03914,8.038835,8.038835,0.039688,2.4e-05,-0.161386,-1.640403,0.134924,1.630225,4.354313,0.976274,0.882574,41.277084,41.764053,0.587503,15360.0,1.173602,41.023338,41.828506,0.997926,1008.0,14995.566406,1024.0,1024.0,136.840958,347400,64.0,1999.3
348200,21450,7668.329,43.207993,31.869678,0.597732,0.020441,8.622057,8.622057,8.622057,8.622057,0.030444,2.8e-05,-0.106539,-1.583064,0.118048,1.574219,4.356659,0.976316,0.977627,40.803387,41.134487,0.514297,15360.0,1.215965,40.168716,40.098415,0.829586,1008.0,14996.21875,1024.0,1024.0,147.890228,348200,64.0,1999.3
349000,21500,7685.417,49.969383,36.608086,0.592913,0.020441,10.345247,10.345247,10.345247,10.345247,0.031369,2.8e-05,-0.190202,-1.718156,0.155319,1.700227,4.405487,0.976297,1.094663,40.411228,40.929714,0.684256,15360.0,1.545705,39.737358,40.670994,1.430863,1008.0,14995.925781,1024.0,1024.0,185.707092,349000,64.0,1999.3
349800,21550,7701.994,38.756763,26.935604,0.605603,0.020441,9.36247,9.36247,9.36247,9.36247,0.023724,2.5e-05,-0.149561,-1.597669,0.118028,1.585419,4.392597,0.976264,0.743285,41.608955,42.047104,0.518449,15360.0,1.008906,41.140167,41.322647,0.609934,1008.0,14995.408203,1024.0,1024.0,164.40947,349800,64.0,1999.3
350600,21600,7741.937,37.587589,26.441952,0.60775,0.020441,8.605662,8.605662,8.604986,8.604986,0.019958,2.6e-05,-0.10909,-1.51287,0.123616,1.502332,4.31263,0.97629,0.813604,41.243622,41.610336,0.53311,15360.0,1.155692,40.668533,40.774582,0.840079,1008.0,14995.820312,1024.0,1024.0,187.946243,350600,64.0,1999.3
351400,21650,7759.052,38.858982,26.811188,0.604786,0.020441,9.495428,9.495428,9.495428,9.495428,0.024903,2.5e-05,-0.136058,-1.55261,0.125922,1.555566,4.199738,0.97627,0.8047,41.565857,41.956429,0.528837,15360.0,1.02984,41.169605,41.446049,0.736408,1008.0,14995.509766,1024.0,1024.0,153.096146,351400,64.0,1999.3
352200,21700,7776.159,33.993927,23.349344,0.660729,0.020441,8.185561,8.185561,8.185418,8.185418,0.028219,2.5e-05,-0.10574,-1.451076,0.112999,1.460709,4.198986,0.976291,0.715467,41.639729,41.969273,0.474482,15360.0,1.165226,41.305908,42.154339,1.210437,1008.0,14995.833984,1024.0,1024.0,181.246674,352200,64.0,1999.3
353000,21750,7793.158,34.67239,24.147514,0.646556,0.020441,8.419195,8.419195,8.418859,8.418859,0.02642,2.4e-05,-0.158146,-1.504435,0.112253,1.515645,4.09457,0.976266,0.502007,42.387665,42.820061,0.459628,15360.0,0.843023,42.15316,42.270645,0.746444,1008.0,14995.451172,1024.0,1024.0,158.279739,353000,64.0,1999.3
353800,21800,7810.268,42.94318,30.831413,0.56615,0.020441,9.646389,9.646389,9.646389,9.646389,0.022243,2.5e-05,-0.134896,-1.719994,0.13133,1.71418,4.048367,0.976301,0.737561,41.74284,42.098946,0.531672,15360.0,1.038284,41.18169,41.412857,0.827384,1008.0,14995.990234,1024.0,1024.0,146.074005,353800,64.0,1999.3
354600,21850,7827.359,33.37236,22.993916,0.642946,0.02044,8.189688,8.189688,8.189688,8.189688,0.02523,2.3e-05,-0.137428,-1.542911,0.123334,1.553401,3.999588,0.976306,0.586167,42.223114,42.615189,0.493284,15360.0,0.858884,41.987324,42.453625,0.825337,1008.0,14996.054688,1024.0,1024.0,135.507065,354600,64.0,1999.3
355400,21900,7844.298,30.688484,20.35915,0.62928,0.02044,8.224842,8.224842,8.224842,8.224842,0.02681,2.2e-05,-0.143269,-1.537605,0.114576,1.524263,3.895554,0.976291,0.537588,42.290424,42.681889,0.446338,15360.0,0.793223,42.085056,42.902527,0.992065,1008.0,14995.832031,1024.0,1024.0,162.154434,355400,64.0,1999.3
356200,21950,7861.377,46.292755,33.867851,0.624858,0.020441,9.780123,9.780123,9.780123,9.780123,0.032764,2.4e-05,-0.116189,-1.693742,0.136401,1.694532,3.751633,0.976281,0.81306,41.744698,42.0364,0.511728,15360.0,1.081987,41.204384,41.52198,0.924757,1008.0,14995.675781,1024.0,1024.0,140.036942,356200,64.0,1999.3
357000,22000,7878.381,36.277344,25.874271,0.649793,0.020441,8.127449,8.127449,8.127186,8.127186,0.026549,2.4e-05,-0.166943,-1.542097,0.15303,1.537411,3.691051,0.976285,0.675461,42.317688,42.748299,0.56484,15360.0,0.947082,42.024185,42.680984,1.030884,1008.0,14995.734375,1024.0,1024.0,192.054581,357000,64.0,1999.3
357800,22050,7895.451,40.085201,28.299763,0.634952,0.020441,9.521343,9.521343,9.520702,9.520702,0.025525,2.4e-05,-0.182243,-1.492976,0.142448,1.503916,3.603626,0.976309,0.563932,42.699635,43.152248,0.513331,15360.0,0.916268,42.315407,42.867027,1.048079,1008.0,14996.112305,1024.0,1024.0,184.818558,357800,64.0,1999.3
358600,22100,7912.674,44.094646,31.433521,0.582709,0.020441,10.212097,10.212097,10.21172,10.21172,0.027099,2.3e-05,-0.178792,-1.693259,0.149218,1.697747,3.505566,0.976294,0.689687,42.434978,42.853397,0.523092,15360.0,1.045913,41.762459,41.885632,0.878363,1008.0,14995.876953,1024.0,1024.0,267.004272,358600,64.0,1999.3
359400,22150,7929.812,32.801041,22.841995,0.594253,0.02044,7.765076,7.765076,7.764534,7.764534,0.022295,2.1e-05,-0.169371,-1.51637,0.151268,1.49896,3.441208,0.976247,0.717328,42.824718,43.263374,0.520546,15360.0,0.849364,42.383999,42.619278,0.72908,1008.0,14995.150391,1024.0,1024.0,136.023407,359400,64.0,1999.3
360200,22200,7946.941,39.497513,27.819757,0.714802,0.02044,9.135403,9.135403,9.135403,9.135403,0.042489,2.2e-05,-0.245419,-1.496902,0.186536,1.500262,3.4156,0.976242,0.784422,43.085743,43.659401,0.637131,15360.0,1.181883,42.772202,44.184441,1.650856,1008.0,14995.072266,1024.0,1024.0,157.083969,360200,64.0,1999.3
361000,22250,7964.062,38.034256,27.102203,0.645217,0.020441,8.540879,8.540879,8.540879,8.540879,0.027012,2.4e-05,-0.197667,-1.483458,0.160537,1.495478,3.35825,0.976302,0.780337,43.087097,43.556522,0.539123,15360.0,0.962519,42.61599,43.284672,0.918076,1008.0,14995.998047,1024.0,1024.0,144.903351,361000,64.0,1999.3
361800,22300,7981.173,39.381508,27.306082,0.602844,0.02044,9.645754,9.645754,9.645754,9.645754,0.024906,2.1e-05,-0.248032,-1.543519,0.202233,1.538764,3.310146,0.976284,0.824298,43.316063,43.896305,0.669421,15360.0,0.885153,42.784313,43.066471,0.769213,1008.0,14995.727539,1024.0,1024.0,137.735687,361800,64.0,1999.3
362600,22350,7998.323,41.757893,29.804501,0.654753,0.02044,9.351818,9.351818,9.351818,9.351818,0.034412,2.2e-05,-0.151384,-1.538897,0.175401,1.540383,3.301174,0.976255,0.829632,43.207504,43.616646,0.579029,15360.0,1.043164,42.569027,42.995056,1.082688,1008.0,14995.271484,1024.0,1024.0,233.979797,362600,64.0,1999.3
363400,22400,8015.396,36.501778,25.268808,0.607659,0.02044,8.770864,8.770864,8.770734,8.770734,0.026204,2.1e-05,-0.145063,-1.575533,0.143222,1.571447,3.300365,0.976277,0.83413,43.431805,43.787926,0.472685,15360.0,0.892825,43.063702,43.546577,0.767713,1008.0,14995.617188,1024.0,1024.0,158.767029,363400,64.0,1999.3
364200,22450,8032.509,37.331921,26.219349,0.642978,0.02044,8.647548,8.647548,8.647243,8.647243,0.023218,2.1e-05,-0.203249,-1.522546,0.171795,1.506481,3.403587,0.976274,0.907179,43.915417,44.421745,0.584719,15360.0,0.776411,43.241013,43.36034,0.706036,1008.0,14995.570312,1024.0,1024.0,168.440521,364200,64.0,1999.3
365000,22500,8049.558,41.842083,29.7264,0.61053,0.02044,9.501677,9.501677,9.501677,9.501677,0.025715,2.2e-05,-0.18091,-1.415781,0.162062,1.416947,3.547321,0.976287,0.908402,43.95636,44.42572,0.574886,15360.0,1.017914,43.372662,43.872601,0.960279,1008.0,14995.773438,1024.0,1024.0,154.104019,365000,64.0,1999.3
365800,22550,8066.572,44.959888,32.803871,0.626776,0.020441,9.510679,9.510679,9.510463,9.510463,0.02579,2.3e-05,-0.1709,-1.635154,0.179024,1.620642,3.714043,0.976276,0.923866,43.923229,44.394707,0.664904,15360.0,0.980318,43.326477,43.62772,1.111099,1008.0,14995.598633,1024.0,1024.0,170.243332,365800,64.0,1999.3
366600,22600,8083.736,39.842182,27.44507,0.609621,0.02044,9.54649,9.54649,9.54649,9.54649,0.0282,2.2e-05,-0.169539,-1.488967,0.151537,1.487496,3.846256,0.976266,1.085721,44.61832,45.09325,0.582849,15360.0,1.165753,44.249981,44.946281,1.268573,1008.0,14995.447266,1024.0,1024.0,161.024994,366600,64.0,1999.3
367400,22650,8100.644,41.149975,28.159321,0.625362,0.02044,10.057188,10.057188,10.057188,10.057188,0.027945,2.1e-05,-0.143403,-1.61747,0.12724,1.606725,3.944736,0.976318,1.093793,44.769695,45.147057,0.50193,15360.0,1.105181,44.240345,44.650501,0.839253,1008.0,14996.242188,1024.0,1024.0,215.075775,367400,64.0,1999.3
368200,22700,8117.671,39.778225,27.442165,0.686845,0.02044,9.350086,9.350086,9.349317,9.349317,0.033686,2.1e-05,-0.223692,-1.586617,0.186689,1.574322,4.00214,0.976299,1.205071,45.338123,45.966873,0.747156,15360.0,1.20767,44.866093,45.811844,1.210348,1008.0,14995.958008,1024.0,1024.0,159.032623,368200,64.0,1999.3
369000,22750,8134.579,39.907639,27.327883,0.649211,0.02044,9.621753,9.621753,9.621753,9.621753,0.030303,1.9e-05,-0.165769,-1.475249,0.16755,1.47826,4.022644,0.97628,1.174,45.145691,45.671635,0.673993,15360.0,1.059809,44.609371,45.342876,1.046659,1008.0,14995.654297,1024.0,1024.0,136.512543,369000,64.0,1999.3
369800,22800,8151.347,41.142334,28.73912,0.628166,0.02044,9.466629,9.466629,9.466629,9.466629,0.029154,2e-05,-0.165914,-1.71248,0.143483,1.70959,4.069775,0.976285,1.184826,45.320293,45.75145,0.583945,15360.0,1.07468,44.801414,45.076672,0.859624,1008.0,14995.730469,1024.0,1024.0,113.074104,369800,64.0,1999.3
370600,22850,8168.142,32.405724,21.627888,0.608155,0.02044,7.920574,7.920574,7.920391,7.920391,0.022313,1.9e-05,-0.204165,-1.621468,0.160566,1.596618,4.187855,0.976283,1.284263,46.143501,46.734406,0.672429,15360.0,1.188367,45.427528,45.905895,0.848177,1008.0,14995.708984,1024.0,1024.0,217.584015,370600,64.0,1999.3
371400,22900,8185.158,40.743984,27.739101,0.686671,0.02044,9.7948,9.7948,9.7948,9.7948,0.032261,1.9e-05,-0.129757,-1.692814,0.135039,1.6907,4.216892,0.976286,1.279077,46.156399,46.515156,0.569445,15360.0,1.247234,45.722054,45.970745,0.744283,1008.0,14995.756836,1024.0,1024.0,163.983658,371400,64.0,1999.3
372200,22950,8202.061,37.833172,25.580648,0.592378,0.02044,9.224394,9.224394,9.224119,9.224119,0.024215,1.9e-05,-0.170063,-1.582782,0.14483,1.570661,4.192173,0.976265,1.298087,46.641006,47.135761,0.60715,15360.0,1.216156,45.853851,46.2117,0.892469,1008.0,14995.425781,1024.0,1024.0,163.575821,372200,64.0,1999.3
373000,23000,8218.917,33.116493,21.805786,0.576279,0.02044,8.37149,8.37149,8.371017,8.371017,0.020197,1.7e-05,-0.147391,-1.553597,0.134591,1.560425,4.203976,0.97629,1.281399,46.956066,47.396347,0.565816,15360.0,1.237804,46.282135,46.578644,0.843851,1008.0,14995.808594,1024.0,1024.0,197.98204,373000,64.0,1999.3
373800,23050,8235.526,41.43726,28.747089,0.596811,0.02044,9.642891,9.642891,9.642451,9.642451,0.022768,1.9e-05,-0.214173,-1.753268,0.159323,1.749414,4.140987,0.976302,1.273982,46.914204,47.452885,0.659756,15360.0,1.353091,46.237625,46.785088,0.991025,1008.0,14995.994141,1024.0,1024.0,193.852631,373800,64.0,1999.3
374600,23100,8252.433,41.772694,29.276196,0.593914,0.02044,9.500458,9.500458,9.49959,9.49959,0.022453,2e-05,-0.175325,-1.714183,0.149003,1.731443,4.119022,0.976274,1.242171,47.093967,47.555511,0.613745,15360.0,1.215981,46.259125,46.856224,1.057332,1008.0,14995.5625,1024.0,1024.0,215.717361,374600,64.0,1999.3
375400,23150,8292.468,40.196037,27.531904,0.619364,0.02044,9.641246,9.641246,9.641246,9.641246,0.028701,1.9e-05,-0.179365,-1.674961,0.145897,1.685337,4.066433,0.976265,1.223597,47.378155,47.840675,0.59328,15360.0,1.249094,46.83889,47.217407,0.865754,1008.0,14995.426758,1024.0,1024.0,184.809204,375400,64.0,1999.3
376200,23200,8309.277,46.09301,32.880531,0.676631,0.02044,10.139338,10.139338,10.139338,10.139338,0.03295,2e-05,-0.230151,-1.713888,0.178291,1.710886,3.938606,0.976271,1.174501,47.920418,48.498043,0.702217,15360.0,1.392609,47.488705,48.414841,1.271028,1008.0,14995.526367,1024.0,1024.0,143.56076,376200,64.0,1999.3
377000,23250,8326.082,30.653875,20.479374,0.623917,0.02044,7.45959,7.45959,7.457808,7.457808,0.02319,1.8e-05,-0.197447,-1.687762,0.138881,1.705637,3.839565,0.97628,1.105916,48.201908,48.681263,0.533242,15360.0,1.387094,47.520443,48.027679,1.08059,1008.0,14995.65918,1024.0,1024.0,130.77916,377000,64.0,1999.3
377800,23300,8342.874,36.222378,24.381344,0.632284,0.02044,9.068722,9.068722,9.068722,9.068722,0.026729,1.8e-05,-0.181606,-1.710891,0.142907,1.706967,3.686222,0.976283,1.030177,48.408222,48.830227,0.526788,15360.0,1.213814,47.942646,48.286873,0.787831,1008.0,14995.703125,1024.0,1024.0,149.898087,377800,64.0,1999.3
378600,23350,8359.998,40.374035,27.914536,0.761759,0.02044,9.501665,9.501665,9.501665,9.501665,0.050734,1.8e-05,-0.190076,-1.716367,0.16503,1.725213,3.503902,0.976287,1.026658,48.36689,48.780888,0.578248,15360.0,1.296282,47.922665,48.637146,1.246622,1008.0,14995.771484,1024.0,1024.0,156.721832,378600,64.0,1999.3
379400,23400,8376.857,41.227558,29.00176,0.728492,0.02044,9.459517,9.459517,9.459517,9.459517,0.041207,1.9e-05,-0.202068,-1.745023,0.164477,1.753706,3.407768,0.97627,0.940812,48.604462,49.031704,0.5605,15360.0,1.108826,48.308155,49.108261,1.144346,1008.0,14995.499023,1024.0,1024.0,149.176514,379400,64.0,1999.3
380200,23450,8393.674,40.237961,27.818497,0.61137,0.02044,9.755762,9.755762,9.755762,9.755762,0.027655,1.8e-05,-0.150534,-1.833011,0.123898,1.842016,3.49054,0.976274,0.881648,48.737591,49.056595,0.43247,15360.0,1.084015,48.168091,48.176018,0.685257,1008.0,14995.573242,1024.0,1024.0,171.520279,380200,64.0,1999.3
381000,23500,8410.561,37.161167,25.212393,0.607564,0.02044,9.296026,9.296026,9.296026,9.296026,0.025882,1.7e-05,-0.101697,-1.785052,0.13101,1.80712,3.478695,0.976284,0.872272,48.72504,48.943989,0.455745,15360.0,1.081883,48.211914,48.121468,0.822856,1008.0,14995.716797,1024.0,1024.0,127.932716,381000,64.0,1999.3
381800,23550,8427.189,41.957966,29.672955,0.612357,0.02044,9.63542,9.63542,9.63422,9.63422,0.024782,1.8e-05,-0.164436,-1.875696,0.154106,1.86158,3.438244,0.976299,0.83755,48.903992,49.27018,0.529854,15360.0,1.267112,48.110256,48.170536,0.917734,1008.0,14995.945312,1024.0,1024.0,143.102859,381800,64.0,1999.3
382600,23600,8444.066,34.701023,24.065351,0.658516,0.02044,8.238098,8.238098,8.23786,8.23786,0.028338,1.8e-05,-0.160346,-1.767813,0.138545,1.778004,3.300278,0.976303,0.710877,49.161705,49.500488,0.457238,15360.0,1.147585,48.440948,48.669365,0.87254,1008.0,14996.013672,1024.0,1024.0,165.809418,382600,64.0,1999.3
383400,23650,8461.034,43.207348,31.021671,0.66547,0.02044,9.605917,9.605917,9.605917,9.605917,0.035272,1.9e-05,-0.260223,-1.947174,0.186761,1.959483,3.312176,0.97625,0.836675,48.810009,49.298252,0.618586,15360.0,1.189364,48.165333,48.426491,0.871116,1008.0,14995.204102,1024.0,1024.0,154.298019,383400,64.0,1999.3
384200,23700,8478.092,42.16769,29.643139,0.653314,0.02044,9.940174,9.940174,9.940174,9.940174,0.030031,1.7e-05,-0.133179,-1.879315,0.14256,1.899279,3.244076,0.976272,0.714828,49.222008,49.502445,0.462476,15360.0,1.116512,48.736019,48.918396,1.040008,1008.0,14995.539062,1024.0,1024.0,185.509125,384200,64.0,1999.3
385000,23750,8495.025,32.95937,23.042564,0.643298,0.02044,7.872313,7.872313,7.872173,7.872173,0.024852,1.7e-05,-0.186976,-1.659974,0.157771,1.678285,3.120312,0.976289,0.50646,49.695541,50.128494,0.492296,15360.0,0.913468,49.161137,49.217808,0.833742,1008.0,14995.804688,1024.0,1024.0,126.66243,385000,64.0,1999.3
385800,23800,8511.839,32.901604,22.88592,0.604373,0.02044,7.860752,7.860752,7.860693,7.860693,0.024469,1.6e-05,-0.160035,-1.971056,0.152215,2.001043,3.083694,0.976286,0.628879,49.084003,49.354023,0.469384,15360.0,0.917338,48.603062,48.517269,0.756847,1008.0,14995.746094,1024.0,1024.0,164.005524,385800,64.0,1999.3
386600,23850,8528.912,33.942688,23.527098,0.640632,0.02044,8.361987,8.361987,8.361987,8.361987,0.026558,1.5e-05,-0.258516,-1.821846,0.177907,1.80237,3.054234,0.976296,0.504737,49.765366,50.246803,0.543369,15360.0,1.033704,49.113697,49.589321,1.217836,1008.0,14995.899414,1024.0,1024.0,203.956161,386600,64.0,1999.3
387400,23900,8545.935,40.865971,28.98502,0.597195,0.02044,9.519406,9.519406,9.519406,9.519406,0.027646,1.6e-05,-0.158479,-2.013968,0.16311,2.022764,3.003887,0.976296,0.654093,49.459133,49.736168,0.489964,15360.0,0.987846,48.910583,49.157349,0.871419,1008.0,14995.900391,1024.0,1024.0,139.274719,387400,64.0,1999.3
388200,23950,8562.889,41.193951,29.589302,0.617821,0.02044,9.470544,9.470544,9.47037,9.47037,0.025719,1.6e-05,-0.215402,-1.946044,0.162811,1.944127,2.955509,0.976291,0.473576,49.971066,50.355167,0.481189,15360.0,0.968705,49.472565,50.1092,1.323708,1008.0,14995.828125,1024.0,1024.0,185.170395,388200,64.0,1999.3
389000,24000,8579.843,44.771564,32.152027,0.584645,0.02044,10.258995,10.258995,10.258995,10.258995,0.022739,1.7e-05,-0.236621,-2.105545,0.200279,2.127172,2.969566,0.976267,0.633481,49.69368,50.086372,0.594741,15360.0,1.109005,48.923985,49.014977,1.044535,1008.0,14995.467773,1024.0,1024.0,167.305984,389000,64.0,1999.3
389800,24050,8596.798,33.423908,23.021124,0.60797,0.02044,8.434761,8.434761,8.434036,8.434036,0.025074,1.5e-05,-0.191375,-1.935875,0.13008,1.921619,3.001194,0.976279,0.448252,50.265141,50.590992,0.390396,15360.0,0.797524,49.812679,49.998169,0.905224,1008.0,14995.648438,1024.0,1024.0,177.855637,389800,64.0,1999.3
390600,24100,8613.874,39.450184,27.43882,0.588126,0.02044,9.818968,9.818968,9.818968,9.818968,0.025227,1.6e-05,-0.308906,-1.947586,0.207192,1.949409,3.118721,0.976284,0.621393,50.097553,50.622585,0.646174,15360.0,0.964826,49.48103,49.897449,1.120076,1008.0,14995.714844,1024.0,1024.0,114.049294,390600,64.0,1999.3
391400,24150,8630.833,36.492256,25.097179,0.628073,0.02044,9.269405,9.269405,9.269405,9.269405,0.029026,1.6e-05,-0.208103,-2.03249,0.128561,2.040264,3.17841,0.976307,0.525971,50.51535,50.866226,0.408619,15360.0,0.774497,50.07119,50.461536,0.865104,1008.0,14996.076172,1024.0,1024.0,133.487442,391400,64.0,1999.3
392200,24200,8647.761,37.814289,26.51845,0.585776,0.02044,9.158237,9.158237,9.158237,9.158237,0.019419,1.5e-05,-0.225212,-1.976432,0.148368,1.962875,3.403305,0.976293,0.594276,50.65501,51.08371,0.504942,15360.0,0.821659,50.050014,50.028301,0.868495,1008.0,14995.859375,1024.0,1024.0,152.666214,392200,64.0,1999.3
393000,24250,8664.766,43.310135,31.166786,0.632788,0.02044,9.833969,9.833969,9.8337,9.8337,0.027664,1.7e-05,-0.26859,-1.978011,0.171788,1.9584,3.492817,0.976308,0.644178,50.647709,51.177883,0.600023,15360.0,0.990551,49.92804,50.513721,1.305091,1008.0,14996.085938,1024.0,1024.0,187.017853,393000,64.0,1999.3
393800,24300,8681.703,37.79427,25.855511,0.613109,0.02044,9.607518,9.607518,9.607088,9.607088,0.023569,1.6e-05,-0.210903,-1.912073,0.148969,1.920025,3.611759,0.976275,0.699302,51.026558,51.480343,0.53804,15360.0,0.828464,50.378185,50.748657,0.972746,1008.0,14995.583984,1024.0,1024.0,197.732712,393800,64.0,1999.3
394600,24350,8698.648,40.024761,28.735821,0.667979,0.02044,8.922783,8.922783,8.922682,8.922682,0.032219,1.6e-05,-0.293619,-1.969248,0.188726,1.957349,3.72443,0.976308,0.785791,51.304111,51.898563,0.702896,15360.0,0.977634,50.776928,51.745396,1.49062,1008.0,14996.095703,1024.0,1024.0,120.779236,394600,64.0,1999.3
395400,24400,8715.409,33.351948,22.703243,0.612771,0.02044,8.326676,8.326676,8.326355,8.326355,0.022221,1.4e-05,-0.167581,-2.016492,0.128326,2.00755,3.94191,0.97629,0.782063,51.299507,51.666481,0.505851,15360.0,0.805556,50.780415,50.819214,0.790551,1008.0,14995.8125,1024.0,1024.0,195.848633,395400,64.0,1999.3
396200,24450,8732.289,36.594955,25.245079,0.639664,0.02044,8.874429,8.874429,8.874322,8.874322,0.030705,1.5e-05,-0.254118,-2.044931,0.179774,2.057778,4.151211,0.976278,0.905217,51.833233,52.408203,0.74628,15360.0,0.922664,51.335491,52.159523,1.461203,1008.0,14995.628906,1024.0,1024.0,186.105957,396200,64.0,1999.3
397000,24500,8749.186,35.333187,24.218536,0.629248,0.02044,8.581694,8.581694,8.579518,8.579518,0.030376,1.5e-05,-0.299018,-1.987104,0.179696,2.016616,4.463932,0.976271,1.028996,52.32275,53.02253,0.802149,15360.0,0.983735,51.654766,52.864975,1.52661,1008.0,14995.525391,1024.0,1024.0,152.091415,397000,64.0,1999.3
397800,24550,8765.776,32.403656,22.102926,0.600959,0.02044,7.728308,7.728308,7.728088,7.728088,0.021268,1.5e-05,-0.177822,-1.865144,0.133826,1.869436,4.641571,0.97628,1.060288,52.334801,52.858719,0.621162,15360.0,0.985742,51.719044,52.491615,1.117657,1008.0,14995.655273,1024.0,1024.0,134.328522,397800,64.0,1999.3
398600,24600,8782.604,41.000484,28.701138,0.576833,0.02044,9.66029,9.66029,9.66029,9.66029,0.021635,1.5e-05,-0.245573,-2.0769,0.149935,2.058635,4.780712,0.976291,1.047863,52.265537,52.882931,0.716798,15360.0,0.91154,51.263344,51.49157,0.825945,1008.0,14995.828125,1024.0,1024.0,123.30204,398600,64.0,1999.3
399400,24650,8799.58,49.599026,35.488453,0.55366,0.02044,11.211805,11.211805,11.211805,11.211805,0.021522,1.6e-05,-0.297405,-1.99981,0.20826,1.997047,4.872555,0.976281,1.189468,53.278271,54.080154,1.01476,15360.0,1.038064,52.056774,52.815052,1.275765,1008.0,14995.673828,1024.0,1024.0,116.205894,399400,64.0,1999.3
400200,24700,8840.44,41.666229,29.261505,0.635261,0.02044,9.530369,9.530369,9.53018,9.53018,0.02784,1.4e-05,-0.257416,-2.094575,0.154805,2.09463,4.831707,0.976294,1.215283,53.291027,53.937958,0.747972,15360.0,1.025822,52.23489,52.620747,0.817491,1008.0,14995.878906,1024.0,1024.0,121.759285,400200,64.0,1999.3
401000,24750,8857.13,41.769444,29.343695,0.577917,0.02044,9.510567,9.510567,9.510133,9.510133,0.02408,1.4e-05,-0.162582,-2.148607,0.14064,2.11428,4.8848,0.976308,1.221492,53.230232,53.648045,0.687,15360.0,1.022854,52.28809,52.377777,0.799233,1008.0,14996.09375,1024.0,1024.0,173.237961,401000,64.0,1999.3
401800,24800,8873.959,37.084129,25.546953,0.580592,0.02044,8.693383,8.693383,8.692633,8.692633,0.019921,1.5e-05,-0.154741,-2.146755,0.103884,2.153658,5.017345,0.976291,1.206514,53.270901,53.659672,0.521221,15360.0,1.072156,52.393421,52.437904,0.810732,1008.0,14995.826172,1024.0,1024.0,154.304245,401800,64.0,1999.3
402600,24850,8890.993,37.185505,25.450794,0.586818,0.02044,8.802458,8.802458,8.802458,8.802458,0.026445,1.4e-05,-0.224808,-2.029381,0.139441,2.025053,5.072433,0.976291,1.295664,54.155289,54.735935,0.707305,15360.0,1.246297,53.434544,53.964855,0.99033,1008.0,14995.830078,1024.0,1024.0,171.143112,402600,64.0,1999.3
403400,24900,8908.06,36.146946,23.960129,0.584974,0.02044,9.145205,9.145205,9.145205,9.145205,0.022586,1.2e-05,-0.151586,-2.070088,0.118339,2.085662,5.055676,0.976312,1.30375,54.365929,54.776566,0.598283,15360.0,1.231713,53.433575,53.296722,0.743954,1008.0,14996.144531,1024.0,1024.0,165.898819,403400,64.0,1999.3
404200,24950,8925.032,40.664688,28.282406,0.677424,0.02044,9.246405,9.246405,9.246405,9.246405,0.033365,1.5e-05,-0.212352,-1.875886,0.164722,1.886043,5.103344,0.97631,1.275273,55.321808,55.98922,0.840635,15360.0,1.501503,54.744221,55.558186,1.533346,1008.0,14996.12793,1024.0,1024.0,208.625198,404200,64.0,1999.3
405000,25000,8942.135,39.549919,27.312248,0.615612,0.02044,9.2507,9.2507,9.2507,9.2507,0.024898,1.5e-05,-0.195239,-2.079112,0.125037,2.0741,5.150677,0.976276,1.240283,54.389042,54.918476,0.644024,15360.0,1.269341,53.639896,54.151119,1.125868,1008.0,14995.59375,1024.0,1024.0,161.87114,405000,64.0,1999.3
405800,25050,8959.096,39.86895,27.148266,0.647432,0.02044,9.581863,9.581863,9.581301,9.581301,0.028343,1.5e-05,-0.16377,-1.886196,0.126315,1.891123,5.141949,0.976313,1.250524,55.226597,55.756081,0.649503,15360.0,1.420018,54.471668,55.281582,1.341342,1008.0,14996.173828,1024.0,1024.0,153.572189,405800,64.0,1999.3
406600,25100,8976.098,38.323757,26.461603,0.58786,0.02044,8.921047,8.921047,8.921047,8.921047,0.026227,1.4e-05,-0.178757,-1.861974,0.136275,1.846262,4.948048,0.976336,1.203094,55.948208,56.484249,0.674296,15360.0,1.387881,55.194252,55.439671,1.035805,1008.0,14996.515625,1024.0,1024.0,148.001221,406600,64.0,1999.3
407400,25150,8992.836,45.527966,32.267857,0.619984,0.02044,10.300504,10.300504,10.300504,10.300504,0.025455,1.4e-05,-0.259212,-1.889985,0.170575,1.874993,4.788177,0.976295,1.156094,55.965919,56.685936,0.816742,15360.0,1.307503,55.027161,55.534943,0.99042,1008.0,14995.886719,1024.0,1024.0,168.879044,407400,64.0,1999.3
408200,25200,9009.708,32.109501,21.568638,0.645167,0.02044,7.679729,7.679729,7.678368,7.678368,0.028169,1.2e-05,-0.184044,-1.819767,0.1243,1.837427,4.664783,0.976298,1.186185,56.183044,56.700554,0.579831,15360.0,1.418043,55.59549,56.417542,1.262793,1008.0,14995.943359,1024.0,1024.0,105.474434,408200,64.0,1999.3
409000,25250,9026.471,40.591122,27.711498,0.600248,0.02044,9.830023,9.830023,9.830023,9.830023,0.024914,1.3e-05,-0.170147,-1.987113,0.12127,1.974865,4.684082,0.976281,1.199191,56.002892,56.477001,0.568037,15360.0,1.389553,55.229393,55.607563,1.126855,1008.0,14995.669922,1024.0,1024.0,211.358795,409000,64.0,1999.3
409800,25300,9043.348,35.804329,23.684706,0.625473,0.02044,9.08872,9.08872,9.08872,9.08872,0.027505,1.3e-05,-0.124103,-1.9916,0.115404,1.99963,4.518425,0.976301,1.184725,56.309574,56.625957,0.521446,15360.0,1.384979,55.76532,56.06575,1.190353,1008.0,14995.976562,1024.0,1024.0,167.716507,409800,64.0,1999.3
410600,25350,9060.445,49.922699,36.439957,0.644321,0.02044,10.485867,10.485867,10.485867,10.485867,0.031342,1.4e-05,-0.208337,-2.013224,0.159012,2.03505,4.29668,0.976266,1.087567,56.704723,57.232418,0.683222,15360.0,1.34766,55.818886,55.923466,1.103129,1008.0,14995.441406,1024.0,1024.0,157.745331,410600,64.0,1999.3
411400,25400,9077.64,34.591721,22.914101,0.612087,0.02044,8.82457,8.82457,8.824162,8.824162,0.022649,1.2e-05,-0.199217,-2.191746,0.114178,2.192844,4.258205,0.976301,1.153458,56.348419,56.774231,0.486193,15360.0,1.279395,55.369972,55.530106,0.848423,1008.0,14995.978516,1024.0,1024.0,150.780273,411400,64.0,1999.3
412200,25450,9094.708,39.176277,26.83688,0.617621,0.02044,9.517029,9.517029,9.516749,9.516749,0.025368,1.3e-05,-0.151939,-1.857222,0.13822,1.868781,4.183678,0.976302,0.994648,57.078888,57.45573,0.578269,15360.0,1.299656,56.232132,55.890217,0.81683,1008.0,14996.001953,1024.0,1024.0,146.759705,412200,64.0,1999.3
413000,25500,9111.837,38.7966,26.591221,0.620717,0.02044,9.409763,9.409763,9.409611,9.409611,0.033285,1.2e-05,-0.193219,-2.030941,0.130396,2.037914,4.195534,0.976303,1.017326,57.034534,57.514645,0.547081,15360.0,1.297914,56.050781,56.273899,1.107172,1008.0,14996.005859,1024.0,1024.0,163.743332,413000,64.0,1999.3
413800,25550,9128.876,39.171768,27.112579,0.614747,0.02044,9.349913,9.349913,9.349779,9.349779,0.029795,1.3e-05,-0.173967,-1.779985,0.165122,1.766218,4.163322,0.976315,0.940374,57.349693,57.839058,0.687457,15360.0,1.242305,56.393871,56.435925,0.982308,1008.0,14996.193359,1024.0,1024.0,139.081039,413800,64.0,1999.3
414600,25600,9146.05,41.473282,29.339199,0.614189,0.02044,9.474147,9.474147,9.474147,9.474147,0.030147,1.3e-05,-0.163467,-1.785571,0.155083,1.770176,4.174492,0.976294,0.880838,57.632301,58.085361,0.647392,15360.0,1.201732,56.826244,57.031887,1.285764,1008.0,14995.873047,1024.0,1024.0,152.339355,414600,64.0,1999.3
415400,25650,9163.156,36.159267,24.782158,0.562809,0.02044,8.855675,8.855675,8.855675,8.855675,0.01498,1.2e-05,-0.173399,-2.010888,0.111179,2.010089,4.093857,0.976279,0.855276,57.542183,57.951946,0.455149,15360.0,1.235802,56.255116,55.996475,0.800843,1008.0,14995.648438,1024.0,1024.0,195.185364,415400,64.0,1999.3
416200,25700,9180.32,36.306705,24.769768,0.62435,0.02044,9.090841,9.090841,9.090841,9.090841,0.027016,1.2e-05,-0.217412,-1.866413,0.162662,1.879041,4.153214,0.976296,0.773353,58.215942,58.819801,0.675571,15360.0,1.120918,57.690784,58.615471,1.51647,1008.0,14995.901367,1024.0,1024.0,220.028473,416200,64.0,1999.3
417000,25750,9197.42,35.768196,24.083662,0.659806,0.02044,9.1837,9.1837,9.183423,9.183423,0.030949,1.2e-05,-0.138205,-1.961003,0.109899,1.93537,4.262249,0.976317,0.752707,58.010601,58.361153,0.468416,15360.0,0.959058,57.393475,57.407776,0.712879,1008.0,14996.224609,1024.0,1024.0,128.367172,417000,64.0,1999.3
417800,25800,9214.532,35.071632,23.987629,0.672447,0.02044,8.689093,8.689093,8.689074,8.689074,0.033113,1.1e-05,-0.144249,-1.852478,0.124453,1.874648,4.204239,0.976288,0.687863,58.306709,58.706814,0.523229,15360.0,0.965001,57.634907,58.251274,1.112076,1008.0,14995.787109,1024.0,1024.0,147.500824,417800,64.0,1999.3
418600,25850,9231.639,39.947777,27.858618,0.632159,0.02044,9.642591,9.642591,9.642591,9.642591,0.02594,1.2e-05,-0.121707,-1.855525,0.136852,1.835188,4.117413,0.976305,0.654268,58.511421,58.912201,0.563478,15360.0,0.990483,57.780788,57.75848,0.954334,1008.0,14996.048828,1024.0,1024.0,170.483734,418600,64.0,1999.3
419400,25900,9248.609,35.681885,24.778576,0.609675,0.02044,8.6587,8.6587,8.6587,8.6587,0.026071,1.2e-05,-0.206474,-1.772823,0.169078,1.78984,4.218311,0.976286,0.655937,58.810272,59.411453,0.713225,15360.0,0.997203,57.923855,58.541405,1.386154,1008.0,14995.745117,1024.0,1024.0,129.884415,419400,64.0,1999.3
420200,25950,9265.567,36.392212,25.024666,0.614781,0.02044,9.186831,9.186831,9.186831,9.186831,0.025206,1.1e-05,-0.161153,-1.969505,0.116814,1.987862,4.227169,0.9763,0.549111,58.688171,59.091343,0.493791,15360.0,0.796179,57.977852,58.018394,0.838689,1008.0,14995.959961,1024.0,1024.0,186.119431,420200,64.0,1999.3
421000,26000,9282.581,32.039875,21.830135,0.642666,0.02044,8.127629,8.127629,8.127629,8.127629,0.027501,1.1e-05,-0.122013,-1.835774,0.108383,1.823408,4.361717,0.976298,0.488897,59.011349,59.351028,0.472737,15360.0,0.797856,58.578655,58.941563,1.127693,1008.0,14995.929688,1024.0,1024.0,215.284485,421000,64.0,1999.3
421800,26050,9299.155,39.782673,27.696482,0.636386,0.02044,9.753722,9.753722,9.753722,9.753722,0.028974,1.2e-05,-0.192335,-1.721212,0.174534,1.730603,4.56163,0.97629,0.629492,59.397057,60.081944,0.796159,15360.0,0.877051,58.646263,59.486782,1.443936,1008.0,14995.810547,1024.0,1024.0,170.274704,421800,64.0,1999.3
422600,26100,9315.988,38.188816,26.4296,0.667858,0.02044,9.568516,9.568516,9.568516,9.568516,0.032354,1.2e-05,-0.172975,-1.913915,0.131652,1.923504,4.704269,0.976307,0.504327,59.38929,59.923882,0.619328,15360.0,0.713984,58.799263,59.181343,1.036058,1008.0,14996.079102,1024.0,1024.0,160.07814,422600,64.0,1999.3
423400,26150,9332.906,32.489803,21.855453,0.685885,0.02044,8.512627,8.512627,8.512627,8.512627,0.030354,1.1e-05,-0.118394,-1.993432,0.108364,1.98934,5.179573,0.976284,0.473299,58.986439,59.360443,0.56128,15360.0,0.697429,58.365524,58.641582,0.93426,1008.0,14995.719727,1024.0,1024.0,202.097809,423400,64.0,1999.3
424200,26200,9349.836,38.931259,27.228039,0.565266,0.02044,9.462418,9.462418,9.462418,9.462418,0.024956,1.2e-05,-0.159732,-1.698428,0.153316,1.698579,5.352974,0.976273,0.627771,60.046661,60.667068,0.820694,15360.0,0.802708,59.296394,59.749004,1.488174,1008.0,14995.554688,1024.0,1024.0,128.163177,424200,64.0,1999.3
425000,26250,9366.413,44.514355,31.333267,0.694642,0.02044,10.724996,10.724996,10.724996,10.724996,0.038173,1.2e-05,-0.178511,-1.855924,0.140161,1.86653,5.566113,0.976284,0.661122,60.207329,60.794842,0.780154,15360.0,0.619673,59.541485,59.720238,0.878349,1008.0,14995.716797,1024.0,1024.0,215.654419,425000,64.0,1999.3
425800,26300,9408.503,39.742634,28.054964,0.619025,0.02044,9.281475,9.281475,9.281475,9.281475,0.025211,1.1e-05,-0.148375,-1.755911,0.134877,1.756441,5.760353,0.976303,0.740646,60.40662,60.977596,0.776938,15360.0,0.821037,59.515911,59.781639,1.52006,1008.0,14996.015625,1024.0,1024.0,182.03392,425800,64.0,1999.3
426600,26350,9425.583,39.393642,27.816065,0.67338,0.02044,9.14322,9.14322,9.142872,9.142872,0.032383,1.1e-05,-0.142646,-1.947203,0.117295,1.928848,6.192657,0.9763,0.686604,60.551403,61.10508,0.72637,15360.0,0.940843,59.842659,60.555546,1.513346,1008.0,14995.97168,1024.0,1024.0,120.555145,426600,64.0,1999.3
427400,26400,9442.446,30.910004,20.733425,0.647326,0.02044,7.940497,7.940497,7.940497,7.940497,0.030167,1.1e-05,-0.138379,-1.947365,0.097912,1.940946,6.575611,0.976298,0.650681,60.431053,60.956692,0.643833,15360.0,0.873203,59.824539,60.436295,1.418622,1008.0,14995.931641,1024.0,1024.0,165.397415,427400,64.0,1999.3
428200,26450,9459.27,35.250561,23.779381,0.616349,0.02044,9.157383,9.157383,9.157383,9.157383,0.02467,1e-05,-0.111119,-2.02493,0.079658,2.024228,6.838737,0.976296,0.621626,60.338871,60.780521,0.544763,15360.0,0.835872,59.533634,59.924801,1.313847,1008.0,14995.907227,1024.0,1024.0,179.02153,428200,64.0,1999.3
429000,26500,9476.119,36.411465,25.438519,0.591806,0.02044,8.647936,8.647936,8.647869,8.647869,0.022013,1.1e-05,-0.103497,-2.100396,0.086095,2.087134,7.180233,0.976318,0.693578,60.178169,60.608776,0.618184,15360.0,0.859647,59.066853,58.926849,0.868049,1008.0,14996.25,1024.0,1024.0,138.372711,429000,64.0,1999.3
429800,26550,9492.87,41.884575,29.4237,0.633748,0.02044,9.70694,9.70694,9.70694,9.70694,0.030886,1e-05,-0.143072,-1.742455,0.125372,1.756007,7.623516,0.976308,1.002373,62.247688,62.901508,0.955777,15360.0,0.899163,61.37973,61.401596,1.142285,1008.0,14996.086914,1024.0,1024.0,155.149704,429800,64.0,1999.3
430600,26600,9509.961,32.75037,22.08427,0.603247,0.02044,8.347075,8.347075,8.345762,8.345762,0.023394,1.1e-05,-0.071932,-1.866832,0.06385,1.864515,7.95417,0.976311,0.703709,60.537891,60.93829,0.507873,15360.0,0.762834,59.699528,59.949425,0.767514,1008.0,14996.142578,1024.0,1024.0,214.904587,430600,64.0,1999.3
431400,26650,9526.853,31.554445,21.07468,0.637838,0.02044,7.981586,7.981586,7.98134,7.98134,0.025549,1e-05,-0.098006,-1.950951,0.082186,1.951507,8.200287,0.976299,0.876565,61.579212,62.051785,0.673952,15360.0,0.87727,60.527271,60.661148,1.054675,1008.0,14995.953125,1024.0,1024.0,139.907455,431400,64.0,1999.3
432200,26700,9543.729,43.027248,29.88571,0.532902,0.02044,10.357734,10.357734,10.357734,10.357734,0.016751,1.1e-05,-0.144509,-1.884129,0.109136,1.889956,8.305347,0.976291,1.01438,63.202797,63.897964,0.90641,15360.0,1.082714,61.661358,61.649746,1.164696,1008.0,14995.826172,1024.0,1024.0,151.7771,432200,64.0,1999.3
433000,26750,9560.629,41.092602,28.886827,0.58851,0.02044,9.38645,9.38645,9.38645,9.38645,0.023333,1.1e-05,-0.081422,-1.817021,0.08214,1.80788,8.498287,0.976283,1.019937,62.824001,63.262283,0.698046,15360.0,1.110709,61.980186,62.116299,1.197374,1008.0,14995.710938,1024.0,1024.0,197.264664,433000,64.0,1999.3
433800,26800,9577.29,38.792553,26.668991,0.604973,0.02044,9.282284,9.282284,9.282284,9.282284,0.024832,1e-05,-0.116969,-1.653462,0.094691,1.650309,8.636742,0.976303,1.058811,63.725395,64.398094,0.81782,15360.0,1.152632,62.669708,63.340042,1.310763,1008.0,14996.014648,1024.0,1024.0,145.566238,433800,64.0,1999.3
434600,26850,9594.214,37.134266,25.604557,0.615676,0.02044,8.710484,8.710484,8.710484,8.710484,0.026378,1e-05,-0.074871,-1.850722,0.080289,1.832182,8.700668,0.976291,1.040058,63.074863,63.543484,0.698569,15360.0,1.156246,62.279652,62.623734,1.075386,1008.0,14995.828125,1024.0,1024.0,202.161285,434600,64.0,1999.3
435400,26900,9611.243,40.454887,27.524345,0.608474,0.02044,10.100588,10.100588,10.100542,10.100542,0.023262,1e-05,-0.123329,-1.931602,0.077771,1.950029,8.751411,0.976319,1.008014,63.432972,64.018478,0.680606,15360.0,1.020978,62.140194,62.231094,0.94692,1008.0,14996.265625,1024.0,1024.0,173.897583,435400,64.0,1999.3
436200,26950,9628.069,41.561237,28.926537,0.597534,0.02044,9.731304,9.731304,9.731304,9.731304,0.032559,1.1e-05,-0.089567,-1.793948,0.091525,1.802735,8.739063,0.976295,1.047484,64.044296,64.573547,0.799844,15360.0,1.181247,62.962189,63.27586,1.469068,1008.0,14995.889648,1024.0,1024.0,165.220047,436200,64.0,1999.3
437000,27000,9645.071,39.609612,27.045732,0.63215,0.02044,9.708154,9.708154,9.708154,9.708154,0.028217,1e-05,-0.123192,-1.794966,0.088906,1.804292,8.677471,0.976322,1.002567,64.808617,65.484734,0.771477,15360.0,1.176484,63.837307,64.656517,1.525242,1008.0,14996.3125,1024.0,1024.0,152.11525,437000,64.0,1999.3
437800,27050,9662.205,35.282307,23.932449,0.603421,0.02044,8.582486,8.582486,8.582133,8.582133,0.023284,9e-06,-0.08465,-1.919,0.06798,1.931298,8.64019,0.976315,1.04008,63.49614,63.934116,0.587356,15360.0,1.099437,62.436512,62.433125,0.992953,1008.0,14996.192383,1024.0,1024.0,144.125107,437800,64.0,1999.3
438600,27100,9679.302,44.104218,31.024181,0.653089,0.02044,10.096423,10.096423,10.096347,10.096347,0.030954,1.1e-05,-0.078393,-1.84382,0.073644,1.83892,8.672829,0.976272,1.025861,64.679001,65.132645,0.6387,15360.0,1.176566,63.74324,63.664253,1.113875,1008.0,14995.538086,1024.0,1024.0,146.49675,438600,64.0,1999.3
439400,27150,9696.45,34.07119,22.527599,0.652187,0.02044,8.682652,8.682652,8.682652,8.682652,0.028861,9e-06,-0.08192,-1.762691,0.076786,1.748704,8.798531,0.976301,1.055782,64.333931,64.860138,0.675604,15360.0,1.153947,63.363445,63.729477,1.180225,1008.0,14995.982422,1024.0,1024.0,149.046204,439400,64.0,1999.3
440200,27200,9713.474,35.881794,24.074619,0.633914,0.02044,8.918524,8.918524,8.918524,8.918524,0.027036,9e-06,-0.070719,-1.786419,0.068926,1.801904,8.877331,0.976316,1.040118,64.733086,65.189972,0.611875,15360.0,1.243473,63.960808,64.419952,1.200143,1008.0,14996.21875,1024.0,1024.0,165.133835,440200,64.0,1999.3
441000,27250,9730.513,35.362675,23.372501,0.633208,0.02044,9.091776,9.091776,9.091469,9.091469,0.029611,9e-06,-0.070745,-1.821913,0.061127,1.804359,8.993134,0.976294,1.062514,64.253479,64.65947,0.549722,15360.0,1.146017,63.361519,63.420361,1.026312,1008.0,14995.867188,1024.0,1024.0,143.560287,441000,64.0,1999.3
441800,27300,9747.471,31.530697,20.502821,0.661067,0.02044,8.108056,8.108056,8.107573,8.107573,0.03061,9e-06,-0.060806,-1.91293,0.054117,1.931462,8.957245,0.976321,1.155213,63.489143,63.85173,0.484743,15360.0,1.110334,62.623749,63.003265,0.848897,1008.0,14996.291016,1024.0,1024.0,149.479965,441800,64.0,1999.3
442600,27350,9764.186,35.410759,24.065586,0.627752,0.02044,8.53922,8.53922,8.538203,8.538203,0.025779,1e-05,-0.068699,-1.729556,0.063939,1.70075,9.025513,0.976302,1.006681,65.130692,65.60054,0.577086,15360.0,1.21951,64.400452,64.888023,1.45806,1008.0,14995.996094,1024.0,1024.0,159.735641,442600,64.0,1999.3
443400,27400,9781.11,41.424747,28.234795,0.644537,0.02044,10.193151,10.193151,10.192661,10.192661,0.026443,9e-06,-0.079415,-1.928072,0.071223,1.927652,9.098793,0.976301,1.040829,64.612503,65.066467,0.648045,15360.0,1.170313,63.431774,63.638134,1.192568,1008.0,14995.987305,1024.0,1024.0,175.443054,443400,64.0,1999.3
444200,27450,9798.165,34.906937,23.200281,0.621954,0.02044,8.769384,8.769384,8.768859,8.768859,0.024575,8e-06,-0.064813,-1.928518,0.060335,1.911165,9.263695,0.976317,1.155067,64.438995,64.836861,0.558928,15360.0,1.092275,63.245022,63.166229,0.813833,1008.0,14996.225586,1024.0,1024.0,171.948441,444200,64.0,1999.3
445000,27500,9814.932,42.725456,29.364136,0.633787,0.02044,10.327971,10.327971,10.327971,10.327971,0.031577,9e-06,-0.092078,-1.818187,0.083324,1.820763,9.293167,0.976298,1.067,65.702141,66.300629,0.774341,15360.0,1.237998,64.643578,65.224586,1.536594,1008.0,14995.936523,1024.0,1024.0,228.677704,445000,64.0,1999.3
445800,27550,9831.797,42.824257,29.699413,0.572157,0.02044,10.254217,10.254217,10.254217,10.254217,0.026618,1e-05,-0.05924,-1.887147,0.068772,1.880585,9.701523,0.976295,0.955349,65.589081,65.990608,0.66719,15360.0,1.188328,64.563721,64.928833,1.458876,1008.0,14995.894531,1024.0,1024.0,163.030197,445800,64.0,1999.3
446600,27600,9848.623,33.52277,22.096592,0.641349,0.02044,8.53261,8.53261,8.53261,8.53261,0.025324,9e-06,-0.070002,-1.773857,0.063771,1.808254,9.920246,0.976321,1.091779,65.132828,65.606926,0.632625,15360.0,1.189128,64.086601,64.090019,1.147344,1008.0,14996.289062,1024.0,1024.0,199.727356,446600,64.0,1999.3
447400,27650,9865.349,36.263668,24.207932,0.673869,0.02044,9.027564,9.027564,9.027464,9.027464,0.031889,9e-06,-0.070447,-1.732014,0.066658,1.727691,10.02882,0.976292,1.149962,65.900139,66.36068,0.668504,15360.0,1.171982,64.895676,64.668121,0.884753,1008.0,14995.84082,1024.0,1024.0,158.096619,447400,64.0,1999.3
448200,27700,9882.333,38.778938,26.966417,0.607852,0.02044,8.970282,8.970282,8.969982,8.969982,0.024945,9e-06,-0.062174,-1.45717,0.077044,1.449441,10.139492,0.976306,1.020228,67.187637,67.747467,0.781184,15360.0,1.196209,66.084129,66.52253,1.609246,1008.0,14996.057617,1024.0,1024.0,166.070587,448200,64.0,1999.3
449000,27750,9899.245,34.536919,23.1791,0.632838,0.02044,8.457739,8.457739,8.457739,8.457739,0.031899,9e-06,-0.051087,-1.447611,0.072347,1.445208,10.342773,0.976287,1.061691,67.559166,68.07914,0.748268,15360.0,1.301411,66.99575,68.136444,1.833224,1008.0,14995.771484,1024.0,1024.0,191.932114,449000,64.0,1999.3
449800,27800,9916.262,32.633961,21.539444,0.614619,0.02044,8.279921,8.279921,8.279921,8.279921,0.025174,8e-06,-0.067082,-1.65993,0.063227,1.655591,10.616421,0.976308,1.069504,66.544304,67.041565,0.671249,15360.0,1.163752,65.346512,65.509651,1.170005,1008.0,14996.097656,1024.0,1024.0,131.270264,449800,64.0,1999.3
450600,27850,9958.708,34.185448,23.092804,0.590846,0.02044,8.282084,8.282084,8.282084,8.282084,0.020545,9e-06,-0.088263,-1.795126,0.067456,1.795113,10.920227,0.976296,1.11607,66.855698,67.436958,0.736639,15360.0,1.14421,65.865898,66.475327,1.387684,1008.0,14995.898438,1024.0,1024.0,129.991516,450600,64.0,1999.3
451400,27900,9975.405,36.675095,24.940979,0.612252,0.02044,8.924274,8.924274,8.924274,8.924274,0.028103,8e-06,-0.080837,-1.485169,0.083042,1.490401,11.26292,0.976308,1.047315,68.486626,69.192986,0.935297,15360.0,1.060798,67.487328,67.877205,1.486768,1008.0,14996.09375,1024.0,1024.0,166.389969,451400,64.0,1999.3
452200,27950,9992.183,42.698734,29.788725,0.688459,0.02044,9.750852,9.750852,9.750814,9.750814,0.042196,9e-06,-0.081375,-1.549439,0.087166,1.526424,11.790783,0.976296,1.203437,68.351807,69.100723,1.02775,15360.0,1.177025,67.178589,68.000252,1.811234,1008.0,14995.90625,1024.0,1024.0,177.49794,452200,64.0,1999.3
453000,28000,10009.208,38.852272,26.523655,0.665658,0.02044,9.16225,9.16225,9.16225,9.16225,0.038137,9e-06,-0.086403,-1.566277,0.080272,1.551171,12.25042,0.976286,1.271597,68.409317,69.204887,0.983362,15360.0,1.262827,67.480179,68.87851,1.906405,1008.0,14995.749023,1024.0,1024.0,167.231857,453000,64.0,1999.3
453800,28050,10026.086,37.657497,25.809765,0.648,0.02044,8.767647,8.767647,8.767647,8.767647,0.028396,9e-06,-0.064266,-1.440627,0.073894,1.442345,12.623127,0.976299,1.246196,68.956299,69.609299,0.932776,15360.0,1.176493,67.864044,68.663353,1.282502,1008.0,14995.952148,1024.0,1024.0,231.902405,453800,64.0,1999.3
454600,28100,10042.805,34.242779,22.58843,0.615718,0.02044,8.594434,8.594434,8.594434,8.594434,0.025389,8e-06,-0.060049,-1.659815,0.063434,1.666719,12.926373,0.976291,1.258805,67.976265,68.605453,0.819974,15360.0,1.218511,66.85363,67.462967,1.348923,1008.0,14995.822266,1024.0,1024.0,170.318222,454600,64.0,1999.3
455400,28150,10059.612,36.755634,24.966616,0.657154,0.02044,8.674747,8.674747,8.674718,8.674718,0.028913,9e-06,-0.050397,-1.361245,0.065502,1.367872,13.526566,0.976287,1.227782,68.81443,69.447411,0.886017,15360.0,1.306068,67.869377,69.263748,2.050227,1008.0,14995.775391,1024.0,1024.0,148.68663,455400,64.0,1999.3
456200,28200,10076.535,34.515259,23.017782,0.653005,0.02044,8.374914,8.374914,8.374914,8.374914,0.026466,8e-06,-0.038653,-1.509491,0.06323,1.498215,13.825996,0.976307,1.266447,68.780014,69.342873,0.874216,15360.0,1.279432,67.677231,68.22435,1.400814,1008.0,14996.074219,1024.0,1024.0,133.705017,456200,64.0,1999.3
457000,28250,10093.375,33.304695,21.789503,0.637088,0.02044,8.385795,8.385795,8.385795,8.385795,0.029628,8e-06,-0.020046,-1.58731,0.046285,1.589182,14.338902,0.976294,1.251989,67.738815,68.061569,0.663675,15360.0,1.337816,67.140785,67.085632,1.339425,1008.0,14995.867188,1024.0,1024.0,173.394562,457000,64.0,1999.3
457800,28300,10110.374,37.110817,25.382,0.634571,0.02044,8.630591,8.630591,8.630423,8.630423,0.027571,8e-06,-0.038463,-1.23994,0.066819,1.214265,14.627052,0.976317,1.253314,71.050308,71.706696,0.977368,15360.0,1.217672,69.52668,69.847282,1.264302,1008.0,14996.233398,1024.0,1024.0,142.287292,457800,64.0,1999.3
458600,28350,10127.482,31.948786,21.11672,0.662527,0.02044,7.743077,7.743077,7.742289,7.742289,0.030636,7e-06,-0.038835,-1.617873,0.044405,1.596583,14.995895,0.976305,1.267918,69.412773,69.874023,0.665889,15360.0,1.342101,68.37838,68.887123,1.011251,1008.0,14996.048828,1024.0,1024.0,164.535599,458600,64.0,1999.3
459400,28400,10144.667,42.827892,28.89238,0.586554,0.02044,10.690122,10.690122,10.690122,10.690122,0.02394,8e-06,-0.050716,-1.350689,0.067674,1.349967,15.422775,0.976319,1.226093,72.331779,73.06308,1.043719,15360.0,1.313364,70.77417,71.084953,1.475943,1008.0,14996.255859,1024.0,1024.0,188.915634,459400,64.0,1999.3
460200,28450,10161.762,36.567242,24.580978,0.592564,0.02044,8.928782,8.928782,8.928215,8.928215,0.021827,8e-06,-0.046408,-1.48236,0.052339,1.4849,15.529167,0.976332,1.207902,71.021072,71.57663,0.812783,15360.0,1.300335,69.275978,69.305939,0.947677,1008.0,14996.458984,1024.0,1024.0,175.567902,460200,64.0,1999.3
461000,28500,10178.851,36.758186,24.200161,0.597101,0.02044,9.426725,9.426725,9.426725,9.426725,0.022482,8e-06,-0.039072,-1.339153,0.051234,1.363588,15.55217,0.976284,1.215426,71.049477,71.526871,0.796796,15360.0,1.315766,69.572762,69.40052,0.907271,1008.0,14995.720703,1024.0,1024.0,137.959152,461000,64.0,1999.3
461800,28550,10195.933,32.867138,21.566414,0.628509,0.02044,8.240142,8.240142,8.240142,8.240142,0.027116,7e-06,-0.008598,-1.404625,0.040855,1.407764,15.623871,0.976317,1.195953,70.270348,70.64904,0.638306,15360.0,1.334214,69.457039,69.936867,1.235902,1008.0,14996.220703,1024.0,1024.0,178.038422,461800,64.0,1999.3
462600,28600,10212.986,40.135693,27.891016,0.587883,0.02044,9.142221,9.142221,9.142221,9.142221,0.025425,8e-06,-0.009628,-1.037511,0.063186,1.032102,15.356262,0.976287,1.192874,73.919373,74.405685,0.970302,15360.0,1.322204,72.390503,72.557838,1.845399,1008.0,14995.769531,1024.0,1024.0,206.206055,462600,64.0,1999.3
463400,28650,10230.171,41.206879,28.665777,0.61186,0.02044,9.414829,9.414829,9.414829,9.414829,0.028693,8e-06,-0.019041,-0.971338,0.055893,0.964665,15.416214,0.976314,1.160309,73.776192,74.379532,0.86166,15360.0,1.37075,72.420586,73.276527,1.685965,1008.0,14996.183594,1024.0,1024.0,190.445801,463400,64.0,1999.3
464200,28700,10247.263,35.032589,23.623274,0.634058,0.02044,8.366692,8.366692,8.366475,8.366475,0.026867,7e-06,-0.010452,-1.060313,0.043761,1.070602,15.427223,0.97631,1.148963,72.633995,72.898552,0.675108,15360.0,1.376481,71.566895,71.770683,1.701351,1008.0,14996.125,1024.0,1024.0,161.190582,464200,64.0,1999.3
465000,28750,10264.287,39.577732,26.790077,0.575408,0.02044,9.684504,9.684504,9.684504,9.684504,0.023486,8e-06,-0.016844,-1.140137,0.048792,1.169857,15.585403,0.976293,1.16864,70.997063,71.55629,0.760443,15360.0,1.290211,69.611847,70.044289,1.36609,1008.0,14995.864258,1024.0,1024.0,142.328751,465000,64.0,1999.3
465800,28800,10281.206,34.347271,23.625208,0.655593,0.02044,7.759052,7.759052,7.758381,7.758381,0.027461,7e-06,-0.009598,-1.287309,0.042204,1.287454,15.508049,0.976317,1.133685,69.49942,69.798561,0.654495,15360.0,1.289941,68.128304,67.956848,0.993355,1008.0,14996.223633,1024.0,1024.0,163.463608,465800,64.0,1999.3
466600,28850,10298.064,36.16452,24.414125,0.622663,0.02044,8.694489,8.694489,8.694489,8.694489,0.028324,7e-06,0.008002,-0.854415,0.044369,0.839641,15.614876,0.97631,1.130842,72.748016,73.086525,0.692818,15360.0,1.34836,71.701843,71.967049,1.714336,1008.0,14996.125,1024.0,1024.0,185.968582,466600,64.0,1999.3
467400,28900,10314.788,36.486675,24.610186,0.606751,0.02044,8.952386,8.952386,8.952386,8.952386,0.024487,8e-06,-0.015708,-0.98503,0.047253,0.986087,15.673164,0.976324,1.02489,72.282799,72.873703,0.7406,15360.0,1.30831,71.066628,71.448288,1.687721,1008.0,14996.34375,1024.0,1024.0,135.63739,467400,64.0,1999.3
468200,28950,10331.677,40.787163,27.564163,0.670865,0.02044,10.077312,10.077312,10.077312,10.077312,0.03492,8e-06,-0.009903,-0.838303,0.057462,0.834203,15.688988,0.976295,1.047441,73.178581,73.743446,0.901517,15360.0,1.363698,71.890053,72.281326,1.878855,1008.0,14995.897461,1024.0,1024.0,173.25383,468200,64.0,1999.3
469000,29000,10348.565,34.019733,22.734941,0.647225,0.02044,8.331623,8.331623,8.331623,8.331623,0.032223,7e-06,0.003437,-0.771318,0.040728,0.778376,15.824203,0.97631,1.057988,71.785957,72.222412,0.644491,15360.0,1.303065,70.791267,71.514221,1.504467,1008.0,14996.125,1024.0,1024.0,167.834885,469000,64.0,1999.3
469800,29050,10365.595,35.655151,24.523788,0.555252,0.02044,8.313753,8.313753,8.312739,8.312739,0.016676,7e-06,-0.017938,-1.274229,0.040678,1.257646,16.14325,0.976305,1.040979,71.089249,71.517181,0.65668,15360.0,1.29167,69.366402,69.20858,1.189894,1008.0,14996.050781,1024.0,1024.0,132.44548,469800,64.0,1999.3
470600,29100,10382.455,34.429508,23.269136,0.579428,0.02044,8.387622,8.387622,8.386486,8.386486,0.021731,7e-06,-0.003996,-0.645306,0.043876,0.650936,16.510559,0.976314,0.956495,74.378639,74.90274,0.72441,15360.0,1.272073,72.969757,73.152496,1.341167,1008.0,14996.1875,1024.0,1024.0,151.249512,470600,64.0,1999.3
471400,29150,10399.518,34.354366,22.698269,0.670418,0.02044,8.738858,8.738858,8.738858,8.738858,0.028804,7e-06,-0.008821,-0.998113,0.028334,0.995547,16.555992,0.976293,0.989068,70.713921,70.95153,0.469101,15360.0,1.240823,69.768951,69.384399,1.039061,1008.0,14995.862305,1024.0,1024.0,137.147858,471400,64.0,1999.3
472200,29200,10416.354,33.771458,21.780659,0.577297,0.02044,9.120163,9.120163,9.120163,9.120163,0.024666,6e-06,-0.009751,-0.919971,0.036411,0.906283,16.66011,0.976303,0.990527,72.787323,73.11129,0.606604,15360.0,1.267026,71.426392,70.926552,1.049441,1008.0,14996.012695,1024.0,1024.0,148.178375,472200,64.0,1999.3
473000,29250,10433.221,40.082802,26.724363,0.595916,0.02044,10.431491,10.431491,10.431491,10.431491,0.022498,8e-06,-0.016749,-0.953743,0.039061,0.946999,16.748299,0.976292,0.913254,71.481918,71.935074,0.65421,15360.0,1.236463,70.141838,69.771317,1.214732,1008.0,14995.849609,1024.0,1024.0,142.303497,473000,64.0,1999.3
473800,29300,10449.801,35.799713,24.23785,0.634928,0.02044,8.794613,8.794613,8.794443,8.794443,0.031809,7e-06,0.008609,-0.479126,0.038948,0.473001,16.88237,0.976304,0.854303,75.100723,75.595856,0.657527,15360.0,1.231705,74.23365,74.948135,1.850669,1008.0,14996.030273,1024.0,1024.0,130.628723,473800,64.0,1999.3
474600,29350,10466.718,38.636845,26.660461,0.588033,0.02044,9.16943,9.16943,9.169073,9.169073,0.023613,7e-06,-0.011362,-0.802722,0.040035,0.833092,17.114624,0.976292,0.926195,72.579773,73.0429,0.685189,15360.0,1.222347,70.980492,70.972786,1.063611,1008.0,14995.845703,1024.0,1024.0,152.126846,474600,64.0,1999.3
475400,29400,10509.954,35.851292,24.427841,0.621591,0.02044,8.675484,8.675484,8.675484,8.675484,0.029485,7e-06,-0.005975,-0.403962,0.043595,0.405725,17.353447,0.976308,0.888844,74.374413,74.890732,0.756531,15360.0,1.185052,73.132675,73.394356,1.28025,1008.0,14996.083984,1024.0,1024.0,171.366257,475400,64.0,1999.3
476200,29450,10527.076,38.731071,26.356527,0.645386,0.02044,9.51281,9.51281,9.512601,9.512601,0.026312,7e-06,-0.006205,-0.633372,0.036801,0.636066,17.473068,0.976294,0.879837,73.491287,73.846001,0.643019,15360.0,1.236638,72.067421,71.74913,1.177527,1008.0,14995.881836,1024.0,1024.0,158.017258,476200,64.0,1999.3
477000,29500,10544.139,35.096771,23.520432,0.686658,0.02044,8.661463,8.661463,8.661463,8.661463,0.040097,7e-06,2.9e-05,-0.602657,0.033322,0.611503,17.748177,0.976294,0.9527,71.151321,71.490021,0.591404,15360.0,1.296353,70.387451,71.146309,1.767988,1008.0,14995.880859,1024.0,1024.0,198.396454,477000,64.0,1999.3
477800,29550,10561.227,43.22131,31.008099,0.623174,0.02044,9.388518,9.388518,9.388518,9.388518,0.032398,7e-06,0.001674,-0.348878,0.048648,0.378383,17.950142,0.976304,0.859614,75.82901,76.494423,0.873245,15360.0,1.269806,74.711098,75.76281,2.285835,1008.0,14996.03418,1024.0,1024.0,194.393433,477800,64.0,1999.3
478600,29600,10578.266,35.196857,23.653078,0.639934,0.02044,8.704432,8.704432,8.704432,8.704432,0.029997,7e-06,-0.009444,-0.386799,0.040913,0.386462,18.493904,0.976317,0.97173,72.800972,73.252228,0.756648,15360.0,1.15415,71.698402,71.972832,1.247495,1008.0,14996.228516,1024.0,1024.0,227.910339,478600,64.0,1999.3
479400,29650,10595.455,33.827503,22.635292,0.592039,0.02044,8.464191,8.464191,8.464178,8.464178,0.021259,7e-06,-0.013511,-0.487544,0.04087,0.480388,18.829216,0.976317,0.917561,73.925949,74.504967,0.769544,15360.0,1.216906,72.19986,72.118011,1.298887,1008.0,14996.234375,1024.0,1024.0,168.995392,479400,64.0,1999.3
480200,29700,10612.551,37.571651,25.234371,0.643868,0.02044,9.437462,9.437462,9.437382,9.437382,0.032019,6e-06,0.003019,-0.122914,0.039177,0.133355,19.004814,0.976299,0.926711,74.107849,74.588104,0.744546,15360.0,1.206776,73.117668,73.161674,1.512373,1008.0,14995.955078,1024.0,1024.0,153.101776,480200,64.0,1999.3
481000,29750,10629.707,33.089382,21.784157,0.65511,0.02044,8.482441,8.482441,8.482441,8.482441,0.030893,7e-06,0.002553,0.081988,0.035698,-0.088217,19.421875,0.976318,0.932845,74.623276,75.037979,0.693315,15360.0,1.211969,73.8228,74.998756,1.857754,1008.0,14996.240234,1024.0,1024.0,181.912491,481000,64.0,1999.3
481800,29800,10646.602,38.138176,25.282158,0.581595,0.02044,9.983519,9.983519,9.983519,9.983519,0.021089,6e-06,-0.006198,-0.183104,0.041897,0.167843,19.718094,0.976324,0.938428,74.708237,75.316833,0.826123,15360.0,1.132929,73.338821,73.06337,1.270699,1008.0,14996.341797,1024.0,1024.0,154.787796,481800,64.0,1999.3
482600,29850,10663.636,36.120083,23.68536,0.596697,0.02044,9.571831,9.571831,9.571831,9.571831,0.024858,6e-06,-0.014326,-0.243042,0.039602,0.25759,20.157265,0.976303,1.006871,72.71682,73.362572,0.798266,15360.0,0.986744,71.412842,71.472183,0.799325,1008.0,14996.015625,1024.0,1024.0,158.961197,482600,64.0,1999.3
483400,29900,10680.557,41.059044,28.591774,0.611988,0.02044,9.554346,9.554346,9.554346,9.554346,0.023329,7e-06,0.004103,0.101502,0.053219,-0.096442,20.53157,0.976317,0.98931,76.125946,76.761604,1.092667,15360.0,1.105494,74.546867,74.460991,1.698816,1008.0,14996.232422,1024.0,1024.0,164.640152,483400,64.0,1999.3
484200,29950,10697.424,30.461378,19.898697,0.606368,0.02044,7.866542,7.866542,7.866542,7.866542,0.025293,6e-06,0.006832,0.118614,0.031947,-0.108876,21.094337,0.976298,0.972632,73.051987,73.513527,0.673899,15360.0,1.01071,72.376511,72.502342,1.027984,1008.0,14995.939453,1024.0,1024.0,156.77359,484200,64.0,1999.3
485000,30000,10714.464,43.594566,29.519855,0.578031,0.02044,10.981215,10.981215,10.981215,10.981215,0.024985,7e-06,-0.006452,0.081918,0.052299,-0.092292,21.655396,0.976314,1.078981,76.857925,77.764,1.13255,15360.0,1.081248,75.349754,75.734688,1.692374,1008.0,14996.185547,1024.0,1024.0,164.983414,485000,64.0,1999.3
485800,30050,10731.381,35.28875,23.300087,0.629801,0.02044,9.107697,9.107697,9.107697,9.107697,0.028838,6e-06,0.001618,-0.01277,0.029323,-9.4e-05,22.415222,0.976297,0.986457,73.634804,73.937149,0.657278,15360.0,1.106258,72.652702,72.573303,1.140569,1008.0,14995.922852,1024.0,1024.0,147.353867,485800,64.0,1999.3
486600,30100,10748.379,31.188684,20.094872,0.601648,0.02044,8.249673,8.249673,8.249673,8.249673,0.027049,6e-06,-0.001112,0.067337,0.032186,-0.070989,22.967552,0.97631,1.068202,73.891945,74.44175,0.739228,15360.0,1.099984,72.94239,73.460304,1.285839,1008.0,14996.125,1024.0,1024.0,153.432861,486600,64.0,1999.3
487400,30150,10765.105,34.93589,23.377693,0.611555,0.02044,8.640087,8.640087,8.640051,8.640051,0.027463,6e-06,0.009613,0.393406,0.041495,-0.379969,23.547066,0.976302,1.098474,78.966766,79.612518,0.977077,15360.0,1.046731,77.731598,78.005302,1.528635,1008.0,14995.99707,1024.0,1024.0,155.81427,487400,64.0,1999.3
488200,30200,10781.922,34.874538,23.572563,0.614248,0.02044,8.350843,8.350843,8.350843,8.350843,0.023979,6e-06,0.02113,0.520441,0.031735,-0.537024,24.2864,0.976314,1.099499,74.330193,74.81501,0.77072,15360.0,1.202434,73.300629,73.387077,1.441848,1008.0,14996.176758,1024.0,1024.0,168.572327,488200,64.0,1999.3
489000,30250,10798.666,36.767666,24.359024,0.595369,0.02044,9.401582,9.401582,9.401582,9.401582,0.026035,6e-06,-0.00418,0.104912,0.032675,-0.119624,24.820801,0.976304,1.106488,75.624947,76.227226,0.811011,15360.0,1.162606,74.239975,74.72184,1.388026,1008.0,14996.027344,1024.0,1024.0,200.503632,489000,64.0,1999.3
489800,30300,10815.384,36.560833,24.476688,0.621415,0.02044,9.054121,9.054121,9.054121,9.054121,0.026738,6e-06,0.00567,0.395823,0.034705,-0.397495,25.374878,0.976312,1.133311,75.742599,76.303886,0.880638,15360.0,1.145909,74.663429,74.571793,1.257773,1008.0,14996.146484,1024.0,1024.0,162.641022,489800,64.0,1999.3
490600,30350,10832.276,31.624723,20.521126,0.611057,0.02044,8.169683,8.169683,8.169683,8.169683,0.024296,5e-06,0.003205,0.431296,0.028042,-0.466125,25.818169,0.976314,1.136183,74.547989,74.928337,0.723982,15360.0,1.153528,73.216293,72.916199,0.986587,1008.0,14996.185547,1024.0,1024.0,205.578445,490600,64.0,1999.3
491400,30400,10849.034,37.497696,24.999847,0.596861,0.02044,9.421238,9.421238,9.421238,9.421238,0.029141,6e-06,0.004794,0.419877,0.031327,-0.444746,26.590004,0.976322,1.143923,75.836685,76.17514,0.832993,15360.0,1.228225,74.871742,74.628899,1.493781,1008.0,14996.300781,1024.0,1024.0,169.834778,491400,64.0,1999.3
492200,30450,10866.014,38.9636,25.980276,0.583739,0.02044,9.827755,9.827755,9.827755,9.827755,0.023051,6e-06,0.004434,0.369393,0.041575,-0.386539,27.210854,0.976297,1.183781,82.509583,83.290726,1.131282,15360.0,1.268001,80.628792,80.824196,1.609285,1008.0,14995.916016,1024.0,1024.0,150.895599,492200,64.0,1999.3
493000,30500,10882.753,36.680939,24.647045,0.59442,0.02044,9.008571,9.008571,9.008571,9.008571,0.026543,6e-06,0.020949,0.828889,0.027541,-0.808963,27.614891,0.976326,1.111805,78.654472,79.103447,0.760554,15360.0,1.256162,77.765198,78.509537,1.806866,1008.0,14996.369141,1024.0,1024.0,163.106842,493000,64.0,1999.3
493800,30550,10899.766,39.485867,26.906507,0.673173,0.02044,9.384384,9.384384,9.384384,9.384384,0.034407,6e-06,0.016093,0.739627,0.036503,-0.742176,27.960991,0.976317,1.155587,81.989311,82.582329,1.020661,15360.0,1.304148,80.736115,80.545616,1.710629,1008.0,14996.231445,1024.0,1024.0,192.546448,493800,64.0,1999.3
494600,30600,10916.962,36.706886,24.307461,0.595161,0.02044,9.333433,9.333433,9.333433,9.333433,0.026836,6e-06,0.009816,0.800165,0.026753,-0.779804,28.100449,0.9763,1.139034,77.087334,77.502495,0.751768,15360.0,1.227327,75.857597,75.608391,1.52515,1008.0,14995.974609,1024.0,1024.0,135.961014,494600,64.0,1999.3
495400,30650,10934.139,37.054794,24.499531,0.587695,0.02044,9.501194,9.501194,9.500658,9.500658,0.021708,6e-06,0.009312,0.623593,0.029276,-0.626586,28.283295,0.976308,1.092871,78.776299,79.356483,0.828026,15360.0,1.312099,77.034355,77.163956,1.418594,1008.0,14996.091797,1024.0,1024.0,165.29361,495400,64.0,1999.3
496200,30700,10951.317,31.409534,19.93074,0.619612,0.02044,8.492153,8.492153,8.492153,8.492153,0.02414,5e-06,0.006778,1.03142,0.013659,-1.04264,28.511124,0.976316,1.11248,72.799034,72.896233,0.389433,15360.0,1.26039,71.901794,71.487663,1.069584,1008.0,14996.208984,1024.0,1024.0,160.912872,496200,64.0,1999.3
497000,30750,10968.388,41.632698,28.161133,0.594862,0.02044,10.263227,10.263227,10.263227,10.263227,0.024016,6e-06,0.012173,0.731687,0.0301,-0.736676,28.472763,0.976302,1.154387,77.577019,77.965889,0.857019,15360.0,1.333835,76.01265,75.472351,1.562937,1008.0,14995.992188,1024.0,1024.0,127.286003,497000,64.0,1999.3
497800,30800,10985.359,42.642879,29.422142,0.608898,0.02044,9.989929,9.989929,9.989822,9.989822,0.027103,6e-06,0.007481,1.010739,0.036873,-1.006647,28.553963,0.97631,1.206138,72.865501,73.220299,1.052866,15360.0,1.296178,71.430077,70.636292,1.561553,1008.0,14996.115234,1024.0,1024.0,195.404617,497800,64.0,1999.3
498600,30850,11002.546,35.794899,24.241186,0.59576,0.02044,8.569303,8.569303,8.569303,8.569303,0.027173,6e-06,0.026033,1.2083,0.029763,-1.188996,28.583611,0.976312,1.125187,83.035019,83.443275,0.85072,15360.0,1.200188,81.815948,81.61203,1.60054,1008.0,14996.148438,1024.0,1024.0,120.001488,498600,64.0,1999.3
499400,30900,11019.712,40.885979,27.678724,0.603395,0.02044,10.062761,10.062761,10.062761,10.062761,0.024453,6e-06,0.018538,1.096025,0.028538,-1.101411,28.714836,0.976307,1.098965,79.816467,80.312096,0.81946,15360.0,1.322927,78.470818,78.436478,1.721293,1008.0,14996.072266,1024.0,1024.0,197.163528,499400,64.0,1999.3
500200,30950,11063.217,28.806522,18.435734,0.641189,0.02044,7.445534,7.445534,7.445094,7.445094,0.026884,5e-06,0.015577,1.498314,0.01651,-1.508709,28.883141,0.976293,1.107631,74.308289,74.577042,0.476851,15360.0,1.319546,73.46125,73.526276,1.225896,1008.0,14995.866211,1024.0,1024.0,135.318893,499200,64.0,1999.3
501000,31000,11077.357,33.504803,21.898266,0.677327,0.02044,8.50548,8.50548,8.505462,8.505462,0.035149,5e-06,0.014992,1.481329,0.018585,-1.48634,29.003357,0.976312,1.136902,73.820969,74.077545,0.539013,15360.0,1.336158,72.873917,73.194374,1.568553,1008.0,14996.158203,1024.0,1024.0,183.86795,500000,64.0,1999.3
501800,31050,11091.102,37.929722,25.533558,0.635176,0.02044,9.28711,9.28711,9.28711,9.28711,0.026752,6e-06,0.013491,1.124035,0.025875,-1.120322,29.269279,0.976313,1.137124,75.713821,75.926193,0.757329,15360.0,1.247034,74.721283,74.426071,1.416935,1008.0,14996.165039,1024.0,1024.0,188.756393,499800,64.0,1999.3
502600,31100,11104.884,32.702847,21.680801,0.62208,0.02044,8.028775,8.028775,8.028203,8.028203,0.020567,6e-06,0.020318,1.175466,0.025784,-1.1714,29.509109,0.976311,1.141362,77.253975,77.568817,0.760853,15360.0,1.287302,75.696526,75.46373,1.61684,1008.0,14996.132812,1024.0,1024.0,156.761505,499600,64.0,1999.3
503400,31150,11118.59,38.477459,26.096838,0.597136,0.02044,9.317965,9.317965,9.317455,9.317455,0.020803,6e-06,0.015463,1.049324,0.024487,-1.067544,29.619667,0.976316,1.116207,75.864105,76.12925,0.725312,15360.0,1.272033,74.395653,73.934769,1.517869,1008.0,14996.214844,1024.0,1024.0,149.219025,499400,64.0,1999.3
504200,31200,11132.401,31.763407,20.548443,0.696149,0.02044,8.194396,8.194396,8.194396,8.194396,0.03744,5e-06,0.033035,1.712545,0.024519,-1.734725,29.662262,0.976306,1.057325,76.656837,77.111656,0.727299,15360.0,1.313936,76.085121,77.251862,2.023732,1008.0,14996.053711,1024.0,1024.0,181.935654,499200,64.0,1999.3
505000,31250,11146.148,39.432018,27.066561,0.625396,0.02044,9.305944,9.305944,9.305737,9.305737,0.026148,6e-06,0.019501,1.311614,0.028064,-1.312285,30.021446,0.976324,1.0727,78.101059,78.535858,0.84252,15360.0,1.302931,76.549255,76.369804,1.454783,1008.0,14996.331055,1024.0,1024.0,147.73494,500000,64.0,1999.3
505800,31300,11159.872,36.130871,24.25515,0.613926,0.02044,8.836124,8.836124,8.836124,8.836124,0.027166,6e-06,0.010171,1.329905,0.021568,-1.336398,30.22345,0.976302,1.126611,74.475189,74.723961,0.651849,15360.0,1.2828,73.293983,73.394539,1.365009,1008.0,14996.0,1024.0,1024.0,178.805206,499800,64.0,1999.3
506600,31350,11173.599,41.391594,28.077305,0.626614,0.02044,10.155745,10.155745,10.155745,10.155745,0.033719,6e-06,0.030513,1.358994,0.033083,-1.367628,30.533234,0.976295,1.051212,81.875214,82.378105,1.010136,15360.0,1.380628,80.417603,80.961067,2.234675,1008.0,14995.894531,1024.0,1024.0,158.87619,499600,64.0,1999.3
507400,31400,11187.419,32.783916,22.34411,0.650018,0.02044,7.610206,7.610206,7.610032,7.610032,0.026863,5e-06,0.01989,1.558393,0.025412,-1.585514,30.776077,0.97631,1.003861,79.818138,80.164253,0.782086,15360.0,1.247902,78.464867,78.414742,1.494765,1008.0,14996.118164,1024.0,1024.0,145.85376,499400,64.0,1999.3
508200,31450,11201.171,34.349152,23.415325,0.603172,0.02044,8.11997,8.11997,8.119711,8.119711,0.024609,6e-06,0.018516,1.447158,0.023767,-1.468326,30.936119,0.97631,0.998212,80.786125,81.264931,0.73525,15360.0,1.205067,79.402336,79.983505,1.5002,1008.0,14996.125,1024.0,1024.0,195.054337,499200,64.0,1999.3
509000,31500,11214.971,34.975945,23.6632,0.670417,0.02044,8.393167,8.393167,8.393167,8.393167,0.034323,5e-06,0.020758,1.593861,0.024615,-1.598858,31.194115,0.976298,1.002795,77.272606,77.587898,0.767853,15360.0,1.219501,76.545242,77.191956,1.571564,1008.0,14995.938477,1024.0,1024.0,138.359909,500000,64.0,1999.3
509800,31550,11228.599,36.669239,24.237694,0.602026,0.02044,9.470558,9.470558,9.470558,9.470558,0.02435,5e-06,0.027274,1.549717,0.024232,-1.543182,31.436356,0.976322,0.97823,79.732872,80.216377,0.761776,15360.0,1.286538,78.39624,78.7481,1.58403,1008.0,14996.298828,1024.0,1024.0,156.061005,499800,64.0,1999.3
510600,31600,11242.409,31.578684,21.508781,0.634908,0.02044,7.460774,7.460774,7.460532,7.460532,0.028341,5e-06,0.041931,1.843142,0.025578,-1.83214,31.704079,0.976301,0.815558,84.100395,84.728325,0.810918,15360.0,1.16738,83.16568,84.666328,2.156445,1008.0,14995.982422,1024.0,1024.0,150.636353,499600,64.0,1999.3
511400,31650,11256.128,35.454441,23.816099,0.662327,0.02044,8.795301,8.795301,8.795301,8.795301,0.032189,5e-06,0.024973,1.697397,0.023338,-1.681975,31.812607,0.976314,0.890186,81.958199,82.413544,0.742427,15360.0,1.218604,80.822327,81.694817,1.803236,1008.0,14996.178711,1024.0,1024.0,154.262817,499400,64.0,1999.3
512200,31700,11269.938,32.896332,21.460979,0.686885,0.02044,8.475537,8.475537,8.475537,8.475537,0.032732,5e-06,0.007599,1.454357,0.018312,-1.466111,31.967041,0.97631,1.023208,76.762383,76.99411,0.585387,15360.0,1.247087,75.677116,75.152779,0.957909,1008.0,14996.120117,1024.0,1024.0,178.349686,499200,64.0,1999.3
513000,31750,11283.653,37.514843,25.567694,0.644965,0.02044,9.100972,9.100972,9.100563,9.100563,0.02951,5e-06,0.021763,1.625607,0.021355,-1.629567,32.322708,0.976312,0.894134,82.125015,82.541031,0.690259,15360.0,1.182587,80.86927,81.128883,1.638578,1008.0,14996.144531,1024.0,1024.0,162.705795,500000,64.0,1999.3
513800,31800,11297.379,29.606617,18.454342,0.662054,0.02044,8.214476,8.214476,8.214476,8.214476,0.030344,5e-06,0.00693,1.691999,0.016081,-1.6923,32.600693,0.976316,1.052262,74.759529,75.042175,0.524265,15360.0,1.248882,73.655838,73.506805,0.958111,1008.0,14996.21582,1024.0,1024.0,152.576218,499800,64.0,1999.3
514600,31850,11311.181,39.380615,27.514423,0.722248,0.02044,8.868958,8.868958,8.868958,8.868958,0.043682,5e-06,0.028717,2.014054,0.026657,-2.000892,32.892883,0.9763,0.955362,80.366959,80.93718,0.876842,15360.0,1.278568,79.624878,80.783081,2.269658,1008.0,14995.974609,1024.0,1024.0,156.739609,499600,64.0,1999.3
515400,31900,11324.91,35.206985,22.989347,0.59654,0.02044,9.194115,9.194115,9.194115,9.194115,0.023015,5e-06,0.017613,1.621721,0.033442,-1.625423,33.254303,0.976316,1.064829,76.851692,77.352982,1.112092,15360.0,1.348949,75.223869,75.333572,1.787653,1008.0,14996.21875,1024.0,1024.0,162.541306,499400,64.0,1999.3
516200,31950,11338.706,41.40836,28.19286,0.714061,0.02044,10.080032,10.080032,10.080032,10.080032,0.040694,5e-06,0.017758,1.666895,0.030347,-1.65542,33.638611,0.976298,0.993062,79.378021,79.841782,1.02084,15360.0,1.273819,78.186607,77.616821,1.68295,1008.0,14995.941406,1024.0,1024.0,188.030991,499200,64.0,1999.3
517000,32000,11352.396,42.818962,29.172512,0.66392,0.02044,10.512625,10.512625,10.512625,10.512625,0.031948,5e-06,0.013566,1.6026,0.028956,-1.615901,33.907913,0.97632,1.002071,79.145561,79.454742,0.981852,15360.0,1.275216,77.644768,77.351913,1.750661,1008.0,14996.275391,1024.0,1024.0,193.531174,500000,64.0,1999.3
517800,32050,11366.085,40.711357,27.79719,0.67573,0.02044,9.816732,9.816732,9.816732,9.816732,0.035469,5e-06,0.015829,1.773723,0.027587,-1.759646,34.058228,0.976312,1.013553,77.618996,78.133904,0.939556,15360.0,1.3007,76.488655,76.751022,1.907963,1008.0,14996.157227,1024.0,1024.0,653.16449,499800,64.0,1999.3
518600,32100,11379.807,34.591888,23.035383,0.616068,0.02044,8.717285,8.717285,8.717285,8.717285,0.02585,5e-06,0.022208,1.682599,0.031649,-1.683428,34.579521,0.976307,0.952307,83.500076,84.244652,1.094423,15360.0,1.188246,81.86129,82.277611,1.847564,1008.0,14996.072266,1024.0,1024.0,186.776321,499600,64.0,1999.3
519400,32150,11393.616,30.558834,19.839674,0.641915,0.02044,7.902285,7.902285,7.901793,7.901793,0.026935,4e-06,0.020494,1.711644,0.039047,-1.721935,34.733482,0.976312,1.00354,77.41835,78.076927,1.356225,15360.0,1.134186,76.279686,76.15799,1.341381,1008.0,14996.147461,1024.0,1024.0,160.675461,499400,64.0,1999.3
520200,32200,11407.336,33.731766,22.732075,0.576594,0.02044,7.928668,7.928668,7.928535,7.928535,0.019815,5e-06,-0.000792,0.87387,0.091579,-0.87056,32.735382,0.976313,1.192919,92.061378,94.261284,2.99787,15360.0,1.629985,88.596092,90.991989,4.02874,1008.0,14996.168945,1024.0,1024.0,135.248779,499200,64.0,1999.3
521000,32250,11421.134,28.574642,17.817472,0.638953,0.02044,7.51086,7.51086,7.510849,7.510849,0.026579,5e-06,-0.037113,0.237138,0.127954,-0.24105,28.486877,0.976322,1.369447,87.779419,90.188972,3.645021,15360.0,1.678322,82.525314,87.290382,4.999329,1008.0,14996.304688,1024.0,1024.0,181.513977,500000,64.0,1999.3
521800,32300,11434.849,40.199959,27.737221,0.665379,0.02044,9.3974,9.3974,9.3974,9.3974,0.034963,5e-06,-0.035706,-0.026271,0.097693,0.034024,27.289719,0.976298,1.113182,92.17231,94.176682,2.666024,15360.0,1.207672,89.003258,90.542854,3.24675,1008.0,14995.9375,1024.0,1024.0,208.93602,499800,64.0,1999.3
522600,32350,11448.586,40.289139,27.539715,0.616192,0.02044,9.806955,9.806955,9.806096,9.806096,0.027434,5e-06,0.00354,-0.464225,0.081797,0.470068,26.247215,0.976318,1.012069,91.530312,92.410889,2.146947,15360.0,1.031768,88.907021,89.813934,2.405801,1008.0,14996.25,1024.0,1024.0,157.967346,499600,64.0,1999.3
523400,32400,11462.411,33.333706,22.202635,0.589338,0.02044,8.348732,8.348732,8.348593,8.348593,0.024439,5e-06,0.009967,-0.328918,0.081552,0.33023,26.996758,0.976293,1.065455,91.301155,92.328857,2.201642,15360.0,0.874218,88.747406,89.509056,2.062073,1008.0,14995.865234,1024.0,1024.0,142.016617,499400,64.0,1999.3
524200,32450,11476.16,37.052681,25.42787,0.698259,0.02044,8.650536,8.650536,8.650536,8.650536,0.036106,5e-06,-0.000157,-0.458788,0.078063,0.451482,26.715218,0.976293,1.107653,91.673859,92.284218,2.085474,15360.0,0.943429,90.147751,90.731155,2.344624,1008.0,14995.866211,1024.0,1024.0,160.887192,499200,64.0,1999.3
525000,32500,11489.972,33.057873,21.528242,0.665327,0.02044,8.618846,8.618846,8.618846,8.618846,0.032533,4e-06,-0.034752,-1.036558,0.08417,1.050635,26.782349,0.976305,1.108656,87.81871,88.932022,2.254268,15360.0,0.964107,85.706169,86.359337,1.952909,1008.0,14996.050781,1024.0,1024.0,204.917831,500000,64.0,1999.3
525800,32550,11530.075,33.198368,21.457211,0.601054,0.02044,8.88241,8.88241,8.88241,8.88241,0.021481,4e-06,0.054769,-1.146703,0.077828,1.13202,27.660583,0.976314,1.03165,88.275597,88.176193,2.152758,15360.0,0.875307,85.99511,85.169037,2.265774,1008.0,14996.185547,1024.0,1024.0,168.075912,499800,64.0,1999.3
526600,32600,11543.921,33.769527,22.291761,0.60491,0.02044,8.579518,8.579518,8.579518,8.579518,0.025583,5e-06,0.027238,-0.472949,0.063126,0.457995,28.653694,0.976326,1.085488,93.164139,93.451172,1.808799,15360.0,1.007387,91.783081,91.678841,2.512854,1008.0,14996.360352,1024.0,1024.0,145.137039,499600,64.0,1999.3
527400,32650,11557.645,35.189583,23.124165,0.610894,0.02044,9.045153,9.045153,9.045153,9.045153,0.024368,5e-06,0.009991,-0.657689,0.058914,0.622276,29.588844,0.976278,1.168819,94.368378,95.005508,1.743199,15360.0,1.018689,92.028809,91.672623,2.054946,1008.0,14995.624023,1024.0,1024.0,150.546326,499400,64.0,1999.3
528200,32700,11571.428,31.132423,20.054968,0.671407,0.02044,8.072097,8.072097,8.071667,8.071667,0.031868,4e-06,-0.003019,-0.853289,0.068939,0.84657,30.041527,0.976304,1.176696,93.543884,94.542763,2.071041,15360.0,1.10875,90.555733,92.175583,2.501835,1008.0,14996.027344,1024.0,1024.0,186.517136,499200,64.0,1999.3
529000,32750,11585.119,37.746109,25.294125,0.603862,0.02044,9.522763,9.522763,9.52243,9.52243,0.024662,5e-06,-0.054185,-0.929634,0.073272,0.907169,30.273499,0.976304,1.126637,92.593849,94.052628,2.218211,15360.0,0.933947,90.211525,89.983948,1.774341,1008.0,14996.027344,1024.0,1024.0,133.599548,500000,64.0,1999.3
529800,32800,11598.844,41.772129,28.082424,0.653783,0.02044,10.471066,10.471066,10.471066,10.471066,0.032888,5e-06,0.019444,-0.620064,0.06842,0.647395,30.283401,0.9763,1.130332,93.034546,93.598671,2.071981,15360.0,1.158437,91.380943,91.450729,3.027195,1008.0,14995.974609,1024.0,1024.0,197.681107,499800,64.0,1999.3
530600,32850,11612.554,33.057701,22.09655,0.672145,0.02044,7.988039,7.988039,7.987747,7.987747,0.032827,5e-06,-0.03438,-0.462796,0.075496,0.455317,31.082802,0.976313,1.169276,96.058502,97.62394,2.346633,15360.0,1.156082,93.430267,94.940132,2.512725,1008.0,14996.169922,1024.0,1024.0,135.316345,499600,64.0,1999.3
531400,32900,11626.368,32.260521,21.547062,0.624352,0.02044,7.798752,7.798752,7.79868,7.79868,0.025631,4e-06,-0.030806,-0.731395,0.073441,0.738881,30.965698,0.976312,1.172092,94.522972,95.572395,2.274154,15360.0,1.162511,91.990913,92.311172,2.210974,1008.0,14996.148438,1024.0,1024.0,192.498779,499400,64.0,1999.3
532200,32950,11640.154,39.382271,27.530472,0.61845,0.02044,8.873516,8.873516,8.873516,8.873516,0.029853,5e-06,-0.034611,-0.65215,0.068219,0.653562,31.410828,0.976298,1.150575,95.189186,96.203491,2.142821,15360.0,1.120267,92.584534,93.032494,2.511517,1008.0,14995.933594,1024.0,1024.0,178.016663,499200,64.0,1999.3
533000,33000,11653.893,41.090984,28.574657,0.697512,0.02044,9.352975,9.352975,9.352975,9.352975,0.038374,5e-06,0.040385,-0.514368,0.06495,0.522053,32.454872,0.976312,1.086782,92.942764,92.874557,2.107953,15360.0,1.276448,91.515099,91.144127,3.644345,1008.0,14996.158203,1024.0,1024.0,148.181641,500000,64.0,1999.3
533800,33050,11667.621,36.695129,24.950882,0.662678,0.02044,8.7696,8.7696,8.7696,8.7696,0.037656,5e-06,-0.038814,-0.414221,0.068418,0.443308,33.079102,0.976325,1.122218,95.972176,97.434021,2.263209,15360.0,1.103872,93.628357,94.119629,2.484282,1008.0,14996.344727,1024.0,1024.0,187.677322,499800,64.0,1999.3
534600,33100,11681.34,36.007671,24.760721,0.735512,0.02044,8.194187,8.194187,8.194187,8.194187,0.043665,5e-06,0.010228,0.018401,0.059392,-0.015342,33.812454,0.976297,1.107459,97.138969,97.836075,2.008204,15360.0,1.19901,95.155045,96.158981,2.57716,1008.0,14995.923828,1024.0,1024.0,161.914825,499600,64.0,1999.3
535400,33150,11695.142,36.986176,24.69495,0.662284,0.02044,9.226603,9.226603,9.226603,9.226603,0.031645,5e-06,0.037098,-0.243748,0.044712,0.224041,34.663666,0.976314,1.065734,94.820549,94.725464,1.549893,15360.0,1.188016,93.59391,92.966148,2.466059,1008.0,14996.1875,1024.0,1024.0,186.905197,499400,64.0,1999.3
536200,33200,11708.935,36.723507,24.300854,0.605885,0.02044,9.502014,9.502014,9.502,9.502,0.022109,4e-06,-0.008576,-0.660792,0.047834,0.660408,35.37738,0.976311,1.033416,93.729935,94.47052,1.692228,15360.0,1.064243,91.023994,91.028542,1.941666,1008.0,14996.141602,1024.0,1024.0,194.035431,499200,64.0,1999.3
537000,33250,11722.639,36.205215,24.079062,0.631614,0.02044,9.095745,9.095745,9.095745,9.095745,0.031228,4e-06,0.057756,-0.356212,0.049852,0.354789,36.199661,0.976308,1.056685,92.798149,92.420265,1.804641,15360.0,1.181135,91.660255,91.531982,2.448824,1008.0,14996.083008,1024.0,1024.0,160.794739,500000,64.0,1999.3
537800,33300,11736.346,34.663818,22.98937,0.653109,0.02044,8.745124,8.745124,8.745124,8.745124,0.032503,4e-06,0.030595,-0.084348,0.042479,0.07607,36.610046,0.97632,0.98324,95.594116,95.649826,1.555145,15360.0,1.224757,94.237961,93.359055,2.678336,1008.0,14996.267578,1024.0,1024.0,148.288452,499800,64.0,1999.3
538600,33350,11750.093,36.324902,24.50247,0.61584,0.02044,8.732191,8.732191,8.732071,8.732071,0.021581,4e-06,0.034416,-0.479056,0.063265,0.469386,37.023422,0.976309,1.174353,93.219795,93.357605,2.342283,15360.0,1.2399,90.668243,89.82151,2.595774,1008.0,14996.101562,1024.0,1024.0,150.903229,499600,64.0,1999.3
539400,33400,11763.908,38.445988,26.506168,0.600015,0.02044,8.942558,8.942558,8.942558,8.942558,0.025484,4e-06,0.011848,-0.058748,0.041574,0.070617,37.170212,0.976312,1.07654,95.920807,96.167862,1.545299,15360.0,1.313866,93.805595,92.935936,2.70238,1008.0,14996.157227,1024.0,1024.0,137.874832,499400,64.0,1999.3
540200,33450,11777.722,32.821781,21.361902,0.637345,0.02044,8.545218,8.545218,8.545218,8.545218,0.029449,4e-06,0.033466,-0.853078,0.055021,0.860818,36.998383,0.976321,1.042753,89.962128,89.747253,2.035694,15360.0,1.087114,88.112907,87.305573,2.154659,1008.0,14996.283203,1024.0,1024.0,138.230148,499200,64.0,1999.3
541000,33500,11791.427,38.527447,26.439388,0.755699,0.02044,9.030441,9.030441,9.030441,9.030441,0.048462,5e-06,0.005749,0.339239,0.046648,-0.346034,37.648682,0.976306,1.02217,95.799774,96.759933,1.75622,15360.0,1.16837,93.961998,95.334053,2.875923,1008.0,14996.055664,1024.0,1024.0,159.107422,500000,64.0,1999.3
541800,33550,11805.123,34.156025,22.788788,0.651504,0.02044,8.524145,8.524145,8.524145,8.524145,0.03567,6e-06,0.022428,0.276758,0.035789,-0.298911,38.301529,0.976291,0.950043,95.317772,95.578621,1.370789,15360.0,1.154218,93.92337,93.947159,2.468493,1008.0,14995.835938,1024.0,1024.0,135.214371,499800,64.0,1999.3
542600,33600,11818.918,39.365059,26.77523,0.675314,0.02044,9.431917,9.431917,9.431917,9.431917,0.038215,5e-06,0.029785,0.036796,0.046264,-0.031704,38.811707,0.976308,1.104669,92.640099,92.460304,1.795581,15360.0,1.281717,91.335213,90.742874,2.78337,1008.0,14996.094727,1024.0,1024.0,226.620239,499600,64.0,1999.3
543400,33650,11832.626,32.833153,21.930908,0.587115,0.02044,8.030642,8.030642,8.030642,8.030642,0.025642,4e-06,-0.016142,0.134861,0.051557,-0.165028,39.313889,0.976305,1.09631,94.846199,96.091972,2.026925,15360.0,1.269382,92.586403,94.038879,2.690388,1008.0,14996.041016,1024.0,1024.0,154.424637,499400,64.0,1999.3
544200,33700,11846.425,52.922806,38.921379,0.714017,0.02044,10.71068,10.71068,10.71068,10.71068,0.042591,5e-06,0.022728,0.214481,0.04731,-0.205345,39.725533,0.976308,1.034485,95.980667,96.5522,1.879421,15360.0,1.426699,94.106499,94.82576,3.429872,1008.0,14996.097656,1024.0,1024.0,248.557587,499200,64.0,1999.3
545000,33750,11860.16,34.351082,22.407932,0.670086,0.02044,8.877102,8.877102,8.8766,8.8766,0.032012,4e-06,0.042757,-0.203162,0.048634,0.206345,40.172768,0.976316,1.056466,89.459984,89.325127,1.953745,15360.0,1.295291,88.440514,87.770866,2.750373,1008.0,14996.213867,1024.0,1024.0,143.253677,500000,64.0,1999.3
545800,33800,11873.863,40.902744,28.074802,0.673129,0.02044,9.758712,9.758712,9.758712,9.758712,0.035001,5e-06,-0.003095,0.407655,0.047181,-0.409676,40.887489,0.97631,1.048033,95.993088,96.537979,1.929122,15360.0,1.182837,94.218597,94.315529,2.2287,1008.0,14996.123047,1024.0,1024.0,153.105743,499800,64.0,1999.3
546600,33850,11887.58,37.187454,25.28233,0.704975,0.02044,8.822086,8.822086,8.821991,8.821991,0.036769,4e-06,-0.0028,0.016136,0.046266,0.006246,40.475632,0.976311,1.097509,90.006889,90.278076,1.872653,15360.0,1.269012,88.851875,88.441536,2.774779,1008.0,14996.136719,1024.0,1024.0,178.785507,499600,64.0,1999.3
547400,33900,11901.388,30.075649,19.820967,0.681752,0.02044,7.429414,7.429414,7.429414,7.429414,0.033078,4e-06,0.000103,-0.029558,0.045704,0.023171,40.469177,0.97632,1.028741,91.723396,92.271866,1.849594,15360.0,1.170972,90.008682,91.026176,2.475987,1008.0,14996.269531,1024.0,1024.0,191.56308,499400,64.0,1999.3
548200,33950,11915.201,38.892475,26.580959,0.618675,0.02044,9.302856,9.302856,9.302856,9.302856,0.028279,4e-06,0.007954,0.468078,0.040273,-0.45587,40.709732,0.976308,1.036456,98.108932,98.427483,1.639519,15360.0,1.316151,95.635422,94.825447,2.46452,1008.0,14996.091797,1024.0,1024.0,235.291473,499200,64.0,1999.3
549000,34000,11928.91,34.809788,22.870819,0.614583,0.02044,9.061552,9.061552,9.061552,9.061552,0.027109,4e-06,0.043752,-0.01247,0.038629,-0.012686,41.028557,0.976303,0.942197,90.060974,89.723198,1.584879,15360.0,1.167611,88.700233,88.522125,2.325007,1008.0,14996.020508,1024.0,1024.0,143.085907,500000,64.0,1999.3
549800,34050,11942.608,38.80098,26.731104,0.640963,0.02044,9.05374,9.05374,9.053605,9.053605,0.029016,4e-06,0.010746,-0.283434,0.053308,0.2842,41.196251,0.976304,1.047484,89.430832,89.429733,2.196086,15360.0,1.303768,87.879745,86.066177,3.082948,1008.0,14996.02832,1024.0,1024.0,189.852249,499800,64.0,1999.3
550600,34100,11982.803,32.193844,21.859148,0.662628,0.02044,7.740687,7.740687,7.740687,7.740687,0.033582,4e-06,0.025271,1.116589,0.030535,-1.100599,41.187859,0.976318,0.815164,95.917191,96.397614,1.257685,15360.0,0.988109,94.933449,95.688698,2.103458,1008.0,14996.236328,1024.0,1024.0,146.896011,499600,64.0,1999.3
551400,34150,11996.52,33.116375,22.256968,0.624583,0.02044,8.032787,8.032787,8.032787,8.032787,0.027127,4e-06,0.016914,0.284376,0.036489,-0.288061,41.654884,0.976312,0.962606,90.474861,90.911934,1.519964,15360.0,1.329337,88.950172,89.332298,2.622513,1008.0,14996.143555,1024.0,1024.0,160.44577,499400,64.0,1999.3
552200,34200,12010.306,41.580669,28.663465,0.677883,0.02044,9.789919,9.789919,9.789919,9.789919,0.035842,5e-06,0.001833,0.667002,0.050733,-0.642129,41.488998,0.976326,1.052268,92.812683,93.403267,2.104856,15360.0,1.319558,91.013985,90.778496,2.90191,1008.0,14996.370117,1024.0,1024.0,180.529068,499200,64.0,1999.3
553000,34250,12024.045,32.473965,21.575144,0.639672,0.02044,8.093244,8.093244,8.093149,8.093149,0.028489,4e-06,-0.004877,0.561999,0.047727,-0.560179,41.331795,0.976321,0.974918,94.453262,95.558105,1.972651,15360.0,1.220337,92.115105,93.385269,2.629884,1008.0,14996.287109,1024.0,1024.0,144.646286,500000,64.0,1999.3
553800,34300,12037.665,34.781849,23.155487,0.630008,0.02044,8.713453,8.713453,8.713453,8.713453,0.027212,4e-06,0.020142,0.351149,0.032475,-0.353101,41.060341,0.976319,0.999651,92.104515,92.167549,1.333454,15360.0,1.237725,90.597687,89.763603,2.255267,1008.0,14996.259766,1024.0,1024.0,135.500443,499800,64.0,1999.3
554600,34350,12051.473,34.251232,23.100384,0.654925,0.02044,8.313984,8.313984,8.313984,8.313984,0.032559,4e-06,0.004908,0.426672,0.042506,-0.420569,41.345009,0.976308,0.969368,92.644684,93.306938,1.757411,15360.0,1.186074,90.912338,91.031845,2.547051,1008.0,14996.097656,1024.0,1024.0,159.774933,499600,64.0,1999.3
555400,34400,12065.302,38.27129,26.186785,0.618861,0.02044,9.225439,9.225439,9.225439,9.225439,0.025367,5e-06,-0.01565,0.666497,0.047355,-0.661001,41.16391,0.976297,0.949334,94.245872,94.88015,1.949317,15360.0,1.211795,92.192108,92.204857,2.478732,1008.0,14995.916016,1024.0,1024.0,142.178665,499400,64.0,1999.3
556200,34450,12079.071,35.08746,24.274654,0.665114,0.02044,8.071779,8.071779,8.071779,8.071779,0.032491,4e-06,0.012642,0.903071,0.038493,-0.898337,40.866158,0.976313,0.882924,96.811203,97.212784,1.57306,15360.0,1.175749,95.32605,96.051285,2.829956,1008.0,14996.163086,1024.0,1024.0,159.568161,499200,64.0,1999.3
557000,34500,12092.936,33.14806,21.930489,0.587621,0.02044,8.470184,8.470184,8.470184,8.470184,0.022969,4e-06,0.019151,0.328778,0.032161,-0.330575,41.265114,0.976303,0.918527,92.973396,93.063782,1.327141,15360.0,1.182082,91.310661,90.572769,2.019798,1008.0,14996.012695,1024.0,1024.0,178.654114,500000,64.0,1999.3
557800,34550,12106.6,40.638054,28.170408,0.647633,0.02044,9.565667,9.565667,9.565198,9.565198,0.028108,4e-06,0.01838,0.589878,0.047105,-0.599023,41.487183,0.976305,0.919315,92.493828,93.44297,1.954255,15360.0,1.132155,90.383293,92.081528,2.803659,1008.0,14996.039062,1024.0,1024.0,150.723328,499800,64.0,1999.3
558600,34600,12120.459,40.265797,27.759979,0.725425,0.02044,9.433823,9.433823,9.433823,9.433823,0.04264,4e-06,0.003307,0.636232,0.042665,-0.629985,41.489944,0.976313,0.959075,92.784477,93.228722,1.77018,15360.0,1.401218,91.030373,90.195053,3.325456,1008.0,14996.173828,1024.0,1024.0,167.63237,499600,64.0,1999.3
559400,34650,12134.325,38.233341,25.982746,0.63559,0.02044,9.429008,9.429008,9.428946,9.428946,0.026471,4e-06,0.024458,0.52337,0.038264,-0.529667,41.007698,0.976316,0.870326,94.113213,94.15522,1.569129,15360.0,1.092914,92.609077,92.335724,2.63331,1008.0,14996.21875,1024.0,1024.0,161.986847,499400,64.0,1999.3
560200,34700,12148.104,36.985996,24.801579,0.62754,0.02044,9.357264,9.357264,9.357264,9.357264,0.029164,4e-06,0.009587,0.923152,0.038978,-0.906236,40.652512,0.9763,0.878829,98.505768,99.561378,1.58455,15360.0,1.183434,96.075638,96.964233,2.393225,1008.0,14995.970703,1024.0,1024.0,165.612717,499200,64.0,1999.3
561000,34750,12161.892,36.152847,24.272654,0.648028,0.02044,9.071383,9.071383,9.071383,9.071383,0.031781,4e-06,0.023253,0.880239,0.044386,-0.858427,40.749825,0.976301,0.877377,96.771515,97.236809,1.808701,15360.0,1.108579,95.074448,94.746208,2.760379,1008.0,14995.986328,1024.0,1024.0,149.940155,500000,64.0,1999.3
561800,34800,12175.591,33.563679,22.296494,0.657347,0.02044,8.518336,8.518336,8.518336,8.518336,0.03279,4e-06,-0.001713,0.599866,0.044293,-0.615877,40.921333,0.976308,0.897969,93.110275,93.874138,1.812534,15360.0,1.076571,91.713905,91.855057,2.44029,1008.0,14996.087891,1024.0,1024.0,135.658035,499800,64.0,1999.3
562600,34850,12189.372,33.615749,22.297333,0.621578,0.02044,8.669472,8.669472,8.669472,8.669472,0.026193,4e-06,0.006873,0.852347,0.037505,-0.849376,41.393066,0.976316,0.808167,97.271568,98.094002,1.552428,15360.0,1.083137,95.252487,95.221809,2.218202,1008.0,14996.214844,1024.0,1024.0,139.599045,499600,64.0,1999.3
563400,34900,12203.075,38.699322,25.241997,0.611992,0.02044,10.457006,10.457006,10.457006,10.457006,0.025482,4e-06,0.013976,0.589252,0.041513,-0.585123,41.239769,0.976311,0.932377,93.370911,93.417007,1.712002,15360.0,1.252777,91.924095,90.244705,2.825662,1008.0,14996.130859,1024.0,1024.0,200.754257,499400,64.0,1999.3
564200,34950,12216.775,33.062271,22.026991,0.698815,0.02044,8.346188,8.346188,8.346014,8.346014,0.032514,4e-06,0.020084,1.098886,0.038666,-1.117477,41.198967,0.9763,0.806636,98.365387,99.24102,1.592984,15360.0,1.028326,96.538071,96.659546,2.302539,1008.0,14995.966797,1024.0,1024.0,192.88327,499200,64.0,1999.3
565000,35000,12230.567,37.667332,25.677055,0.60165,0.02044,9.215738,9.215738,9.215738,9.215738,0.024623,4e-06,0.017347,0.92841,0.036208,-0.935942,41.488007,0.976296,0.853105,96.877205,97.22538,1.502194,15360.0,1.201398,94.895844,94.017067,2.262872,1008.0,14995.910156,1024.0,1024.0,122.890152,500000,64.0,1999.3
565800,35050,12244.212,33.95332,22.695412,0.775273,0.02044,8.495628,8.495628,8.495628,8.495628,0.048028,4e-06,0.016083,1.297565,0.035592,-1.299681,41.334198,0.976313,0.812926,98.4468,99.25676,1.471159,15360.0,0.959976,96.511772,97.031197,1.80093,1008.0,14996.160156,1024.0,1024.0,159.855072,499800,64.0,1999.3
566600,35100,12258.034,41.360764,28.587715,0.678923,0.02044,9.754498,9.754498,9.754498,9.754498,0.034525,5e-06,0.017247,0.536593,0.050271,-0.551627,41.245895,0.976318,0.955909,95.055832,95.159393,2.073474,15360.0,1.235273,92.561935,92.972336,2.966438,1008.0,14996.239258,1024.0,1024.0,180.905975,499600,64.0,1999.3
567400,35150,12271.849,35.013435,23.50045,0.652813,0.02044,8.651394,8.651394,8.651077,8.651077,0.025307,4e-06,0.012041,0.383323,0.043477,-0.394562,41.73127,0.976313,0.944812,91.872894,91.974945,1.81436,15360.0,1.221159,89.452866,88.810898,2.155432,1008.0,14996.166992,1024.0,1024.0,197.837891,499400,64.0,1999.3
568200,35200,12285.609,28.922129,18.447712,0.641197,0.02044,7.690157,7.690157,7.690157,7.690157,0.027446,3e-06,0.023768,0.538828,0.031968,-0.530446,42.508766,0.976318,0.969493,90.941704,90.824371,1.358917,15360.0,1.201149,89.409912,89.024063,2.063881,1008.0,14996.246094,1024.0,1024.0,204.691284,499200,64.0,1999.3
569000,35250,12299.404,32.761814,21.931854,0.719374,0.02044,8.006513,8.006513,8.006173,8.006173,0.036849,4e-06,0.019443,0.666313,0.034309,-0.661182,43.099319,0.976314,0.914705,91.87384,91.989937,1.478701,15360.0,1.162779,90.856956,89.369705,2.831594,1008.0,14996.186523,1024.0,1024.0,164.676132,500000,64.0,1999.3
569800,35300,12313.029,37.025505,24.941818,0.734782,0.02044,9.150566,9.150566,9.150478,9.150478,0.036419,4e-06,0.023689,1.118389,0.031869,-1.104166,43.685921,0.976314,0.902177,93.755005,94.013206,1.392241,15360.0,1.123256,92.199806,91.510452,2.333465,1008.0,14996.175781,1024.0,1024.0,159.4505,499800,64.0,1999.3
570600,35350,12326.824,35.022137,23.905169,0.650802,0.02044,8.326035,8.326035,8.325877,8.325877,0.029758,4e-06,0.018882,1.065834,0.032734,-1.083228,44.189461,0.976319,0.936605,92.684525,92.848335,1.446493,15360.0,1.105338,91.287842,90.605255,2.308201,1008.0,14996.261719,1024.0,1024.0,156.528763,499600,64.0,1999.3
571400,35400,12340.557,37.53281,25.746347,0.789926,0.02044,8.916088,8.916088,8.916088,8.916088,0.048506,4e-06,0.032322,2.145013,0.030365,-2.146065,44.784325,0.976315,0.823603,106.80191,107.501877,1.359878,15360.0,1.041578,105.366234,105.828026,2.690974,1008.0,14996.199219,1024.0,1024.0,158.131622,499400,64.0,1999.3
572200,35450,12354.371,36.249432,24.742962,0.658738,0.02044,8.784205,8.784205,8.784205,8.784205,0.03438,5e-06,0.035074,2.447021,0.027878,-2.439551,45.804459,0.976292,0.830096,106.544258,107.092361,1.276948,15360.0,0.998318,105.090805,104.887863,2.16174,1008.0,14995.837891,1024.0,1024.0,231.535965,499200,64.0,1999.3
573000,35500,12368.071,35.160408,23.199923,0.666992,0.02044,9.034218,9.034218,9.034218,9.034218,0.031363,4e-06,0.027721,1.689972,0.034264,-1.690291,46.745468,0.976315,0.976785,96.734154,96.991737,1.601679,15360.0,1.103014,95.10054,94.75843,1.955045,1008.0,14996.197266,1024.0,1024.0,154.754272,500000,64.0,1999.3
573800,35550,12381.684,31.583826,21.008417,0.631737,0.02044,7.821437,7.821437,7.821249,7.821249,0.027416,3e-06,0.020508,1.381148,0.027944,-1.391643,47.44812,0.976313,0.973808,86.961548,86.906586,1.325909,15360.0,1.08444,85.209267,83.937462,2.289616,1008.0,14996.166016,1024.0,1024.0,166.589767,499800,64.0,1999.3
574600,35600,12395.496,36.666721,25.390703,0.636545,0.02044,8.443976,8.443976,8.443956,8.443956,0.024844,4e-06,0.018638,1.604218,0.037787,-1.627235,48.061119,0.976308,0.999395,96.666931,96.514328,1.816094,15360.0,1.042089,94.698586,93.994537,2.025733,1008.0,14996.089844,1024.0,1024.0,214.654282,499600,64.0,1999.3
575400,35650,12435.682,39.001812,26.727938,0.669681,0.02044,9.323202,9.323202,9.323202,9.323202,0.036257,4e-06,0.010764,1.60297,0.026357,-1.595338,48.932655,0.976303,0.961527,85.378944,85.161957,1.289727,15360.0,1.186467,84.453316,84.057732,2.819185,1008.0,14996.017578,1024.0,1024.0,173.727066,499400,64.0,1999.3
576200,35700,12449.457,37.224491,24.98756,0.694037,0.02044,9.290049,9.290049,9.289944,9.289944,0.037912,4e-06,0.019241,1.994388,0.027118,-2.010436,49.708214,0.976313,0.970215,91.405693,91.642647,1.348004,15360.0,1.046479,90.079681,89.836296,2.069027,1008.0,14996.169922,1024.0,1024.0,231.305252,499200,64.0,1999.3
577000,35750,12463.257,35.601536,24.533176,0.633702,0.02044,8.122395,8.122395,8.122395,8.122395,0.03075,4e-06,0.017591,2.817119,0.029327,-2.806706,50.439079,0.976303,1.106566,100.551224,100.495766,1.479231,15360.0,1.184738,99.797501,99.84742,2.743771,1008.0,14996.015625,1024.0,1024.0,206.954514,500000,64.0,1999.3
577800,35800,12476.87,39.350967,26.913816,0.62067,0.02044,9.510105,9.510105,9.510105,9.510105,0.027563,4e-06,0.017031,2.205962,0.029336,-2.193199,51.222321,0.976315,1.037399,99.96315,100.350883,1.502654,15360.0,0.934988,98.231873,97.936218,1.833835,1008.0,14996.205078,1024.0,1024.0,167.25679,499800,64.0,1999.3
578600,35850,12490.655,44.574909,31.195473,0.769785,0.02044,10.120234,10.120234,10.120234,10.120234,0.046166,4e-06,0.023053,2.470756,0.04012,-2.491922,52.055977,0.97631,1.106675,96.508461,96.741066,2.088463,15360.0,1.090755,94.838509,93.70668,3.306998,1008.0,14996.117188,1024.0,1024.0,157.901566,499600,64.0,1999.3
579400,35900,12504.371,37.424679,25.626831,0.631529,0.02044,9.155033,9.155033,9.155024,9.155024,0.025226,4e-06,-0.011184,2.256474,0.025106,-2.274059,52.78997,0.976324,0.807588,81.571297,81.202591,1.325366,15360.0,0.929798,80.504341,78.91568,2.115287,1008.0,14996.334961,1024.0,1024.0,174.173843,499400,64.0,1999.3
580200,35950,12518.184,31.610548,20.56789,0.643221,0.02044,8.309099,8.309099,8.308814,8.308814,0.029596,4e-06,0.012108,2.864256,0.020508,-2.860102,53.652626,0.976319,0.932481,90.885147,91.071945,1.100296,15360.0,0.981333,89.599625,89.464684,1.752028,1008.0,14996.257812,1024.0,1024.0,175.762268,499200,64.0,1999.3
581000,36000,12531.897,33.017315,22.046585,0.626119,0.02044,8.283748,8.283748,8.283748,8.283748,0.025455,4e-06,-0.003733,3.195715,0.017229,-3.212201,54.365883,0.976322,0.920903,84.403931,84.277527,0.936676,15360.0,0.982916,83.656815,83.307648,1.351571,1008.0,14996.298828,1024.0,1024.0,160.745911,500000,64.0,1999.3
581800,36050,12545.62,38.811607,26.924086,0.640852,0.02044,8.850661,8.850661,8.850275,8.850275,0.03358,5e-06,-0.015699,3.457087,0.025322,-3.441061,55.118057,0.97632,1.111674,94.1847,93.816902,1.395674,15360.0,1.315089,93.479324,92.036285,3.083714,1008.0,14996.277344,1024.0,1024.0,142.135406,499800,64.0,1999.3
582600,36100,12559.334,32.138042,20.808256,0.728414,0.02044,8.383863,8.383863,8.383709,8.383709,0.04056,3e-06,-0.007287,3.509269,0.016732,-3.509719,56.049698,0.976313,1.03163,83.765648,83.623505,0.937838,15360.0,1.114462,82.976479,82.643791,1.385532,1008.0,14996.173828,1024.0,1024.0,196.292191,499600,64.0,1999.3
583400,36150,12573.134,39.404045,26.743158,0.697849,0.02044,9.459719,9.459719,9.459719,9.459719,0.040015,4e-06,0.00208,3.870474,0.023414,-3.883394,56.981888,0.976313,1.153526,90.43605,90.492035,1.334161,15360.0,1.271,89.386818,89.521782,2.120186,1008.0,14996.160156,1024.0,1024.0,137.886261,499400,64.0,1999.3
584200,36200,12586.853,33.065823,22.063747,0.656032,0.02044,7.98211,7.98211,7.98211,7.98211,0.034052,4e-06,0.009623,3.893869,0.020504,-3.875768,57.996536,0.976301,1.178596,92.873344,92.993095,1.189147,15360.0,1.190207,91.434204,90.525124,1.991615,1008.0,14995.990234,1024.0,1024.0,157.35907,499200,64.0,1999.3
585000,36250,12600.635,37.494164,25.089481,0.65378,0.02044,9.146463,9.146463,9.146463,9.146463,0.033533,4e-06,0.013819,4.073308,0.018808,-4.088386,59.102417,0.976322,1.291808,106.736603,107.074585,1.111626,15360.0,1.212429,104.991058,104.378342,1.728835,1008.0,14996.302734,1024.0,1024.0,183.829193,500000,64.0,1999.3
585800,36300,12614.26,43.444214,29.838478,0.743222,0.02044,10.002048,10.002048,10.002048,10.002048,0.051356,4e-06,0.011746,4.575776,0.027949,-4.591193,60.066105,0.976328,1.364215,95.440224,95.71196,1.678765,15360.0,1.546205,94.072289,94.412453,3.090865,1008.0,14996.391602,1024.0,1024.0,159.941788,499800,64.0,1999.3
586600,36350,12628.07,42.213051,28.920898,0.71194,0.02044,9.850033,9.850033,9.850033,9.850033,0.044999,4e-06,0.004975,4.775722,0.023133,-4.766379,61.067837,0.976309,1.311291,92.542168,92.764893,1.412662,15360.0,1.361564,91.303078,91.153122,2.262256,1008.0,14996.103516,1024.0,1024.0,171.407715,499600,64.0,1999.3
587400,36400,12641.822,41.735901,29.386627,0.654214,0.02044,9.06292,9.06292,9.06284,9.06284,0.030181,4e-06,0.000155,4.414848,0.026529,-4.384518,62.13588,0.976301,1.318061,98.297028,98.503784,1.648404,15360.0,1.290646,96.570335,96.461113,2.425303,1008.0,14995.976562,1024.0,1024.0,126.999542,499400,64.0,1999.3
588200,36450,12655.687,36.225716,24.196274,0.631745,0.02044,8.778749,8.778749,8.778749,8.778749,0.029761,4e-06,0.00782,4.888251,0.022336,-4.892116,63.1068,0.976317,1.326271,99.355995,99.590355,1.409575,15360.0,1.288468,98.047935,98.172836,2.141293,1008.0,14996.231445,1024.0,1024.0,146.059174,499200,64.0,1999.3
589000,36500,12669.424,31.226089,20.304577,0.709654,0.02044,7.886633,7.886633,7.886633,7.886633,0.037063,4e-06,-0.022965,5.545648,0.014081,-5.556845,63.941181,0.976312,1.179236,88.376328,88.213173,0.90038,15360.0,1.199502,87.916168,87.748474,1.58193,1008.0,14996.158203,1024.0,1024.0,173.003952,500000,64.0,1999.3
589800,36550,12683.169,28.338524,18.119377,0.656193,0.02044,7.439367,7.439367,7.439367,7.439367,0.028187,3e-06,-0.031312,5.997667,0.011092,-5.976861,64.814064,0.976322,1.071429,80.919548,80.660469,0.718935,15360.0,1.063639,80.526382,80.394669,1.294985,1008.0,14996.298828,1024.0,1024.0,153.329971,499800,64.0,1999.3
590600,36600,12696.978,27.114162,16.875736,0.664251,0.02044,7.559525,7.559525,7.559283,7.559283,0.030933,3e-06,-0.02657,6.120054,0.01361,-6.127992,65.574844,0.976324,0.981109,76.338272,76.134918,0.89248,15360.0,0.945727,75.671867,75.211121,0.954188,1008.0,14996.332031,1024.0,1024.0,155.958405,499600,64.0,1999.3
591400,36650,12710.78,39.413937,26.496099,0.652291,0.02044,9.946758,9.946758,9.946758,9.946758,0.032387,4e-06,-0.015585,5.205855,0.015948,-5.184275,66.349243,0.976308,0.997727,91.530609,91.512276,1.058152,15360.0,1.07177,90.023438,88.600716,1.957694,1008.0,14996.087891,1024.0,1024.0,237.433914,499400,64.0,1999.3
592200,36700,12724.655,39.599701,27.258629,0.726138,0.02044,9.294188,9.294188,9.294188,9.294188,0.045287,4e-06,-0.003127,5.503434,0.022478,-5.499712,67.071434,0.976305,1.038301,90.614281,90.725838,1.507613,15360.0,1.119059,89.493591,90.016426,2.495296,1008.0,14996.046875,1024.0,1024.0,172.782227,499200,64.0,1999.3
593000,36750,12738.446,35.490589,23.913488,0.632101,0.02044,8.725749,8.725749,8.725381,8.725381,0.027781,4e-06,0.009716,5.264886,0.014993,-5.254972,67.703033,0.976303,0.935554,96.229431,96.614311,1.01506,15360.0,1.269892,94.305466,95.133575,2.654296,1008.0,14996.006836,1024.0,1024.0,170.574036,500000,64.0,1999.3
593800,36800,12752.203,36.102463,24.283623,0.671345,0.02044,8.852931,8.852931,8.852931,8.852931,0.03427,3e-06,0.036697,5.264546,0.024177,-5.261265,68.165909,0.97631,1.027029,97.954369,98.799873,1.648051,15360.0,1.083688,95.528786,96.127365,2.312056,1008.0,14996.123047,1024.0,1024.0,165.42952,499800,64.0,1999.3
594600,36850,12765.94,35.792049,24.091429,0.730183,0.02044,8.983253,8.983253,8.983253,8.983253,0.045586,4e-06,-0.021874,6.078663,0.015835,-6.080164,68.801727,0.976316,0.781582,81.147003,80.996323,1.089509,15360.0,1.029033,80.905716,82.110001,2.68081,1008.0,14996.212891,1024.0,1024.0,179.053406,499600,64.0,1999.3
595400,36900,12779.788,40.668804,27.9897,0.702504,0.02044,9.731197,9.731197,9.731197,9.731197,0.042146,3e-06,0.003611,5.227994,0.015048,-5.206702,69.052101,0.976311,0.936735,99.542747,99.817841,1.039088,15360.0,1.038322,98.065399,97.701767,1.562393,1008.0,14996.131836,1024.0,1024.0,145.106155,499400,64.0,1999.3
596200,36950,12793.556,34.429523,23.304121,0.677025,0.02044,8.341631,8.341631,8.341585,8.341585,0.041266,4e-06,0.002261,5.934199,0.015929,-5.940998,69.761261,0.976298,0.899367,89.287735,89.571747,1.111257,15360.0,1.168391,88.306068,87.566208,2.097069,1008.0,14995.939453,1024.0,1024.0,247.205917,499200,64.0,1999.3
597000,37000,12807.399,29.983418,19.363625,0.670833,0.02044,7.934425,7.934425,7.934425,7.934425,0.033416,4e-06,0.00362,6.621097,0.012911,-6.625213,70.312668,0.976296,0.862669,75.452065,75.531532,0.907832,15360.0,1.114542,74.687065,74.434792,1.549083,1008.0,14995.90625,1024.0,1024.0,158.04538,500000,64.0,1999.3
597800,37050,12821.09,39.470516,26.779776,0.688741,0.02044,9.596766,9.596766,9.596766,9.596766,0.043777,3e-06,-0.00104,5.826701,0.018276,-5.847262,70.816536,0.976304,1.044021,94.06916,94.24469,1.294256,15360.0,1.273792,93.165459,91.852638,2.356136,1008.0,14996.027344,1024.0,1024.0,203.23558,499800,64.0,1999.3
598600,37100,12834.793,37.303925,25.262676,0.681674,0.02044,8.952971,8.952971,8.952971,8.952971,0.036697,4e-06,0.008497,5.762771,0.018839,-5.755257,71.35585,0.976313,1.086396,93.684959,94.1101,1.344277,15360.0,1.319892,92.39994,91.283066,2.554631,1008.0,14996.171875,1024.0,1024.0,167.936584,499600,64.0,1999.3
599400,37150,12848.59,33.622368,22.07457,0.727746,0.02044,8.590284,8.590284,8.590284,8.590284,0.047731,3e-06,-0.014623,6.477148,0.011564,-6.467722,71.712746,0.976309,1.028464,87.030991,86.944061,0.82928,15360.0,1.121522,86.902588,87.1763,1.289555,1008.0,14996.104492,1024.0,1024.0,186.279556,499400,64.0,1999.3
600200,37200,12888.719,38.920395,26.640457,0.634364,0.02044,9.122549,9.122549,9.122549,9.122549,0.029077,4e-06,-0.013519,5.812493,0.021205,-5.79861,72.081421,0.976304,1.195412,92.675583,92.572205,1.528475,15360.0,1.361472,91.334366,89.857582,2.783875,1008.0,14996.029297,1024.0,1024.0,187.752625,499200,64.0,1999.3
601000,37250,12902.564,31.621931,20.544558,0.643152,0.02044,8.061377,8.061377,8.061089,8.061089,0.025118,3e-06,0.01215,5.787106,0.01361,-5.772331,72.372986,0.976313,1.141886,82.448433,82.756935,0.984989,15360.0,1.307438,80.742096,79.982811,1.398144,1008.0,14996.167969,1024.0,1024.0,176.040344,500000,64.0,1999.3
601800,37300,12916.194,42.345211,28.846262,0.641898,0.02044,10.351629,10.351629,10.351296,10.351296,0.031947,4e-06,-0.002716,4.953329,0.015436,-4.935866,72.40564,0.976312,1.072444,91.553421,91.627182,1.117669,15360.0,1.266965,90.19532,89.362854,1.811168,1008.0,14996.150391,1024.0,1024.0,173.033081,499800,64.0,1999.3
602600,37350,12929.982,35.064182,23.484764,0.661074,0.02044,8.657677,8.657677,8.657677,8.657677,0.029338,4e-06,0.01362,4.489127,0.017329,-4.493735,72.470802,0.97632,1.042608,96.007835,96.399429,1.255834,15360.0,1.060772,94.449455,94.442635,1.485732,1008.0,14996.273438,1024.0,1024.0,172.023788,499600,64.0,1999.3
603400,37400,12943.791,37.929485,25.369806,0.711371,0.02044,9.482018,9.482018,9.482018,9.482018,0.040505,3e-06,0.011358,4.363326,0.019775,-4.353466,72.305222,0.976303,1.057164,88.470978,88.895187,1.429868,15360.0,1.097095,87.227577,86.746887,1.765034,1008.0,14996.019531,1024.0,1024.0,192.473907,499400,64.0,1999.3
604200,37450,12957.511,32.533001,21.576349,0.647208,0.02044,8.229624,8.229624,8.229624,8.229624,0.035729,3e-06,0.017386,4.359036,0.016653,-4.374485,71.933136,0.976309,0.933092,96.727684,97.139,1.197938,15360.0,0.953132,95.432312,95.509338,1.594297,1008.0,14996.102539,1024.0,1024.0,161.901367,499200,64.0,1999.3
605000,37500,12971.26,31.361307,19.948048,0.674895,0.02044,8.450004,8.450004,8.450004,8.450004,0.0339,3e-06,-0.020326,3.311128,0.023093,-3.320077,71.097458,0.976315,1.10504,86.568932,86.126495,1.641827,15360.0,1.127348,85.689201,84.406212,2.083382,1008.0,14996.203125,1024.0,1024.0,157.938812,500000,64.0,1999.3
605800,37550,12985.01,35.530785,23.322964,0.660804,0.02044,8.666956,8.666956,8.666887,8.666887,0.031659,4e-06,0.059896,3.098603,0.035086,-3.080047,69.237366,0.976309,1.484341,96.628517,98.138962,2.429276,15360.0,1.495633,93.676956,95.793777,3.330682,1008.0,14996.102539,1024.0,1024.0,163.751724,499800,64.0,1999.3
606600,37600,12998.835,41.815998,28.250559,0.669524,0.02044,10.203089,10.203089,10.203089,10.203089,0.033474,3e-06,0.023492,3.252366,0.020242,-3.259169,67.947037,0.976301,1.1901,84.496651,85.159958,1.375366,15360.0,1.461611,83.140915,83.826332,2.658677,1008.0,14995.988281,1024.0,1024.0,152.432037,499600,64.0,1999.3
607400,37650,13012.549,40.372719,28.185112,0.615183,0.02044,8.902965,8.902965,8.902965,8.902965,0.028041,4e-06,0.042724,2.980933,0.029815,-3.003982,67.241425,0.976293,1.252202,93.478645,94.663544,2.004826,15360.0,1.545985,91.318367,91.691048,3.424978,1008.0,14995.865234,1024.0,1024.0,203.82843,499400,64.0,1999.3
608200,37700,13026.357,38.907749,26.398788,0.761891,0.02044,9.1599,9.1599,9.1599,9.1599,0.055805,4e-06,0.045779,3.457669,0.026655,-3.448195,66.161507,0.976333,1.174927,109.022171,110.317566,1.763539,15360.0,1.433446,106.955673,106.805099,3.336495,1008.0,14996.466797,1024.0,1024.0,169.446518,499200,64.0,1999.3
609000,37750,13040.059,35.983276,24.036087,0.718218,0.02044,8.759249,8.759249,8.759249,8.759249,0.049349,3e-06,-0.003212,3.797667,0.01994,-3.803214,66.479477,0.97632,1.162851,95.542358,95.613419,1.325591,15360.0,1.379063,94.843361,95.907303,2.436417,1008.0,14996.273438,1024.0,1024.0,134.356445,500000,64.0,1999.3
609800,37800,13053.782,40.814693,28.444561,0.720766,0.02044,9.183403,9.183403,9.183403,9.183403,0.048637,4e-06,0.00077,4.063708,0.021209,-4.064284,67.316803,0.976311,1.146964,108.380043,108.341354,1.42774,15360.0,1.264826,106.868462,107.148033,2.369015,1008.0,14996.128906,1024.0,1024.0,206.805984,499800,64.0,1999.3
610600,37850,13067.521,34.3792,22.225645,0.649923,0.02044,8.99228,8.99228,8.99228,8.99228,0.03073,3e-06,-0.022233,3.194192,0.02086,-3.181698,67.770203,0.97631,1.192538,82.57827,82.084801,1.413685,15360.0,1.404589,81.361771,80.901665,2.148407,1008.0,14996.12793,1024.0,1024.0,179.147202,499600,64.0,1999.3
611400,37900,13081.316,40.406223,27.253555,0.652928,0.02044,9.87258,9.87258,9.87258,9.87258,0.034643,3e-06,0.007457,3.665097,0.030524,-3.638074,68.294067,0.976308,1.223415,91.150932,91.445648,2.084615,15360.0,1.295297,89.514359,88.797501,2.34971,1008.0,14996.088867,1024.0,1024.0,250.565033,499400,64.0,1999.3
612200,37950,13095.063,34.084785,22.900925,0.679148,0.02044,7.886766,7.886766,7.885995,7.885995,0.032455,3e-06,0.040811,3.471973,0.033764,-3.468637,68.784607,0.976305,1.336699,87.975883,89.023277,2.322455,15360.0,1.43773,85.981491,86.478844,2.746629,1008.0,14996.050781,1024.0,1024.0,199.197098,499200,64.0,1999.3
613000,38000,13108.878,46.701508,32.997147,0.687312,0.02044,10.443714,10.443714,10.443714,10.443714,0.04166,4e-06,0.006797,4.161044,0.024165,-4.167863,69.300179,0.976303,1.059213,110.729805,110.934807,1.674619,15360.0,1.475047,109.148872,108.566681,4.062716,1008.0,14996.017578,1024.0,1024.0,200.000229,500000,64.0,1999.3
613800,38050,13122.514,40.830376,27.653103,0.642694,0.02044,9.92461,9.92461,9.92461,9.92461,0.029479,3e-06,-0.008106,3.362598,0.04019,-3.376279,69.970367,0.976314,1.181825,84.715347,84.526863,2.812126,15360.0,1.411163,83.019508,81.164398,3.753318,1008.0,14996.189453,1024.0,1024.0,193.40802,499800,64.0,1999.3
614600,38100,13136.368,41.22554,28.729588,0.702597,0.02044,9.460088,9.460088,9.460088,9.460088,0.040657,4e-06,-0.005205,4.307628,0.024735,-4.321944,70.509903,0.976305,1.018433,93.118782,92.971649,1.744055,15360.0,1.17863,92.627266,92.186691,2.529899,1008.0,14996.048828,1024.0,1024.0,179.18808,499600,64.0,1999.3
615400,38150,13150.1,39.59824,26.836826,0.678157,0.02044,9.603347,9.603347,9.603347,9.603347,0.038184,3e-06,0.034015,4.066324,0.026371,-4.075365,71.103561,0.976304,1.087807,102.669159,103.614342,1.875086,15360.0,1.257708,100.982475,101.960358,2.562203,1008.0,14996.033203,1024.0,1024.0,164.481186,499400,64.0,1999.3
616200,38200,13163.9,28.60549,18.216185,0.632073,0.02044,7.590013,7.590013,7.58996,7.58996,0.025824,3e-06,0.002343,2.754771,0.028906,-2.77474,71.19706,0.976312,1.075734,84.846359,85.108849,2.058037,15360.0,1.032339,83.68486,83.282021,1.586746,1008.0,14996.154297,1024.0,1024.0,154.473633,499200,64.0,1999.3
617000,38250,13177.6,38.074173,26.726765,0.61852,0.02044,8.378697,8.378697,8.378697,8.378697,0.028024,4e-06,0.012547,3.434344,0.026886,-3.436833,71.916367,0.976303,1.102287,107.002007,107.58313,1.933531,15360.0,1.256815,105.145073,104.528526,2.689855,1008.0,14996.019531,1024.0,1024.0,154.883286,500000,64.0,1999.3
617800,38300,13191.323,40.816528,28.106178,0.644061,0.02044,9.607102,9.607102,9.607102,9.607102,0.030228,7e-06,-0.006827,3.9339,0.026333,-3.945017,72.478806,0.976346,1.081853,98.668068,98.497139,1.908551,15360.0,1.343365,97.9216,97.21299,3.154562,1008.0,14996.675781,1024.0,1024.0,203.371521,499800,64.0,1999.3
618600,38350,13205.174,34.804668,22.598946,0.674007,0.02044,9.213224,9.213224,9.213224,9.213224,0.033832,3e-06,-0.01359,4.179828,0.021496,-4.171175,73.210831,0.976304,1.036898,92.719109,92.458099,1.57373,15360.0,1.178072,91.702835,90.572807,2.404896,1008.0,14996.022461,1024.0,1024.0,179.258148,499600,64.0,1999.3
619400,38400,13218.905,30.48218,19.794666,0.70443,0.02044,7.826144,7.826144,7.826031,7.826031,0.034843,3e-06,0.022323,4.339345,0.02526,-4.34477,73.540405,0.976306,1.003089,83.028214,83.614799,1.857599,15360.0,1.094913,81.814857,82.554024,2.603845,1008.0,14996.058594,1024.0,1024.0,216.030273,499400,64.0,1999.3
620200,38450,13232.716,29.706192,19.780987,0.63437,0.02044,7.335559,7.335559,7.335559,7.335559,0.030774,3e-06,0.015274,4.371595,0.020445,-4.381518,72.86145,0.976316,0.919522,93.711113,93.909363,1.48968,15360.0,0.888286,93.547623,93.678528,1.666881,1008.0,14996.212891,1024.0,1024.0,168.849915,499200,64.0,1999.3
621000,38500,13246.443,36.614792,24.835909,0.622024,0.02044,8.746558,8.746558,8.746558,8.746558,0.027597,4e-06,0.013898,3.450696,0.029903,-3.44538,72.17659,0.976322,1.145168,97.731697,97.948166,2.158276,15360.0,1.187123,96.157265,95.092308,2.361985,1008.0,14996.30957,1024.0,1024.0,168.24057,500000,64.0,1999.3
621800,38550,13260.162,31.936882,20.19035,0.676687,0.02044,8.373852,8.373852,8.373852,8.373852,0.034486,3e-06,0.058754,3.277012,0.03952,-3.27433,71.131813,0.976306,1.386129,87.931534,90.019859,2.811135,15360.0,1.310943,85.8806,86.947746,2.370018,1008.0,14996.056641,1024.0,1024.0,137.492081,499800,64.0,1999.3
622600,38600,13273.959,33.988945,22.404211,0.646176,0.02044,8.430637,8.430637,8.430637,8.430637,0.03114,3e-06,0.023529,2.997754,0.029322,-3.003071,68.684464,0.97631,1.22289,104.473656,105.705505,2.013943,15360.0,1.326667,102.421532,103.130569,2.269884,1008.0,14996.119141,1024.0,1024.0,161.044983,499600,64.0,1999.3
623400,38650,13287.688,36.895245,25.096554,0.707481,0.02044,8.548166,8.548166,8.548166,8.548166,0.044294,3e-06,0.028599,3.048325,0.034268,-3.022639,67.121155,0.976306,1.209562,103.345604,104.803749,2.300125,15360.0,1.432088,100.989914,103.756454,3.60654,1008.0,14996.060547,1024.0,1024.0,218.436783,499400,64.0,1999.3
624200,38700,13301.521,41.247173,28.005596,0.685202,0.02044,9.888144,9.888144,9.888144,9.888144,0.03948,3e-06,0.022787,3.105656,0.04281,-3.102887,65.182014,0.976308,1.206454,102.920967,104.440002,2.790454,15360.0,1.432451,100.991592,101.455635,4.240362,1008.0,14996.095703,1024.0,1024.0,181.494202,499200,64.0,1999.3
625000,38750,13315.275,40.20966,27.786663,0.679342,0.02044,9.449977,9.449977,9.449977,9.449977,0.040328,4e-06,0.026026,3.565681,0.021879,-3.60257,63.405602,0.976307,0.967154,110.445267,110.896889,1.387259,15360.0,1.116872,109.069595,108.967201,2.400004,1008.0,14996.082031,1024.0,1024.0,193.999939,500000,64.0,1999.3
625800,38800,13355.51,39.613327,26.988075,0.744736,0.02044,9.579653,9.579653,9.579653,9.579653,0.051492,3e-06,0.004279,3.813129,0.020801,-3.821519,62.329712,0.976311,0.964531,116.022789,116.166565,1.29652,15360.0,1.178812,114.540771,115.187027,2.345315,1008.0,14996.139648,1024.0,1024.0,177.777344,499800,64.0,1999.3
626600,38850,13369.331,36.785389,24.351009,0.659869,0.02044,9.329643,9.329643,9.329643,9.329643,0.034517,4e-06,0.025487,2.836112,0.025661,-2.845448,61.245895,0.976321,1.091583,103.522392,104.365807,1.571646,15360.0,1.247982,101.024796,100.603989,2.031844,1008.0,14996.283203,1024.0,1024.0,144.476746,499600,64.0,1999.3
627400,38900,13383.149,35.873672,24.070663,0.599777,0.02044,8.821196,8.821196,8.821196,8.821196,0.026808,3e-06,0.014187,3.014468,0.027857,-3.012747,60.646141,0.976312,1.081354,104.286362,104.722229,1.689393,15360.0,1.27978,102.03653,100.596115,2.486847,1008.0,14996.146484,1024.0,1024.0,142.338028,499400,64.0,1999.3
628200,38950,13396.862,36.594864,24.295422,0.673299,0.02044,9.162809,9.162809,9.162809,9.162809,0.034885,3e-06,0.009102,2.236132,0.032066,-2.243726,60.565704,0.976308,1.130709,91.218269,92.138657,1.942116,15360.0,1.289333,89.185814,89.824799,2.354235,1008.0,14996.087891,1024.0,1024.0,205.056107,499200,64.0,1999.3
629000,39000,13410.649,38.796478,26.988037,0.64288,0.02044,8.971451,8.971451,8.971451,8.971451,0.029798,3e-06,0.014403,3.60407,0.018075,-3.646561,60.343559,0.976296,0.933125,107.294502,107.568069,1.090715,15360.0,1.096646,105.769012,105.609535,1.805417,1008.0,14995.902344,1024.0,1024.0,203.249237,500000,64.0,1999.3
629800,39050,13424.282,31.584841,20.321037,0.660336,0.02044,8.374496,8.374496,8.374496,8.374496,0.029023,3e-06,-0.005989,2.693842,0.022192,-2.696636,60.71109,0.976316,1.029273,96.522186,96.211342,1.347278,15360.0,1.159324,95.234627,94.557686,1.813822,1008.0,14996.216797,1024.0,1024.0,174.589081,499800,64.0,1999.3
630600,39100,13438.1,34.385033,22.407833,0.703687,0.02044,9.066145,9.066145,9.066145,9.066145,0.040609,3e-06,0.004586,3.036985,0.021067,-3.035056,60.881424,0.976313,0.962336,93.679741,93.635094,1.282571,15360.0,1.044629,92.418144,92.133003,1.712314,1008.0,14996.161133,1024.0,1024.0,181.369781,499600,64.0,1999.3
631400,39150,13451.87,35.044003,23.535618,0.765941,0.02044,8.431288,8.431288,8.431288,8.431288,0.050538,3e-06,-0.006495,3.146407,0.032207,-3.168025,60.894653,0.976307,1.062162,100.371246,100.175148,1.961241,15360.0,1.306391,99.583794,98.279396,3.307577,1008.0,14996.074219,1024.0,1024.0,200.189301,499400,64.0,1999.3
632200,39200,13465.675,42.523987,30.045918,0.679817,0.02044,9.620718,9.620718,9.620718,9.620718,0.037658,4e-06,0.013718,4.377563,0.019451,-4.352583,61.014053,0.976303,0.887185,107.464653,107.635666,1.186766,15360.0,0.980397,106.991684,107.266235,2.01321,1008.0,14996.011719,1024.0,1024.0,217.135315,499200,64.0,1999.3
633000,39250,13479.409,36.632492,24.97068,0.634803,0.02044,8.785625,8.785625,8.785625,8.785625,0.033265,3e-06,0.019734,3.780986,0.021042,-3.786083,60.968872,0.976302,0.972134,107.470596,107.650009,1.282916,15360.0,1.168364,105.951485,105.826485,2.34297,1008.0,14995.998047,1024.0,1024.0,150.730499,500000,64.0,1999.3
633800,39300,13493.143,40.76646,28.108158,0.674573,0.02044,9.58702,9.58702,9.58702,9.58702,0.03421,3e-06,0.014959,3.211199,0.032082,-3.212467,61.0858,0.976309,1.023462,99.329323,99.956474,1.959764,15360.0,1.263823,97.360771,97.840767,3.00298,1008.0,14996.103516,1024.0,1024.0,207.559769,499800,64.0,1999.3
634600,39350,13506.878,40.504189,28.4021,0.69044,0.02044,9.121922,9.121922,9.121922,9.121922,0.044121,3e-06,0.019054,3.551229,0.026211,-3.55493,61.105469,0.976298,0.986171,98.08493,98.383423,1.601636,15360.0,1.172891,96.797829,97.121536,2.904107,1008.0,14995.941406,1024.0,1024.0,188.290115,499600,64.0,1999.3
635400,39400,13520.678,37.629864,25.409523,0.673203,0.02044,9.310067,9.310067,9.310067,9.310067,0.03467,3e-06,0.021953,4.132075,0.021095,-4.141101,61.15995,0.976298,0.946824,100.86879,101.35321,1.290144,15360.0,1.056156,99.688499,99.959007,1.81087,1008.0,14995.939453,1024.0,1024.0,154.344528,499400,64.0,1999.3
636200,39450,13534.377,39.607109,26.576584,0.705988,0.02044,9.950987,9.950987,9.950987,9.950987,0.038253,3e-06,0.005917,3.340424,0.024245,-3.363633,61.339828,0.976303,0.984855,87.949905,87.947823,1.48717,15360.0,1.224142,86.733635,85.473839,2.520185,1008.0,14996.017578,1024.0,1024.0,179.138458,499200,64.0,1999.3
637000,39500,13548.171,39.156567,26.412052,0.642771,0.02044,9.726887,9.726887,9.726887,9.726887,0.029472,3e-06,0.043759,3.835058,0.024712,-3.838984,61.424385,0.976317,0.993303,103.798279,104.588287,1.517922,15360.0,1.14887,101.789803,101.687675,1.942425,1008.0,14996.227539,1024.0,1024.0,210.308365,500000,64.0,1999.3
637800,39550,13561.806,38.232647,25.97393,0.716663,0.02044,9.353365,9.353365,9.353365,9.353365,0.038934,3e-06,0.013362,4.217681,0.017012,-4.248007,61.463539,0.976311,0.895534,103.208389,103.393204,1.045613,15360.0,1.080043,101.7341,100.81015,1.977862,1008.0,14996.130859,1024.0,1024.0,214.199402,499800,64.0,1999.3
638600,39600,13575.621,37.500072,25.448597,0.700936,0.02044,9.10841,9.10841,9.10841,9.10841,0.043616,3e-06,0.020062,3.814523,0.022528,-3.801828,61.630424,0.976304,0.933073,97.359055,97.85881,1.388437,15360.0,1.19238,95.969688,96.670715,2.551458,1008.0,14996.021484,1024.0,1024.0,284.473785,499600,64.0,1999.3
639400,39650,13589.362,32.997028,22.339603,0.63356,0.02044,7.996133,7.996133,7.996133,7.996133,0.0302,3e-06,0.027745,4.036241,0.01675,-4.043518,61.60955,0.976313,0.876417,103.534317,104.034058,1.031979,15360.0,1.011705,102.121918,101.698288,1.485452,1008.0,14996.171875,1024.0,1024.0,167.034012,499400,64.0,1999.3
640200,39700,13603.146,46.804867,33.385292,0.691242,0.02044,10.451139,10.451139,10.451139,10.451139,0.04866,4e-06,0.017317,4.489423,0.020137,-4.50196,61.909157,0.976316,0.863228,110.444016,110.611214,1.246683,15360.0,1.103666,109.209793,108.368546,2.725178,1008.0,14996.212891,1024.0,1024.0,214.055084,499200,64.0,1999.3
641000,39750,13616.875,35.573742,23.481798,0.703172,0.02044,9.163875,9.163875,9.163875,9.163875,0.046488,3e-06,0.009971,3.963806,0.021524,-3.974487,62.238159,0.976319,0.941659,97.696991,97.960136,1.339637,15360.0,1.121472,96.079933,96.35257,2.516995,1008.0,14996.263672,1024.0,1024.0,184.143204,500000,64.0,1999.3
641800,39800,13630.602,37.816929,25.774027,0.686374,0.02044,9.219522,9.219522,9.219522,9.219522,0.037246,3e-06,0.001791,4.2122,0.020417,-4.190618,62.49086,0.976315,0.864432,103.8993,103.883453,1.275845,15360.0,1.094641,102.693626,101.361992,2.251029,1008.0,14996.203125,1024.0,1024.0,190.921143,499800,64.0,1999.3
642600,39850,13644.327,33.879555,22.812731,0.652578,0.02044,8.543615,8.543615,8.543615,8.543615,0.036161,5e-06,-0.001101,4.532855,0.015827,-4.531687,62.933548,0.976283,0.742276,103.764908,103.727119,0.996023,15360.0,0.848846,103.159126,102.939003,1.750576,1008.0,14995.708984,1024.0,1024.0,153.356949,499600,64.0,1999.3
643400,39900,13658.114,38.465027,25.696583,0.778562,0.02044,9.928326,9.928326,9.928326,9.928326,0.04766,3e-06,0.023139,4.682339,0.016897,-4.702388,63.099693,0.976312,0.769517,103.22419,103.556076,1.066206,15360.0,0.852084,102.051567,101.815041,1.563599,1008.0,14996.148438,1024.0,1024.0,174.756119,499400,64.0,1999.3
644200,39950,13671.833,33.504929,22.295725,0.678179,0.02044,8.668827,8.668827,8.668827,8.668827,0.034508,3e-06,0.004264,4.262703,0.013642,-4.247893,63.178467,0.97631,0.719894,99.487877,99.572609,0.861905,15360.0,0.835709,98.602615,97.882912,1.730089,1008.0,14996.125,1024.0,1024.0,178.581528,499200,64.0,1999.3
645000,40000,13685.673,36.121006,24.240952,0.667405,0.02044,9.186474,9.186474,9.186474,9.186474,0.03638,3e-06,0.013707,4.57424,0.017783,-4.552514,63.527008,0.976309,0.770352,106.067024,106.249405,1.129705,15360.0,1.01009,105.089165,103.83638,2.701211,1008.0,14996.103516,1024.0,1024.0,203.856323,500000,64.0,1999.3
645800,40050,13699.302,40.160484,27.4566,0.741214,0.02044,9.88259,9.88259,9.88259,9.88259,0.046094,3e-06,0.009186,4.873182,0.01488,-4.897375,63.842743,0.976305,0.748678,106.371063,106.451469,0.949955,15360.0,1.045056,105.166237,103.587708,2.250954,1008.0,14996.050781,1024.0,1024.0,184.511765,499800,64.0,1999.3
646600,40100,13713.101,35.245094,24.694223,0.676192,0.02044,8.090272,8.090272,8.090272,8.090272,0.045852,3e-06,0.014064,5.067339,0.013774,-5.058232,64.332359,0.976292,0.651193,106.692093,106.95507,0.886137,15360.0,0.965598,105.943672,105.629303,2.181086,1008.0,14995.849609,1024.0,1024.0,216.600525,499600,64.0,1999.3
647400,40150,13726.782,35.694912,24.01778,0.6714,0.02044,9.065336,9.065336,9.065336,9.065336,0.035049,3e-06,-0.005673,4.791287,0.0143,-4.815874,64.853333,0.976318,0.737453,95.073944,95.029152,0.927382,15360.0,0.93881,94.196526,93.320564,1.835155,1008.0,14996.246094,1024.0,1024.0,176.466751,499400,64.0,1999.3
648200,40200,13740.594,40.172783,27.463985,0.734143,0.02044,9.941047,9.941047,9.941047,9.941047,0.050323,3e-06,0.004349,5.257319,0.014014,-5.265506,65.100777,0.976312,0.737254,106.006233,106.079887,0.912311,15360.0,0.924859,104.886429,104.314117,1.658993,1008.0,14996.144531,1024.0,1024.0,185.159836,499200,64.0,1999.3
649000,40250,13754.413,35.837715,24.514374,0.657135,0.02044,8.824848,8.824848,8.824848,8.824848,0.032036,3e-06,0.011642,5.358377,0.012672,-5.358225,65.469604,0.976316,0.667929,117.658691,117.795731,0.829645,15360.0,0.86287,116.972939,116.687775,1.698065,1008.0,14996.214844,1024.0,1024.0,179.024033,500000,64.0,1999.3
649800,40300,13768.051,37.710972,26.689949,0.747181,0.02044,8.274944,8.274944,8.274944,8.274944,0.046919,3e-06,-0.01037,5.196593,0.022035,-5.177054,65.825974,0.976306,0.801592,109.298264,109.176788,1.450506,15360.0,1.199139,108.704582,107.17794,3.463902,1008.0,14996.056641,1024.0,1024.0,235.422577,499800,64.0,1999.3
650600,40350,13808.244,36.588718,25.36478,0.647259,0.02044,8.50586,8.50586,8.50586,8.50586,0.027873,3e-06,-0.008429,5.292773,0.022218,-5.276232,66.136902,0.976306,0.891704,96.46347,96.465607,1.469445,15360.0,1.055057,94.91983,94.848709,1.955807,1008.0,14996.05957,1024.0,1024.0,161.575729,499600,64.0,1999.3
651400,40400,13822.008,35.363403,23.943619,0.726657,0.02044,8.769414,8.769414,8.769414,8.769414,0.046704,3e-06,0.005336,5.723923,0.012423,-5.716042,66.46624,0.976308,0.736302,110.00798,110.093155,0.825721,15360.0,0.948966,109.508453,110.153687,1.853377,1008.0,14996.089844,1024.0,1024.0,167.122147,499400,64.0,1999.3
652200,40450,13835.794,50.371986,35.725403,0.77512,0.02044,11.551875,11.551875,11.551875,11.551875,0.049647,3e-06,-0.01097,5.62338,0.019884,-5.627066,66.861809,0.976303,0.849325,111.990738,111.883728,1.329462,15360.0,1.018687,111.413345,111.157219,2.062286,1008.0,14996.019531,1024.0,1024.0,219.002441,499200,64.0,1999.3
653000,40500,13849.496,39.448761,27.142075,0.656019,0.02044,9.257033,9.257033,9.257033,9.257033,0.03457,3e-06,0.010505,5.26344,0.023667,-5.260228,67.159874,0.976305,1.021621,94.185394,94.419571,1.589481,15360.0,1.384536,92.827766,93.463959,2.577013,1008.0,14996.051758,1024.0,1024.0,237.13298,500000,64.0,1999.3
653800,40550,13863.195,37.157398,25.317776,0.70073,0.02044,9.057612,9.057612,9.057612,9.057612,0.04944,3e-06,0.013157,5.493787,0.013745,-5.502478,67.557404,0.976308,0.825425,109.661118,109.887177,0.928578,15360.0,1.054989,108.583839,108.413094,2.012764,1008.0,14996.09375,1024.0,1024.0,190.426682,499800,64.0,1999.3
654600,40600,13876.929,35.566895,23.558422,0.696776,0.02044,9.085358,9.085358,9.085358,9.085358,0.03848,3e-06,0.022099,5.415448,0.013998,-5.429842,68.065491,0.976307,0.940455,101.328453,101.648964,0.95281,15360.0,1.11603,99.929665,99.461349,1.540932,1008.0,14996.074219,1024.0,1024.0,195.826691,499600,64.0,1999.3
655400,40650,13890.719,39.723637,27.345371,0.712975,0.02044,9.340256,9.340256,9.340256,9.340256,0.044522,3e-06,-0.017625,5.476502,0.014843,-5.475381,68.547913,0.976319,1.017927,93.475655,93.270973,1.017441,15360.0,1.234215,92.971977,91.808952,2.288058,1008.0,14996.262695,1024.0,1024.0,191.079895,499400,64.0,1999.3
656200,40700,13904.514,35.052757,23.099236,0.725982,0.02044,8.964746,8.964746,8.964746,8.964746,0.041067,3e-06,0.001673,5.629069,0.012157,-5.629531,69.026665,0.976304,0.993491,96.848701,96.956108,0.839161,15360.0,1.169058,95.890457,94.812378,1.867812,1008.0,14996.021484,1024.0,1024.0,144.388763,499200,64.0,1999.3
657000,40750,13918.203,38.418156,25.950737,0.66781,0.02044,9.321289,9.321289,9.321289,9.321289,0.032482,3e-06,0.009375,5.899941,0.01762,-5.892624,69.413559,0.976319,1.093188,93.255798,93.477951,1.223078,15360.0,1.410619,92.076599,92.478584,2.680438,1008.0,14996.253906,1024.0,1024.0,186.976898,500000,64.0,1999.3
657800,40800,13931.9,32.892052,21.70487,0.647076,0.02044,8.292028,8.292028,8.292028,8.292028,0.029205,3e-06,-0.027487,5.873369,0.012944,-5.863063,69.784798,0.97632,1.069365,92.48275,92.146439,0.9033,15360.0,1.188524,91.596077,90.852501,1.490687,1008.0,14996.275391,1024.0,1024.0,172.051041,499800,64.0,1999.3
658600,40850,13945.613,32.591469,20.899017,0.655932,0.02044,8.654791,8.654791,8.654791,8.654791,0.032087,3e-06,-0.004414,6.022659,0.012122,-6.037691,70.237953,0.97631,1.125551,84.241425,84.224022,0.851416,15360.0,1.248911,83.161186,82.89595,1.394763,1008.0,14996.123047,1024.0,1024.0,149.455307,499600,64.0,1999.3
659400,40900,13959.41,38.157528,26.07024,0.711231,0.02044,8.945984,8.945984,8.945984,8.945984,0.035262,3e-06,-0.021866,5.686886,0.020576,-5.680951,70.379654,0.976309,1.145958,86.875786,86.348183,1.44812,15360.0,1.303142,85.97097,85.762436,1.952689,1008.0,14996.103516,1024.0,1024.0,180.52565,499400,64.0,1999.3
660200,40950,13973.128,31.855391,20.567526,0.649298,0.02044,8.471289,8.471289,8.471289,8.471289,0.032372,3e-06,-0.016929,5.967425,0.010621,-5.932467,70.51638,0.976311,0.991067,92.389542,92.223511,0.748973,15360.0,1.085232,91.713722,91.399368,1.095313,1008.0,14996.132812,1024.0,1024.0,161.334122,499200,64.0,1999.3
661000,41000,13986.958,35.984291,24.08107,0.655085,0.02044,8.990291,8.990291,8.990291,8.990291,0.03743,3e-06,0.002635,6.07768,0.013424,-6.057137,70.910858,0.976308,0.990845,92.586594,92.656731,0.951891,15360.0,1.149648,91.751945,91.276787,1.573759,1008.0,14996.089844,1024.0,1024.0,159.274841,500000,64.0,1999.3
661800,41050,14000.599,34.316055,22.348728,0.707226,0.02044,9.044899,9.044899,9.044899,9.044899,0.040107,3e-06,-0.009876,5.724859,0.012271,-5.73781,71.173523,0.976301,0.95529,96.144928,96.059616,0.873356,15360.0,1.149516,95.012009,94.453171,1.514131,1008.0,14995.976562,1024.0,1024.0,146.118088,499800,64.0,1999.3
662600,41100,14014.378,38.516117,26.328985,0.759498,0.02044,9.045313,9.045313,9.045313,9.045313,0.050204,3e-06,-0.000115,5.611915,0.01959,-5.578219,71.678871,0.97632,1.044976,93.264297,93.322945,1.404195,15360.0,1.374973,92.466583,91.377426,3.302989,1008.0,14996.275391,1024.0,1024.0,235.678986,499600,64.0,1999.3
663400,41150,14028.074,35.634731,23.9701,0.693225,0.02044,8.767674,8.767674,8.767674,8.767674,0.038658,3e-06,0.019011,5.871104,0.014515,-5.866975,71.893188,0.976313,0.947369,96.360878,96.631386,1.043522,15360.0,1.133814,95.244133,95.48204,1.979648,1008.0,14996.166016,1024.0,1024.0,202.681427,499400,64.0,1999.3
664200,41200,14041.87,35.39864,23.547401,0.692155,0.02044,8.982543,8.982543,8.982543,8.982543,0.040433,3e-06,-0.008956,5.592741,0.015076,-5.595043,72.268639,0.976311,0.927674,93.318802,93.243721,1.089519,15360.0,1.130418,92.299904,92.817711,2.494108,1008.0,14996.132812,1024.0,1024.0,172.073578,499200,64.0,1999.3
665000,41250,14055.604,37.625717,25.345268,0.651177,0.02044,9.261957,9.261957,9.261957,9.261957,0.030911,3e-06,-0.020981,5.827548,0.021551,-5.822686,72.703667,0.976312,1.094642,76.871498,76.38414,1.566825,15360.0,1.156723,75.958687,74.514404,2.074633,1008.0,14996.15625,1024.0,1024.0,191.216217,500000,64.0,1999.3
665800,41300,14069.341,35.824535,23.879808,0.686883,0.02044,9.147652,9.147652,9.147652,9.147652,0.035231,3e-06,-0.002908,6.142471,0.011222,-6.148179,73.008957,0.976297,0.90634,92.115776,92.148468,0.819333,15360.0,0.905187,91.530991,91.276405,1.199999,1008.0,14995.925781,1024.0,1024.0,208.350418,499800,64.0,1999.3
666600,41350,14083.076,36.14613,24.801723,0.721381,0.02044,8.431387,8.431387,8.431387,8.431387,0.044083,3e-06,0.022326,5.629006,0.01621,-5.65841,73.21608,0.9763,0.962091,95.702446,96.069145,1.186806,15360.0,1.145471,94.405724,94.113281,2.089294,1008.0,14995.966797,1024.0,1024.0,182.513092,499600,64.0,1999.3
667400,41400,14096.92,37.759319,25.465559,0.687093,0.02044,9.385951,9.385951,9.385951,9.385951,0.039429,3e-06,0.009716,5.484133,0.015394,-5.499447,73.151154,0.976309,0.934805,93.648277,93.899353,1.126096,15360.0,1.057194,92.795296,91.755035,2.26769,1008.0,14996.111328,1024.0,1024.0,195.217484,499400,64.0,1999.3
668200,41450,14110.756,43.05806,30.098089,0.67911,0.02044,9.93372,9.93372,9.93372,9.93372,0.034001,3e-06,0.01021,5.297573,0.018355,-5.306086,73.236877,0.976303,0.935481,100.15023,100.36097,1.344246,15360.0,1.292131,99.009132,97.262466,2.907535,1008.0,14996.005859,1024.0,1024.0,167.596664,499200,64.0,1999.3
669000,41500,14124.46,41.016705,28.563749,0.674073,0.02044,9.698399,9.698399,9.698399,9.698399,0.039889,3e-06,0.019618,5.487973,0.01472,-5.496706,73.218269,0.976304,0.762748,113.352058,113.679077,1.07776,15360.0,1.026111,112.013847,111.503105,2.048028,1008.0,14996.033203,1024.0,1024.0,161.46344,500000,64.0,1999.3
669800,41550,14138.155,38.604301,26.26226,0.681493,0.02044,9.40275,9.40275,9.40275,9.40275,0.039757,3e-06,0.024551,5.420255,0.020074,-5.40208,73.112915,0.976312,0.936777,104.765442,105.185257,1.467681,15360.0,1.119196,103.037392,103.521782,1.805906,1008.0,14996.15625,1024.0,1024.0,168.576981,499800,64.0,1999.3
670600,41600,14151.957,39.877625,27.074934,0.663345,0.02044,9.711311,9.711311,9.711311,9.711311,0.037277,3e-06,0.032822,5.313799,0.021708,-5.308079,72.823502,0.976316,1.048817,94.680748,95.191536,1.580888,15360.0,1.182751,93.960373,93.153687,2.385935,1008.0,14996.219727,1024.0,1024.0,148.518478,499600,64.0,1999.3
671400,41650,14165.669,32.124088,21.030533,0.66475,0.02044,8.291252,8.291252,8.291252,8.291252,0.036186,3e-06,0.024055,5.196242,0.013137,-5.234986,72.589813,0.976307,0.941299,99.084816,99.502678,0.953623,15360.0,1.075443,98.083801,98.485352,1.677551,1008.0,14996.076172,1024.0,1024.0,159.689621,499400,64.0,1999.3
672200,41700,14179.384,43.012917,29.416704,0.654824,0.02044,10.546696,10.546696,10.546696,10.546696,0.03645,3e-06,0.041363,5.140644,0.021483,-5.145632,72.444069,0.976302,0.92894,106.592827,107.294342,1.556308,15360.0,1.164265,104.684654,103.967651,2.433724,1008.0,14996.001953,1024.0,1024.0,238.05217,499200,64.0,1999.3
673000,41750,14193.208,37.528915,25.942556,0.683258,0.02044,8.781604,8.781604,8.781604,8.781604,0.032973,3e-06,0.03262,4.942163,0.017443,-4.958834,72.369041,0.976309,0.848286,106.90773,107.474487,1.262359,15360.0,1.139967,105.05191,105.391266,2.385031,1008.0,14996.101562,1024.0,1024.0,155.918869,500000,64.0,1999.3
673800,41800,14206.836,40.320705,27.39892,0.699541,0.02044,9.94482,9.94482,9.94482,9.94482,0.03853,3e-06,0.021009,4.886008,0.019681,-4.898185,71.967072,0.976304,0.902403,106.647644,107.084381,1.416356,15360.0,1.130297,104.988663,104.10849,2.007869,1008.0,14996.03125,1024.0,1024.0,169.608551,499800,64.0,1999.3
674600,41850,14220.662,38.715237,26.445303,0.666441,0.02044,9.246872,9.246872,9.246872,9.246872,0.033507,3e-06,0.02957,4.697241,0.03132,-4.701293,71.416702,0.9763,1.023241,106.600655,106.875771,2.236803,15360.0,1.1956,105.128273,104.937599,2.9635,1008.0,14995.967773,1024.0,1024.0,198.483856,499600,64.0,1999.3
675400,41900,14261.029,38.892796,26.528542,0.726636,0.02044,9.475368,9.475368,9.475368,9.475368,0.048803,3e-06,0.017278,4.274376,0.018403,-4.248007,70.659836,0.976305,0.831214,100.79792,101.16613,1.300351,15360.0,1.152616,99.486794,98.614555,2.739078,1008.0,14996.049805,1024.0,1024.0,135.085007,499400,64.0,1999.3
676200,41950,14274.785,40.939404,28.674747,0.757225,0.02044,9.357248,9.357248,9.357248,9.357248,0.04955,3e-06,0.014143,4.547186,0.02216,-4.561603,69.899437,0.976314,0.855872,101.143135,101.559654,1.548976,15360.0,1.08,99.992577,100.859657,2.441558,1008.0,14996.1875,1024.0,1024.0,145.680618,499200,64.0,1999.3
677000,42000,14288.609,42.212204,29.360334,0.745215,0.02044,9.802587,9.802587,9.802587,9.802587,0.051435,3e-06,0.040828,4.538977,0.02528,-4.528403,69.452698,0.9763,0.855772,103.300087,104.085785,1.755787,15360.0,1.355897,101.898148,103.553162,4.223079,1008.0,14995.96875,1024.0,1024.0,185.074615,500000,64.0,1999.3
677800,42050,14302.232,39.568714,27.149902,0.688134,0.02044,9.752027,9.752027,9.752027,9.752027,0.040698,3e-06,0.008683,4.514012,0.017663,-4.544792,68.989388,0.976314,0.67743,111.674454,111.788338,1.218536,15360.0,0.989638,110.444206,109.937935,2.571396,1008.0,14996.179688,1024.0,1024.0,185.805222,499800,64.0,1999.3
678600,42100,14316.035,35.408821,24.18622,0.741717,0.02044,8.552481,8.552481,8.552481,8.552481,0.045945,3e-06,0.017048,4.028512,0.023407,-4.002076,68.77832,0.976306,0.788586,99.816826,100.328362,1.609904,15360.0,0.823592,98.7285,99.130684,2.024026,1008.0,14996.058594,1024.0,1024.0,142.094528,499600,64.0,1999.3
679400,42150,14329.842,37.816936,25.41864,0.768518,0.02044,9.59375,9.59375,9.59375,9.59375,0.050984,3e-06,0.034087,4.389995,0.024325,-4.431821,68.611893,0.976293,0.740568,108.930367,109.641975,1.669011,15360.0,0.938529,107.57106,108.165054,2.311423,1008.0,14995.865234,1024.0,1024.0,210.796799,499400,64.0,1999.3
680200,42200,14343.631,36.956295,25.211422,0.706583,0.02044,8.938377,8.938377,8.938377,8.938377,0.040594,3e-06,0.051757,4.150527,0.031915,-4.14356,68.44368,0.976296,0.871134,98.879776,99.904709,2.184407,15360.0,0.875812,97.13829,97.791222,2.152746,1008.0,14995.901367,1024.0,1024.0,179.577469,499200,64.0,1999.3
681000,42250,14357.333,36.344841,24.447363,0.681666,0.02044,9.183274,9.183274,9.183274,9.183274,0.037556,3e-06,0.018099,4.122027,0.025051,-4.131868,68.157166,0.976306,0.787001,104.840385,105.300247,1.707433,15360.0,0.962226,102.963379,102.567337,2.376447,1008.0,14996.067383,1024.0,1024.0,180.448807,500000,64.0,1999.3
681800,42300,14371.049,32.846638,21.92347,0.760719,0.02044,8.262507,8.262507,8.262507,8.262507,0.049805,3e-06,0.036336,4.568435,0.019936,-4.572207,68.036888,0.976316,0.790751,110.252205,110.96373,1.356405,15360.0,0.75389,109.298615,109.993294,1.652504,1008.0,14996.207031,1024.0,1024.0,191.896011,499800,64.0,1999.3
682600,42350,14384.824,34.679546,23.055517,0.68601,0.02044,8.351343,8.351343,8.351343,8.351343,0.038437,3e-06,0.104545,4.438483,0.047147,-4.43601,67.331001,0.976305,1.234822,113.337357,115.858551,3.174472,15360.0,1.305778,111.215675,113.494339,3.683058,1008.0,14996.050781,1024.0,1024.0,142.21846,499600,64.0,1999.3
683400,42400,14398.554,34.382191,23.115459,0.706391,0.02044,8.564198,8.564198,8.564198,8.564198,0.042738,3e-06,0.019098,4.069037,0.019745,-4.079196,66.092346,0.97632,0.806128,118.556618,118.962807,1.304998,15360.0,0.980184,117.072784,116.9627,1.897533,1008.0,14996.269531,1024.0,1024.0,180.212616,499400,64.0,1999.3
684200,42450,14412.299,34.749943,23.413528,0.672332,0.02044,8.344313,8.344313,8.344313,8.344313,0.038641,3e-06,0.038851,3.021953,0.034684,-3.008741,65.352852,0.976311,1.067687,100.099319,101.338631,2.266691,15360.0,1.194538,98.051056,97.945641,2.131215,1008.0,14996.134766,1024.0,1024.0,157.676926,499200,64.0,1999.3
685000,42500,14426.095,33.807411,21.771164,0.676016,0.02044,8.961054,8.961054,8.961054,8.961054,0.033061,3e-06,0.024404,3.038314,0.02749,-3.033342,64.782967,0.976292,1.063251,96.182442,96.723785,1.780882,15360.0,1.316588,95.008263,94.50766,2.615128,1008.0,14995.849609,1024.0,1024.0,728.287292,500000,64.0,1999.3
685800,42550,14439.739,38.859013,26.510256,0.651606,0.02044,9.341463,9.341463,9.341463,9.341463,0.039917,3e-06,0.038659,3.856264,0.031124,-3.853842,63.815331,0.976303,1.015518,110.034943,110.842552,1.986175,15360.0,1.156413,108.059532,108.276665,2.729302,1008.0,14996.011719,1024.0,1024.0,194.195602,499800,64.0,1999.3
686600,42600,14453.515,37.564404,25.414749,0.629837,0.02044,9.162634,9.162634,9.162634,9.162634,0.033929,3e-06,0.011507,2.959883,0.032914,-2.959437,63.410591,0.976307,1.058943,101.669403,101.97699,2.087115,15360.0,1.166767,100.134918,99.722412,2.657292,1008.0,14996.078125,1024.0,1024.0,151.631149,499600,64.0,1999.3
687400,42650,14467.202,41.035313,28.333345,0.673932,0.02044,9.781559,9.781559,9.781559,9.781559,0.034614,3e-06,0.001045,3.671566,0.021953,-3.696896,63.179787,0.976315,0.928277,105.986809,106.005913,1.38698,15360.0,1.061844,104.863304,103.544746,2.061213,1008.0,14996.202148,1024.0,1024.0,139.460648,499400,64.0,1999.3
688200,42700,14480.999,37.673428,25.61409,0.698179,0.02044,9.138451,9.138451,9.138451,9.138451,0.046348,3e-06,0.02334,3.713052,0.028296,-3.709719,62.724876,0.976309,0.964838,109.892097,110.489662,1.774881,15360.0,1.00081,108.458817,109.26754,2.375489,1008.0,14996.103516,1024.0,1024.0,183.139374,499200,64.0,1999.3
689000,42750,14494.798,40.785748,27.641764,0.657097,0.02044,10.181688,10.181688,10.181688,10.181688,0.034733,3e-06,0.024874,3.636852,0.026041,-3.648136,62.120903,0.97631,0.91285,110.078804,110.499435,1.617719,15360.0,1.096207,108.211082,107.849075,2.661582,1008.0,14996.126953,1024.0,1024.0,193.335907,500000,64.0,1999.3
689800,42800,14508.415,32.166077,21.025784,0.646715,0.02044,8.41481,8.41481,8.41481,8.41481,0.02919,2e-06,0.015313,3.025596,0.028724,-3.012884,61.695732,0.976304,0.931689,105.117554,105.613075,1.772167,15360.0,0.899477,103.360588,102.926689,1.690729,1008.0,14996.03125,1024.0,1024.0,262.749817,499800,64.0,1999.3
690600,42850,14522.237,40.757549,27.774345,0.6398,0.02044,9.688107,9.688107,9.688107,9.688107,0.033809,3e-06,0.073457,3.294323,0.05498,-3.2753,61.267914,0.976309,1.248442,110.559296,112.607216,3.368539,15360.0,1.147149,108.164841,109.29493,3.419899,1008.0,14996.103516,1024.0,1024.0,153.254303,499600,64.0,1999.3
691400,42900,14535.962,38.120174,25.455898,0.796408,0.02044,9.517165,9.517165,9.517165,9.517165,0.061107,4e-06,0.017817,3.922055,0.028897,-3.919978,60.279892,0.976287,1.026923,116.513222,116.790077,1.741912,15360.0,1.11268,114.948364,115.259514,3.106655,1008.0,14995.773438,1024.0,1024.0,181.611984,499400,64.0,1999.3
692200,42950,14549.777,29.886143,19.069075,0.652926,0.02044,7.905028,7.905028,7.905028,7.905028,0.029848,3e-06,0.027268,3.299408,0.032486,-3.313453,60.224388,0.976324,1.112981,108.326668,108.952591,1.956455,15360.0,1.026408,106.509338,107.382584,1.908871,1008.0,14996.333984,1024.0,1024.0,152.497604,499200,64.0,1999.3
693000,43000,14563.49,37.831818,26.144672,0.661842,0.02044,8.917944,8.917944,8.917944,8.917944,0.032324,3e-06,0.024077,3.067102,0.03091,-3.064223,60.003036,0.976303,0.882227,105.528404,106.125626,1.854714,15360.0,0.962726,103.647629,102.707268,2.576418,1008.0,14996.017578,1024.0,1024.0,194.048004,500000,64.0,1999.3
693800,43050,14577.244,38.552723,26.244703,0.679642,0.02044,9.377792,9.377792,9.377792,9.377792,0.038113,3e-06,0.024511,3.736902,0.032524,-3.745223,59.658432,0.976309,0.990286,117.152809,117.60276,1.940325,15360.0,0.925233,115.44146,115.341171,2.021685,1008.0,14996.105469,1024.0,1024.0,238.315231,499800,64.0,1999.3
694600,43100,14590.975,43.603764,30.803024,0.728821,0.02044,9.705002,9.705002,9.705002,9.705002,0.043854,3e-06,0.015977,3.279262,0.035688,-3.270645,59.418411,0.976306,1.032334,113.374329,113.117226,2.120496,15360.0,1.092214,112.09787,111.429153,2.819235,1008.0,14996.058594,1024.0,1024.0,223.633057,499600,64.0,1999.3
695400,43150,14604.774,36.119366,24.586197,0.688387,0.02044,8.47369,8.47369,8.47369,8.47369,0.037612,3e-06,0.02223,2.531848,0.042513,-2.532531,59.558205,0.976299,1.130048,104.418106,104.617027,2.531984,15360.0,1.17,102.703842,100.904572,3.080596,1008.0,14995.953125,1024.0,1024.0,227.04567,499400,64.0,1999.3
696200,43200,14618.562,29.96574,19.593353,0.700205,0.02044,7.5384,7.5384,7.5384,7.5384,0.037722,3e-06,0.014006,3.41071,0.024129,-3.419101,59.261055,0.97632,1.047988,114.184975,114.470512,1.429921,15360.0,0.991687,113.047859,112.983765,1.853581,1008.0,14996.28125,1024.0,1024.0,168.841553,499200,64.0,1999.3
697000,43250,14632.285,42.080849,29.106735,0.70094,0.02044,9.612,9.612,9.612,9.612,0.044475,3e-06,0.018551,3.058323,0.049689,-3.072195,58.827057,0.976312,1.274626,112.681808,112.94191,2.923047,15360.0,1.287851,111.174805,111.127815,3.535723,1008.0,14996.15332,1024.0,1024.0,167.278275,500000,64.0,1999.3
697800,43300,14646.016,44.16095,30.677679,0.688708,0.02044,10.308311,10.308311,10.308311,10.308311,0.042444,3e-06,-0.013417,4.062733,0.033404,-4.032354,58.35685,0.976302,1.105736,115.66552,115.509865,1.949352,15360.0,1.142207,114.599495,113.516426,2.73331,1008.0,14996.0,1024.0,1024.0,209.726517,499800,64.0,1999.3
698600,43350,14659.76,32.1591,21.05056,0.640186,0.02044,8.182019,8.182019,8.182019,8.182019,0.02798,3e-06,0.027138,3.110353,0.030431,-3.111691,57.687813,0.976314,1.103736,114.776299,115.77076,1.755473,15360.0,1.056056,112.71505,112.566895,1.802656,1008.0,14996.179688,1024.0,1024.0,288.322632,499600,64.0,1999.3
699400,43400,14673.573,39.72683,26.610176,0.703547,0.02044,9.862343,9.862343,9.862343,9.862343,0.045865,3e-06,0.023141,3.242037,0.032858,-3.250088,56.845695,0.976303,1.167683,118.607979,119.583725,1.867853,15360.0,1.177565,117.107826,117.561989,2.149414,1008.0,14996.008789,1024.0,1024.0,228.002426,499400,64.0,1999.3
700200,43450,14713.77,35.140739,23.290466,0.662713,0.02044,8.757957,8.757957,8.757957,8.757957,0.040132,3e-06,0.037413,3.482293,0.028767,-3.494471,56.433754,0.976299,1.156965,122.839249,123.818542,1.623452,15360.0,1.129964,121.020538,121.846375,1.970841,1008.0,14995.945312,1024.0,1024.0,164.353546,499200,64.0,1999.3
701000,43500,14727.55,44.549561,30.827593,0.788717,0.02044,10.345045,10.345045,10.345045,10.345045,0.046601,3e-06,0.007607,3.090925,0.036475,-3.081294,56.390038,0.976311,1.180124,117.161552,117.634659,2.05681,15360.0,1.151764,115.598129,114.413017,2.601523,1008.0,14996.134766,1024.0,1024.0,157.387238,500000,64.0,1999.3
701800,43550,14741.27,40.414154,27.658756,0.753978,0.02044,9.501442,9.501442,9.501442,9.501442,0.048073,3e-06,0.035299,3.081271,0.031135,-3.080652,55.707108,0.976314,1.132984,117.099274,117.855003,1.734422,15360.0,1.203698,114.770393,115.681122,2.962341,1008.0,14996.175781,1024.0,1024.0,253.954178,499800,64.0,1999.3
702600,43600,14754.994,40.127914,27.400099,0.619374,0.02044,9.646456,9.646456,9.646456,9.646456,0.031416,3e-06,0.01933,2.892314,0.028505,-2.879941,55.203003,0.976314,1.102721,115.17395,115.749344,1.573589,15360.0,1.182821,113.43988,113.213501,2.307459,1008.0,14996.1875,1024.0,1024.0,160.34549,499600,64.0,1999.3
703400,43650,14768.803,31.376158,20.259182,0.666688,0.02044,8.023174,8.023174,8.023161,8.023161,0.033171,3e-06,0.020817,1.872989,0.038508,-1.86223,55.088669,0.976306,1.194556,106.420883,107.567276,2.121361,15360.0,1.296603,104.526962,104.24427,2.194081,1008.0,14996.058594,1024.0,1024.0,159.408035,499400,64.0,1999.3
704200,43700,14782.515,38.296635,26.197058,0.659017,0.02044,9.013883,9.013883,9.013883,9.013883,0.033351,3e-06,0.007424,2.551723,0.037054,-2.552137,55.269905,0.976316,1.153375,117.995888,118.00341,2.047953,15360.0,1.146818,116.180412,114.511597,2.693059,1008.0,14996.219727,1024.0,1024.0,200.90834,499200,64.0,1999.3
705000,43750,14796.351,39.192593,26.204229,0.731433,0.02044,9.620745,9.620745,9.620745,9.620745,0.047247,3e-06,0.0363,3.536638,0.036975,-3.550184,55.129822,0.976318,1.251277,124.693214,125.87146,2.038435,15360.0,1.220313,122.751907,123.09037,2.790631,1008.0,14996.240234,1024.0,1024.0,191.786972,500000,64.0,1999.3
705800,43800,14810.074,44.207726,30.828728,0.750618,0.02044,10.019496,10.019496,10.019496,10.019496,0.054805,3e-06,0.019343,3.640003,0.029639,-3.62297,54.330917,0.976307,1.200908,123.186592,123.5979,1.610332,15360.0,1.220805,121.919449,121.961121,2.457366,1008.0,14996.072266,1024.0,1024.0,205.163071,499800,64.0,1999.3
706600,43850,14823.867,39.740002,26.61228,0.771853,0.02044,9.764187,9.764187,9.764187,9.764187,0.053498,3e-06,-0.005431,2.629695,0.047704,-2.64057,53.884155,0.976312,1.254312,117.966759,119.098763,2.570487,15360.0,1.153127,115.703796,116.524559,2.861418,1008.0,14996.155273,1024.0,1024.0,178.759644,499600,64.0,1999.3
707400,43900,14837.603,44.425926,30.657848,0.765041,0.02044,10.22377,10.22377,10.22377,10.22377,0.059918,3e-06,0.034634,3.446031,0.04145,-3.434515,53.217651,0.976303,1.280588,124.771896,125.774567,2.205879,15360.0,1.404092,123.52108,123.916946,3.960221,1008.0,14996.007812,1024.0,1024.0,162.343445,499400,64.0,1999.3
708200,43950,14851.314,37.598667,26.0865,0.790941,0.02044,8.348647,8.348647,8.348647,8.348647,0.061656,3e-06,0.029531,3.084888,0.036745,-3.085244,52.343391,0.976313,1.173645,127.177628,128.119598,1.923374,15360.0,1.046994,125.324867,126.206306,2.808993,1008.0,14996.166016,1024.0,1024.0,244.750031,499200,64.0,1999.3
709000,44000,14865.113,37.938812,25.349251,0.681886,0.02044,9.60618,9.60618,9.60618,9.60618,0.038375,3e-06,0.019914,1.737599,0.038611,-1.724801,52.358788,0.976323,1.033277,110.465408,111.13588,2.021607,15360.0,0.890812,108.448532,108.545288,1.860216,1008.0,14996.322266,1024.0,1024.0,175.651794,500000,64.0,1999.3
709800,44050,14878.831,33.454098,21.522512,0.660611,0.02044,8.951317,8.951317,8.951317,8.951317,0.032118,3e-06,0.000145,1.584497,0.055386,-1.585907,52.358437,0.97629,1.134113,106.896164,108.902275,2.899899,15360.0,0.899422,104.596298,104.901123,1.727633,1008.0,14995.8125,1024.0,1024.0,226.443298,499800,64.0,1999.3
710600,44100,14892.628,37.19286,24.814415,0.728778,0.02044,9.252302,9.252302,9.252302,9.252302,0.044503,3e-06,0.017048,2.365156,0.035058,-2.357042,51.717392,0.976317,1.077021,115.210014,115.003716,1.813131,15360.0,1.192068,114.271889,113.008698,2.319928,1008.0,14996.234375,1024.0,1024.0,220.245422,499600,64.0,1999.3
711400,44150,14906.357,32.868439,21.460388,0.677943,0.02044,8.406718,8.406718,8.406718,8.406718,0.036969,2e-06,0.00724,2.461216,0.045064,-2.466428,51.864098,0.976308,1.161698,117.917847,119.358269,2.337199,15360.0,0.977794,116.061775,116.839462,2.2632,1008.0,14996.095703,1024.0,1024.0,166.172775,499400,64.0,1999.3
712200,44200,14920.192,39.284065,27.232914,0.662396,0.02044,8.952688,8.952688,8.952688,8.952688,0.036253,3e-06,0.005461,3.50284,0.023494,-3.482407,52.201286,0.976308,1.165159,127.634155,127.662651,1.226404,15360.0,1.165791,126.560799,125.467422,2.198782,1008.0,14996.09375,1024.0,1024.0,170.663971,499200,64.0,1999.3
713000,44250,14933.895,38.337337,26.039726,0.661867,0.02044,9.194336,9.194336,9.194336,9.194336,0.035328,3e-06,0.001279,2.70579,0.031766,-2.701076,52.760948,0.976314,1.110597,111.470245,111.438309,1.676017,15360.0,1.298855,110.355682,109.863029,2.4708,1008.0,14996.183594,1024.0,1024.0,173.912643,500000,64.0,1999.3
713800,44300,14947.629,35.525505,23.661156,0.741386,0.02044,8.627621,8.627621,8.627621,8.627621,0.051955,3e-06,0.018611,3.730376,0.024253,-3.742408,53.257896,0.976311,1.203499,124.869408,125.025711,1.291682,15360.0,1.300093,123.871574,123.608871,2.438427,1008.0,14996.142578,1024.0,1024.0,177.296738,499800,64.0,1999.3
714600,44350,14961.362,30.036491,19.119272,0.666742,0.02044,7.994325,7.994325,7.994325,7.994325,0.03524,2e-06,0.014754,2.393084,0.026749,-2.391777,53.562881,0.976313,1.100516,113.035355,113.586166,1.432753,15360.0,1.070025,111.227684,111.242134,1.415788,1008.0,14996.164062,1024.0,1024.0,159.480469,499600,64.0,1999.3
715400,44400,14975.188,36.295452,24.84314,0.698149,0.02044,8.284912,8.284912,8.284912,8.284912,0.042815,3e-06,0.023996,3.749534,0.030664,-3.738063,53.665802,0.976309,1.245233,129.255173,129.755234,1.64559,15360.0,1.170298,127.705238,127.264359,1.907222,1008.0,14996.103516,1024.0,1024.0,188.655838,499400,64.0,1999.3
716200,44450,14988.97,36.124451,23.839828,0.788158,0.02044,8.95875,8.95875,8.95875,8.95875,0.054882,3e-06,0.030831,2.849079,0.038932,-2.862715,54.058517,0.976305,1.208235,114.528557,115.602501,2.104583,15360.0,1.274436,112.521355,112.987854,2.486014,1008.0,14996.042969,1024.0,1024.0,205.098007,499200,64.0,1999.3
717000,44500,15002.796,38.618019,25.962227,0.744735,0.02044,9.333343,9.333343,9.333343,9.333343,0.056455,3e-06,0.002569,3.199944,0.026724,-3.222596,54.618111,0.97631,1.187466,116.042755,115.95089,1.459641,15360.0,1.446359,114.949295,113.635033,3.111169,1008.0,14996.125977,1024.0,1024.0,165.298126,500000,64.0,1999.3
717800,44550,15016.51,37.323772,24.543495,0.665184,0.02044,9.607254,9.607254,9.607254,9.607254,0.037591,3e-06,0.02494,3.177998,0.022831,-3.174806,54.98008,0.976301,1.158532,121.57753,122.011848,1.255248,15360.0,1.14401,119.708931,118.622177,2.199667,1008.0,14995.984375,1024.0,1024.0,153.731049,499800,64.0,1999.3
718600,44600,15030.203,37.727364,25.336102,0.709012,0.02044,9.105819,9.105819,9.105819,9.105819,0.046442,3e-06,0.020364,4.115742,0.018322,-4.112671,55.496475,0.976309,1.260259,127.633797,127.96019,1.016816,15360.0,1.215941,126.265594,126.156807,1.725075,1008.0,14996.109375,1024.0,1024.0,221.56604,499600,64.0,1999.3
719400,44650,15044.017,36.102493,23.830677,0.668091,0.02044,9.086769,9.086769,9.086769,9.086769,0.035148,2e-06,0.008824,3.245847,0.020851,-3.263483,55.548836,0.97631,1.208952,118.661743,118.712425,1.158263,15360.0,1.23353,117.355721,116.340965,1.933979,1008.0,14996.123047,1024.0,1024.0,165.775604,499400,64.0,1999.3
720200,44700,15057.748,38.765038,26.300941,0.66375,0.02044,9.226769,9.226769,9.226769,9.226769,0.038537,3e-06,0.026247,3.962418,0.022593,-3.958118,55.664978,0.976304,1.256568,124.545242,125.010849,1.25765,15360.0,1.158812,122.755043,122.4217,1.996616,1008.0,14996.035156,1024.0,1024.0,185.292313,499200,64.0,1999.3
721000,44750,15071.54,31.13903,19.710396,0.627609,0.02044,8.342342,8.342342,8.342342,8.342342,0.029396,3e-06,0.010318,3.215832,0.019353,-3.232624,55.673775,0.976298,1.225068,121.875122,121.698021,1.077436,15360.0,1.228737,120.321793,119.546074,1.728571,1008.0,14995.943359,1024.0,1024.0,229.47345,500000,64.0,1999.3
721800,44800,15085.166,41.011284,28.490128,0.668975,0.02044,9.23651,9.23651,9.23651,9.23651,0.044305,3e-06,0.014588,4.296481,0.01959,-4.311363,55.816322,0.976304,1.263782,131.002716,131.306244,1.09346,15360.0,1.310693,129.824051,130.27478,2.28801,1008.0,14996.027344,1024.0,1024.0,191.656723,499800,64.0,1999.3
722600,44850,15098.985,38.655155,25.93277,0.710545,0.02044,9.518307,9.518307,9.518307,9.518307,0.047281,3e-06,0.007291,4.167518,0.017512,-4.191725,56.597794,0.976305,1.172913,126.649902,126.781242,0.991163,15360.0,1.136864,125.094719,123.842522,2.065889,1008.0,14996.041016,1024.0,1024.0,157.301346,499600,64.0,1999.3
723400,44900,15112.805,44.622761,30.889698,0.71138,0.02044,10.298698,10.298698,10.298698,10.298698,0.045899,3e-06,-0.002329,2.957993,0.029703,-2.933884,56.777084,0.976315,1.236333,113.35759,113.46106,1.686454,15360.0,1.462221,112.101379,110.162956,3.462889,1008.0,14996.205078,1024.0,1024.0,198.955414,499400,64.0,1999.3
724200,44950,15126.542,41.572079,28.396883,0.637171,0.02044,9.868012,9.868012,9.868012,9.868012,0.031647,3e-06,-0.00765,3.503114,0.023016,-3.493738,56.480431,0.976307,1.270374,112.154762,111.838028,1.299966,15360.0,1.333495,111.209778,109.567123,2.381576,1008.0,14996.072266,1024.0,1024.0,231.85582,499200,64.0,1999.3
725000,45000,15140.379,40.149879,27.002071,0.696192,0.02044,9.79863,9.79863,9.79863,9.79863,0.039633,2e-06,0.002475,3.88431,0.020635,-3.882234,56.482033,0.976314,1.257186,115.861977,115.878845,1.165507,15360.0,1.310066,114.587044,113.846855,1.807414,1008.0,14996.189453,1024.0,1024.0,175.235275,500000,64.0,1999.3
725800,45050,15180.564,45.354576,31.610384,0.751459,0.02044,10.199055,10.199055,10.199054,10.199054,0.052247,3e-06,0.019907,4.006656,0.033241,-4.028802,56.773483,0.976305,1.321875,125.765686,126.106682,1.887196,15360.0,1.371845,123.957062,123.931816,2.981345,1008.0,14996.037109,1024.0,1024.0,149.200272,499800,64.0,1999.3
726600,45100,15194.301,42.616344,29.139011,0.654857,0.02044,10.145529,10.145529,10.145529,10.145529,0.040553,3e-06,0.012539,3.612494,0.028137,-3.597036,57.063194,0.976303,1.24683,119.085167,119.402367,1.605569,15360.0,1.275275,117.650246,116.091484,2.4513,1008.0,14996.007812,1024.0,1024.0,235.407928,499600,64.0,1999.3
727400,45150,15208.117,37.297302,24.528873,0.700018,0.02044,9.466533,9.466533,9.466533,9.466533,0.040715,3e-06,-0.002294,3.544476,0.01994,-3.537215,57.303383,0.976299,1.256692,117.269157,117.273262,1.14261,15360.0,1.267954,115.76738,115.206032,1.996982,1008.0,14995.949219,1024.0,1024.0,133.207794,499400,64.0,1999.3
728200,45200,15221.93,39.833096,27.188356,0.654923,0.02044,9.280456,9.280456,9.280456,9.280456,0.034333,3e-06,0.036929,3.213337,0.036618,-3.202797,57.06366,0.976302,1.317346,111.717331,112.052368,2.089558,15360.0,1.35532,109.777443,109.519333,2.440443,1008.0,14995.998047,1024.0,1024.0,198.654236,499200,64.0,1999.3
729000,45250,15235.679,40.977577,28.114246,0.75245,0.02044,9.450436,9.450436,9.450436,9.450436,0.050009,3e-06,0.012874,3.815742,0.029854,-3.829644,57.409149,0.976309,1.295786,123.680229,123.319016,1.713901,15360.0,1.28767,122.728294,120.297157,3.375131,1008.0,14996.103516,1024.0,1024.0,300.94696,500000,64.0,1999.3
729800,45300,15249.463,40.996891,27.497101,0.66005,0.02044,10.073841,10.073841,10.073841,10.073841,0.038393,3e-06,0.015531,3.42307,0.028637,-3.424415,57.630051,0.976305,1.322323,111.276146,111.493156,1.650337,15360.0,1.334057,110.029411,108.503494,2.785366,1008.0,14996.039062,1024.0,1024.0,175.759857,499800,64.0,1999.3
730600,45350,15263.331,34.750446,22.930799,0.669364,0.02044,8.610189,8.610189,8.610189,8.610189,0.031621,2e-06,0.007568,3.223279,0.021263,-3.193348,57.739876,0.976299,1.262231,111.418274,111.497154,1.227747,15360.0,1.296102,110.109077,108.95121,1.96282,1008.0,14995.958984,1024.0,1024.0,170.426712,499600,64.0,1999.3
731400,45400,15277.168,42.20644,28.882122,0.66594,0.02044,9.94977,9.94977,9.94977,9.94977,0.040188,3e-06,0.006632,4.239672,0.024044,-4.228493,57.861176,0.976318,1.293649,121.194778,121.310928,1.391216,15360.0,1.309705,120.11438,119.139023,2.52323,1008.0,14996.243164,1024.0,1024.0,176.756561,499400,64.0,1999.3
732200,45450,15290.877,36.890179,24.725937,0.679846,0.02044,8.922625,8.922625,8.922625,8.922625,0.03904,3e-06,0.032053,3.713498,0.023905,-3.694924,58.038803,0.976303,1.264924,120.259308,120.822731,1.387413,15360.0,1.173648,118.217979,117.821381,2.012715,1008.0,14996.019531,1024.0,1024.0,228.617599,499200,64.0,1999.3
733000,45500,15304.603,32.361034,21.115395,0.679517,0.02044,8.068272,8.068272,8.068272,8.068272,0.043009,3e-06,0.013335,4.1917,0.016689,-4.219492,58.305367,0.976316,1.287715,127.398605,127.513435,0.973055,15360.0,1.231773,126.052528,125.601242,1.653949,1008.0,14996.214844,1024.0,1024.0,178.229691,500000,64.0,1999.3
733800,45550,15318.306,35.482231,23.383236,0.715625,0.02044,8.797518,8.797518,8.797518,8.797518,0.044557,3e-06,0.008864,4.200695,0.017567,-4.191478,58.474319,0.976314,1.296874,124.210976,124.307793,1.027228,15360.0,1.266409,123.133499,122.527321,1.545383,1008.0,14996.185547,1024.0,1024.0,162.201492,499800,64.0,1999.3
734600,45600,15332.052,41.971416,28.491611,0.682651,0.02044,10.160215,10.160215,10.160215,10.160215,0.038563,3e-06,-0.008663,3.858553,0.021293,-3.862014,58.750938,0.976301,1.246361,113.272598,113.24147,1.250993,15360.0,1.209257,112.080391,111.114044,2.054297,1008.0,14995.982422,1024.0,1024.0,195.682343,499600,64.0,1999.3
735400,45650,15345.907,42.814663,29.675014,0.703474,0.02044,9.703169,9.703169,9.703169,9.703169,0.044769,3e-06,-0.008777,3.638183,0.033627,-3.640792,59.091927,0.976305,1.314245,113.08477,113.25235,1.987061,15360.0,1.455924,111.968727,110.369896,4.160517,1008.0,14996.047852,1024.0,1024.0,235.833176,499400,64.0,1999.3
736200,45700,15359.656,42.421078,29.233471,0.664761,0.02044,9.895354,9.895354,9.895354,9.895354,0.037444,3e-06,-0.009645,3.77226,0.020948,-3.783511,59.1017,0.976297,1.249891,113.533806,113.323235,1.238057,15360.0,1.257569,112.597107,111.409218,1.991182,1008.0,14995.921875,1024.0,1024.0,143.59494,499200,64.0,1999.3
737000,45750,15373.481,37.564186,25.298584,0.669326,0.02044,8.976413,8.976413,8.976413,8.976413,0.036202,2e-06,0.002685,3.573248,0.023132,-3.564476,59.31411,0.976311,1.303676,114.822372,114.712448,1.372026,15360.0,1.318063,113.942154,112.976814,2.34298,1008.0,14996.134766,1024.0,1024.0,157.749207,500000,64.0,1999.3
737800,45800,15387.284,38.105503,25.389896,0.700688,0.02044,9.350114,9.350114,9.350114,9.350114,0.038095,3e-06,-0.011967,2.893964,0.033172,-2.88884,59.800346,0.976311,1.322162,104.923462,104.307785,1.983727,15360.0,1.33052,104.165932,102.37587,2.825575,1008.0,14996.142578,1024.0,1024.0,172.844955,499800,64.0,1999.3
738600,45850,15401.13,45.81237,31.617481,0.778318,0.02044,10.592173,10.592173,10.592173,10.592173,0.057211,3e-06,0.013147,4.39714,0.021561,-4.395357,60.236786,0.976318,1.260314,118.701248,119.045807,1.29877,15360.0,1.570957,117.576408,119.476448,3.83898,1008.0,14996.237305,1024.0,1024.0,184.553238,499600,64.0,1999.3
739400,45900,15414.871,42.331039,29.00363,0.671765,0.02044,9.968614,9.968614,9.968614,9.968614,0.038794,3e-06,0.009472,3.90538,0.022533,-3.893358,60.4907,0.976302,1.251752,117.400635,117.584724,1.363047,15360.0,1.361699,115.938568,113.671906,2.992543,1008.0,14995.994141,1024.0,1024.0,193.740234,499400,64.0,1999.3
740200,45950,15428.667,45.008514,31.014212,0.711234,0.02044,10.622178,10.622178,10.622178,10.622178,0.050323,4e-06,0.009807,4.347471,0.025166,-4.334127,60.772179,0.976285,1.175714,113.391945,113.514542,1.529364,15360.0,1.309041,112.59761,110.915314,3.008992,1008.0,14995.740234,1024.0,1024.0,176.137573,499200,64.0,1999.3
741000,46000,15442.409,35.848389,23.704115,0.660409,0.02044,9.001148,9.001148,9.001148,9.001148,0.038132,2e-06,-0.002759,3.81498,0.019041,-3.82956,60.75354,0.976302,1.220166,116.30481,116.192833,1.156821,15360.0,1.149167,115.034531,113.940155,1.881431,1008.0,14995.996094,1024.0,1024.0,177.103134,500000,64.0,1999.3
741800,46050,15456.142,39.145317,26.559628,0.747594,0.02044,9.269327,9.269327,9.269327,9.269327,0.048527,3e-06,-0.008912,3.636242,0.024276,-3.643993,60.848717,0.976303,1.262172,115.428841,115.246361,1.47717,15360.0,1.22711,114.476379,113.824875,2.248391,1008.0,14996.015625,1024.0,1024.0,152.921997,499800,64.0,1999.3
742600,46100,15469.956,34.875378,23.514803,0.683071,0.02044,8.28601,8.28601,8.28601,8.28601,0.044011,2e-06,0.003546,3.567349,0.019327,-3.548258,61.167473,0.976305,1.178985,112.65657,112.377098,1.18221,15360.0,1.199718,111.740288,110.864296,2.284955,1008.0,14996.039062,1024.0,1024.0,196.610794,499600,64.0,1999.3
743400,46150,15483.667,34.872749,22.962551,0.72167,0.02044,8.70827,8.70827,8.70827,8.70827,0.044688,2e-06,0.009957,3.879665,0.018148,-3.878508,61.718895,0.976308,1.245784,122.711151,123.020706,1.120073,15360.0,1.110827,121.262817,120.958977,1.681013,1008.0,14996.091797,1024.0,1024.0,282.661163,499400,64.0,1999.3
744200,46200,15497.467,41.782459,28.201572,0.743546,0.02044,10.161137,10.161137,10.161137,10.161137,0.048873,3e-06,0.008322,4.414559,0.019794,-4.409075,61.891243,0.976311,1.258495,122.913353,123.167152,1.225068,15360.0,1.242796,122.019554,121.40255,2.010832,1008.0,14996.134766,1024.0,1024.0,186.374588,499200,64.0,1999.3
745000,46250,15511.249,41.129395,27.53307,0.741169,0.02044,10.170004,10.170004,10.170004,10.170004,0.051541,3e-06,0.029819,3.88714,0.022875,-3.883386,62.226059,0.976322,1.248574,122.711189,123.18634,1.42342,15360.0,1.231053,121.234062,121.328133,2.706112,1008.0,14996.307617,1024.0,1024.0,198.786331,500000,64.0,1999.3
745800,46300,15524.89,44.798996,31.257187,0.708614,0.02044,10.128686,10.128686,10.128686,10.128686,0.053314,3e-06,0.018996,3.9426,0.025604,-3.936756,62.197433,0.97631,1.220104,116.687943,117.291069,1.592511,15360.0,1.440329,115.668686,114.053482,3.725329,1008.0,14996.117188,1024.0,1024.0,221.341537,499800,64.0,1999.3
746600,46350,15538.718,39.872292,27.160389,0.70809,0.02044,9.26317,9.26317,9.26317,9.26317,0.046459,3e-06,0.011404,3.987643,0.029494,-3.968386,61.873169,0.976305,1.326997,120.504211,121.144211,1.824914,15360.0,1.51827,119.606232,118.974152,3.900842,1008.0,14996.048828,1024.0,1024.0,163.88089,499600,64.0,1999.3
747400,46400,15552.458,38.391582,25.779045,0.756384,0.02044,9.233211,9.233211,9.233211,9.233211,0.045687,2e-06,0.013442,3.947393,0.020261,-3.95995,61.667633,0.976314,1.279073,121.199371,121.302368,1.249429,15360.0,1.288886,120.362198,119.685501,1.723666,1008.0,14996.178711,1024.0,1024.0,145.90596,499400,64.0,1999.3
748200,46450,15566.255,44.253036,30.125042,0.683685,0.02044,10.706018,10.706018,10.706018,10.706018,0.036179,3e-06,0.008734,4.146443,0.019688,-4.150205,61.649529,0.976311,1.25613,123.421654,123.498901,1.213745,15360.0,1.274607,122.38974,121.66452,2.08263,1008.0,14996.130859,1024.0,1024.0,197.072281,499200,64.0,1999.3
749000,46500,15580.041,42.739166,29.13129,0.65201,0.02044,10.282902,10.282902,10.282902,10.282902,0.029896,3e-06,0.01163,3.684994,0.025152,-3.703378,61.429985,0.976301,1.273548,118.842018,118.919113,1.545088,15360.0,1.130178,117.226791,115.595741,2.376417,1008.0,14995.982422,1024.0,1024.0,160.866989,500000,64.0,1999.3
749800,46550,15593.681,44.467113,30.461479,0.712056,0.02044,10.530185,10.530185,10.530185,10.530185,0.043739,3e-06,0.005791,4.030292,0.024,-4.018692,61.484314,0.976322,1.307935,121.240456,121.341675,1.475601,15360.0,1.254027,119.920906,118.554352,2.14234,1008.0,14996.302734,1024.0,1024.0,183.517365,499800,64.0,1999.3
750600,46600,15633.991,38.465801,25.861286,0.836273,0.02044,9.092246,9.092246,9.092246,9.092246,0.063282,3e-06,0.007218,4.237068,0.024849,-4.211683,61.511955,0.9763,1.339019,124.51635,125.152481,1.528537,15360.0,1.333642,123.284103,123.238998,2.045965,1008.0,14995.962891,1024.0,1024.0,231.236328,499600,64.0,1999.3
751400,46650,15647.82,43.997395,30.109104,0.715298,0.02044,10.283709,10.283709,10.283709,10.283709,0.046746,3e-06,0.025744,4.21067,0.028761,-4.198088,61.137032,0.976311,1.347633,120.910912,121.65966,1.758336,15360.0,1.556994,119.216232,120.264236,3.514907,1008.0,14996.128906,1024.0,1024.0,164.905792,499400,64.0,1999.3
752200,46700,15661.543,40.335705,27.568436,0.706122,0.02044,9.390657,9.390657,9.390657,9.390657,0.044169,3e-06,0.007792,3.628718,0.023762,-3.623477,60.658394,0.97631,1.31311,120.779617,121.168579,1.441335,15360.0,1.300288,119.314339,119.191895,1.987931,1008.0,14996.123047,1024.0,1024.0,161.482376,499200,64.0,1999.3
753000,46750,15675.338,32.582039,21.434128,0.658716,0.02044,7.984272,7.984272,7.984272,7.984272,0.037901,2e-06,0.004525,3.19425,0.021166,-3.197797,60.606262,0.9763,1.298633,114.629982,114.744713,1.282784,15360.0,1.276319,113.319641,112.730835,1.748383,1008.0,14995.973633,1024.0,1024.0,209.579941,500000,64.0,1999.3
753800,46800,15689.063,39.340969,26.508184,0.702677,0.02044,9.364117,9.364117,9.364117,9.364117,0.041287,3e-06,0.020612,3.667129,0.028154,-3.671472,60.46714,0.976328,1.329167,121.639458,121.797859,1.702409,15360.0,1.531181,120.071205,120.796432,3.187505,1008.0,14996.404297,1024.0,1024.0,202.201965,499800,64.0,1999.3
754600,46850,15702.784,34.445221,22.623739,0.716449,0.02044,8.548121,8.548121,8.548121,8.548121,0.044352,2e-06,0.000679,3.844293,0.016913,-3.844283,60.362213,0.976312,1.294619,124.09951,123.992348,1.020888,15360.0,1.287854,123.163559,122.345665,1.612273,1008.0,14996.145508,1024.0,1024.0,218.742081,499600,64.0,1999.3
755400,46900,15716.587,37.984383,25.58383,0.729128,0.02044,9.029689,9.029689,9.029689,9.029689,0.048599,3e-06,0.016356,3.678217,0.028575,-3.682963,60.479698,0.976313,1.3022,114.295609,115.018051,1.728224,15360.0,1.332557,113.126312,113.556717,2.06853,1008.0,14996.162109,1024.0,1024.0,211.475784,499400,64.0,1999.3
756200,46950,15730.318,36.953789,24.815247,0.696762,0.02044,8.817669,8.817669,8.817669,8.817669,0.042501,3e-06,-0.002097,4.009351,0.024027,-4.020399,60.675667,0.97631,1.301458,117.304893,117.502098,1.457824,15360.0,1.408459,116.764824,116.358543,2.122342,1008.0,14996.125,1024.0,1024.0,243.596405,499200,64.0,1999.3
757000,47000,15744.133,38.246346,25.879292,0.686944,0.02044,9.012192,9.012192,9.012192,9.012192,0.039424,2e-06,0.013802,3.614517,0.022003,-3.639103,60.378227,0.976306,1.303499,114.547585,114.721024,1.328532,15360.0,1.429849,113.351273,111.504669,2.723743,1008.0,14996.060547,1024.0,1024.0,222.903458,500000,64.0,1999.3
757800,47050,15757.781,34.370621,22.750355,0.730418,0.02044,8.33835,8.33835,8.33835,8.33835,0.047307,3e-06,0.006358,3.706024,0.017831,-3.711019,59.994987,0.976319,1.295722,118.401306,118.550919,1.069756,15360.0,1.31714,117.357956,117.073326,1.584699,1008.0,14996.261719,1024.0,1024.0,179.132217,499800,64.0,1999.3
758600,47100,15771.608,39.777184,26.79797,0.707187,0.02044,9.623121,9.623121,9.623121,9.623121,0.040736,2e-06,0.00791,3.13011,0.021253,-3.108405,60.411636,0.976312,1.265951,111.430557,111.281792,1.283953,15360.0,1.307635,110.351349,109.31916,2.512788,1008.0,14996.15625,1024.0,1024.0,198.691681,499600,64.0,1999.3
759400,47150,15785.331,34.8825,22.87072,0.732599,0.02044,8.702563,8.702563,8.702563,8.702563,0.045633,3e-06,0.013486,3.820726,0.019736,-3.843506,60.46521,0.976322,1.286056,121.436417,121.751869,1.193349,15360.0,1.287932,120.141441,119.470261,1.68994,1008.0,14996.306641,1024.0,1024.0,272.233368,499400,64.0,1999.3
760200,47200,15799.127,38.878059,26.342102,0.719639,0.02044,9.112123,9.112123,9.112123,9.112123,0.048838,3e-06,0.010507,2.915932,0.030951,-2.923018,60.910103,0.976302,1.30974,105.859268,106.472008,1.885209,15360.0,1.507649,104.328033,104.24424,3.115286,1008.0,14995.994141,1024.0,1024.0,173.461319,499200,64.0,1999.3
761000,47250,15812.854,37.267559,24.440258,0.716426,0.02044,9.454548,9.454548,9.454548,9.454548,0.040489,3e-06,0.016911,4.094485,0.017042,-4.092426,60.52018,0.976294,1.290969,121.216835,121.612343,1.031396,15360.0,1.275169,119.886429,119.407005,1.482566,1008.0,14995.878906,1024.0,1024.0,165.662064,500000,64.0,1999.3
761800,47300,15826.578,36.03093,23.544058,0.677849,0.02044,9.18322,9.18322,9.183205,9.183205,0.035275,2e-06,-0.005826,3.454626,0.019017,-3.451691,60.492546,0.976315,1.287879,114.084473,113.866722,1.150399,15360.0,1.349959,113.050301,112.085236,1.685385,1008.0,14996.199219,1024.0,1024.0,205.807785,499800,64.0,1999.3
762600,47350,15840.288,35.588295,23.83379,0.711222,0.02044,8.430611,8.430611,8.430611,8.430611,0.049464,2e-06,0.00804,3.660974,0.02561,-3.653804,60.256622,0.976305,1.32626,119.574028,120.019218,1.543176,15360.0,1.382908,118.541191,117.845543,2.018939,1008.0,14996.048828,1024.0,1024.0,182.503998,499600,64.0,1999.3
763400,47400,15854.124,37.260494,24.991814,0.673739,0.02044,8.934328,8.934328,8.934318,8.934318,0.038215,2e-06,0.004802,3.734187,0.021559,-3.733378,60.474258,0.976306,1.323478,119.967834,120.029915,1.303747,15360.0,1.394857,119.099281,119.203659,1.866045,1008.0,14996.05957,1024.0,1024.0,194.621674,499400,64.0,1999.3
764200,47450,15867.87,44.420902,30.315866,0.70604,0.02044,10.576637,10.576637,10.576637,10.576637,0.039792,3e-06,0.004458,3.491989,0.024956,-3.527496,60.411812,0.976302,1.297139,112.964439,113.003708,1.507663,15360.0,1.475524,112.060753,109.977966,2.779451,1008.0,14995.992188,1024.0,1024.0,214.479752,499200,64.0,1999.3
765000,47500,15881.7,41.422806,28.740616,0.659596,0.02044,9.370268,9.370268,9.370268,9.370268,0.038251,2e-06,0.015912,4.213001,0.020236,-4.199196,60.690224,0.976308,1.28652,123.277649,123.693657,1.228129,15360.0,1.308089,121.906792,120.989014,2.092917,1008.0,14996.095703,1024.0,1024.0,214.452026,500000,64.0,1999.3
765800,47550,15895.323,40.077946,26.980873,0.682834,0.02044,9.7345,9.7345,9.7345,9.7345,0.039991,3e-06,0.017878,3.725885,0.021699,-3.712612,60.709396,0.976309,1.262886,118.51136,118.755005,1.317345,15360.0,1.350287,117.270142,117.288902,1.848419,1008.0,14996.102539,1024.0,1024.0,168.132019,499800,64.0,1999.3
766600,47600,15909.117,33.277477,21.923813,0.710926,0.02044,8.131004,8.131004,8.131004,8.131004,0.049464,3e-06,0.005952,3.536833,0.01789,-3.553067,60.860229,0.976298,1.267635,114.120071,114.347565,1.088806,15360.0,1.348687,112.98584,112.25631,1.631488,1008.0,14995.929688,1024.0,1024.0,180.268204,499600,64.0,1999.3
767400,47650,15922.831,38.698677,25.825214,0.68008,0.02044,9.52657,9.52657,9.52657,9.52657,0.034447,2e-06,0.020515,3.989423,0.0209,-3.975689,60.805473,0.976305,1.276432,118.564636,118.813286,1.270854,15360.0,1.322556,117.211143,116.014458,2.237796,1008.0,14996.044922,1024.0,1024.0,219.799164,499400,64.0,1999.3
768200,47700,15936.645,42.826099,29.235119,0.705844,0.02044,10.124551,10.124551,10.124551,10.124551,0.04236,3e-06,0.025843,4.073003,0.023506,-4.079599,61.431,0.976306,1.285719,114.805618,115.409798,1.444009,15360.0,1.387084,113.023697,113.316658,2.798643,1008.0,14996.060547,1024.0,1024.0,211.085571,499200,64.0,1999.3
769000,47750,15950.379,40.263493,27.06584,0.726994,0.02044,9.731586,9.731586,9.731586,9.731586,0.046056,2e-06,0.014096,3.801381,0.023013,-3.811304,61.714516,0.97631,1.314051,112.442291,112.782303,1.420208,15360.0,1.391078,111.283752,111.355515,2.078841,1008.0,14996.117188,1024.0,1024.0,174.167236,500000,64.0,1999.3
769800,47800,15964.096,43.349792,29.91267,0.841893,0.02044,9.842819,9.842819,9.842819,9.842819,0.070868,3e-06,0.00525,4.579251,0.022011,-4.568148,60.785995,0.97631,1.314103,132.486115,132.562408,1.337973,15360.0,1.427796,131.87468,130.059067,2.7809,1008.0,14996.126953,1024.0,1024.0,139.392319,499800,64.0,1999.3
770600,47850,15977.9,41.325008,27.872429,0.729722,0.02044,9.934123,9.934123,9.934123,9.934123,0.047929,3e-06,0.009776,4.3152,0.024349,-4.3182,60.916603,0.976303,1.322376,126.575333,126.734032,1.483238,15360.0,1.475769,125.465576,123.989632,3.34014,1008.0,14996.017578,1024.0,1024.0,187.572678,499600,64.0,1999.3
771400,47900,15991.627,41.764942,28.728123,0.619248,0.02044,9.715151,9.715151,9.715151,9.715151,0.028616,2e-06,0.012778,3.670563,0.022957,-3.667231,60.7967,0.976309,1.292679,115.03138,115.261055,1.395735,15360.0,1.350023,113.79837,113.87809,1.919751,1008.0,14996.109375,1024.0,1024.0,192.88176,499400,64.0,1999.3
772200,47950,16005.443,38.764679,26.227655,0.718855,0.02044,9.14662,9.14662,9.14662,9.14662,0.052112,2e-06,0.011377,4.546069,0.021128,-4.55055,60.625923,0.976306,1.314826,125.936325,126.533127,1.280883,15360.0,1.367477,125.081062,125.269623,1.872442,1008.0,14996.058594,1024.0,1024.0,185.253601,499200,64.0,1999.3
773000,48000,16019.145,39.697887,26.741428,0.822396,0.02044,9.452169,9.452169,9.452169,9.452169,0.069224,3e-06,-0.004535,4.619029,0.020152,-4.596344,59.820946,0.976302,1.305421,128.888351,129.022537,1.205527,15360.0,1.384502,128.259811,128.421097,1.966988,1008.0,14996.003906,1024.0,1024.0,171.838226,500000,64.0,1999.3
773800,48050,16032.88,35.64901,23.734337,0.638789,0.02044,8.74708,8.74708,8.74708,8.74708,0.038044,2e-06,0.016946,3.875329,0.01746,-3.858681,60.544937,0.976295,1.243183,124.911201,125.288109,1.057116,15360.0,1.245089,123.372498,122.637749,1.838972,1008.0,14995.894531,1024.0,1024.0,163.607712,499800,64.0,1999.3
774600,48100,16046.616,36.802227,24.362152,0.727741,0.02044,9.099639,9.099639,9.099639,9.099639,0.046251,3e-06,0.017065,3.23449,0.025683,-3.243401,59.711899,0.976325,1.246356,117.643814,118.237328,1.533578,15360.0,1.396228,116.355133,116.146942,2.181427,1008.0,14996.349609,1024.0,1024.0,139.518524,499600,64.0,1999.3
775400,48150,16086.832,43.883907,30.012753,0.697359,0.02044,10.40799,10.40799,10.40799,10.40799,0.041261,3e-06,0.024832,4.071845,0.02741,-4.073807,59.824013,0.976303,1.272258,113.221558,113.863152,1.639759,15360.0,1.358265,111.936501,111.063019,2.008246,1008.0,14996.019531,1024.0,1024.0,243.466263,499400,64.0,1999.3
776200,48200,16100.597,46.447617,32.148323,0.735866,0.02044,10.709785,10.709785,10.709785,10.709785,0.054367,3e-06,0.034819,4.35821,0.029919,-4.386654,58.312675,0.976318,1.325865,130.399536,130.901352,1.744678,15360.0,1.338467,129.004776,129.352859,2.828263,1008.0,14996.245117,1024.0,1024.0,205.39415,499200,64.0,1999.3
777000,48250,16114.417,38.364887,26.047138,0.732332,0.02044,8.992938,8.992938,8.992938,8.992938,0.052803,3e-06,0.012956,3.786466,0.026431,-3.78253,57.722572,0.976301,1.241535,124.335098,124.581917,1.525683,15360.0,1.39418,123.384384,122.821091,2.73082,1008.0,14995.980469,1024.0,1024.0,197.450897,500000,64.0,1999.3
777800,48300,16128.14,35.305016,23.505182,0.648498,0.02044,8.678326,8.678326,8.678326,8.678326,0.036961,2e-06,0.027548,3.284621,0.033236,-3.314936,58.417213,0.976313,1.218362,122.204124,123.382439,1.941562,15360.0,1.129417,120.201889,120.278824,1.984569,1008.0,14996.164062,1024.0,1024.0,249.943649,499800,64.0,1999.3
778600,48350,16141.847,41.665894,28.277912,0.789999,0.02044,9.987997,9.987997,9.987997,9.987997,0.048288,3e-06,0.001314,3.731048,0.027802,-3.714036,56.771629,0.97631,1.219667,123.24099,123.32222,1.57839,15360.0,1.232556,122.093124,122.236732,2.038693,1008.0,14996.113281,1024.0,1024.0,210.145477,499600,64.0,1999.3
779400,48400,16155.662,45.132812,30.656755,0.707919,0.02044,10.991552,10.991552,10.991552,10.991552,0.045687,2e-06,0.030329,4.025095,0.03602,-4.022995,56.66423,0.976312,1.265981,125.642258,126.770447,2.041052,15360.0,1.202264,123.67926,123.025711,2.446275,1008.0,14996.152344,1024.0,1024.0,209.284775,499400,64.0,1999.3
780200,48450,16169.39,44.59396,30.859854,0.693094,0.02044,10.301113,10.301113,10.301113,10.301113,0.043907,2e-06,0.028607,4.346632,0.024898,-4.336096,56.11058,0.976305,1.273377,129.534607,130.013702,1.397051,15360.0,1.2912,127.943565,127.183914,2.424455,1008.0,14996.045898,1024.0,1024.0,215.890976,499200,64.0,1999.3
781000,48500,16183.179,41.462559,28.308979,0.747791,0.02044,9.754658,9.754658,9.754658,9.754658,0.050891,3e-06,0.012075,2.781621,0.0407,-2.806111,56.340302,0.976315,1.279029,115.066681,115.940598,2.29303,15360.0,1.21373,113.045502,113.422859,2.672324,1008.0,14996.203125,1024.0,1024.0,143.345795,500000,64.0,1999.3
781800,48550,16196.913,42.853245,29.877766,0.767805,0.02044,9.62911,9.62911,9.62911,9.62911,0.055036,2e-06,0.003932,4.016023,0.023911,-4.027049,55.566032,0.976305,1.225749,126.113968,126.472221,1.328662,15360.0,1.218451,125.107002,124.686363,1.966383,1008.0,14996.047852,1024.0,1024.0,189.703552,499800,64.0,1999.3
782600,48600,16210.716,44.2976,29.847095,0.740836,0.02044,10.926855,10.926855,10.926855,10.926855,0.049316,3e-06,0.022286,2.715086,0.034282,-2.707444,54.819801,0.97632,1.241826,118.302681,118.65004,1.879346,15360.0,1.351916,116.708771,116.00943,3.146775,1008.0,14996.28125,1024.0,1024.0,191.132309,499600,64.0,1999.3
783400,48650,16224.469,38.36478,25.483341,0.67915,0.02044,9.555157,9.555157,9.555157,9.555157,0.038527,2e-06,0.017093,3.34415,0.02976,-3.344948,53.395119,0.976309,1.260415,124.788513,125.481422,1.589062,15360.0,1.31222,123.256081,123.379288,2.313653,1008.0,14996.104492,1024.0,1024.0,207.640518,499400,64.0,1999.3
784200,48700,16238.29,41.103798,27.850115,0.708328,0.02044,9.854891,9.854891,9.854891,9.854891,0.045177,2e-06,0.016319,4.139768,0.022397,-4.128255,53.113556,0.976313,1.288453,129.557404,130.022141,1.189609,15360.0,1.265868,128.306488,127.980194,1.623106,1008.0,14996.169922,1024.0,1024.0,225.208328,499200,64.0,1999.3
785000,48750,16252.097,37.102947,24.898479,0.689778,0.02044,8.914412,8.914412,8.914412,8.914412,0.040252,3e-06,0.002867,2.766406,0.030438,-2.765418,51.769562,0.976317,1.286364,123.704224,124.224792,1.575766,15360.0,1.330559,122.384521,121.272652,2.295212,1008.0,14996.227539,1024.0,1024.0,203.453278,500000,64.0,1999.3
785800,48800,16265.748,39.265469,26.347324,0.631231,0.02044,9.643538,9.643538,9.643538,9.643538,0.030074,3e-06,0.003272,2.035836,0.03152,-2.05474,50.220047,0.976316,1.246789,118.285194,118.216118,1.582918,15360.0,1.361732,116.908684,115.653435,2.294136,1008.0,14996.212891,1024.0,1024.0,161.598312,499800,64.0,1999.3
786600,48850,16279.565,40.105808,27.058651,0.757897,0.02044,9.618795,9.618795,9.618795,9.618795,0.044591,3e-06,0.016549,2.80323,0.030355,-2.797637,50.803284,0.976297,1.279055,123.01812,123.202629,1.542129,15360.0,1.308464,121.637108,120.764099,2.231433,1008.0,14995.925781,1024.0,1024.0,157.06398,499600,64.0,1999.3
787400,48900,16293.279,34.431915,22.802603,0.74041,0.02044,8.29566,8.29566,8.29566,8.29566,0.051975,2e-06,0.011012,4.226526,0.017605,-4.237335,50.448891,0.976309,1.324311,135.108673,135.12326,0.888129,15360.0,1.359716,134.493301,134.365799,1.578632,1008.0,14996.107422,1024.0,1024.0,185.79245,499400,64.0,1999.3
788200,48950,16307.092,41.02639,27.841782,0.736458,0.02044,9.758785,9.758785,9.758785,9.758785,0.05409,2e-06,0.017539,2.984353,0.027933,-2.977111,49.162239,0.976311,1.261847,128.305618,128.874741,1.373253,15360.0,1.378844,126.691513,127.025818,2.858279,1008.0,14996.130859,1024.0,1024.0,172.299377,499200,64.0,1999.3
789000,49000,16320.822,38.352085,25.834476,0.770105,0.02044,9.130181,9.130181,9.130181,9.130181,0.056402,2e-06,0.0088,3.389952,0.022065,-3.40836,49.543854,0.976305,1.280759,127.989883,128.336044,1.093179,15360.0,1.314354,126.974129,126.577652,1.789023,1008.0,14996.037109,1024.0,1024.0,175.683823,500000,64.0,1999.3
789800,49050,16334.557,38.138336,25.785927,0.704919,0.02044,9.028515,9.028515,9.028515,9.028515,0.043582,2e-06,0.011152,2.897758,0.028203,-2.886544,49.250488,0.97631,1.271173,126.998627,127.370354,1.38902,15360.0,1.377859,125.908073,125.207458,1.711578,1008.0,14996.126953,1024.0,1024.0,191.426819,499800,64.0,1999.3
790600,49100,16348.38,36.63081,24.293844,0.811089,0.02044,8.873842,8.873842,8.873842,8.873842,0.059461,2e-06,0.011434,3.281315,0.032075,-3.307909,48.093498,0.976306,1.316378,131.362823,132.099838,1.542578,15360.0,1.388005,129.457352,130.376556,2.723036,1008.0,14996.064453,1024.0,1024.0,148.804947,499600,64.0,1999.3
791400,49150,16362.105,43.01638,29.55932,0.717993,0.02044,9.960367,9.960367,9.960367,9.960367,0.047338,3e-06,0.015327,2.760211,0.033619,-2.765049,48.456352,0.976308,1.291264,122.563416,122.734978,1.62904,15360.0,1.518768,121.354729,119.684433,2.971596,1008.0,14996.095703,1024.0,1024.0,156.945145,499400,64.0,1999.3
792200,49200,16375.907,33.10125,21.971031,0.662413,0.02044,7.968483,7.968483,7.968483,7.968483,0.04034,2e-06,0.010751,3.542351,0.019045,-3.548602,48.524582,0.976306,1.275,131.049408,131.251495,0.924141,15360.0,1.32094,129.827759,129.745605,1.459958,1008.0,14996.054688,1024.0,1024.0,148.393311,499200,64.0,1999.3
793000,49250,16389.643,37.695023,25.130959,0.687937,0.02044,9.227119,9.227119,9.227119,9.227119,0.041666,2e-06,0.016497,3.425393,0.023952,-3.413946,48.804459,0.976308,1.292546,128.350708,128.686584,1.168943,15360.0,1.322706,127.034988,126.477882,2.01618,1008.0,14996.09375,1024.0,1024.0,193.026459,500000,64.0,1999.3
793800,49300,16403.371,28.912935,18.667088,0.611864,0.02044,7.210454,7.210454,7.210454,7.210454,0.025764,2e-06,0.003698,2.916155,0.022149,-2.924293,49.243073,0.97632,1.270118,124.408279,124.685349,1.090704,15360.0,1.360762,122.933472,122.492569,1.334023,1008.0,14996.277344,1024.0,1024.0,165.169342,499800,64.0,1999.3
794600,49350,16417.076,40.697773,27.277399,0.814636,0.02044,9.879994,9.879994,9.879994,9.879994,0.057105,2e-06,0.019571,3.455269,0.025249,-3.442918,50.322533,0.976305,1.29374,128.227966,128.5867,1.270602,15360.0,1.34664,127.093094,127.294334,2.008131,1008.0,14996.037109,1024.0,1024.0,171.154205,499600,64.0,1999.3
795400,49400,16430.865,41.741535,28.2896,0.742834,0.02044,9.849627,9.849627,9.849627,9.849627,0.053165,2e-06,-0.005936,3.591126,0.037396,-3.589633,49.243134,0.976311,1.362059,132.24791,132.721619,1.841521,15360.0,1.659825,130.721024,130.532822,4.018717,1008.0,14996.132812,1024.0,1024.0,210.644516,499400,64.0,1999.3
796200,49450,16444.605,41.916256,28.673016,0.730675,0.02044,9.817385,9.817385,9.817385,9.817385,0.049375,2e-06,0.017562,2.877885,0.030834,-2.856282,49.352898,0.976309,1.256843,122.889061,123.490799,1.521739,15360.0,1.395309,121.09919,121.487305,2.413645,1008.0,14996.101562,1024.0,1024.0,188.029633,499200,64.0,1999.3
797000,49500,16458.439,39.476654,26.286842,0.78711,0.02044,9.70435,9.70435,9.70435,9.70435,0.056636,2e-06,0.006844,3.278291,0.023169,-3.302973,49.807518,0.976309,1.289692,129.792023,129.775909,1.153968,15360.0,1.369793,128.659164,127.932259,1.935083,1008.0,14996.111328,1024.0,1024.0,180.282516,500000,64.0,1999.3
797800,49550,16472.172,37.919659,25.139339,0.690659,0.02044,9.467791,9.467791,9.467791,9.467791,0.039055,2e-06,0.007763,3.567087,0.021585,-3.574127,48.371918,0.976313,1.249588,131.342163,131.739151,1.044126,15360.0,1.324341,130.014969,129.666626,1.522526,1008.0,14996.160156,1024.0,1024.0,185.358139,499800,64.0,1999.3
798600,49600,16485.892,42.510086,29.009024,0.668976,0.02044,10.036278,10.036278,10.036278,10.036278,0.044649,3e-06,0.017902,3.40775,0.028947,-3.379927,48.072289,0.976294,1.294721,130.865479,130.92485,1.391526,15360.0,1.53039,130.255066,128.916931,3.127628,1008.0,14995.869141,1024.0,1024.0,193.239853,499600,64.0,1999.3
799400,49650,16499.687,50.620872,35.373936,0.782572,0.02044,11.484571,11.484571,11.484571,11.484571,0.050384,3e-06,0.03012,2.947092,0.049032,-2.93483,47.872955,0.976319,1.309043,123.149681,123.458908,2.347301,15360.0,1.572435,121.957085,121.246346,4.207682,1008.0,14996.257812,1024.0,1024.0,262.049347,499400,64.0,1999.3
800200,49700,16539.794,36.528263,23.87022,0.76085,0.02044,9.289249,9.289249,9.289249,9.289249,0.055223,3e-06,0.002455,3.315668,0.023248,-3.309433,47.23378,0.976316,1.246569,126.884613,127.065094,1.098082,15360.0,1.365189,125.837265,125.37468,1.767721,1008.0,14996.214844,1024.0,1024.0,171.269516,499200,64.0,1999.3
801000,49750,16553.663,43.545872,30.081467,0.769766,0.02044,9.970444,9.970444,9.970444,9.970444,0.05589,3e-06,0.018347,3.488753,0.033078,-3.505387,47.96386,0.97631,1.277168,130.094055,130.430908,1.586527,15360.0,1.370661,128.760483,128.044968,2.409458,1008.0,14996.124023,1024.0,1024.0,205.877274,500000,64.0,1999.3
801800,49800,16567.315,47.094513,32.898746,0.750373,0.02044,10.637794,10.637794,10.637794,10.637794,0.051699,3e-06,0.015051,2.450338,0.039003,-2.458403,47.315887,0.976291,1.256371,122.744194,122.566109,1.84548,15360.0,1.506526,121.607536,121.03318,3.968465,1008.0,14995.833984,1024.0,1024.0,208.993805,499800,64.0,1999.3
802600,49850,16581.152,38.695873,25.859062,0.703621,0.02044,9.557291,9.557291,9.557291,9.557291,0.039397,2e-06,0.027225,2.399681,0.028767,-2.364748,46.461609,0.976309,1.157602,121.202034,121.499794,1.336572,15360.0,1.38301,119.307671,118.266716,2.50708,1008.0,14996.109375,1024.0,1024.0,205.15451,499600,64.0,1999.3
803400,49900,16594.991,45.597828,31.952667,0.721065,0.02044,10.227852,10.227852,10.227852,10.227852,0.042153,2e-06,0.009067,2.508637,0.038044,-2.490524,46.093979,0.976305,1.2248,120.561089,120.722099,1.753594,15360.0,1.397175,118.761124,117.625916,2.26577,1008.0,14996.043945,1024.0,1024.0,194.884216,499400,64.0,1999.3
804200,49950,16608.741,41.150951,28.148254,0.683408,0.02044,9.751419,9.751419,9.751419,9.751419,0.043595,2e-06,0.001053,1.863189,0.040099,-1.876127,45.824226,0.976307,1.148545,120.290535,120.779625,1.837487,15360.0,1.408952,118.449585,117.189583,2.848763,1008.0,14996.072266,1024.0,1024.0,205.334015,499200,64.0,1999.3
805000,50000,16622.455,40.730129,27.629148,0.760985,0.02044,9.732491,9.732491,9.732491,9.732491,0.050874,3e-06,0.013948,2.848431,0.031197,-2.856974,46.435822,0.976324,1.207023,126.026009,126.475983,1.448681,15360.0,1.309486,124.687309,123.837692,2.227664,1008.0,14996.331055,1024.0,1024.0,208.863663,500000,64.0,1999.3
805800,50050,16636.164,37.718319,24.792349,0.736033,0.02044,9.579069,9.579069,9.579069,9.579069,0.046935,2e-06,0.010932,3.269055,0.031573,-3.275801,45.571762,0.976318,1.20454,125.689888,126.003487,1.438846,15360.0,1.390147,124.081902,122.891426,2.177942,1008.0,14996.244141,1024.0,1024.0,191.418289,499800,64.0,1999.3
806600,50100,16649.956,38.795528,26.140001,0.751001,0.02044,9.282272,9.282272,9.282272,9.282272,0.055214,3e-06,0.010115,3.952764,0.023413,-3.928614,46.635818,0.976309,1.252266,136.244125,136.601624,1.091896,15360.0,1.370675,135.431198,134.796631,2.02645,1008.0,14996.099609,1024.0,1024.0,136.361786,499600,64.0,1999.3
807400,50150,16663.678,40.127796,26.751213,0.729393,0.02044,9.995844,9.995844,9.995844,9.995844,0.04896,3e-06,0.012324,2.930331,0.035167,-2.927206,46.371567,0.976322,1.192526,126.279404,127.101357,1.630732,15360.0,1.421566,124.09639,124.892334,2.522235,1008.0,14996.298828,1024.0,1024.0,172.71904,499400,64.0,1999.3
808200,50200,16677.462,36.741714,24.736382,0.658824,0.02044,8.903263,8.903263,8.903066,8.903066,0.035312,2e-06,0.006925,1.921375,0.030593,-1.938285,46.899811,0.976313,1.0948,117.799797,117.888657,1.434799,15360.0,1.435838,116.02433,115.091583,2.881313,1008.0,14996.171875,1024.0,1024.0,169.396362,499200,64.0,1999.3
809000,50250,16691.162,36.022381,23.744673,0.71465,0.02044,9.014081,9.014081,9.014081,9.014081,0.050224,2e-06,0.027559,3.689687,0.02415,-3.673415,46.860466,0.976302,1.210495,132.914108,133.267288,1.131696,15360.0,1.296907,131.418091,131.094681,2.038806,1008.0,14996.003906,1024.0,1024.0,202.440109,500000,64.0,1999.3
809800,50300,16704.873,40.377018,27.304712,0.688127,0.02044,9.770653,9.770653,9.770653,9.770653,0.044993,2e-06,0.015457,2.648805,0.040616,-2.64121,47.164215,0.976309,1.184463,124.681091,125.803505,1.915623,15360.0,1.386991,122.732819,122.984108,2.715103,1008.0,14996.111328,1024.0,1024.0,167.552673,499800,64.0,1999.3
810600,50350,16718.59,34.658222,22.629274,0.699954,0.02044,8.936594,8.936594,8.936594,8.936594,0.04002,2e-06,0.011362,2.067469,0.031934,-2.058306,45.691551,0.976303,1.085497,121.860603,122.423477,1.459122,15360.0,1.27148,119.830917,119.017982,1.785898,1008.0,14996.007812,1024.0,1024.0,313.734161,499600,64.0,1999.3
811400,50400,16732.394,40.114449,27.449282,0.620531,0.02044,9.519677,9.519677,9.519484,9.519484,0.030087,2e-06,0.009925,2.157063,0.036643,-2.134108,46.411774,0.976313,1.144517,120.744141,121.491577,1.70069,15360.0,1.327017,118.738464,117.703003,2.032358,1008.0,14996.166016,1024.0,1024.0,248.836395,499400,64.0,1999.3
812200,50450,16746.129,49.126366,34.048988,0.746022,0.02044,11.496677,11.496677,11.496677,11.496677,0.046804,2e-06,0.022427,2.512278,0.040738,-2.532937,46.296135,0.976302,1.199899,122.747925,123.515007,1.886027,15360.0,1.474155,120.686081,122.367271,3.68441,1008.0,14995.996094,1024.0,1024.0,185.290634,499200,64.0,1999.3
813000,50500,16759.914,37.212818,25.000668,0.82363,0.02044,8.889924,8.889924,8.889924,8.889924,0.065365,2e-06,0.013942,3.367283,0.023571,-3.361009,46.704323,0.976309,1.169756,130.897522,131.257126,1.100883,15360.0,1.351562,129.707672,129.161316,1.991155,1008.0,14996.109375,1024.0,1024.0,169.597839,500000,64.0,1999.3
813800,50550,16773.515,35.221092,23.765556,0.791312,0.02044,8.170783,8.170783,8.170783,8.170783,0.060016,2e-06,0.004677,4.303298,0.020706,-4.304406,47.162003,0.976315,1.245744,135.501343,135.526413,0.976543,15360.0,1.35168,134.67923,134.037186,1.770046,1008.0,14996.191406,1024.0,1024.0,181.437653,499800,64.0,1999.3
814600,50600,16787.372,40.988476,27.725166,0.748588,0.02044,9.830487,9.830487,9.830487,9.830487,0.056561,3e-06,0.005963,4.305011,0.021341,-4.31966,46.698196,0.976297,1.270287,135.020645,135.088089,0.996604,15360.0,1.348322,133.989441,133.022949,2.019174,1008.0,14995.927734,1024.0,1024.0,225.128342,499600,64.0,1999.3
815400,50650,16801.166,37.312035,24.678011,0.757521,0.02044,9.334988,9.334988,9.334988,9.334988,0.059562,3e-06,0.021902,3.654299,0.025914,-3.657938,45.798248,0.97632,1.178267,133.216827,133.765213,1.186837,15360.0,1.291346,132.072723,132.075928,1.756805,1008.0,14996.279297,1024.0,1024.0,191.634552,499400,64.0,1999.3
816200,50700,16815.019,38.020844,25.484375,0.758236,0.02044,9.237964,9.237964,9.237964,9.237964,0.056234,2e-06,0.010414,3.905135,0.022529,-3.89436,45.545326,0.976314,1.202402,135.590271,135.899643,1.026073,15360.0,1.277379,134.566956,133.879242,1.580757,1008.0,14996.178711,1024.0,1024.0,149.982346,499200,64.0,1999.3
817000,50750,16828.796,37.594418,25.277178,0.705843,0.02044,9.056917,9.056917,9.056917,9.056917,0.042402,2e-06,0.012068,3.982767,0.022792,-3.999825,44.753242,0.976308,1.222779,135.292114,135.547028,1.020001,15360.0,1.311661,134.098404,133.781906,1.507126,1008.0,14996.095703,1024.0,1024.0,197.329086,500000,64.0,1999.3
817800,50800,16842.4,41.010101,28.232014,0.748107,0.02044,9.592079,9.592079,9.592079,9.592079,0.046974,2e-06,0.019935,2.072868,0.041969,-2.097055,43.492416,0.976299,1.060647,125.163765,125.761688,1.825314,15360.0,1.258891,123.407036,122.518982,2.675163,1008.0,14995.953125,1024.0,1024.0,183.726059,499800,64.0,1999.3
818600,50850,16856.205,44.089672,29.893385,0.716936,0.02044,10.860567,10.860567,10.860567,10.860567,0.044241,2e-06,0.017514,2.954977,0.036848,-2.939013,43.439087,0.976304,1.125148,126.111969,126.533333,1.600632,15360.0,1.23208,124.694176,124.004318,2.0302,1008.0,14996.03125,1024.0,1024.0,255.268707,499600,64.0,1999.3
819400,50900,16869.93,38.036945,25.554415,0.742041,0.02044,9.332392,9.332392,9.332392,9.332392,0.049878,2e-06,0.024611,2.326373,0.033237,-2.333159,44.477776,0.976302,1.052035,128.266159,128.371307,1.478303,15360.0,1.259245,126.986877,125.221245,2.745166,1008.0,14996.001953,1024.0,1024.0,195.437195,499400,64.0,1999.3
820200,50950,16883.733,35.930607,23.599964,0.707656,0.02044,9.154762,9.154762,9.154762,9.154762,0.045102,2e-06,0.013714,3.352892,0.03289,-3.354834,44.667236,0.976307,1.158383,131.417892,131.930893,1.469105,15360.0,1.200684,130.258774,130.068954,1.770466,1008.0,14996.082031,1024.0,1024.0,157.594162,499200,64.0,1999.3
821000,51000,16897.449,38.160786,25.176781,0.740504,0.02044,9.761598,9.761598,9.761598,9.761598,0.051394,2e-06,0.02033,2.904062,0.033776,-2.924799,44.518669,0.976315,1.121406,130.693115,131.244659,1.503668,15360.0,1.145233,128.913895,128.281769,1.832686,1008.0,14996.196289,1024.0,1024.0,159.738708,500000,64.0,1999.3
821800,51050,16911.161,37.159363,25.338062,0.729043,0.02044,8.675785,8.675785,8.675785,8.675785,0.054795,3e-06,0.044895,3.029487,0.039264,-3.015918,44.010994,0.9763,1.132833,127.116844,127.780342,1.728041,15360.0,1.169104,125.516068,125.330048,2.150068,1008.0,14995.964844,1024.0,1024.0,192.747101,499800,64.0,1999.3
822600,51100,16924.955,35.746544,23.341518,0.681204,0.02044,9.209332,9.209332,9.209332,9.209332,0.037652,2e-06,0.011569,3.900522,0.02649,-3.915457,43.953094,0.976309,1.185743,136.703232,137.093079,1.164297,15360.0,1.252682,135.739777,134.968765,1.742113,1008.0,14996.111328,1024.0,1024.0,210.257797,499600,64.0,1999.3
823400,51150,16938.673,42.209713,28.819668,0.726355,0.02044,10.03564,10.03564,10.03564,10.03564,0.055366,2e-06,0.027105,3.719667,0.030618,-3.721372,43.668587,0.976309,1.187293,132.691742,133.16861,1.337059,15360.0,1.298824,131.534866,131.386719,2.270514,1008.0,14996.104492,1024.0,1024.0,182.730515,499400,64.0,1999.3
824200,51200,16952.428,38.337677,25.996035,0.710889,0.02044,9.182037,9.182037,9.182037,9.182037,0.047749,2e-06,0.015192,2.512235,0.0487,-2.487884,43.748985,0.976312,1.14075,127.103394,128.008759,2.130555,15360.0,1.180434,125.095444,126.038742,2.797131,1008.0,14996.15625,1024.0,1024.0,177.921326,499200,64.0,1999.3
825000,51250,16966.292,40.838623,27.810997,0.717008,0.02044,9.876721,9.876721,9.876721,9.876721,0.04775,3e-06,0.00723,3.004491,0.032931,-2.986086,43.500786,0.976321,1.085214,131.769775,132.252579,1.43251,15360.0,1.111134,130.290375,130.072632,1.873284,1008.0,14996.296875,1024.0,1024.0,285.00528,500000,64.0,1999.3
825800,51300,17006.504,42.379528,29.129593,0.774983,0.02044,9.877518,9.877518,9.877518,9.877518,0.056023,2e-06,0.003565,3.420007,0.032143,-3.403739,42.979881,0.976312,1.182102,136.365173,136.276443,1.381487,15360.0,1.345252,135.185349,133.956757,2.981556,1008.0,14996.146484,1024.0,1024.0,185.20015,499800,64.0,1999.3
826600,51350,17020.301,40.26807,27.250219,0.657447,0.02044,9.941754,9.941754,9.941754,9.941754,0.035919,3e-06,0.008888,2.797262,0.034412,-2.770247,42.262047,0.976315,1.064074,129.511856,129.771484,1.454325,15360.0,1.103571,128.081238,126.897202,2.390123,1008.0,14996.205078,1024.0,1024.0,202.562515,499600,64.0,1999.3
827400,51400,17034.1,39.945496,27.369375,0.726638,0.02044,9.436056,9.436056,9.436056,9.436056,0.046014,2e-06,0.01339,2.88494,0.034871,-2.881179,41.561859,0.976309,1.112154,134.35022,134.645798,1.449313,15360.0,1.079437,133.141663,132.819168,1.73048,1008.0,14996.111328,1024.0,1024.0,175.140976,499400,64.0,1999.3
828200,51450,17047.871,40.076317,26.255896,0.714915,0.02044,10.560083,10.560083,10.560083,10.560083,0.047928,2e-06,-0.003375,3.37376,0.031437,-3.369083,41.325829,0.976317,1.112002,134.113846,134.292786,1.299168,15360.0,1.201161,133.057419,131.236496,2.671799,1008.0,14996.228516,1024.0,1024.0,226.699921,499200,64.0,1999.3
829000,51500,17061.734,41.252213,27.788683,0.745342,0.02044,10.181412,10.181412,10.181412,10.181412,0.047592,2e-06,0.015163,2.425289,0.03989,-2.422746,40.345581,0.976312,1.160741,131.651413,132.461456,1.60939,15360.0,1.074296,129.604553,129.950439,1.82043,1008.0,14996.154297,1024.0,1024.0,244.864746,500000,64.0,1999.3
829800,51550,17075.465,44.169643,30.531609,0.746915,0.02044,10.263414,10.263414,10.263414,10.263414,0.049151,2e-06,0.02618,2.95496,0.03528,-2.956843,40.18927,0.976315,1.190828,132.921234,133.121811,1.417878,15360.0,1.213057,131.622238,130.522858,2.487231,1008.0,14996.196289,1024.0,1024.0,237.44281,499800,64.0,1999.3
830600,51600,17089.196,42.821831,29.124336,0.758261,0.02044,10.31589,10.31589,10.31589,10.31589,0.054057,2e-06,0.015585,3.238166,0.033607,-3.227209,39.842308,0.976311,1.177957,135.282898,135.297653,1.338991,15360.0,1.259234,134.045334,131.758469,3.351544,1008.0,14996.134766,1024.0,1024.0,151.34259,499600,64.0,1999.3
831400,51650,17103.035,41.818607,28.3377,0.761104,0.02044,10.107602,10.107602,10.107602,10.107602,0.056999,2e-06,0.011026,3.701879,0.031133,-3.698354,39.877243,0.976312,1.206677,139.165985,139.60495,1.241516,15360.0,1.211,138.001694,138.174301,1.813186,1008.0,14996.150391,1024.0,1024.0,160.22998,499400,64.0,1999.3
832200,51700,17116.819,38.338081,25.757931,0.742706,0.02044,9.328258,9.328258,9.328258,9.328258,0.052322,2e-06,0.010175,2.92329,0.036672,-2.912889,40.18737,0.976298,1.189238,135.651291,136.327316,1.473739,15360.0,1.188361,134.115341,134.479858,2.130903,1008.0,14995.9375,1024.0,1024.0,208.605667,499200,64.0,1999.3
833000,51750,17130.615,39.955124,27.04073,0.74209,0.02044,9.64784,9.64784,9.64784,9.64784,0.046446,2e-06,0.006484,2.579509,0.036511,-2.581802,40.471916,0.976305,1.179761,132.153488,132.432556,1.477682,15360.0,1.176639,130.874329,129.343674,2.597549,1008.0,14996.050781,1024.0,1024.0,222.937927,500000,64.0,1999.3
833800,51800,17144.322,41.803883,28.373955,0.81065,0.02044,10.024574,10.024574,10.024574,10.024574,0.068249,2e-06,0.018638,3.150708,0.033963,-3.150659,40.118294,0.97631,1.199436,135.094574,135.531296,1.362527,15360.0,1.179098,133.41774,133.407623,2.243737,1008.0,14996.116211,1024.0,1024.0,206.495758,499800,64.0,1999.3
834600,51850,17158.039,36.99955,24.850805,0.748666,0.02044,8.904879,8.904879,8.904879,8.904879,0.053724,2e-06,0.003479,2.993122,0.029985,-3.021961,40.236504,0.976311,1.212688,135.86145,136.002609,1.206495,15360.0,1.227013,134.634171,133.707703,2.498677,1008.0,14996.140625,1024.0,1024.0,140.232773,499600,64.0,1999.3
835400,51900,17171.888,47.097755,32.22287,0.695661,0.02044,11.497756,11.497756,11.497756,11.497756,0.045941,2e-06,0.010927,2.498861,0.039558,-2.493139,41.181068,0.97631,1.156414,129.105362,129.099289,1.629041,15360.0,1.146362,127.716553,126.542183,2.673529,1008.0,14996.125,1024.0,1024.0,184.710663,499400,64.0,1999.3
836200,51950,17185.65,38.021942,25.325985,0.769745,0.02044,9.348313,9.348313,9.348313,9.348313,0.055664,2e-06,0.034888,4.132177,0.027477,-4.134101,41.490501,0.976302,1.20222,141.63797,142.216049,1.140051,15360.0,1.285068,140.425003,141.285782,2.053244,1008.0,14996.003906,1024.0,1024.0,184.549667,499200,64.0,1999.3
837000,52000,17199.462,41.627445,27.912815,0.7134,0.02044,10.422466,10.422466,10.422466,10.422466,0.043527,2e-06,0.008173,2.757011,0.035698,-2.7735,40.473404,0.976311,1.159065,132.160568,132.4785,1.444825,15360.0,1.162784,130.555222,129.75383,2.16104,1008.0,14996.132812,1024.0,1024.0,167.073029,500000,64.0,1999.3
837800,52050,17213.1,44.522953,30.150433,0.776863,0.02044,10.905336,10.905336,10.905336,10.905336,0.056931,2e-06,0.012017,2.991549,0.040459,-2.969384,40.216667,0.976314,1.205485,135.144974,135.637192,1.627122,15360.0,1.206144,133.695282,131.748459,2.688908,1008.0,14996.177734,1024.0,1024.0,201.006271,499800,64.0,1999.3
838600,52100,17226.932,38.147045,25.713589,0.840019,0.02044,9.129115,9.129115,9.129115,9.129115,0.069062,2e-06,0.026545,3.047728,0.035525,-3.06031,39.281609,0.976311,1.162523,134.893127,135.380066,1.395483,15360.0,1.139679,133.498688,133.009995,1.925653,1008.0,14996.140625,1024.0,1024.0,198.087799,499600,64.0,1999.3
839400,52150,17240.743,45.732418,31.472462,0.666106,0.02044,10.968037,10.968037,10.968037,10.968037,0.043764,3e-06,0.007234,2.340078,0.037589,-2.34736,40.7957,0.97632,1.138826,130.540909,130.504135,1.533478,15360.0,1.208368,129.060516,127.925598,3.32712,1008.0,14996.277344,1024.0,1024.0,188.574646,499400,64.0,1999.3
840200,52200,17254.462,40.119946,27.222275,0.752744,0.02044,9.599707,9.599707,9.599707,9.599707,0.054954,2e-06,0.019241,3.153512,0.034978,-3.174235,40.757538,0.97631,1.185,135.359085,135.946442,1.425611,15360.0,1.201866,133.968323,133.466812,2.118215,1008.0,14996.113281,1024.0,1024.0,158.862274,499200,64.0,1999.3
841000,52250,17268.261,46.707062,32.306599,0.754896,0.02044,10.974623,10.974623,10.974623,10.974623,0.060828,3e-06,0.008582,2.771653,0.039811,-2.799812,41.407097,0.976296,1.158368,137.460648,138.120209,1.648461,15360.0,1.286982,135.852631,137.37442,3.165701,1008.0,14995.908203,1024.0,1024.0,189.700836,500000,64.0,1999.3
841800,52300,17281.967,41.92408,28.213717,0.708061,0.02044,10.430311,10.430311,10.430311,10.430311,0.048119,2e-06,0.0109,3.176833,0.029125,-3.17675,41.810379,0.976311,1.127926,136.238617,136.384003,1.21772,15360.0,1.23233,135.040573,134.879486,2.759861,1008.0,14996.132812,1024.0,1024.0,211.487366,499800,64.0,1999.3
842600,52350,17295.706,41.890835,28.563982,0.770733,0.02044,9.964223,9.964223,9.964223,9.964223,0.049926,3e-06,0.002228,2.101576,0.040306,-2.106696,43.108223,0.976322,1.196578,128.073364,128.15979,1.737534,15360.0,1.254095,126.834801,126.326736,2.928446,1008.0,14996.298828,1024.0,1024.0,198.281845,499600,64.0,1999.3
843400,52400,17309.488,40.109753,26.732016,0.73447,0.02044,10.057123,10.057123,10.057123,10.057123,0.05601,2e-06,0.01735,2.666418,0.035256,-2.634328,41.945984,0.976305,1.166768,133.941742,134.360764,1.478827,15360.0,1.252908,132.293594,132.137817,2.869157,1008.0,14996.050781,1024.0,1024.0,180.062286,499400,64.0,1999.3
844200,52450,17323.198,47.835812,33.166519,0.767632,0.02044,11.18749,11.18749,11.18749,11.18749,0.061309,2e-06,0.023252,3.095002,0.044675,-3.093445,40.860985,0.976312,1.18013,137.197296,137.508911,1.825478,15360.0,1.238668,135.666977,136.04393,2.791147,1008.0,14996.145508,1024.0,1024.0,173.417801,499200,64.0,1999.3
845000,52500,17337.004,39.562515,26.816036,0.650733,0.02044,9.57574,9.57574,9.57574,9.57574,0.038152,2e-06,0.004501,3.178605,0.032974,-3.205037,41.40377,0.97631,1.177354,135.595703,135.941437,1.36525,15360.0,1.200454,134.256729,133.068634,2.313833,1008.0,14996.126953,1024.0,1024.0,155.901794,500000,64.0,1999.3
845800,52550,17350.717,40.448971,27.698616,0.735478,0.02044,9.585332,9.585332,9.585332,9.585332,0.048106,2e-06,0.032998,3.920142,0.024522,-3.908867,40.803268,0.976312,1.075351,137.378555,137.700592,1.000576,15360.0,1.140732,136.458344,135.86554,1.936338,1008.0,14996.150391,1024.0,1024.0,149.097473,499800,64.0,1999.3
846600,52600,17364.428,46.618008,32.857414,0.728884,0.02044,10.440395,10.440395,10.440395,10.440395,0.055703,2e-06,0.017116,2.942957,0.040522,-2.950578,42.770958,0.976303,1.127529,136.085861,136.705551,1.733167,15360.0,1.273967,134.700348,133.804733,2.907314,1008.0,14996.009766,1024.0,1024.0,198.935272,499600,64.0,1999.3
847400,52650,17378.221,49.757393,34.536232,0.772857,0.02044,11.765169,11.765169,11.765169,11.765169,0.068583,2e-06,0.006124,3.756045,0.031506,-3.751987,42.122475,0.976303,1.100553,137.304352,137.49472,1.327128,15360.0,1.265003,136.110245,135.632614,2.940353,1008.0,14996.015625,1024.0,1024.0,180.68103,499400,64.0,1999.3
848200,52700,17391.939,38.105347,25.417847,0.677463,0.02044,9.570307,9.570307,9.570307,9.570307,0.036938,2e-06,0.02074,2.145302,0.035022,-2.144902,43.134857,0.976314,1.116175,126.457771,126.530716,1.510689,15360.0,1.084478,124.743034,123.513092,1.900874,1008.0,14996.189453,1024.0,1024.0,235.928726,499200,64.0,1999.3
849000,52750,17405.741,45.282581,31.194431,0.748364,0.02044,10.829584,10.829584,10.829584,10.829584,0.051228,2e-06,3e-06,3.380676,0.036174,-3.393597,42.652702,0.976313,1.078249,137.375122,138.259903,1.542925,15360.0,1.095176,135.939148,135.984482,2.100247,1008.0,14996.162109,1024.0,1024.0,206.326675,500000,64.0,1999.3
849800,52800,17419.351,45.854256,31.343916,0.839468,0.02044,11.108068,11.108068,11.108068,11.108068,0.062099,2e-06,0.022586,2.766875,0.036775,-2.768612,41.825714,0.976304,1.081819,132.493973,133.144943,1.538155,15360.0,1.090524,130.708191,130.775299,2.624359,1008.0,14996.029297,1024.0,1024.0,164.778534,499800,64.0,1999.3
850600,52850,17459.53,45.066448,31.376505,0.712932,0.02044,10.38775,10.38775,10.38775,10.38775,0.042652,2e-06,-0.00081,1.384625,0.056194,-1.382091,40.394112,0.976295,1.165229,129.858002,131.102753,2.269903,15360.0,1.218776,126.914703,127.388016,2.872919,1008.0,14995.888672,1024.0,1024.0,189.428299,499600,64.0,1999.3
851400,52900,17473.271,42.399445,29.214622,0.769114,0.02044,9.906013,9.906013,9.906013,9.906013,0.054599,2e-06,-0.004325,3.204218,0.032558,-3.209326,41.16082,0.976306,1.152207,138.123444,138.363098,1.340096,15360.0,1.169235,136.712662,135.941544,1.835306,1008.0,14996.058594,1024.0,1024.0,268.361603,499400,64.0,1999.3
852200,52950,17487.052,37.802956,25.346432,0.726293,0.02044,9.327964,9.327964,9.327964,9.327964,0.048391,2e-06,0.013172,3.279497,0.026475,-3.3001,41.840027,0.976298,1.099599,138.609589,139.014725,1.10773,15360.0,1.120856,137.317688,137.281525,1.529182,1008.0,14995.941406,1024.0,1024.0,164.642075,499200,64.0,1999.3
853000,53000,17500.743,38.681267,25.709267,0.750471,0.02044,9.806629,9.806629,9.806629,9.806629,0.051998,2e-06,-0.006261,2.609432,0.031786,-2.585083,40.865402,0.976311,1.097189,134.38353,134.745804,1.298962,15360.0,1.076228,133.051437,131.510925,2.499681,1008.0,14996.141602,1024.0,1024.0,149.927658,500000,64.0,1999.3
853800,53050,17514.431,37.667385,25.705931,0.743092,0.02044,8.851694,8.851694,8.851694,8.851694,0.058382,2e-06,-0.003671,3.424542,0.034916,-3.416136,40.523781,0.976301,1.124908,140.250687,140.754364,1.414946,15360.0,1.132722,138.747467,138.823334,2.225111,1008.0,14995.986328,1024.0,1024.0,214.164337,499800,64.0,1999.3
854600,53100,17528.152,40.962101,27.870304,0.688353,0.02044,9.901037,9.901037,9.901037,9.901037,0.042093,2e-06,0.017528,2.92381,0.032239,-2.9208,40.321732,0.976308,1.099842,136.81134,137.12178,1.299941,15360.0,1.248312,135.297943,133.336777,2.639023,1008.0,14996.087891,1024.0,1024.0,198.551575,499600,64.0,1999.3
855400,53150,17541.952,47.84948,33.630234,0.691228,0.02044,10.909343,10.909343,10.909343,10.909343,0.05038,3e-06,0.001719,2.045745,0.050624,-2.034739,40.488609,0.976311,1.140981,132.223312,133.124619,2.049701,15360.0,1.215334,129.621719,129.392365,3.008838,1008.0,14996.138672,1024.0,1024.0,258.279877,499400,64.0,1999.3
856200,53200,17555.685,38.290382,25.673607,0.671965,0.02044,9.512707,9.512707,9.512707,9.512707,0.039599,2e-06,0.018436,3.410164,0.026807,-3.416087,41.076286,0.976306,1.093487,139.24881,139.576889,1.101123,15360.0,1.161563,137.830399,137.091171,1.899351,1008.0,14996.0625,1024.0,1024.0,201.080887,499200,64.0,1999.3
857000,53250,17569.504,45.36134,31.882517,0.746198,0.02044,10.199533,10.199533,10.199533,10.199533,0.050818,3e-06,0.009328,2.768008,0.040193,-2.759811,41.143745,0.976313,1.113984,132.303558,132.766937,1.653711,15360.0,1.231288,130.684189,129.104691,2.446775,1008.0,14996.160156,1024.0,1024.0,190.214737,500000,64.0,1999.3
857800,53300,17583.148,39.904892,26.939142,0.673424,0.02044,9.742464,9.742464,9.742464,9.742464,0.035425,2e-06,0.008924,1.855579,0.035048,-1.850187,40.452507,0.976313,1.174257,132.544174,133.009232,1.417775,15360.0,1.239973,130.379257,130.1064,2.016483,1008.0,14996.166016,1024.0,1024.0,160.740341,499800,64.0,1999.3
858600,53350,17596.97,42.979729,29.88205,0.699213,0.02044,9.956236,9.956236,9.956236,9.956236,0.042789,3e-06,0.027331,3.811551,0.02934,-3.801939,40.188828,0.976294,1.051366,141.376587,141.778549,1.179139,15360.0,1.158228,140.535034,139.628723,1.972319,1008.0,14995.878906,1024.0,1024.0,245.363739,499600,64.0,1999.3
859400,53400,17610.707,40.862999,27.483183,0.754019,0.02044,10.15607,10.15607,10.15607,10.15607,0.057277,2e-06,0.02061,3.62308,0.026694,-3.641661,39.63723,0.976309,1.057745,141.691483,141.859573,1.058084,15360.0,1.184428,140.613388,139.62262,2.362887,1008.0,14996.101562,1024.0,1024.0,175.649521,499400,64.0,1999.3
860200,53450,17624.518,40.132206,27.110516,0.671723,0.02044,9.897614,9.897614,9.897614,9.897614,0.04218,2e-06,0.021449,2.952083,0.030013,-2.974283,39.798668,0.976303,1.080791,136.994766,137.336884,1.194483,15360.0,1.133023,135.513931,134.72319,1.873378,1008.0,14996.017578,1024.0,1024.0,195.722534,499200,64.0,1999.3
861000,53500,17638.241,41.196751,27.840622,0.753865,0.02044,10.120663,10.120663,10.120663,10.120663,0.053945,2e-06,0.027098,2.837533,0.029381,-2.844338,41.19928,0.976301,1.075455,135.852295,136.247681,1.210464,15360.0,1.155146,134.256332,133.072464,1.864316,1008.0,14995.976562,1024.0,1024.0,228.720642,500000,64.0,1999.3
861800,53550,17651.981,41.602345,28.48946,0.826523,0.02044,9.923812,9.923812,9.923812,9.923812,0.064395,2e-06,0.018814,3.932759,0.024434,-3.934472,40.974228,0.97631,0.993664,140.252762,140.519211,1.001165,15360.0,1.124166,139.404419,139.664261,2.097258,1008.0,14996.124023,1024.0,1024.0,226.074005,499800,64.0,1999.3
862600,53600,17665.825,40.411999,27.516552,0.751879,0.02044,9.72832,9.72832,9.72832,9.72832,0.055307,2e-06,0.010523,3.48785,0.02893,-3.493981,39.967018,0.976306,1.070653,136.46199,136.769958,1.156247,15360.0,1.135986,135.101135,134.3246,1.833564,1008.0,14996.061523,1024.0,1024.0,198.820648,499600,64.0,1999.3
863400,53650,17679.548,40.255203,27.53367,0.750553,0.02044,9.571131,9.571131,9.571131,9.571131,0.051555,2e-06,-0.002888,2.985997,0.032533,-2.987171,40.49601,0.976309,1.074624,138.870468,139.524002,1.317477,15360.0,1.168547,136.956604,136.804245,1.692537,1008.0,14996.111328,1024.0,1024.0,206.936981,499400,64.0,1999.3
864200,53700,17693.373,38.344269,25.607222,0.729293,0.02044,9.649055,9.649055,9.649055,9.649055,0.051886,2e-06,0.013528,4.230842,0.023391,-4.249261,40.686134,0.976304,1.021752,143.344711,143.478256,0.951675,15360.0,1.126901,142.450058,141.681122,1.775389,1008.0,14996.03125,1024.0,1024.0,156.349121,499200,64.0,1999.3
865000,53750,17707.095,38.748672,25.980865,0.767093,0.02044,9.559397,9.559397,9.559397,9.559397,0.056518,2e-06,0.014761,2.98421,0.025547,-2.98255,40.08857,0.976307,1.092714,136.656723,137.010162,1.024146,15360.0,1.191531,135.187363,134.18924,1.854936,1008.0,14996.069336,1024.0,1024.0,168.260651,500000,64.0,1999.3
865800,53800,17720.807,37.870132,25.805511,0.729395,0.02044,9.080409,9.080409,9.080409,9.080409,0.052209,2e-06,0.001514,4.14806,0.024478,-4.137859,39.532516,0.976308,0.996218,143.971375,144.018555,0.967673,15360.0,1.095358,143.049088,142.029129,1.937466,1008.0,14996.095703,1024.0,1024.0,211.871506,499800,64.0,1999.3
866600,53850,17734.523,37.318348,25.177088,0.662777,0.02044,9.111872,9.111872,9.111872,9.111872,0.034019,2e-06,0.014376,2.614191,0.032523,-2.628009,40.208984,0.976312,1.080879,135.074585,135.685791,1.3077,15360.0,1.132427,133.155853,133.04213,1.594536,1008.0,14996.146484,1024.0,1024.0,205.738327,499600,64.0,1999.3
867400,53900,17748.306,38.217358,25.324612,0.739011,0.02044,9.725541,9.725541,9.725541,9.725541,0.05164,2e-06,0.00366,2.984776,0.029904,-2.972491,39.625633,0.976304,1.081786,137.818497,138.054611,1.184971,15360.0,1.165842,136.15741,135.835526,1.936154,1008.0,14996.023438,1024.0,1024.0,162.062805,499400,64.0,1999.3
868200,53950,17762.008,40.188122,27.726913,0.743108,0.02044,9.43508,9.43508,9.43508,9.43508,0.054047,2e-06,0.025324,3.511163,0.033737,-3.500035,39.484276,0.976313,0.978714,141.051117,141.793076,1.332095,15360.0,1.050127,139.653381,139.829681,1.884686,1008.0,14996.166016,1024.0,1024.0,209.89064,499200,64.0,1999.3
869000,54000,17775.803,39.728836,27.058735,0.658439,0.02044,9.629509,9.629509,9.629509,9.629509,0.036551,2e-06,0.002081,2.791344,0.032174,-2.812202,39.588219,0.976307,1.051082,137.056091,137.510559,1.273719,15360.0,1.151983,135.330643,134.750046,1.903328,1008.0,14996.082031,1024.0,1024.0,238.382385,500000,64.0,1999.3
869800,54050,17789.539,44.50351,30.48241,0.784413,0.02044,10.742053,10.742053,10.742053,10.742053,0.058007,2e-06,0.015512,2.757813,0.035219,-2.782878,38.67186,0.97631,1.027396,137.334381,137.68924,1.361977,15360.0,1.190269,135.852478,134.612076,2.416611,1008.0,14996.113281,1024.0,1024.0,182.938156,499800,64.0,1999.3
870600,54100,17803.264,39.82869,27.028778,0.725296,0.02044,9.761631,9.761631,9.761631,9.761631,0.049365,3e-06,0.028519,3.127763,0.032354,-3.122805,39.640633,0.97629,0.956065,139.987061,140.458633,1.282549,15360.0,1.105986,138.674576,138.292511,2.198389,1008.0,14995.814453,1024.0,1024.0,175.734589,499600,64.0,1999.3
871400,54150,17817.053,40.709557,27.888771,0.706651,0.02044,9.721799,9.721799,9.721799,9.721799,0.051363,2e-06,0.005457,3.093413,0.035493,-3.109061,38.684837,0.976308,1.028388,138.166672,138.295517,1.373054,15360.0,1.219576,137.093597,136.412613,3.29146,1008.0,14996.089844,1024.0,1024.0,200.369034,499400,64.0,1999.3
872200,54200,17830.76,37.285175,24.87244,0.766364,0.02044,9.351589,9.351589,9.351589,9.351589,0.062012,2e-06,0.029231,3.550118,0.029766,-3.569676,38.141403,0.976306,0.971331,140.837738,141.342453,1.135327,15360.0,1.128749,139.597504,139.897934,2.370876,1008.0,14996.066406,1024.0,1024.0,187.666138,499200,64.0,1999.3
873000,54250,17844.54,46.163471,32.496513,0.698701,0.02044,10.554848,10.554848,10.554848,10.554848,0.045205,2e-06,0.012657,2.657354,0.037426,-2.652467,38.477547,0.976313,0.984335,138.700333,139.264603,1.440073,15360.0,1.134984,136.829407,136.169052,2.232713,1008.0,14996.171875,1024.0,1024.0,188.799057,500000,64.0,1999.3
873800,54300,17858.155,38.372093,25.854408,0.724687,0.02044,9.426439,9.426439,9.426439,9.426439,0.04613,2e-06,0.005715,2.529,0.036839,-2.515404,39.391907,0.976318,1.057707,137.244675,137.731171,1.451146,15360.0,1.133501,135.382599,134.784714,1.851254,1008.0,14996.240234,1024.0,1024.0,216.626434,499800,64.0,1999.3
874600,54350,17871.966,39.15871,26.104086,0.710001,0.02044,9.968231,9.968231,9.968231,9.968231,0.045226,3e-06,0.015013,3.082582,0.030985,-3.082344,38.44149,0.976291,1.003732,140.221619,140.470261,1.191115,15360.0,1.134622,138.904343,137.870972,2.215213,1008.0,14995.829102,1024.0,1024.0,162.795181,499600,64.0,1999.3
875400,54400,17912.06,40.897907,27.944565,0.68556,0.02044,9.897137,9.897137,9.897137,9.897137,0.044939,2e-06,-0.002431,3.185239,0.032912,-3.194546,38.619263,0.976312,1.029887,139.422241,139.669891,1.271032,15360.0,1.110125,138.165329,137.32283,1.766175,1008.0,14996.146484,1024.0,1024.0,188.0867,499400,64.0,1999.3
876200,54450,17925.893,43.369064,29.384771,0.650232,0.02044,10.761836,10.761836,10.761836,10.761836,0.035912,2e-06,0.036625,2.266767,0.046269,-2.273828,38.676781,0.976314,1.074867,132.474747,133.11557,1.78953,15360.0,1.213699,130.256546,129.432922,2.503512,1008.0,14996.177734,1024.0,1024.0,180.767303,499200,64.0,1999.3
877000,54500,17939.678,44.865765,31.187603,0.688445,0.02044,10.585005,10.585005,10.585005,10.585005,0.044991,2e-06,0.011645,3.617287,0.043565,-3.583613,39.247093,0.976305,0.996451,140.054626,140.911819,1.709794,15360.0,1.058921,138.328293,137.585785,2.206565,1008.0,14996.037109,1024.0,1024.0,179.196335,500000,64.0,1999.3
877800,54550,17953.304,49.417656,34.648788,0.736141,0.02044,11.462318,11.462318,11.462318,11.462318,0.053377,3e-06,0.01452,2.332228,0.049874,-2.331131,39.160416,0.976313,1.041101,134.591461,135.313232,1.953073,15360.0,1.160375,132.291245,131.526657,2.688008,1008.0,14996.164062,1024.0,1024.0,201.947952,499800,64.0,1999.3
878600,54600,17967.039,42.281204,29.220554,0.735593,0.02044,9.960074,9.960074,9.960074,9.960074,0.056589,2e-06,0.017709,2.975209,0.039214,-2.962211,40.420921,0.976308,0.977419,137.730209,138.152908,1.58505,15360.0,1.17803,136.408829,136.00531,2.955685,1008.0,14996.092773,1024.0,1024.0,212.344543,499600,64.0,1999.3
879400,54650,17980.826,39.346478,27.264046,0.738789,0.02044,9.121817,9.121817,9.121817,9.121817,0.052296,2e-06,0.014411,3.423123,0.031512,-3.426749,39.820435,0.976315,0.950078,140.601105,141.245361,1.254825,15360.0,1.082385,139.151337,139.000076,2.070738,1008.0,14996.194336,1024.0,1024.0,189.182892,499400,64.0,1999.3
880200,54700,17994.614,42.159199,28.994204,0.708905,0.02044,10.094912,10.094912,10.094912,10.094912,0.047123,2e-06,0.013555,2.89999,0.033744,-2.881894,39.554901,0.976317,0.980343,138.440826,138.665268,1.334737,15360.0,1.124503,136.807281,136.33461,2.361304,1008.0,14996.220703,1024.0,1024.0,164.393875,499200,64.0,1999.3
881000,54750,18008.328,36.29295,24.134239,0.696704,0.02044,9.166589,9.166589,9.166589,9.166589,0.046851,2e-06,0.012777,2.684238,0.030214,-2.689008,39.511696,0.976298,1.001131,137.545151,137.697464,1.193793,15360.0,1.148034,136.041092,134.715683,2.178842,1008.0,14995.933594,1024.0,1024.0,177.631607,500000,64.0,1999.3
881800,54800,18022.041,43.08971,29.731991,0.729241,0.02044,10.284687,10.284687,10.284687,10.284687,0.057257,2e-06,0.007601,2.926072,0.039936,-2.915239,38.528786,0.976303,0.941555,139.867615,140.472107,1.538702,15360.0,1.152421,138.34996,137.316467,2.423447,1008.0,14996.013672,1024.0,1024.0,215.263062,499800,64.0,1999.3
882600,54850,18035.831,42.536423,29.475243,0.787708,0.02044,10.012144,10.012144,10.012144,10.012144,0.064693,2e-06,0.024518,3.272044,0.038491,-3.259785,38.07563,0.976316,0.902137,140.821625,141.460754,1.465572,15360.0,1.043398,139.362778,139.118484,2.316589,1008.0,14996.207031,1024.0,1024.0,174.094757,499600,64.0,1999.3
883400,54900,18049.524,35.298012,23.926998,0.754087,0.02044,8.532164,8.532164,8.532164,8.532164,0.053973,2e-06,0.017921,3.664167,0.023328,-3.641001,37.814255,0.976303,0.87904,142.352127,142.742844,0.882132,15360.0,1.047151,141.120636,140.970642,1.476722,1008.0,14996.013672,1024.0,1024.0,266.832092,499400,64.0,1999.3
884200,54950,18063.311,37.92709,25.643377,0.733686,0.02044,9.274503,9.274503,9.274503,9.274503,0.052246,2e-06,0.017808,3.053437,0.030211,-3.063566,37.600937,0.976304,0.961046,140.189056,140.109711,1.135959,15360.0,1.162582,139.00148,138.007751,2.513185,1008.0,14996.021484,1024.0,1024.0,222.93158,499200,64.0,1999.3
885000,55000,18077.162,39.952881,26.905819,0.745838,0.02044,9.924979,9.924979,9.924979,9.924979,0.053782,2e-06,0.016176,2.042019,0.042384,-2.035308,37.527748,0.976304,0.990616,136.355133,136.971848,1.590593,15360.0,1.188383,134.010391,133.14563,2.179043,1008.0,14996.035156,1024.0,1024.0,173.66124,500000,64.0,1999.3
885800,55050,18090.891,45.366779,31.519886,0.701441,0.02044,10.864909,10.864909,10.864909,10.864909,0.04692,2e-06,0.023926,3.974048,0.032496,-3.957247,37.213181,0.976301,0.835918,143.841995,144.273178,1.209279,15360.0,1.045885,142.612305,141.881638,2.277222,1008.0,14995.986328,1024.0,1024.0,228.804321,499800,64.0,1999.3
886600,55100,18104.606,39.251118,26.698116,0.71912,0.02044,9.597539,9.597539,9.597539,9.597539,0.051323,2e-06,0.0012,2.827512,0.037153,-2.801072,36.980927,0.976308,0.932621,139.951447,140.43248,1.373937,15360.0,1.074412,138.377304,137.802399,2.096213,1008.0,14996.094727,1024.0,1024.0,186.013382,499600,64.0,1999.3
887400,55150,18118.377,39.736229,26.927858,0.705972,0.02044,9.934734,9.934734,9.934734,9.934734,0.043978,2e-06,0.024601,3.771135,0.028148,-3.776296,37.270653,0.976302,0.824063,143.969513,144.370255,1.04908,15360.0,1.016961,142.617279,142.171539,2.073094,1008.0,14995.99707,1024.0,1024.0,231.28157,499400,64.0,1999.3
888200,55200,18132.097,38.635803,26.135056,0.685414,0.02044,9.602121,9.602121,9.602121,9.602121,0.038876,2e-06,0.022601,2.984345,0.035491,-2.951937,37.210602,0.976311,0.897514,139.824097,140.266602,1.320655,15360.0,1.041471,138.028336,137.667236,2.043073,1008.0,14996.134766,1024.0,1024.0,219.998108,499200,64.0,1999.3
889000,55250,18145.819,42.934322,29.572952,0.78,0.02044,10.318142,10.318142,10.318142,10.318142,0.059489,2e-06,0.017192,3.091923,0.038049,-3.087271,37.451591,0.976312,0.884658,139.079102,139.142075,1.424998,15360.0,1.030418,137.975037,137.655106,2.407481,1008.0,14996.148438,1024.0,1024.0,249.450974,500000,64.0,1999.3
889800,55300,18159.538,34.978016,23.7836,0.671528,0.02044,8.583088,8.583088,8.583088,8.583088,0.040526,3e-06,0.025119,4.061778,0.026054,-4.044488,37.089851,0.976313,0.761538,145.233231,145.520935,0.966323,15360.0,0.914669,144.284698,144.917267,2.129695,1008.0,14996.170898,1024.0,1024.0,185.234695,499800,64.0,1999.3
890600,55350,18173.256,41.978119,28.333382,0.744506,0.02044,10.596675,10.596675,10.596675,10.596675,0.054985,3e-06,0.024248,3.122481,0.034045,-3.126985,37.808174,0.976325,0.881445,138.821884,139.217392,1.287185,15360.0,1.059191,137.301758,136.35083,2.263371,1008.0,14996.350586,1024.0,1024.0,250.151917,499600,64.0,1999.3
891400,55400,18187.109,47.7164,33.704144,0.779576,0.02044,10.905853,10.905853,10.905853,10.905853,0.058318,2e-06,0.036958,2.830235,0.044935,-2.82302,37.977043,0.976311,0.862582,139.512604,139.311646,1.706482,15360.0,1.054221,137.994797,136.47644,2.652806,1008.0,14996.136719,1024.0,1024.0,182.363708,499400,64.0,1999.3
892200,55450,18200.927,46.696808,33.519295,0.696074,0.02044,10.198608,10.198608,10.198608,10.198608,0.04822,2e-06,0.019379,1.682612,0.047559,-1.698794,37.44178,0.976306,0.919352,134.562988,134.696777,1.7807,15360.0,1.012666,132.815979,131.441742,2.759467,1008.0,14996.060547,1024.0,1024.0,248.802948,499200,64.0,1999.3
893000,55500,18214.631,42.812256,29.774633,0.818633,0.02044,10.086171,10.086171,10.086171,10.086171,0.060799,2e-06,0.019344,3.065567,0.04196,-3.082312,37.563065,0.976308,0.794855,142.750137,143.382782,1.576152,15360.0,0.965203,141.433289,141.205261,2.263911,1008.0,14996.09375,1024.0,1024.0,202.836502,500000,64.0,1999.3
893800,55550,18228.338,36.127579,24.639132,0.665932,0.02044,8.803436,8.803436,8.803436,8.803436,0.040273,2e-06,0.011682,3.228091,0.024524,-3.222587,38.330223,0.976314,0.802444,140.613739,140.961319,0.940024,15360.0,1.013893,139.224701,138.433792,1.899939,1008.0,14996.175781,1024.0,1024.0,183.733521,499800,64.0,1999.3
894600,55600,18242.059,42.226635,29.321852,0.686797,0.02044,10.009282,10.009282,10.009282,10.009282,0.046678,2e-06,0.015715,3.035406,0.038795,-3.035604,39.108543,0.976302,0.872311,138.320374,138.733871,1.517222,15360.0,0.997692,136.531708,136.378281,2.352939,1008.0,14995.992188,1024.0,1024.0,244.491302,499600,64.0,1999.3
895400,55650,18255.891,52.304668,36.932114,0.740008,0.02044,12.044503,12.044503,12.044503,12.044503,0.05354,3e-06,-0.001974,2.235029,0.051029,-2.221554,38.331245,0.976296,0.988672,135.918747,136.217072,1.955991,15360.0,1.254856,134.056122,132.131943,3.939278,1008.0,14995.912109,1024.0,1024.0,213.776779,499400,64.0,1999.3
896200,55700,18269.659,37.051552,24.710209,0.707014,0.02044,9.556445,9.556445,9.556445,9.556445,0.04811,2e-06,0.012096,3.703887,0.027448,-3.719281,38.284012,0.976305,0.808963,142.824783,143.027435,1.05082,15360.0,0.935802,141.711685,141.212845,1.718095,1008.0,14996.039062,1024.0,1024.0,235.216537,499200,64.0,1999.3
897000,55750,18283.383,42.982559,29.353193,0.755874,0.02044,10.581171,10.581171,10.581171,10.581171,0.059074,2e-06,0.009678,3.165587,0.040885,-3.164295,38.07029,0.97631,0.85546,142.393463,142.970322,1.55649,15360.0,1.162088,140.514084,140.795471,3.190874,1008.0,14996.123047,1024.0,1024.0,223.200546,500000,64.0,1999.3
897800,55800,18297.111,47.522896,33.480968,0.831247,0.02044,11.012344,11.012344,11.012344,11.012344,0.06664,2e-06,0.025872,3.494264,0.041864,-3.475546,37.979614,0.976311,0.76011,142.085159,142.169586,1.589979,15360.0,0.968934,141.120071,139.459259,2.85144,1008.0,14996.128906,1024.0,1024.0,244.629181,499800,64.0,1999.3
898600,55850,18310.921,39.085236,26.311192,0.67695,0.02044,9.971891,9.971891,9.971891,9.971891,0.042769,2e-06,0.022236,3.414481,0.032127,-3.422133,37.76709,0.976317,0.791185,141.575882,141.750641,1.213336,15360.0,0.980504,140.21199,139.003342,2.125155,1008.0,14996.220703,1024.0,1024.0,196.419479,499600,64.0,1999.3
899400,55900,18324.636,35.112549,24.36718,0.664917,0.02044,8.263521,8.263521,8.263521,8.263521,0.042963,2e-06,0.043068,3.974392,0.031807,-3.981575,37.857307,0.976309,0.683422,143.827591,144.369705,1.204127,15360.0,0.812159,142.406738,142.91951,1.696434,1008.0,14996.101562,1024.0,1024.0,246.570358,499400,64.0,1999.3
900200,55950,18364.902,36.96817,25.413677,0.705777,0.02044,8.95841,8.95841,8.95841,8.95841,0.047853,2e-06,0.017469,3.944534,0.027989,-3.931628,37.333992,0.976302,0.709432,145.402298,145.972336,1.044945,15360.0,0.823745,144.416946,144.482864,1.777769,1008.0,14996.001953,1024.0,1024.0,203.902618,499200,64.0,1999.3
901000,56000,18378.661,40.009178,27.698751,0.7011,0.02044,9.534992,9.534992,9.534992,9.534992,0.04859,2e-06,0.015253,2.59455,0.038607,-2.573985,37.142952,0.976304,0.793876,140.136398,140.342392,1.433987,15360.0,0.970893,138.697189,138.013092,2.398144,1008.0,14996.025391,1024.0,1024.0,203.310089,500000,64.0,1999.3
901800,56050,18392.367,42.170963,29.232716,0.704755,0.02044,10.113255,10.113255,10.113255,10.113255,0.05167,2e-06,0.014846,2.889175,0.036867,-2.894284,36.795067,0.97631,0.770473,142.213562,142.654572,1.356537,15360.0,1.010497,140.731186,139.775742,2.18108,1008.0,14996.115234,1024.0,1024.0,152.844299,499800,64.0,1999.3
902600,56100,18406.176,44.34042,30.988327,0.716354,0.02044,10.479615,10.479615,10.479615,10.479615,0.051909,2e-06,0.019731,2.979723,0.042544,-3.004491,36.796364,0.976309,0.77248,141.472931,141.946518,1.565482,15360.0,0.985032,139.776184,139.598877,2.707092,1008.0,14996.105469,1024.0,1024.0,182.922653,499600,64.0,1999.3
903400,56150,18419.885,39.782482,27.712635,0.648727,0.02044,9.43855,9.43855,9.43855,9.43855,0.035645,2e-06,0.021053,3.040365,0.040654,-3.044362,36.829399,0.976308,0.724804,141.689163,142.245941,1.497253,15360.0,0.908045,139.869614,138.845123,2.123874,1008.0,14996.087891,1024.0,1024.0,195.736526,499400,64.0,1999.3
904200,56200,18433.689,39.358006,27.085039,0.671643,0.02044,9.503385,9.503385,9.503385,9.503385,0.036355,2e-06,0.021804,2.41231,0.037477,-2.445905,38.119942,0.976312,0.787127,139.378769,139.905319,1.428628,15360.0,1.060769,137.430588,136.634277,2.157189,1008.0,14996.152344,1024.0,1024.0,229.859985,499200,64.0,1999.3
905000,56250,18447.4,40.923935,27.801435,0.802431,0.02044,10.301163,10.301163,10.301163,10.301163,0.061903,2e-06,0.033137,4.210139,0.032151,-4.219598,37.64048,0.976303,0.64922,149.049713,149.142426,1.210162,15360.0,0.953301,148.324051,147.088455,2.991015,1008.0,14996.005859,1024.0,1024.0,189.489532,500000,64.0,1999.3
905800,56300,18461.106,37.277641,25.090601,0.711416,0.02044,9.610291,9.610291,9.610291,9.610291,0.047312,2e-06,0.005462,4.111137,0.027937,-4.10641,37.264839,0.976309,0.643958,147.401566,147.730286,1.041054,15360.0,0.781476,146.289139,146.308228,1.539107,1008.0,14996.100586,1024.0,1024.0,205.178986,499800,64.0,1999.3
906600,56350,18474.828,37.431137,25.796284,0.769811,0.02044,9.063524,9.063524,9.063524,9.063524,0.057126,2e-06,0.012946,4.053735,0.0299,-4.03821,36.898308,0.976306,0.626549,147.331955,147.725784,1.103271,15360.0,0.784091,146.256424,146.042297,1.893387,1008.0,14996.057617,1024.0,1024.0,247.065506,499600,64.0,1999.3
907400,56400,18488.631,37.585056,25.428711,0.681275,0.02044,9.573591,9.573591,9.573591,9.573591,0.0427,2e-06,0.04402,3.948732,0.033327,-3.955713,36.63517,0.976319,0.63772,146.457047,146.979996,1.220945,15360.0,0.806462,145.190613,145.22113,1.951151,1008.0,14996.266602,1024.0,1024.0,223.604965,499400,64.0,1999.3
908200,56450,18502.358,40.583851,28.391521,0.637783,0.02044,9.605446,9.605446,9.605299,9.605299,0.038047,2e-06,0.022667,3.79036,0.032586,-3.782466,37.432976,0.976308,0.686599,143.612823,144.056564,1.219782,15360.0,0.862834,142.269516,141.897003,2.100573,1008.0,14996.097656,1024.0,1024.0,196.15863,499200,64.0,1999.3
909000,56500,18516.163,45.653301,31.502951,0.729969,0.02044,11.342731,11.342731,11.342731,11.342731,0.055888,2e-06,0.019242,3.883132,0.035481,-3.888136,36.394073,0.976303,0.654495,145.23436,145.678116,1.291299,15360.0,0.830657,144.100647,143.613998,2.237512,1008.0,14996.005859,1024.0,1024.0,171.752762,500000,64.0,1999.3
909800,56550,18529.889,41.117912,28.104179,0.678525,0.02044,10.323727,10.323727,10.323727,10.323727,0.049195,2e-06,0.028497,3.883702,0.034233,-3.883015,35.707291,0.976316,0.668208,146.120575,146.253647,1.222351,15360.0,0.873226,145.163452,144.375076,2.723543,1008.0,14996.207031,1024.0,1024.0,224.069672,499800,64.0,1999.3
910600,56600,18543.694,43.1325,29.909861,0.762756,0.02044,10.3984,10.3984,10.3984,10.3984,0.055553,2e-06,0.023354,2.787894,0.045571,-2.77161,36.014656,0.976305,0.709782,140.071426,140.332718,1.641239,15360.0,0.893552,138.720871,138.198059,2.56263,1008.0,14996.039062,1024.0,1024.0,175.988998,499600,64.0,1999.3
911400,56650,18557.445,42.576332,29.333263,0.713436,0.02044,10.482143,10.482143,10.482143,10.482143,0.04978,2e-06,0.018321,3.189481,0.036173,-3.184948,36.004112,0.976306,0.662376,143.830963,144.311996,1.302365,15360.0,0.993793,142.244934,140.960144,2.634732,1008.0,14996.066406,1024.0,1024.0,205.947586,499400,64.0,1999.3
912200,56700,18571.273,44.311047,30.4167,0.753533,0.02044,10.954208,10.954208,10.954208,10.954208,0.058254,2e-06,0.010434,2.643745,0.055568,-2.644873,35.188118,0.976297,0.774945,141.682953,142.273254,1.95533,15360.0,0.951215,139.660934,139.728851,2.927643,1008.0,14995.916016,1024.0,1024.0,221.665009,499200,64.0,1999.3
913000,56750,18584.986,41.624405,27.971001,0.702664,0.02044,10.829256,10.829256,10.829256,10.829256,0.039729,2e-06,0.01994,2.379268,0.046211,-2.393285,34.63295,0.976301,0.731639,141.331818,141.842422,1.600435,15360.0,0.888467,139.151794,138.495407,2.107368,1008.0,14995.983398,1024.0,1024.0,217.543747,500000,64.0,1999.3
913800,56800,18598.606,43.416599,30.11171,0.800482,0.02044,10.447841,10.447841,10.447841,10.447841,0.068424,2e-06,0.009211,3.045957,0.048189,-3.050642,34.671768,0.976307,0.716096,143.037659,143.504059,1.670786,15360.0,0.886782,141.672256,141.03244,2.560203,1008.0,14996.078125,1024.0,1024.0,165.738525,499800,64.0,1999.3
914600,56850,18612.396,41.928284,29.231506,0.679578,0.02044,10.064579,10.064579,10.064579,10.064579,0.044086,2e-06,0.027653,2.847433,0.037794,-2.86195,34.332367,0.976306,0.64233,143.331406,143.53952,1.297554,15360.0,0.852471,141.834213,141.78775,2.164993,1008.0,14996.054688,1024.0,1024.0,156.170837,499600,64.0,1999.3
915400,56900,18626.085,36.713661,25.535782,0.700467,0.02044,8.78919,8.78919,8.78919,8.78919,0.046757,2e-06,0.021132,4.424919,0.029888,-4.430722,35.484123,0.976308,0.571782,150.330353,150.769501,1.06056,15360.0,0.653161,149.413116,149.870193,1.961794,1008.0,14996.089844,1024.0,1024.0,269.446533,499400,64.0,1999.3
916200,56950,18639.899,39.920414,26.909859,0.723819,0.02044,10.312229,10.312229,10.312229,10.312229,0.045227,2e-06,0.020142,3.280209,0.043563,-3.299738,34.386147,0.976316,0.657054,145.675079,146.380798,1.49795,15360.0,0.81883,143.615295,142.775833,2.38402,1008.0,14996.214844,1024.0,1024.0,168.436462,499200,64.0,1999.3
917000,57000,18653.624,43.74601,30.731506,0.717524,0.02044,10.249341,10.249341,10.249341,10.249341,0.049135,2e-06,0.008278,2.686527,0.052798,-2.685836,33.542107,0.976307,0.74817,145.498901,146.121689,1.770947,15360.0,0.819399,143.327896,142.207169,2.940927,1008.0,14996.079102,1024.0,1024.0,224.606842,500000,64.0,1999.3
917800,57050,18667.337,39.122162,27.070229,0.757598,0.02044,9.53705,9.53705,9.53705,9.53705,0.055633,2e-06,0.014587,3.884656,0.034146,-3.882808,32.901642,0.976306,0.567339,148.494278,148.679733,1.123467,15360.0,0.67073,147.273834,146.726944,1.809479,1008.0,14996.054688,1024.0,1024.0,197.394409,499800,64.0,1999.3
918600,57100,18681.121,45.647385,31.588673,0.680333,0.02044,11.269033,11.269033,11.269033,11.269033,0.044657,2e-06,0.026266,2.76813,0.053994,-2.764913,31.805382,0.976313,0.693122,142.597443,142.886169,1.717308,15360.0,0.808721,140.869766,139.776047,2.413529,1008.0,14996.162109,1024.0,1024.0,221.924103,499600,64.0,1999.3
919400,57150,18694.843,43.669777,30.090727,0.767738,0.02044,10.787535,10.787535,10.787535,10.787535,0.058805,2e-06,0.041569,3.105145,0.047198,-3.126284,32.124748,0.976305,0.646806,146.013885,146.674942,1.516216,15360.0,0.787351,144.156509,143.389771,2.28101,1008.0,14996.037109,1024.0,1024.0,272.734497,499400,64.0,1999.3
920200,57200,18708.587,36.538208,25.07395,0.690162,0.02044,9.030925,9.030925,9.030925,9.030925,0.044768,2e-06,0.019954,4.030084,0.036352,-4.052032,32.466171,0.976315,0.588419,149.278244,149.576218,1.180204,15360.0,0.704219,148.43837,148.276733,2.222416,1008.0,14996.199219,1024.0,1024.0,232.860275,499200,64.0,1999.3
921000,57250,18722.385,38.862514,26.871473,0.682649,0.02044,9.46759,9.46759,9.46759,9.46759,0.041507,2e-06,0.025065,3.181899,0.049351,-3.200408,32.671913,0.976312,0.664451,148.308395,149.263657,1.612394,15360.0,0.613621,146.381119,146.321823,1.800693,1008.0,14996.158203,1024.0,1024.0,230.165009,500000,64.0,1999.3
921800,57300,18735.995,44.76395,31.097559,0.759207,0.02044,10.839304,10.839304,10.839304,10.839304,0.05154,2e-06,0.011751,2.691706,0.052639,-2.657892,32.822754,0.97631,0.708431,146.41246,147.101761,1.727742,15360.0,0.811097,144.639511,144.196594,2.470767,1008.0,14996.113281,1024.0,1024.0,259.079376,499800,64.0,1999.3
922600,57350,18749.813,39.080475,26.480507,0.751298,0.02044,9.941501,9.941501,9.941501,9.941501,0.055142,2e-06,0.02808,3.473088,0.046814,-3.476211,32.968445,0.976312,0.655301,149.182007,149.732239,1.543388,15360.0,0.697324,147.578781,148.021027,2.207663,1008.0,14996.150391,1024.0,1024.0,193.213028,499600,64.0,1999.3
923400,57400,18763.541,39.462326,26.980827,0.687851,0.02044,9.920808,9.920808,9.920808,9.920808,0.04429,2e-06,0.013374,2.958614,0.042975,-2.948869,33.16436,0.976303,0.634633,146.189529,146.676865,1.425245,15360.0,0.707707,144.534302,144.163422,2.049242,1008.0,14996.007812,1024.0,1024.0,215.837189,499400,64.0,1999.3
924200,57450,18777.338,40.734005,28.09774,0.810634,0.02044,9.90224,9.90224,9.90224,9.90224,0.067816,2e-06,0.039972,2.935188,0.046145,-2.93559,33.339836,0.976313,0.67099,146.124451,146.991745,1.538467,15360.0,0.672539,144.180725,144.863007,1.921916,1008.0,14996.166992,1024.0,1024.0,239.832443,499200,64.0,1999.3
925000,57500,18791.146,40.36068,27.261211,0.7081,0.02044,10.330977,10.330977,10.330977,10.330977,0.041278,2e-06,0.019663,2.796341,0.061043,-2.798044,33.350143,0.97631,0.763605,143.423828,144.279434,2.035781,15360.0,0.745286,141.570694,141.575089,2.196999,1008.0,14996.125,1024.0,1024.0,187.51825,500000,64.0,1999.3
925800,57550,18831.271,36.326385,24.566422,0.671129,0.02044,9.273964,9.273964,9.273964,9.273964,0.043239,2e-06,0.04589,4.388301,0.038481,-4.40723,32.962212,0.976319,0.628191,150.911942,151.507599,1.26843,15360.0,0.643177,149.734604,150.414597,2.081413,1008.0,14996.263672,1024.0,1024.0,290.474091,499800,64.0,1999.3
926600,57600,18845.108,43.001472,29.837555,0.675662,0.02044,10.422321,10.422321,10.422321,10.422321,0.040984,2e-06,0.015332,1.680758,0.055457,-1.672853,32.774345,0.976307,0.757143,143.154724,143.561722,1.81757,15360.0,0.769283,140.909775,139.339325,2.644958,1008.0,14996.074219,1024.0,1024.0,264.505005,499600,64.0,1999.3
927400,57650,18858.838,43.327,29.527458,0.930266,0.02044,10.882007,10.882007,10.882007,10.882007,0.084993,2e-06,0.027247,3.838267,0.040882,-3.842221,32.860611,0.97631,0.654472,151.443481,152.110443,1.343421,15360.0,0.65637,149.856369,149.433426,2.111106,1008.0,14996.123047,1024.0,1024.0,256.351013,499400,64.0,1999.3
928200,57700,18872.668,40.815426,27.587299,0.77292,0.02044,10.476744,10.476744,10.476744,10.476744,0.061501,2e-06,0.025426,3.885243,0.042008,-3.870042,32.930321,0.976314,0.640277,150.226578,150.747345,1.383322,15360.0,0.815465,149.009964,148.366394,2.786094,1008.0,14996.1875,1024.0,1024.0,212.697174,499200,64.0,1999.3
929000,57750,18886.377,41.059738,28.412449,0.778454,0.02044,9.934725,9.934725,9.934725,9.934725,0.063908,2e-06,0.03267,3.347383,0.041097,-3.345602,32.820976,0.976308,0.65588,147.869736,148.037964,1.34885,15360.0,0.772161,146.898529,146.212662,2.622336,1008.0,14996.089844,1024.0,1024.0,199.041672,500000,64.0,1999.3
929800,57800,18900.067,41.807888,28.573313,0.771895,0.02044,10.506315,10.506315,10.506315,10.506315,0.056872,2e-06,0.010107,2.784477,0.046202,-2.816182,32.853836,0.976306,0.678196,146.890274,147.134964,1.517915,15360.0,0.656629,144.965256,143.958725,2.344823,1008.0,14996.064453,1024.0,1024.0,179.309784,499800,64.0,1999.3
930600,57850,18913.747,45.414062,31.993256,0.707963,0.02044,10.625338,10.625338,10.625338,10.625338,0.050834,2e-06,0.034525,3.304656,0.053281,-3.298924,32.558296,0.976308,0.753488,149.169464,149.841843,1.734725,15360.0,0.721739,147.298111,147.171326,2.398169,1008.0,14996.087891,1024.0,1024.0,172.607574,499600,64.0,1999.3
931400,57900,18927.554,39.071579,26.397036,0.791757,0.02044,9.938451,9.938451,9.938451,9.938451,0.061449,2e-06,0.017622,3.258367,0.044074,-3.269892,32.101486,0.976305,0.698667,148.77803,149.266541,1.414829,15360.0,0.712518,146.932953,146.369263,2.541631,1008.0,14996.037109,1024.0,1024.0,186.909988,499400,64.0,1999.3
932200,57950,18941.416,44.218445,30.654924,0.688202,0.02044,10.769322,10.769322,10.769322,10.769322,0.050285,2e-06,0.018076,3.063406,0.052875,-3.039669,32.212646,0.97631,0.760326,148.157181,148.771851,1.703232,15360.0,0.767411,146.201462,145.619705,2.383824,1008.0,14996.123047,1024.0,1024.0,247.034897,499200,64.0,1999.3
933000,58000,18955.13,38.276649,26.036026,0.739804,0.02044,9.588152,9.588152,9.588152,9.588152,0.058242,2e-06,0.049967,4.888343,0.031358,-4.888721,32.215904,0.976309,0.670404,154.914841,155.34552,1.010213,15360.0,0.710132,154.167267,154.403656,2.070546,1008.0,14996.107422,1024.0,1024.0,269.83194,500000,64.0,1999.3
933800,58050,18968.903,42.528522,29.465418,0.759645,0.02044,10.255123,10.255123,10.255123,10.255123,0.05816,2e-06,0.018163,3.261151,0.047924,-3.241568,31.857346,0.976303,0.76718,149.738861,150.39653,1.526745,15360.0,0.723475,148.102631,147.700897,2.283297,1008.0,14996.013672,1024.0,1024.0,192.158951,499800,64.0,1999.3
934600,58100,18982.721,40.355537,27.365631,0.738981,0.02044,10.15415,10.15415,10.15415,10.15415,0.054218,2e-06,0.024985,3.062871,0.044371,-3.062782,32.474121,0.976303,0.807215,150.221939,150.768005,1.440896,15360.0,0.762392,148.465515,147.65007,2.554266,1008.0,14996.019531,1024.0,1024.0,198.193481,499600,64.0,1999.3
935400,58150,18996.407,40.952358,28.028925,0.703757,0.02044,10.15715,10.15715,10.15715,10.15715,0.046859,2e-06,0.028156,3.057132,0.04367,-3.06478,32.136108,0.976301,0.765521,149.243881,149.344559,1.403394,15360.0,0.775629,148.087753,147.176407,2.315878,1008.0,14995.988281,1024.0,1024.0,193.8293,499400,64.0,1999.3
936200,58200,19010.129,38.191582,25.523413,0.816787,0.02044,9.833941,9.833941,9.833941,9.833941,0.072661,2e-06,0.015506,3.742327,0.040559,-3.709232,32.451965,0.9763,0.783004,153.167892,153.536331,1.316224,15360.0,0.71697,151.984543,151.897949,1.906771,1008.0,14995.960938,1024.0,1024.0,158.9673,499200,64.0,1999.3
937000,58250,19023.933,39.21793,26.786911,0.774162,0.02044,9.663009,9.663009,9.663009,9.663009,0.062283,2e-06,0.010437,3.272908,0.03934,-3.286545,33.050613,0.976296,0.785402,151.412857,151.664993,1.300202,15360.0,0.704214,150.147034,149.927612,1.779986,1008.0,14995.910156,1024.0,1024.0,164.878464,500000,64.0,1999.3
937800,58300,19037.531,33.46246,22.580528,0.723142,0.02044,8.178497,8.178497,8.178497,8.178497,0.054163,2e-06,0.047704,3.471664,0.037254,-3.464103,33.99588,0.976295,0.855455,149.825607,149.944046,1.266473,15360.0,0.796141,148.843414,147.667374,2.086005,1008.0,14995.895508,1024.0,1024.0,218.795013,499800,64.0,1999.3
938600,58350,19051.342,44.987434,30.692844,0.695363,0.02044,11.212152,11.212152,11.212152,11.212152,0.042875,2e-06,0.024712,2.097577,0.060126,-2.084588,34.002716,0.976308,0.952654,145.687729,146.521591,2.044453,15360.0,0.893499,143.071625,143.67749,2.817318,1008.0,14996.094727,1024.0,1024.0,194.383987,499600,64.0,1999.3
939400,58400,19065.069,43.964046,30.511616,0.725476,0.02044,10.433834,10.433834,10.433834,10.433834,0.04786,2e-06,0.019171,2.136391,0.057536,-2.13597,33.934654,0.976301,0.946131,145.395737,145.984863,1.952473,15360.0,0.879972,143.283661,142.524628,2.595077,1008.0,14995.985352,1024.0,1024.0,237.250397,499400,64.0,1999.3
940200,58450,19078.882,36.387451,24.176516,0.736785,0.02044,9.272085,9.272085,9.272085,9.272085,0.048389,2e-06,0.031943,2.610052,0.045219,-2.611849,33.741074,0.976308,0.965279,150.660431,151.140701,1.525724,15360.0,0.85732,148.811935,148.802933,2.424882,1008.0,14996.085938,1024.0,1024.0,174.014969,499200,64.0,1999.3
941000,58500,19092.712,37.192039,24.694799,0.744395,0.02044,9.529704,9.529704,9.529704,9.529704,0.054531,2e-06,0.017951,3.35589,0.041793,-3.349213,33.521362,0.976307,0.974472,153.446808,153.976303,1.400968,15360.0,0.857698,151.749634,151.710297,1.709656,1008.0,14996.070312,1024.0,1024.0,187.928223,500000,64.0,1999.3
941800,58550,19106.345,44.057224,30.457779,0.731421,0.02044,10.555939,10.555939,10.555939,10.555939,0.053348,2e-06,0.0285,2.504832,0.048498,-2.494593,33.599014,0.97631,0.941955,149.760162,150.224976,1.629486,15360.0,0.885312,148.078369,147.317719,2.365813,1008.0,14996.123047,1024.0,1024.0,255.06694,499800,64.0,1999.3
942600,58600,19120.133,40.26268,27.596951,0.718707,0.02044,9.687243,9.687243,9.687243,9.687243,0.050554,2e-06,0.047352,3.932695,0.036934,-3.934703,34.348854,0.976312,0.946272,154.993973,155.568039,1.268633,15360.0,0.923307,153.754944,153.606781,2.27189,1008.0,14996.144531,1024.0,1024.0,168.479797,499600,64.0,1999.3
943400,58650,19133.85,38.245605,25.643295,0.749014,0.02044,9.519609,9.519609,9.519609,9.519609,0.055536,2e-06,0.026143,3.081618,0.049343,-3.084953,34.218903,0.976315,1.049505,151.17543,151.628784,1.688458,15360.0,0.952121,149.18837,149.212494,2.354131,1008.0,14996.195312,1024.0,1024.0,206.095184,499400,64.0,1999.3
944200,58700,19147.661,43.496323,29.937035,0.754071,0.02044,10.393669,10.393669,10.393669,10.393669,0.056792,2e-06,0.036179,2.449925,0.051284,-2.441675,34.837334,0.976302,1.011255,149.441544,149.814423,1.78661,15360.0,1.014359,147.423309,148.129318,2.777333,1008.0,14996.00293,1024.0,1024.0,187.297852,499200,64.0,1999.3
945000,58750,19161.363,41.158516,27.714119,0.739588,0.02044,10.327876,10.327876,10.327876,10.327876,0.057025,2e-06,0.025442,3.187145,0.037049,-3.194081,34.01973,0.976304,1.024626,154.3508,154.801346,1.260393,15360.0,0.912117,152.317993,152.18782,1.989762,1008.0,14996.025391,1024.0,1024.0,207.614349,500000,64.0,1999.3
945800,58800,19175.079,44.330242,30.680454,0.671594,0.02044,10.573068,10.573068,10.573068,10.573068,0.042446,2e-06,0.016765,1.842834,0.053905,-1.866966,33.855499,0.976308,1.005223,146.456284,146.945908,1.824992,15360.0,1.017964,144.084457,142.896469,2.632633,1008.0,14996.092773,1024.0,1024.0,225.525192,499800,64.0,1999.3
946600,58850,19188.814,38.011597,25.528543,0.720399,0.02044,9.361331,9.361331,9.361331,9.361331,0.047476,2e-06,0.031191,2.813667,0.043997,-2.806444,33.383011,0.976314,1.104001,153.308975,153.617966,1.46876,15360.0,1.031853,151.645554,151.358276,2.367704,1008.0,14996.182617,1024.0,1024.0,189.92807,499600,64.0,1999.3
947400,58900,19202.606,40.056038,26.840374,0.691633,0.02044,10.056927,10.056927,10.056927,10.056927,0.050651,2e-06,0.022975,2.614733,0.053054,-2.61323,33.792618,0.976303,1.109772,149.616516,149.956024,1.792832,15360.0,1.027417,147.520523,147.68869,2.379056,1008.0,14996.005859,1024.0,1024.0,230.231247,499400,64.0,1999.3
948200,58950,19216.403,40.796406,27.638895,0.700763,0.02044,10.03598,10.03598,10.03598,10.03598,0.051407,2e-06,0.014054,2.755557,0.0413,-2.763706,34.392929,0.976303,1.042901,154.085907,154.502609,1.420413,15360.0,1.132582,152.205399,151.676941,2.889057,1008.0,14996.010742,1024.0,1024.0,273.671814,499200,64.0,1999.3
949000,59000,19230.113,39.67614,26.257629,0.708293,0.02044,10.197922,10.197922,10.197922,10.197922,0.04963,2e-06,0.033117,2.818264,0.042026,-2.807825,34.357452,0.976304,1.116359,154.455139,155.143494,1.443905,15360.0,1.075295,152.324509,153.247101,2.25999,1008.0,14996.03125,1024.0,1024.0,219.49646,500000,64.0,1999.3
949800,59050,19243.816,42.751122,29.135096,0.682936,0.02044,10.471304,10.471304,10.471304,10.471304,0.041136,2e-06,0.021743,2.153454,0.046013,-2.17454,33.312912,0.976307,1.056718,148.966095,149.202972,1.532812,15360.0,1.052516,147.02124,145.775635,2.491929,1008.0,14996.070312,1024.0,1024.0,167.456284,499800,64.0,1999.3
950600,59100,19283.989,40.948856,27.717537,0.742693,0.02044,9.981591,9.981591,9.981591,9.981591,0.057145,2e-06,-0.005441,2.37729,0.058356,-2.381234,32.69574,0.976316,1.154185,152.037476,152.820099,1.907986,15360.0,1.132318,149.91362,149.640198,2.675178,1008.0,14996.206055,1024.0,1024.0,251.65239,499600,64.0,1999.3
951400,59150,19297.833,42.185894,28.533201,0.673013,0.02044,10.441526,10.441526,10.441526,10.441526,0.040803,2e-06,0.027465,2.367525,0.043575,-2.384283,32.219513,0.976309,1.128364,152.50766,152.86972,1.403973,15360.0,1.059103,150.565842,150.035751,2.288728,1008.0,14996.101562,1024.0,1024.0,205.308075,499400,64.0,1999.3
952200,59200,19311.632,42.255623,28.462719,0.75351,0.02044,10.476355,10.476355,10.476355,10.476355,0.060721,2e-06,0.019499,3.435714,0.040888,-3.440154,31.903641,0.976299,1.130346,157.174667,157.52507,1.30449,15360.0,1.150393,156.070587,155.87616,2.65218,1008.0,14995.949219,1024.0,1024.0,215.329041,499200,64.0,1999.3
953000,59250,19325.38,41.259838,27.985212,0.773153,0.02044,9.984745,9.984745,9.984745,9.984745,0.059241,3e-06,0.041625,3.18341,0.04342,-3.190491,31.869949,0.97632,1.126196,157.040375,157.616913,1.383798,15360.0,1.099981,155.387436,154.543716,2.473647,1008.0,14996.276367,1024.0,1024.0,228.46846,500000,64.0,1999.3
953800,59300,19339.127,43.868855,29.465662,0.728664,0.02044,11.0383,11.0383,11.0383,11.0383,0.048077,3e-06,0.014832,1.897006,0.045677,-1.917899,32.231415,0.976329,1.162928,151.338654,151.672775,1.47224,15360.0,1.113994,148.790771,147.885498,2.439152,1008.0,14996.414062,1024.0,1024.0,285.313721,499800,64.0,1999.3
954600,59350,19352.947,40.940952,27.425243,0.760327,0.02044,10.179466,10.179466,10.179466,10.179466,0.055991,2e-06,0.039086,3.05627,0.043956,-3.059235,31.561813,0.976309,1.168439,156.223938,156.561234,1.387341,15360.0,1.100014,154.634262,153.836029,2.258565,1008.0,14996.101562,1024.0,1024.0,247.340286,499600,64.0,1999.3
955400,59400,19366.66,48.239525,33.640335,0.69297,0.02044,11.178303,11.178303,11.178303,11.178303,0.044819,2e-06,0.013281,2.183512,0.060348,-2.175192,31.578857,0.976311,1.211455,151.087341,151.681335,1.905721,15360.0,1.216364,148.317032,147.885147,2.793102,1008.0,14996.128906,1024.0,1024.0,253.215836,499400,64.0,1999.3
956200,59450,19380.382,40.160038,27.027527,0.741307,0.02044,9.831968,9.831968,9.831968,9.831968,0.058308,2e-06,0.038183,3.301977,0.04135,-3.305943,30.812073,0.976309,1.173326,157.825623,158.443405,1.27407,15360.0,1.146968,155.98732,155.786316,2.299376,1008.0,14996.112305,1024.0,1024.0,152.800018,499200,64.0,1999.3
957000,59500,19394.185,40.441139,26.667841,0.775585,0.02044,10.338264,10.338264,10.338264,10.338264,0.05569,2e-06,0.037545,3.641531,0.037264,-3.621108,30.83371,0.976311,1.212285,159.813568,160.227814,1.148979,15360.0,1.184515,158.430939,158.534073,2.035229,1008.0,14996.142578,1024.0,1024.0,331.599121,500000,64.0,1999.3
957800,59550,19407.815,42.747864,29.571989,0.717007,0.02044,9.887321,9.887321,9.887321,9.887321,0.052185,2e-06,0.001954,2.296944,0.046572,-2.289656,30.710403,0.97631,1.209958,155.285675,155.899948,1.430259,15360.0,1.168194,153.1875,152.059204,2.326174,1008.0,14996.125,1024.0,1024.0,238.14473,499800,64.0,1999.3
958600,59600,19421.601,45.827362,30.897064,0.747922,0.02044,11.45755,11.45755,11.45755,11.45755,0.055862,2e-06,0.001762,2.403754,0.045886,-2.428328,30.862015,0.976309,1.195888,154.914169,155.381546,1.416144,15360.0,1.203255,152.885574,152.314743,2.700714,1008.0,14996.109375,1024.0,1024.0,220.954758,499600,64.0,1999.3
959400,59650,19435.316,45.2537,30.553143,0.804825,0.02044,11.15147,11.15147,11.15147,11.15147,0.057229,2e-06,-0.005418,1.940914,0.065982,-1.941482,30.900269,0.976309,1.248718,152.008804,152.987869,2.038877,15360.0,1.217923,148.888062,149.557114,2.810776,1008.0,14996.106445,1024.0,1024.0,162.555954,499400,64.0,1999.3
960200,59700,19449.127,38.345467,25.526257,0.716922,0.02044,9.483926,9.483926,9.483926,9.483926,0.04813,2e-06,0.021805,2.833024,0.044814,-2.853463,30.648834,0.976301,1.249927,158.119522,158.654251,1.373507,15360.0,1.259315,156.448105,156.957535,2.211881,1008.0,14995.982422,1024.0,1024.0,284.032501,499200,64.0,1999.3
961000,59750,19462.935,40.836338,27.455074,0.694072,0.02044,10.0357,10.0357,10.0357,10.0357,0.049331,2e-06,0.025661,2.614766,0.045447,-2.60673,30.121277,0.976312,1.240639,157.938705,158.60759,1.368908,15360.0,1.203939,155.7883,155.397552,2.096805,1008.0,14996.150391,1024.0,1024.0,206.733521,500000,64.0,1999.3
961800,59800,19476.572,49.709686,35.13459,0.680773,0.02044,11.183221,11.183221,11.183221,11.183221,0.043613,3e-06,0.015069,1.335143,0.051184,-1.315176,30.28009,0.976321,1.186386,151.595901,152.06694,1.549844,15360.0,1.2363,149.015488,148.570389,3.174195,1008.0,14996.294922,1024.0,1024.0,828.052917,499800,64.0,1999.3
962600,59850,19490.39,41.882256,28.51976,0.721393,0.02044,9.996881,9.996881,9.996881,9.996881,0.04904,2e-06,0.02108,3.002018,0.045232,-3.026707,29.556686,0.976315,1.238897,158.098969,158.495682,1.33691,15360.0,1.213717,156.334106,155.870575,1.760985,1008.0,14996.191406,1024.0,1024.0,178.803009,499600,64.0,1999.3
963400,59900,19504.116,41.016476,26.898317,0.657462,0.02044,10.669369,10.669369,10.669369,10.669369,0.041917,2e-06,0.052867,2.714126,0.043296,-2.726632,29.556671,0.976309,1.271558,157.533829,158.259354,1.279684,15360.0,1.265084,155.231537,155.323334,1.975172,1008.0,14996.109375,1024.0,1024.0,156.766418,499400,64.0,1999.3
964200,59950,19517.926,43.374699,28.963028,0.652152,0.02044,10.950828,10.950828,10.950828,10.950828,0.036186,2e-06,0.025396,3.106308,0.040242,-3.096142,29.209976,0.976307,1.285703,159.970642,160.232346,1.175471,15360.0,1.273563,158.393631,158.242493,2.362779,1008.0,14996.072266,1024.0,1024.0,327.424286,499200,64.0,1999.3
965000,60000,19531.627,38.103069,25.452435,0.712104,0.02044,9.292234,9.292234,9.292234,9.292234,0.052132,2e-06,0.018895,3.123577,0.042466,-3.123343,29.448502,0.976307,1.287317,160.688934,161.166351,1.250557,15360.0,1.301391,158.951599,159.455429,1.884631,1008.0,14996.068359,1024.0,1024.0,175.745224,500000,64.0,1999.3
965800,60050,19545.347,44.398216,29.871197,0.676686,0.02044,11.029377,11.029377,11.029377,11.029377,0.053921,2e-06,0.034425,2.192807,0.049029,-2.184942,28.87764,0.976322,1.261568,158.548752,158.954971,1.415839,15360.0,1.338621,156.835587,156.14119,2.74044,1008.0,14996.30957,1024.0,1024.0,226.526245,499800,64.0,1999.3
966600,60100,19559.084,43.284599,29.399895,0.744863,0.02044,10.404346,10.404346,10.404346,10.404346,0.057971,2e-06,0.013088,2.519493,0.040524,-2.518453,29.20369,0.976306,1.268155,159.940842,160.35202,1.183462,15360.0,1.311252,157.968689,157.563782,1.923251,1008.0,14996.066406,1024.0,1024.0,241.749847,499600,64.0,1999.3
967400,60150,19572.899,41.410049,27.711807,0.709855,0.02044,10.272587,10.272587,10.272587,10.272587,0.046322,2e-06,0.018924,1.336337,0.045237,-1.336612,28.760513,0.976317,1.259722,154.126404,154.484421,1.301042,15360.0,1.298181,151.647812,150.264984,2.298252,1008.0,14996.224609,1024.0,1024.0,230.022293,499400,64.0,1999.3
968200,60200,19586.702,39.006729,26.472414,0.666692,0.02044,9.199619,9.199619,9.199619,9.199619,0.046566,2e-06,0.030353,2.899375,0.039849,-2.916032,29.320343,0.976303,1.301124,161.213806,161.731247,1.168395,15360.0,1.320407,159.596146,159.623184,1.781781,1008.0,14996.009766,1024.0,1024.0,248.386353,499200,64.0,1999.3
969000,60250,19600.423,40.293846,26.583593,0.778604,0.02044,10.206255,10.206255,10.206255,10.206255,0.06009,2e-06,0.002356,2.651851,0.037302,-2.618473,29.606079,0.976307,1.271861,161.335526,161.777878,1.104359,15360.0,1.367025,159.747681,159.982346,2.339155,1008.0,14996.075195,1024.0,1024.0,148.828476,500000,64.0,1999.3
969800,60300,19614.138,44.415588,30.912073,0.651264,0.02044,10.143671,10.143671,10.143671,10.143671,0.038478,3e-06,0.024738,1.654644,0.039888,-1.677857,29.640213,0.976322,1.264303,155.048645,155.355255,1.182288,15360.0,1.282447,152.774094,151.909546,2.390102,1008.0,14996.302734,1024.0,1024.0,238.000717,499800,64.0,1999.3
970600,60350,19627.867,43.909702,29.538708,0.744887,0.02044,10.839373,10.839373,10.839373,10.839373,0.056152,2e-06,0.020015,2.429884,0.047231,-2.431484,29.826385,0.976312,1.27314,159.419724,160.237106,1.408731,15360.0,1.297333,156.999985,157.212845,2.352845,1008.0,14996.144531,1024.0,1024.0,214.734863,499600,64.0,1999.3
971400,60400,19641.686,39.865017,26.931278,0.69628,0.02044,9.545179,9.545179,9.545179,9.545179,0.049063,2e-06,0.031444,2.690645,0.041872,-2.696018,30.241653,0.976311,1.284793,159.409805,159.843765,1.266265,15360.0,1.336945,157.62883,156.209671,2.559412,1008.0,14996.130859,1024.0,1024.0,179.95372,499400,64.0,1999.3
972200,60450,19655.397,39.518902,26.151653,0.726426,0.02044,9.883786,9.883786,9.883786,9.883786,0.053982,2e-06,0.033813,3.216303,0.032825,-3.207602,30.058395,0.976299,1.314615,162.240952,162.588348,0.986661,15360.0,1.332628,160.679123,159.836563,2.007585,1008.0,14995.958984,1024.0,1024.0,220.673721,499200,64.0,1999.3
973000,60500,19669.199,42.31448,28.280788,0.669663,0.02044,10.559668,10.559668,10.559668,10.559668,0.041859,3e-06,0.036764,2.753233,0.046142,-2.763929,29.573013,0.976294,1.287604,161.77504,162.46698,1.364554,15360.0,1.345297,159.634811,159.940842,1.7546,1008.0,14995.876953,1024.0,1024.0,250.578812,500000,64.0,1999.3
973800,60550,19682.915,40.135338,26.815693,0.684346,0.02044,9.90749,9.90749,9.90749,9.90749,0.039173,2e-06,0.025753,3.143635,0.036048,-3.151251,29.449951,0.976313,1.284174,162.926544,163.392426,1.061616,15360.0,1.355627,161.187164,160.829727,2.05152,1008.0,14996.169922,1024.0,1024.0,203.571747,499800,64.0,1999.3
974600,60600,19696.658,43.107506,29.240248,0.643909,0.02044,10.464518,10.464518,10.464518,10.464518,0.040121,2e-06,0.024031,2.291795,0.041354,-2.304764,28.884155,0.976307,1.257873,160.235321,160.352158,1.194465,15360.0,1.366786,158.263428,157.350708,2.635226,1008.0,14996.072266,1024.0,1024.0,156.253311,499600,64.0,1999.3
975400,60650,19736.735,41.709526,28.608173,0.712056,0.02044,9.714254,9.714254,9.714254,9.714254,0.048049,2e-06,0.031308,2.205644,0.03985,-2.221708,29.350723,0.976317,1.251206,159.036362,159.447861,1.169621,15360.0,1.335555,156.73526,156.120071,2.277127,1008.0,14996.230469,1024.0,1024.0,196.688156,499400,64.0,1999.3
976200,60700,19750.522,41.393085,27.618166,0.758066,0.02044,10.267744,10.267744,10.267744,10.267744,0.055062,2e-06,0.020488,2.611334,0.040137,-2.619065,29.015991,0.976311,1.278334,160.971069,161.45932,1.164615,15360.0,1.343575,158.975937,158.549896,2.037298,1008.0,14996.138672,1024.0,1024.0,192.070465,499200,64.0,1999.3
977000,60750,19764.226,41.710106,27.751213,0.783816,0.02044,10.415236,10.415236,10.415236,10.415236,0.06214,2e-06,0.024142,2.908848,0.039056,-2.914523,29.325439,0.976308,1.277535,162.313309,162.718445,1.145337,15360.0,1.320668,160.472321,159.33667,2.189756,1008.0,14996.095703,1024.0,1024.0,233.793259,500000,64.0,1999.3
977800,60800,19777.936,39.806812,26.422636,0.773167,0.02044,9.878263,9.878263,9.878263,9.878263,0.05748,2e-06,0.012593,3.405636,0.033619,-3.398125,28.969894,0.976312,1.305857,164.161713,164.47554,0.973929,15360.0,1.353428,162.87413,161.87352,2.286294,1008.0,14996.150391,1024.0,1024.0,301.841766,499800,64.0,1999.3
978600,60850,19791.724,38.4604,25.718227,0.666663,0.02044,9.405098,9.405098,9.405098,9.405098,0.040562,2e-06,0.016374,2.607376,0.035785,-2.596284,28.875565,0.976305,1.295301,161.762482,162.022018,1.033308,15360.0,1.325957,160.037369,159.473221,1.912975,1008.0,14996.046875,1024.0,1024.0,221.196579,499600,64.0,1999.3
979400,60900,19805.437,45.029957,30.454224,0.724268,0.02044,11.048716,11.048716,11.048716,11.048716,0.052437,2e-06,0.015889,2.608307,0.044766,-2.604913,29.020844,0.976309,1.266044,163.214142,163.798386,1.299145,15360.0,1.31834,161.371521,161.618942,2.118704,1008.0,14996.103516,1024.0,1024.0,196.572952,499400,64.0,1999.3
980200,60950,19819.298,41.513866,27.863804,0.68787,0.02044,10.193504,10.193504,10.193504,10.193504,0.040334,2e-06,0.034134,2.788463,0.040274,-2.775138,29.101334,0.976309,1.286193,164.078201,164.5755,1.172033,15360.0,1.361895,161.971756,161.740021,1.971035,1008.0,14996.111328,1024.0,1024.0,236.837006,499200,64.0,1999.3
981000,61000,19833.029,39.455078,26.157345,0.702465,0.02044,9.884467,9.884467,9.884467,9.884467,0.049492,2e-06,0.030829,2.54365,0.038674,-2.535643,29.279984,0.97631,1.264268,161.088196,161.753204,1.132365,15360.0,1.356056,158.909515,158.536469,2.0166,1008.0,14996.115234,1024.0,1024.0,196.011444,500000,64.0,1999.3
981800,61050,19846.773,42.592052,28.589771,0.771309,0.02044,10.456885,10.456885,10.456885,10.456885,0.066435,2e-06,0.026267,2.787968,0.046176,-2.778426,29.087158,0.976315,1.271874,164.946564,165.444214,1.34313,15360.0,1.366055,163.367172,163.338837,2.442109,1008.0,14996.197266,1024.0,1024.0,251.332291,499800,64.0,1999.3
982600,61100,19860.592,42.049255,27.825521,0.727342,0.02044,10.732794,10.732794,10.732794,10.732794,0.054944,2e-06,0.015038,1.781911,0.041443,-1.796236,28.860001,0.97631,1.253664,160.187622,160.669998,1.196031,15360.0,1.337252,158.046646,157.489014,2.337694,1008.0,14996.126953,1024.0,1024.0,168.579071,499600,64.0,1999.3
983400,61150,19874.315,40.821102,27.303944,0.739334,0.02044,10.073627,10.073627,10.073627,10.073627,0.052419,2e-06,0.011816,2.500705,0.046474,-2.522044,28.741226,0.976312,1.25092,161.956589,162.553284,1.335726,15360.0,1.378856,159.967621,159.248352,2.395667,1008.0,14996.15625,1024.0,1024.0,230.866791,499400,64.0,1999.3
984200,61200,19888.123,43.163631,28.597916,0.811638,0.02044,11.002042,11.002042,11.002042,11.002042,0.074664,2e-06,0.024212,2.562216,0.043874,-2.549635,28.709839,0.976308,1.210912,163.06369,163.565414,1.259629,15360.0,1.320892,161.180054,161.651047,2.445381,1008.0,14996.085938,1024.0,1024.0,252.931229,499200,64.0,1999.3
985000,61250,19901.877,47.287693,32.322395,0.702959,0.02044,11.551115,11.551115,11.551115,11.551115,0.050314,2e-06,-0.003334,0.757915,0.050541,-0.746191,28.040985,0.976319,1.124932,156.464157,156.985489,1.417218,15360.0,1.380242,152.933701,151.929703,2.565406,1008.0,14996.259766,1024.0,1024.0,212.144028,500000,64.0,1999.3
985800,61300,19915.655,43.490242,29.256479,0.798158,0.02044,10.673798,10.673798,10.673798,10.673798,0.063923,2e-06,0.018897,3.381208,0.035032,-3.372318,27.901199,0.976308,1.251301,166.588104,166.893631,0.977424,15360.0,1.345971,165.220993,165.006424,1.759009,1008.0,14996.095703,1024.0,1024.0,229.759018,499800,64.0,1999.3
986600,61350,19929.531,43.682236,29.584387,0.741343,0.02044,10.745758,10.745758,10.745758,10.745758,0.049739,2e-06,-0.010621,1.133537,0.0465,-1.127004,27.410339,0.976301,1.115246,159.315643,159.853699,1.274591,15360.0,1.370357,156.365494,155.576492,2.097517,1008.0,14995.976562,1024.0,1024.0,248.225723,499600,64.0,1999.3
987400,61400,19943.261,41.310497,27.531921,0.709186,0.02044,10.447556,10.447556,10.447556,10.447556,0.046695,2e-06,-0.007811,1.912905,0.042107,-1.899378,27.426361,0.976303,1.161255,161.832214,162.292114,1.154846,15360.0,1.343976,159.570557,159.062866,1.960702,1008.0,14996.005859,1024.0,1024.0,208.398834,499400,64.0,1999.3
988200,61450,19957.121,38.371422,25.257328,0.710414,0.02044,9.807434,9.807434,9.807434,9.807434,0.047635,2e-06,0.024448,2.518203,0.049819,-2.512098,26.771133,0.976305,1.175275,162.988663,163.683563,1.333704,15360.0,1.317794,160.885117,161.085602,1.953181,1008.0,14996.048828,1024.0,1024.0,167.581955,499200,64.0,1999.3
989000,61500,19970.905,37.203785,24.525167,0.748531,0.02044,9.401285,9.401285,9.401285,9.401285,0.051428,2e-06,0.00496,2.545207,0.041066,-2.549201,26.157578,0.976307,1.16691,165.126663,165.638901,1.074187,15360.0,1.321189,163.264893,162.649414,1.630652,1008.0,14996.068359,1024.0,1024.0,182.196869,500000,64.0,1999.3
989800,61550,19984.674,45.782776,31.471695,0.698929,0.02044,10.967927,10.967927,10.967927,10.967927,0.049261,2e-06,0.011599,1.600169,0.054587,-1.607224,25.930481,0.976318,1.10822,163.195862,163.777924,1.415462,15360.0,1.357238,160.481293,159.14978,2.718799,1008.0,14996.245117,1024.0,1024.0,502.703735,499800,64.0,1999.3
990600,61600,19998.412,39.305012,26.052265,0.69635,0.02044,9.960872,9.960872,9.960872,9.960872,0.047494,2e-06,0.007213,2.818871,0.039853,-2.811866,25.472137,0.976305,1.181157,167.230087,167.617584,1.015141,15360.0,1.302093,165.612259,165.896561,1.720909,1008.0,14996.041016,1024.0,1024.0,199.533585,499600,64.0,1999.3
991400,61650,20012.23,42.068939,28.108459,0.672845,0.02044,10.645155,10.645155,10.645155,10.645155,0.0436,2e-06,0.015731,3.04955,0.044044,-3.045805,25.32695,0.976301,1.167052,168.59288,169.287796,1.115505,15360.0,1.249153,167.089935,167.696915,1.988088,1008.0,14995.990234,1024.0,1024.0,260.92926,499400,64.0,1999.3
992200,61700,20026.049,41.837078,28.094889,0.703559,0.02044,10.423506,10.423506,10.423506,10.423506,0.048611,2e-06,0.020605,2.308095,0.04196,-2.287112,25.16568,0.976304,1.1375,166.598312,166.831848,1.055951,15360.0,1.314098,164.737976,163.710709,2.176605,1008.0,14996.03125,1024.0,1024.0,214.014984,499200,64.0,1999.3
993000,61750,20039.786,40.238152,26.498735,0.689292,0.02044,10.487771,10.487771,10.487771,10.487771,0.047487,2e-06,0.005214,1.774495,0.049593,-1.765849,25.054092,0.976311,1.097643,164.807602,165.129272,1.242503,15360.0,1.300926,162.869049,161.451309,2.531381,1008.0,14996.132812,1024.0,1024.0,153.731522,500000,64.0,1999.3
993800,61800,20053.536,43.753807,29.799301,0.664193,0.02044,10.744061,10.744061,10.744061,10.744061,0.042917,2e-06,-0.007508,1.753597,0.053242,-1.7684,24.496689,0.976314,1.084969,164.744965,165.260071,1.304252,15360.0,1.246483,162.597595,162.162064,2.27528,1008.0,14996.185547,1024.0,1024.0,180.405609,499800,64.0,1999.3
994600,61850,20067.367,42.645691,29.133791,0.698377,0.02044,10.334232,10.334232,10.334232,10.334232,0.044663,2e-06,-0.016772,1.393879,0.060855,-1.388577,24.466629,0.976295,1.072927,164.903915,165.4142,1.488905,15360.0,1.230894,162.595337,160.872131,2.788438,1008.0,14995.890625,1024.0,1024.0,239.811829,499600,64.0,1999.3
995400,61900,20081.108,43.040924,28.826799,0.723759,0.02044,10.898528,10.898528,10.898528,10.898528,0.047448,2e-06,-0.007381,1.700262,0.057239,-1.696556,25.329941,0.976304,1.108614,164.963913,165.44191,1.449854,15360.0,1.267702,162.902954,161.664551,3.155215,1008.0,14996.03125,1024.0,1024.0,274.037903,499400,64.0,1999.3
996200,61950,20094.851,39.712753,26.21734,0.761945,0.02044,10.134135,10.134135,10.134135,10.134135,0.057764,2e-06,0.013617,2.992474,0.038806,-3.000294,25.809509,0.976305,1.159927,168.747757,169.168625,1.001567,15360.0,1.306457,167.280319,165.691269,2.659563,1008.0,14996.042969,1024.0,1024.0,189.543243,499200,64.0,1999.3
997000,62000,20108.671,41.017673,27.626472,0.668287,0.02044,10.159995,10.159995,10.159995,10.159995,0.046103,2e-06,0.016032,2.424642,0.04766,-2.396961,25.73764,0.976315,1.125141,165.809509,166.27858,1.226656,15360.0,1.284342,163.812836,163.955032,2.105267,1008.0,14996.193359,1024.0,1024.0,236.472122,500000,64.0,1999.3
997800,62050,20122.329,40.655914,27.048054,0.708733,0.02044,10.26139,10.26139,10.26139,10.26139,0.058059,2e-06,0.021723,2.875501,0.044329,-2.860017,26.31839,0.97631,1.179123,168.49501,168.586731,1.16668,15360.0,1.301044,167.415634,165.534485,2.970384,1008.0,14996.120117,1024.0,1024.0,258.623474,499800,64.0,1999.3
998600,62100,20136.16,43.392441,28.861526,0.743382,0.02044,11.177748,11.177748,11.177748,11.177748,0.04898,2e-06,-0.017168,1.925259,0.059576,-1.941892,26.445862,0.976311,1.125864,166.65535,167.322327,1.575536,15360.0,1.209578,164.128052,163.587585,2.395269,1008.0,14996.128906,1024.0,1024.0,160.953964,499600,64.0,1999.3
999400,62150,20150.023,36.298794,23.5042,0.724828,0.02044,9.56559,9.56559,9.56559,9.56559,0.053162,2e-06,0.009771,2.775178,0.041121,-2.780329,25.783875,0.976313,1.143903,169.619385,170.133316,1.060255,15360.0,1.245003,168.076096,167.821228,1.723586,1008.0,14996.160156,1024.0,1024.0,211.507797,499400,64.0,1999.3
